# Blender 5.2.0 LTS
# www.blender.org
mtllib car.mtl
o Cube
v -2.891069 -0.791822 -4.623282
v -2.891069 1.000000 -4.576418
v -2.891069 -1.048590 4.601015
v -2.891069 1.000000 4.576418
v 0.000000 -1.012134 3.980281
v 0.000000 1.000000 3.938823
v -2.891069 1.000000 3.938823
v -2.595626 -2.098106 -2.190173
v -2.891069 -1.043634 3.977613
v -3.021689 1.042850 -1.443292
v 0.000000 1.000000 -4.576418
v 0.000000 -1.017649 4.602869
v 0.000000 1.000000 4.576418
v 0.000000 -0.791822 -4.623282
v 0.000000 0.991542 -1.443293
v 0.000000 -2.055220 -2.187491
v -3.023300 1.035548 0.981199
v 0.000000 -2.426471 1.169608
v 0.000000 0.984030 0.981199
v -2.643735 -2.460269 1.169608
v 0.000000 -1.652107 1.950994
v 0.000000 0.083801 2.775592
v -2.293858 -1.650367 1.950450
v -2.920852 0.155827 2.632024
v -2.877964 0.764234 -3.535100
v -2.512695 -1.186980 -2.756649
v 0.000000 -1.176164 -2.756649
v 0.000000 0.040174 -3.173748
v -2.891069 -0.074439 -4.666223
v -2.891069 -0.148713 4.576418
v -2.891069 -0.207807 4.006637
v -2.731024 -0.847166 -2.191383
v 0.000000 -0.074439 -4.666223
v 0.000000 -0.148713 4.576418
v -2.736078 -0.896614 1.234338
v -2.603281 -0.856313 2.377659
v -2.559972 -0.767458 -3.006745
v -3.033737 1.048313 -1.281218
v 0.000000 -2.344777 -2.015092
v 0.000000 0.994166 -1.281218
v -2.614461 -2.382910 -2.015092
v -2.767097 -0.858212 -2.017485
v 0.000000 -2.572307 0.975661
v 0.000000 0.981533 0.826957
v -2.668637 -2.604672 0.975661
v -2.774304 -0.901706 1.050515
v -3.035563 1.035812 0.826957
v -2.891069 -0.681737 -4.633262
v -2.891069 -0.925769 4.609510
v -2.891069 -0.920743 3.990667
v -2.557630 -1.804996 -2.132766
v 0.000000 -0.681737 -4.633262
v 0.000000 -0.909200 4.610068
v -2.655543 -2.237323 1.134511
v -2.330503 -1.553489 2.009037
v -2.534853 -1.123265 -2.794261
v -2.726870 -2.046638 -1.681106
v -2.762473 -2.274803 0.704544
v -2.891069 -0.085517 -4.666506
v -2.891069 -0.314773 4.612631
v -2.891069 -0.330225 4.012699
v -2.699214 -0.950716 -2.226026
v 0.000000 -0.085517 -4.666506
v 0.000000 -0.305757 4.610525
v -2.710172 -1.071381 1.235121
v -2.572680 -0.934462 2.347005
v -2.582734 -0.783069 -2.987928
v -2.743973 -1.170855 -1.740261
v -2.750481 -1.212843 0.759830
v -2.731356 1.000000 4.576418
v -2.731356 -0.791822 -4.623282
v -2.731356 1.000000 3.938823
v -2.731356 -1.024754 3.984193
v -2.462287 -2.145280 -2.208470
v -2.731356 1.000000 -4.576418
v -2.731356 -1.022478 4.603794
v -2.864220 1.019866 -1.443292
v -2.508808 -2.475628 1.169608
v -2.865584 1.012447 0.981199
v -2.167136 -1.642204 1.947938
v -2.762127 0.083801 2.775592
v -2.380550 -1.196742 -2.756649
v -2.715274 0.225190 -2.963095
v -2.731356 -0.170999 4.592579
v -2.731356 -0.074439 -4.666223
v -2.869383 1.022920 -1.281218
v -2.477178 -2.421990 -2.015092
v -2.871018 1.010399 0.826957
v -2.532333 -2.619326 0.975661
v -2.731356 -0.914048 4.611312
v -2.731356 -0.681737 -4.633262
v -2.731356 -0.085517 -4.666506
v -2.731356 -0.312958 4.615003
v -0.192418 1.000000 3.938823
v -0.192418 1.000000 -4.576418
v -0.192418 -1.022478 4.603794
v -0.192275 0.991542 -1.443293
v -0.192266 0.984030 0.981199
v -0.194585 0.083801 2.775592
v -0.194595 0.040174 -3.173748
v -0.192418 -0.170999 4.592579
v -0.192275 0.994166 -1.281218
v -0.192266 0.981533 0.826957
v -0.192418 -0.914048 4.611312
v -0.192418 -0.312958 4.615003
v -0.192418 1.000000 4.576418
v -0.192418 -0.791822 -4.623282
v -0.192418 -1.024754 3.984193
v -0.135841 -2.055368 -2.187558
v -0.135841 -2.426476 1.169608
v -0.152670 -1.642204 1.947938
v -0.149871 -1.176164 -2.756649
v -0.192418 -0.074439 -4.666223
v -0.135841 -2.344891 -2.015092
v -0.135841 -2.572308 0.975661
v -0.192418 -0.681737 -4.633262
v -0.192418 -0.085517 -4.666506
v -2.487533 -1.297669 -2.711488
v 0.000000 -1.264334 -2.684462
v 0.000000 0.140314 -3.011323
v -2.877782 0.310050 -2.253024
v -2.669951 -0.727155 -2.896695
v -2.501871 -1.189539 -2.762409
v -2.655978 -0.749390 -2.882337
v -2.383069 -1.288461 -2.684451
v -2.714231 0.257184 -2.734659
v -0.194337 0.140314 -3.011323
v -0.148310 -1.264337 -2.684462
v -3.035075 1.039154 0.263332
v 0.000000 -2.749342 0.176077
v 0.000000 0.984910 0.263332
v -2.669524 -2.780711 0.176077
v -2.772377 -0.890078 0.230279
v -2.777466 -2.370860 0.066736
v -2.748741 -1.201617 0.091426
v -2.533526 -2.801554 0.176077
v -2.870581 1.013746 0.263332
v -0.192269 0.984910 0.263332
v -0.135841 -2.749372 0.176077
v -3.034275 1.044627 -0.659688
v 0.000000 -2.668427 -1.133362
v 0.000000 0.990441 -0.659688
v -2.647787 -2.702170 -1.133362
v -2.769222 -0.871035 -1.112981
v -2.764258 -2.286212 -0.977771
v -2.745892 -1.183234 -1.003187
v -2.510334 -2.733677 -1.133362
v -2.869865 1.019229 -0.659688
v -0.192272 0.990441 -0.659688
v -0.135841 -2.668507 -1.133362
v -2.731356 -0.914608 4.702525
v -2.731356 -0.313518 4.706216
v -0.192418 -0.914608 4.702525
v -0.192418 -0.313518 4.706216
v -0.192418 -0.694216 -4.857072
v -2.731356 -0.694216 -4.857072
v -0.192418 -0.097997 -4.890317
v -2.731356 -0.097997 -4.890317
v 0.000000 -2.706800 -0.512384
v 0.000000 0.987818 -0.221963
v -2.658095 -2.739417 -0.512384
v -2.770718 -0.880066 -0.475964
v -2.770522 -2.326355 -0.482433
v -2.747243 -1.191952 -0.484087
v -2.521333 -2.765866 -0.512384
v -2.870204 1.016629 -0.221962
v -0.192271 0.987818 -0.221963
v -0.135841 -2.706856 -0.512384
v -3.034654 1.042032 -0.221962
v -2.891069 0.113584 -4.650507
v -2.891069 0.052308 4.576418
v -2.891069 0.003555 3.994769
v -2.781889 -0.516419 -2.060470
v 0.000000 0.113584 -4.650507
v 0.000000 0.052308 4.576418
v -2.786341 -0.558492 1.190040
v -2.658855 -0.679192 2.422172
v -2.615619 -0.499417 -3.099205
v -2.813758 -0.524576 -1.888641
v -2.820023 -0.562647 1.011393
v -2.731356 0.113584 -4.650507
v -2.731356 0.033922 4.589751
v -0.192418 0.113584 -4.650507
v -0.192418 0.033922 4.589751
v -2.706321 -0.545648 -2.784055
v -2.818348 -0.552469 0.236063
v -2.815605 -0.535800 -1.033656
v -2.816906 -0.543705 -0.431515
v -2.905602 -0.898468 -0.476520
v -2.907261 -0.908480 0.229723
v -2.953232 -0.570871 0.235507
v -2.951790 -0.562108 -0.432071
v 0.000000 -2.710738 -0.448644
v 0.000000 0.987549 -0.177032
v -2.659153 -2.743240 -0.448644
v -2.770872 -0.880992 -0.410577
v -2.771165 -2.330475 -0.431589
v -2.747382 -1.192847 -0.430803
v -2.522461 -2.769170 -0.448644
v -2.870239 1.016362 -0.177032
v -0.192270 0.987549 -0.177032
v -0.135841 -2.710792 -0.448644
v -3.034693 1.041765 -0.177032
v -2.817039 -0.544516 -0.369708
v -2.905756 -0.899395 -0.411133
v -2.951923 -0.562919 -0.370264
v 0.000000 -2.746353 0.127698
v 0.000000 0.985115 0.229230
v -2.668720 -2.777809 0.127698
v -2.772260 -0.889374 0.180651
v -2.776978 -2.367732 0.028145
v -2.748636 -1.200938 0.050984
v -2.532669 -2.799046 0.127698
v -2.870554 1.013949 0.229230
v -0.192269 0.985115 0.229230
v -0.135841 -2.746385 0.127698
v -2.818247 -0.551853 0.189152
v -2.907144 -0.907777 0.180095
v -2.953131 -0.570255 0.188596
v -3.035045 1.039356 0.229230
v -2.891069 -0.057092 -4.664773
v -2.891069 -0.130167 4.576418
v -2.891069 -0.188306 4.005542
v -2.735717 -0.816650 -2.179304
v 0.000000 -0.057092 -4.664773
v 0.000000 -0.130167 4.576418
v -2.740716 -0.865418 1.230251
v -2.608409 -0.839971 2.381766
v -2.565106 -0.742728 -3.015276
v -2.771402 -0.827429 -2.005597
v -2.778522 -0.870423 1.046906
v -2.731356 -0.057092 -4.664773
v -2.731356 -0.152092 4.592319
v -0.192418 -0.057092 -4.664773
v -0.192418 -0.152092 4.592319
v -2.673307 -0.710409 -2.886303
v -2.776619 -0.858929 0.230813
v -2.773501 -0.840105 -1.105662
v -2.774980 -0.849032 -0.471863
v -2.911502 -0.877331 0.230257
v -2.909863 -0.867434 -0.472419
v -2.910015 -0.868351 -0.407363
v -2.911387 -0.876636 0.180879
v -1.608035 1.331802 2.426593
v -1.607656 1.295907 2.430366
v -1.607293 1.261581 2.441519
v -1.606963 1.230325 2.459566
v -1.606680 1.203503 2.483719
v -1.606455 1.182288 2.512919
v -1.606300 1.167608 2.545893
v -1.606221 1.160104 2.581199
v -1.606221 1.160104 2.617294
v -1.606300 1.167608 2.652599
v -1.606455 1.182288 2.685573
v -1.606680 1.203503 2.714774
v -1.606963 1.230325 2.738926
v -1.607293 1.261581 2.756973
v -1.607656 1.295907 2.768127
v -1.608035 1.331802 2.771900
v -1.608414 1.367697 2.768127
v -1.608777 1.402022 2.756973
v -1.609107 1.433279 2.738926
v -1.609391 1.460101 2.714774
v -1.609615 1.481316 2.685573
v -1.609770 1.495996 2.652599
v -1.609849 1.503500 2.617293
v -1.609849 1.503500 2.581199
v -1.609770 1.495996 2.545893
v -1.609615 1.481316 2.512920
v -1.609391 1.460101 2.483719
v -1.609107 1.433279 2.459566
v -1.608777 1.402022 2.441519
v -1.608414 1.367697 2.430366
v -2.559113 1.277551 2.391304
v -2.559580 1.321748 2.386658
v -2.558666 1.235286 2.405038
v -2.558260 1.196799 2.427259
v -2.557911 1.163774 2.456997
v -2.557635 1.137652 2.492953
v -2.557444 1.119576 2.533553
v -2.557347 1.110337 2.577024
v -2.557347 1.110337 2.621468
v -2.557444 1.119576 2.664940
v -2.557635 1.137652 2.705540
v -2.557911 1.163774 2.741495
v -2.558260 1.196799 2.771234
v -2.558666 1.235286 2.793455
v -2.559113 1.277551 2.807189
v -2.559580 1.321748 2.811834
v -2.560047 1.365945 2.807189
v -2.560494 1.408211 2.793455
v -2.560900 1.446697 2.771234
v -2.561249 1.479723 2.741495
v -2.561525 1.505845 2.705540
v -2.561716 1.523920 2.664940
v -2.561814 1.533160 2.621468
v -2.561814 1.533160 2.577024
v -2.561716 1.523920 2.533553
v -2.561525 1.505845 2.492953
v -2.561249 1.479723 2.456997
v -2.560900 1.446697 2.427259
v -2.560494 1.408211 2.405038
v -2.560047 1.365945 2.391304
v -2.556971 1.074831 1.437525
v -2.559580 1.321748 1.411572
v -2.554476 0.838705 1.514252
v -2.552205 0.623690 1.638398
v -2.550255 0.439184 1.804537
v -2.548713 0.293249 2.005409
v -2.547647 0.192266 2.232235
v -2.547101 0.140646 2.475101
v -2.547101 0.140646 2.723392
v -2.547647 0.192266 2.966258
v -2.548713 0.293249 3.193084
v -2.550255 0.439184 3.393955
v -2.552205 0.623690 3.560095
v -2.554476 0.838705 3.684241
v -2.556971 1.074831 3.760967
v -2.559580 1.321748 3.786921
v -2.562189 1.568666 3.760967
v -2.564684 1.804792 3.684241
v -2.566956 2.019806 3.560095
v -2.568905 2.204313 3.393955
v -2.570447 2.350247 3.193084
v -2.571514 2.451231 2.966258
v -2.572059 2.502850 2.723392
v -2.572059 2.502850 2.475101
v -2.571514 2.451231 2.232235
v -2.570447 2.350247 2.005409
v -2.568905 2.204313 1.804537
v -2.566956 2.019807 1.638398
v -2.564684 1.804792 1.514252
v -2.562189 1.568666 1.437525
v -2.556971 1.074831 1.437525
v -2.559580 1.321748 1.411572
v -2.554476 0.838705 1.514252
v -2.552205 0.623690 1.638398
v -2.550255 0.439184 1.804537
v -2.548713 0.293249 2.005409
v -2.547647 0.192266 2.232235
v -2.547101 0.140646 2.475101
v -2.547101 0.140646 2.723392
v -2.547647 0.192266 2.966258
v -2.548713 0.293249 3.193084
v -2.550255 0.439184 3.393955
v -2.552205 0.623690 3.560095
v -2.554476 0.838705 3.684241
v -2.556971 1.074831 3.760967
v -2.559580 1.321748 3.786921
v -2.562189 1.568666 3.760967
v -2.564684 1.804792 3.684241
v -2.566956 2.019806 3.560095
v -2.568905 2.204313 3.393955
v -2.570447 2.350247 3.193084
v -2.571514 2.451231 2.966258
v -2.572059 2.502850 2.723392
v -2.572059 2.502850 2.475101
v -2.571514 2.451231 2.232235
v -2.570447 2.350247 2.005409
v -2.568905 2.204313 1.804537
v -2.566956 2.019807 1.638398
v -2.564684 1.804792 1.514252
v -2.562189 1.568666 1.437525
v -2.557249 1.101120 1.561213
v -2.559580 1.321748 1.538023
v -2.555020 0.890134 1.629771
v -2.552990 0.698012 1.740699
v -2.551248 0.533150 1.889149
v -2.549870 0.402753 2.068635
v -2.548917 0.312521 2.271310
v -2.548429 0.266397 2.488318
v -2.548429 0.266397 2.710174
v -2.548917 0.312521 2.927182
v -2.549870 0.402753 3.129858
v -2.551248 0.533150 3.309343
v -2.552990 0.698012 3.457794
v -2.555020 0.890134 3.568722
v -2.557249 1.101120 3.637279
v -2.559580 1.321748 3.660470
v -2.561911 1.542377 3.637279
v -2.564141 1.753363 3.568722
v -2.566170 1.945485 3.457794
v -2.567912 2.110347 3.309343
v -2.569290 2.240743 3.129858
v -2.570243 2.330975 2.927182
v -2.570731 2.377099 2.710174
v -2.570731 2.377099 2.488318
v -2.570243 2.330975 2.271310
v -2.569290 2.240743 2.068635
v -2.567912 2.110347 1.889149
v -2.566170 1.945485 1.740699
v -2.564141 1.753362 1.629771
v -2.561911 1.542377 1.561213
v -2.557249 1.101120 1.561213
v -2.559580 1.321748 1.538023
v -2.555020 0.890134 1.629771
v -2.552990 0.698012 1.740699
v -2.551248 0.533150 1.889149
v -2.549870 0.402753 2.068635
v -2.548917 0.312521 2.271310
v -2.548429 0.266397 2.488318
v -2.548429 0.266397 2.710174
v -2.548917 0.312521 2.927182
v -2.549870 0.402753 3.129858
v -2.551248 0.533150 3.309343
v -2.552990 0.698012 3.457794
v -2.555020 0.890134 3.568722
v -2.557249 1.101120 3.637279
v -2.559580 1.321748 3.660470
v -2.561911 1.542377 3.637279
v -2.564141 1.753363 3.568722
v -2.566170 1.945485 3.457794
v -2.567912 2.110347 3.309343
v -2.569290 2.240743 3.129858
v -2.570243 2.330975 2.927182
v -2.570731 2.377099 2.710174
v -2.570731 2.377099 2.488318
v -2.570243 2.330975 2.271310
v -2.569290 2.240743 2.068635
v -2.567912 2.110347 1.889149
v -2.566170 1.945485 1.740699
v -2.564141 1.753362 1.629771
v -2.561911 1.542377 1.561213
v -2.623864 1.276867 2.391304
v -2.624331 1.321064 2.386658
v -2.623418 1.234602 2.405038
v -2.623011 1.196115 2.427259
v -2.622662 1.163089 2.456997
v -2.622386 1.136968 2.492953
v -2.622195 1.118892 2.533553
v -2.622097 1.109653 2.577024
v -2.622097 1.109653 2.621468
v -2.622195 1.118892 2.664940
v -2.622386 1.136968 2.705540
v -2.622662 1.163089 2.741495
v -2.623011 1.196115 2.771234
v -2.623418 1.234602 2.793455
v -2.623864 1.276867 2.807189
v -2.624331 1.321064 2.811834
v -2.624798 1.365261 2.807189
v -2.625245 1.407526 2.793455
v -2.625652 1.446013 2.771234
v -2.626000 1.479039 2.741495
v -2.626276 1.505160 2.705540
v -2.626467 1.523236 2.664940
v -2.626565 1.532475 2.621468
v -2.626565 1.532475 2.577024
v -2.626467 1.523236 2.533553
v -2.626276 1.505160 2.492953
v -2.626000 1.479039 2.456997
v -2.625652 1.446013 2.427259
v -2.625245 1.407526 2.405038
v -2.624798 1.365261 2.391304
v -1.605619 1.103112 1.523284
v -1.608035 1.331802 1.499246
v -1.603308 0.884417 1.594346
v -1.601204 0.685274 1.709327
v -1.599399 0.514388 1.863202
v -1.597971 0.379227 2.049246
v -1.596982 0.285698 2.259327
v -1.596477 0.237889 2.484265
v -1.596477 0.237889 2.714227
v -1.596982 0.285698 2.939165
v -1.597971 0.379227 3.149246
v -1.599399 0.514388 3.335290
v -1.601204 0.685274 3.489165
v -1.603308 0.884417 3.604146
v -1.605619 1.103112 3.675209
v -1.608035 1.331802 3.699246
v -1.610451 1.560492 3.675209
v -1.612762 1.779187 3.604146
v -1.614866 1.978330 3.489165
v -1.616672 2.149216 3.335290
v -1.618100 2.284377 3.149246
v -1.619088 2.377906 2.939165
v -1.619593 2.425715 2.714227
v -1.619593 2.425715 2.484265
v -1.619088 2.377906 2.259327
v -1.618100 2.284377 2.049246
v -1.616672 2.149216 1.863202
v -1.614866 1.978330 1.709327
v -1.612762 1.779187 1.594346
v -1.610451 1.560492 1.523284
v -1.605937 1.133244 1.665055
v -1.608035 1.331802 1.644184
v -1.603931 0.943365 1.726754
v -1.602104 0.770462 1.826585
v -1.600537 0.622092 1.960185
v -1.599297 0.504740 2.121715
v -1.598439 0.423535 2.304116
v -1.598000 0.382025 2.499415
v -1.598000 0.382025 2.699077
v -1.598439 0.423535 2.894377
v -1.599297 0.504740 3.076777
v -1.600537 0.622092 3.238307
v -1.602104 0.770462 3.371908
v -1.603931 0.943365 3.471739
v -1.605937 1.133244 3.533438
v -1.608035 1.331802 3.554308
v -1.610133 1.530359 3.533438
v -1.612139 1.720239 3.471739
v -1.613966 1.893142 3.371908
v -1.615534 2.041512 3.238307
v -1.616774 2.158864 3.076777
v -1.617632 2.240069 2.894377
v -1.618070 2.281579 2.699077
v -1.618070 2.281579 2.499415
v -1.617632 2.240069 2.304116
v -1.616774 2.158864 2.121715
v -1.615534 2.041512 1.960185
v -1.613966 1.893142 1.826585
v -1.612139 1.720239 1.726754
v -1.610133 1.530359 1.665055
v -1.491753 1.297132 2.430366
v -1.492132 1.333027 2.426593
v -1.491390 1.262806 2.441519
v -1.491060 1.231549 2.459566
v -1.490777 1.204727 2.483719
v -1.490553 1.183512 2.512919
v -1.490398 1.168832 2.545893
v -1.490318 1.161329 2.581199
v -1.490318 1.161328 2.617294
v -1.490398 1.168832 2.652599
v -1.490553 1.183512 2.685573
v -1.490777 1.204727 2.714774
v -1.491060 1.231549 2.738926
v -1.491390 1.262806 2.756973
v -1.491753 1.297132 2.768127
v -1.492132 1.333027 2.771900
v -1.492512 1.368921 2.768127
v -1.492874 1.403247 2.756973
v -1.493204 1.434504 2.738926
v -1.493488 1.461326 2.714774
v -1.493712 1.482540 2.685573
v -1.493867 1.497221 2.652599
v -1.493946 1.504725 2.617293
v -1.493946 1.504725 2.581199
v -1.493867 1.497221 2.545893
v -1.493712 1.482541 2.512920
v -1.493488 1.461326 2.483719
v -1.493204 1.434504 2.459566
v -1.492874 1.403247 2.441519
v -1.492512 1.368921 2.430366
v -1.608035 1.331802 -2.904478
v -1.607642 1.294629 -2.900571
v -1.607267 1.259082 -2.889020
v -1.606925 1.226712 -2.870331
v -1.606631 1.198936 -2.845319
v -1.606399 1.176966 -2.815078
v -1.606238 1.161763 -2.780931
v -1.606156 1.153992 -2.744369
v -1.606156 1.153992 -2.706989
v -1.606238 1.161763 -2.670427
v -1.606399 1.176966 -2.636280
v -1.606631 1.198936 -2.606039
v -1.606925 1.226712 -2.581028
v -1.607267 1.259082 -2.562338
v -1.607642 1.294630 -2.550787
v -1.608035 1.331802 -2.546880
v -1.608428 1.368974 -2.550787
v -1.608804 1.404522 -2.562338
v -1.609145 1.436891 -2.581028
v -1.609439 1.464668 -2.606039
v -1.609671 1.486638 -2.636280
v -1.609832 1.501840 -2.670427
v -1.609914 1.509612 -2.706989
v -1.609914 1.509612 -2.744369
v -1.609832 1.501840 -2.780931
v -1.609671 1.486638 -2.815078
v -1.609439 1.464668 -2.845319
v -1.609145 1.436892 -2.870331
v -1.608804 1.404522 -2.889020
v -1.608428 1.368974 -2.900571
v -2.559157 1.281700 -2.914100
v -2.559580 1.321748 -2.918309
v -2.558752 1.243403 -2.901655
v -2.558384 1.208529 -2.881520
v -2.558068 1.178604 -2.854574
v -2.557818 1.154935 -2.821994
v -2.557645 1.138556 -2.785205
v -2.557556 1.130184 -2.745815
v -2.557556 1.130184 -2.705544
v -2.557645 1.138556 -2.666153
v -2.557818 1.154935 -2.629364
v -2.558068 1.178604 -2.596784
v -2.558384 1.208529 -2.569838
v -2.558752 1.243403 -2.549703
v -2.559157 1.281700 -2.537258
v -2.559580 1.321748 -2.533049
v -2.560003 1.361796 -2.537258
v -2.560408 1.400094 -2.549703
v -2.560776 1.434967 -2.569838
v -2.561092 1.464893 -2.596784
v -2.561343 1.488562 -2.629364
v -2.561516 1.504940 -2.666153
v -2.561604 1.513313 -2.705544
v -2.561604 1.513313 -2.745815
v -2.561516 1.504940 -2.785205
v -2.561343 1.488562 -2.821994
v -2.561092 1.464892 -2.854574
v -2.560776 1.434967 -2.881520
v -2.560408 1.400094 -2.901655
v -2.560003 1.361796 -2.914100
v -2.557164 1.093058 -3.801642
v -2.559580 1.321748 -3.825679
v -2.554853 0.874363 -3.730579
v -2.552749 0.675220 -3.615598
v -2.550944 0.504335 -3.461723
v -2.549515 0.369173 -3.275679
v -2.548527 0.275644 -3.065598
v -2.548022 0.227835 -2.840660
v -2.548022 0.227835 -2.610698
v -2.548527 0.275644 -2.385760
v -2.549515 0.369173 -2.175679
v -2.550944 0.504335 -1.989635
v -2.552749 0.675220 -1.835760
v -2.554853 0.874363 -1.720779
v -2.557164 1.093058 -1.649717
v -2.559580 1.321748 -1.625679
v -2.561996 1.550438 -1.649717
v -2.564307 1.769134 -1.720779
v -2.566411 1.968276 -1.835760
v -2.568217 2.139162 -1.989635
v -2.569645 2.274323 -2.175679
v -2.570633 2.367852 -2.385760
v -2.571138 2.415661 -2.610698
v -2.571138 2.415661 -2.840660
v -2.570633 2.367852 -3.065598
v -2.569645 2.274323 -3.275679
v -2.568217 2.139162 -3.461723
v -2.566411 1.968276 -3.615598
v -2.564307 1.769134 -3.730579
v -2.561996 1.550438 -3.801642
v -2.557501 1.124952 -3.651586
v -2.559580 1.321748 -3.672271
v -2.555512 0.936756 -3.590434
v -2.553702 0.765386 -3.491488
v -2.552148 0.618332 -3.359073
v -2.550919 0.502021 -3.198975
v -2.550069 0.421536 -3.018192
v -2.549634 0.380394 -2.824625
v -2.549634 0.380394 -2.626733
v -2.550069 0.421536 -2.433166
v -2.550919 0.502021 -2.252383
v -2.552148 0.618332 -2.092285
v -2.553702 0.765386 -1.959870
v -2.555512 0.936756 -1.860924
v -2.557501 1.124952 -1.799772
v -2.559580 1.321748 -1.779087
v -2.561659 1.518545 -1.799772
v -2.563648 1.706740 -1.860924
v -2.565458 1.878110 -1.959870
v -2.567012 2.025164 -2.092285
v -2.568241 2.141475 -2.252383
v -2.569092 2.221961 -2.433166
v -2.569526 2.263103 -2.626733
v -2.569526 2.263103 -2.824625
v -2.569092 2.221961 -3.018192
v -2.568241 2.141475 -3.198975
v -2.567012 2.025164 -3.359073
v -2.565458 1.878110 -3.491488
v -2.563648 1.706740 -3.590434
v -2.561659 1.518545 -3.651586
v -2.707199 1.280136 -2.914100
v -2.707623 1.320184 -2.918309
v -2.706795 1.241839 -2.901655
v -2.706426 1.206965 -2.881520
v -2.706110 1.177040 -2.854574
v -2.705860 1.153371 -2.821994
v -2.705687 1.136992 -2.785205
v -2.705599 1.128620 -2.745815
v -2.705599 1.128620 -2.705544
v -2.705687 1.136992 -2.666153
v -2.705860 1.153371 -2.629364
v -2.706110 1.177040 -2.596784
v -2.706426 1.206965 -2.569838
v -2.706795 1.241839 -2.549703
v -2.707199 1.280136 -2.537258
v -2.707623 1.320184 -2.533049
v -2.708046 1.360232 -2.537258
v -2.708450 1.398529 -2.549703
v -2.708819 1.433403 -2.569838
v -2.709135 1.463328 -2.596784
v -2.709385 1.486997 -2.629364
v -2.709558 1.503376 -2.666153
v -2.709646 1.511748 -2.705544
v -2.709646 1.511748 -2.745815
v -2.709558 1.503376 -2.785205
v -2.709385 1.486997 -2.821994
v -2.709135 1.463328 -2.854574
v -2.708819 1.433403 -2.881520
v -2.708450 1.398529 -2.901655
v -2.708046 1.360232 -2.914100
v -1.605619 1.103112 -3.801642
v -1.608035 1.331802 -3.825679
v -1.603308 0.884417 -3.730579
v -1.601204 0.685274 -3.615598
v -1.599399 0.514388 -3.461723
v -1.597971 0.379227 -3.275679
v -1.596982 0.285698 -3.065598
v -1.596477 0.237889 -2.840660
v -1.596477 0.237889 -2.610698
v -1.596982 0.285698 -2.385760
v -1.597971 0.379227 -2.175679
v -1.599399 0.514388 -1.989635
v -1.601204 0.685274 -1.835760
v -1.603308 0.884417 -1.720779
v -1.605619 1.103112 -1.649717
v -1.608035 1.331802 -1.625679
v -1.610451 1.560492 -1.649717
v -1.612762 1.779187 -1.720779
v -1.614866 1.978330 -1.835760
v -1.616672 2.149216 -1.989635
v -1.618100 2.284377 -2.175679
v -1.619088 2.377906 -2.385760
v -1.619593 2.425715 -2.610698
v -1.619593 2.425715 -2.840660
v -1.619088 2.377906 -3.065598
v -1.618100 2.284377 -3.275679
v -1.616672 2.149216 -3.461723
v -1.614866 1.978330 -3.615598
v -1.612762 1.779187 -3.730579
v -1.610451 1.560492 -3.801642
v -1.605935 1.133005 -3.660999
v -1.608035 1.331802 -3.681894
v -1.603926 0.942896 -3.599225
v -1.602097 0.769784 -3.499274
v -1.600528 0.621235 -3.365512
v -1.599286 0.503741 -3.203787
v -1.598427 0.422438 -3.021166
v -1.597988 0.380878 -2.825631
v -1.597988 0.380878 -2.625727
v -1.598427 0.422438 -2.430192
v -1.599286 0.503741 -2.247571
v -1.600528 0.621235 -2.085846
v -1.602097 0.769784 -1.952085
v -1.603926 0.942896 -1.852133
v -1.605935 1.133005 -1.790359
v -1.608035 1.331802 -1.769464
v -1.610136 1.530599 -1.790359
v -1.612144 1.720708 -1.852133
v -1.613973 1.893820 -1.952085
v -1.615543 2.042369 -2.085846
v -1.616784 2.159863 -2.247571
v -1.617643 2.241166 -2.430192
v -1.618082 2.282726 -2.625727
v -1.618082 2.282726 -2.825631
v -1.617643 2.241166 -3.021166
v -1.616784 2.159863 -3.203787
v -1.615543 2.042369 -3.365512
v -1.613973 1.893820 -3.499274
v -1.612144 1.720708 -3.599225
v -1.610136 1.530599 -3.660999
v -1.519583 1.295560 -2.900571
v -1.519976 1.332732 -2.904478
v -1.519208 1.260012 -2.889020
v -1.518865 1.227643 -2.870331
v -1.518572 1.199866 -2.845319
v -1.518340 1.177896 -2.815078
v -1.518179 1.162694 -2.780931
v -1.518097 1.154923 -2.744369
v -1.518097 1.154923 -2.706989
v -1.518179 1.162694 -2.670427
v -1.518340 1.177896 -2.636280
v -1.518572 1.199866 -2.606039
v -1.518865 1.227643 -2.581028
v -1.519208 1.260012 -2.562338
v -1.519583 1.295560 -2.550787
v -1.519976 1.332732 -2.546880
v -1.520369 1.369905 -2.550787
v -1.520744 1.405452 -2.562338
v -1.521086 1.437822 -2.581028
v -1.521380 1.465599 -2.606039
v -1.521612 1.487568 -2.636280
v -1.521772 1.502771 -2.670427
v -1.521855 1.510542 -2.706989
v -1.521855 1.510542 -2.744369
v -1.521772 1.502771 -2.780931
v -1.521612 1.487568 -2.815078
v -1.521380 1.465598 -2.845319
v -1.521086 1.437822 -2.870331
v -1.520744 1.405452 -2.889020
v -1.520369 1.369905 -2.900571
v 2.891069 -0.791822 -4.623282
v 2.891069 1.000000 -4.576418
v 2.891069 -1.048590 4.601015
v 2.891069 1.000000 4.576418
v 2.891069 1.000000 3.938823
v 2.595626 -2.098106 -2.190173
v 2.891069 -1.043634 3.977613
v 3.021689 1.042850 -1.443292
v 3.023300 1.035548 0.981199
v 2.643735 -2.460269 1.169608
v 2.293858 -1.650367 1.950450
v 2.920852 0.155827 2.632024
v 2.877964 0.764234 -3.535100
v 2.512695 -1.186980 -2.756649
v 2.891069 -0.074439 -4.666223
v 2.891069 -0.148713 4.576418
v 2.891069 -0.207807 4.006637
v 2.731024 -0.847166 -2.191383
v 2.736078 -0.896614 1.234338
v 2.603281 -0.856313 2.377659
v 2.559972 -0.767458 -3.006745
v 3.033737 1.048313 -1.281218
v 2.614461 -2.382910 -2.015092
v 2.767097 -0.858212 -2.017485
v 2.668637 -2.604672 0.975661
v 2.774304 -0.901706 1.050515
v 3.035563 1.035812 0.826957
v 2.891069 -0.681737 -4.633262
v 2.891069 -0.925769 4.609510
v 2.891069 -0.920743 3.990667
v 2.557630 -1.804996 -2.132766
v 2.655543 -2.237323 1.134511
v 2.330503 -1.553489 2.009037
v 2.534853 -1.123265 -2.794261
v 2.726870 -2.046638 -1.681106
v 2.762473 -2.274803 0.704544
v 2.891069 -0.085517 -4.666506
v 2.891069 -0.314773 4.612631
v 2.891069 -0.330225 4.012699
v 2.699214 -0.950716 -2.226026
v 2.710172 -1.071381 1.235121
v 2.572680 -0.934462 2.347005
v 2.582734 -0.783069 -2.987928
v 2.743973 -1.170855 -1.740261
v 2.750481 -1.212843 0.759830
v 2.731356 1.000000 4.576418
v 2.731356 -0.791822 -4.623282
v 2.731356 1.000000 3.938823
v 2.731356 -1.024754 3.984193
v 2.462287 -2.145280 -2.208470
v 2.731356 1.000000 -4.576418
v 2.731356 -1.022478 4.603794
v 2.864220 1.019866 -1.443292
v 2.508808 -2.475628 1.169608
v 2.865584 1.012447 0.981199
v 2.167136 -1.642204 1.947938
v 2.762127 0.083801 2.775592
v 2.380550 -1.196742 -2.756649
v 2.715274 0.225190 -2.963095
v 2.731356 -0.170999 4.592579
v 2.731356 -0.074439 -4.666223
v 2.869383 1.022920 -1.281218
v 2.477178 -2.421990 -2.015092
v 2.871018 1.010399 0.826957
v 2.532333 -2.619326 0.975661
v 2.731356 -0.914048 4.611312
v 2.731356 -0.681737 -4.633262
v 2.731356 -0.085517 -4.666506
v 2.731356 -0.312958 4.615003
v 0.192418 1.000000 3.938823
v 0.192418 1.000000 -4.576418
v 0.192418 -1.022478 4.603794
v 0.192275 0.991542 -1.443293
v 0.192266 0.984030 0.981199
v 0.194585 0.083801 2.775592
v 0.194595 0.040174 -3.173748
v 0.192418 -0.170999 4.592579
v 0.192275 0.994166 -1.281218
v 0.192266 0.981533 0.826957
v 0.192418 -0.914048 4.611312
v 0.192418 -0.312958 4.615003
v 0.192418 1.000000 4.576418
v 0.192418 -0.791822 -4.623282
v 0.192418 -1.024754 3.984193
v 0.135841 -2.055368 -2.187558
v 0.135841 -2.426476 1.169608
v 0.152670 -1.642204 1.947938
v 0.149871 -1.176164 -2.756649
v 0.192418 -0.074439 -4.666223
v 0.135841 -2.344891 -2.015092
v 0.135841 -2.572308 0.975661
v 0.192418 -0.681737 -4.633262
v 0.192418 -0.085517 -4.666506
v 2.487533 -1.297669 -2.711488
v 2.877782 0.310050 -2.253024
v 2.669951 -0.727155 -2.896695
v 2.501871 -1.189539 -2.762409
v 2.655978 -0.749390 -2.882337
v 2.383069 -1.288461 -2.684451
v 2.714231 0.257184 -2.734659
v 0.194337 0.140314 -3.011323
v 0.148310 -1.264337 -2.684462
v 3.035075 1.039154 0.263332
v 2.669524 -2.780711 0.176077
v 2.772377 -0.890078 0.230279
v 2.777466 -2.370860 0.066736
v 2.748741 -1.201617 0.091426
v 2.533526 -2.801554 0.176077
v 2.870581 1.013746 0.263332
v 0.192269 0.984910 0.263332
v 0.135841 -2.749372 0.176077
v 3.034275 1.044627 -0.659688
v 2.647787 -2.702170 -1.133362
v 2.769222 -0.871035 -1.112981
v 2.764258 -2.286212 -0.977771
v 2.745892 -1.183234 -1.003187
v 2.510334 -2.733677 -1.133362
v 2.869865 1.019229 -0.659688
v 0.192272 0.990441 -0.659688
v 0.135841 -2.668507 -1.133362
v 2.731356 -0.914608 4.702525
v 2.731356 -0.313518 4.706216
v 0.192418 -0.914608 4.702525
v 0.192418 -0.313518 4.706216
v 0.192418 -0.694216 -4.857072
v 2.731356 -0.694216 -4.857072
v 0.192418 -0.097997 -4.890317
v 2.731356 -0.097997 -4.890317
v 2.658095 -2.739417 -0.512384
v 2.770718 -0.880066 -0.475964
v 2.770522 -2.326355 -0.482433
v 2.747243 -1.191952 -0.484087
v 2.521333 -2.765866 -0.512384
v 2.870204 1.016629 -0.221962
v 0.192271 0.987818 -0.221963
v 0.135841 -2.706856 -0.512384
v 3.034654 1.042032 -0.221962
v 2.891069 0.113584 -4.650507
v 2.891069 0.052308 4.576418
v 2.891069 0.003555 3.994769
v 2.781889 -0.516419 -2.060470
v 2.786341 -0.558492 1.190040
v 2.658855 -0.679192 2.422172
v 2.615619 -0.499417 -3.099205
v 2.813758 -0.524576 -1.888641
v 2.820023 -0.562647 1.011393
v 2.731356 0.113584 -4.650507
v 2.731356 0.033922 4.589751
v 0.192418 0.113584 -4.650507
v 0.192418 0.033922 4.589751
v 2.706321 -0.545648 -2.784055
v 2.818348 -0.552469 0.236063
v 2.815605 -0.535800 -1.033656
v 2.816906 -0.543705 -0.431515
v 2.905602 -0.898468 -0.476520
v 2.907261 -0.908480 0.229723
v 2.953232 -0.570871 0.235507
v 2.951790 -0.562108 -0.432071
v 2.659153 -2.743240 -0.448644
v 2.770872 -0.880992 -0.410577
v 2.771165 -2.330475 -0.431589
v 2.747382 -1.192847 -0.430803
v 2.522461 -2.769170 -0.448644
v 2.870239 1.016362 -0.177032
v 0.192270 0.987549 -0.177032
v 0.135841 -2.710792 -0.448644
v 3.034693 1.041765 -0.177032
v 2.817039 -0.544516 -0.369708
v 2.905756 -0.899395 -0.411133
v 2.951923 -0.562919 -0.370264
v 2.668720 -2.777809 0.127698
v 2.772260 -0.889374 0.180651
v 2.776978 -2.367732 0.028145
v 2.748636 -1.200938 0.050984
v 2.532669 -2.799046 0.127698
v 2.870554 1.013949 0.229230
v 0.192269 0.985115 0.229230
v 0.135841 -2.746385 0.127698
v 2.818247 -0.551853 0.189152
v 2.907144 -0.907777 0.180095
v 2.953131 -0.570255 0.188596
v 3.035045 1.039356 0.229230
v 2.891069 -0.057092 -4.664773
v 2.891069 -0.130167 4.576418
v 2.891069 -0.188306 4.005542
v 2.735717 -0.816650 -2.179304
v 2.740716 -0.865418 1.230251
v 2.608409 -0.839971 2.381766
v 2.565106 -0.742728 -3.015276
v 2.771402 -0.827429 -2.005597
v 2.778522 -0.870423 1.046906
v 2.731356 -0.057092 -4.664773
v 2.731356 -0.152092 4.592319
v 0.192418 -0.057092 -4.664773
v 0.192418 -0.152092 4.592319
v 2.673307 -0.710409 -2.886303
v 2.776619 -0.858929 0.230813
v 2.773501 -0.840105 -1.105662
v 2.774980 -0.849032 -0.471863
v 2.911502 -0.877331 0.230257
v 2.909863 -0.867434 -0.472419
v 2.910015 -0.868351 -0.407363
v 2.911387 -0.876636 0.180879
v 1.608035 1.331802 2.426593
v 1.607656 1.295907 2.430366
v 1.607293 1.261581 2.441519
v 1.606963 1.230325 2.459566
v 1.606680 1.203503 2.483719
v 1.606455 1.182288 2.512919
v 1.606300 1.167608 2.545893
v 1.606221 1.160104 2.581199
v 1.606221 1.160104 2.617294
v 1.606300 1.167608 2.652599
v 1.606455 1.182288 2.685573
v 1.606680 1.203503 2.714774
v 1.606963 1.230325 2.738926
v 1.607293 1.261581 2.756973
v 1.607656 1.295907 2.768127
v 1.608035 1.331802 2.771900
v 1.608414 1.367697 2.768127
v 1.608777 1.402022 2.756973
v 1.609107 1.433279 2.738926
v 1.609391 1.460101 2.714774
v 1.609615 1.481316 2.685573
v 1.609770 1.495996 2.652599
v 1.609849 1.503500 2.617293
v 1.609849 1.503500 2.581199
v 1.609770 1.495996 2.545893
v 1.609615 1.481316 2.512920
v 1.609391 1.460101 2.483719
v 1.609107 1.433279 2.459566
v 1.608777 1.402022 2.441519
v 1.608414 1.367697 2.430366
v 2.559113 1.277551 2.391304
v 2.559580 1.321748 2.386658
v 2.558666 1.235286 2.405038
v 2.558260 1.196799 2.427259
v 2.557911 1.163774 2.456997
v 2.557635 1.137652 2.492953
v 2.557444 1.119576 2.533553
v 2.557347 1.110337 2.577024
v 2.557347 1.110337 2.621468
v 2.557444 1.119576 2.664940
v 2.557635 1.137652 2.705540
v 2.557911 1.163774 2.741495
v 2.558260 1.196799 2.771234
v 2.558666 1.235286 2.793455
v 2.559113 1.277551 2.807189
v 2.559580 1.321748 2.811834
v 2.560047 1.365945 2.807189
v 2.560494 1.408211 2.793455
v 2.560900 1.446697 2.771234
v 2.561249 1.479723 2.741495
v 2.561525 1.505845 2.705540
v 2.561716 1.523920 2.664940
v 2.561814 1.533160 2.621468
v 2.561814 1.533160 2.577024
v 2.561716 1.523920 2.533553
v 2.561525 1.505845 2.492953
v 2.561249 1.479723 2.456997
v 2.560900 1.446697 2.427259
v 2.560494 1.408211 2.405038
v 2.560047 1.365945 2.391304
v 2.556971 1.074831 1.437525
v 2.559580 1.321748 1.411572
v 2.554476 0.838705 1.514252
v 2.552205 0.623690 1.638398
v 2.550255 0.439184 1.804537
v 2.548713 0.293249 2.005409
v 2.547647 0.192266 2.232235
v 2.547101 0.140646 2.475101
v 2.547101 0.140646 2.723392
v 2.547647 0.192266 2.966258
v 2.548713 0.293249 3.193084
v 2.550255 0.439184 3.393955
v 2.552205 0.623690 3.560095
v 2.554476 0.838705 3.684241
v 2.556971 1.074831 3.760967
v 2.559580 1.321748 3.786921
v 2.562189 1.568666 3.760967
v 2.564684 1.804792 3.684241
v 2.566956 2.019806 3.560095
v 2.568905 2.204313 3.393955
v 2.570447 2.350247 3.193084
v 2.571514 2.451231 2.966258
v 2.572059 2.502850 2.723392
v 2.572059 2.502850 2.475101
v 2.571514 2.451231 2.232235
v 2.570447 2.350247 2.005409
v 2.568905 2.204313 1.804537
v 2.566956 2.019807 1.638398
v 2.564684 1.804792 1.514252
v 2.562189 1.568666 1.437525
v 2.556971 1.074831 1.437525
v 2.559580 1.321748 1.411572
v 2.554476 0.838705 1.514252
v 2.552205 0.623690 1.638398
v 2.550255 0.439184 1.804537
v 2.548713 0.293249 2.005409
v 2.547647 0.192266 2.232235
v 2.547101 0.140646 2.475101
v 2.547101 0.140646 2.723392
v 2.547647 0.192266 2.966258
v 2.548713 0.293249 3.193084
v 2.550255 0.439184 3.393955
v 2.552205 0.623690 3.560095
v 2.554476 0.838705 3.684241
v 2.556971 1.074831 3.760967
v 2.559580 1.321748 3.786921
v 2.562189 1.568666 3.760967
v 2.564684 1.804792 3.684241
v 2.566956 2.019806 3.560095
v 2.568905 2.204313 3.393955
v 2.570447 2.350247 3.193084
v 2.571514 2.451231 2.966258
v 2.572059 2.502850 2.723392
v 2.572059 2.502850 2.475101
v 2.571514 2.451231 2.232235
v 2.570447 2.350247 2.005409
v 2.568905 2.204313 1.804537
v 2.566956 2.019807 1.638398
v 2.564684 1.804792 1.514252
v 2.562189 1.568666 1.437525
v 2.557249 1.101120 1.561213
v 2.559580 1.321748 1.538023
v 2.555020 0.890134 1.629771
v 2.552990 0.698012 1.740699
v 2.551248 0.533150 1.889149
v 2.549870 0.402753 2.068635
v 2.548917 0.312521 2.271310
v 2.548429 0.266397 2.488318
v 2.548429 0.266397 2.710174
v 2.548917 0.312521 2.927182
v 2.549870 0.402753 3.129858
v 2.551248 0.533150 3.309343
v 2.552990 0.698012 3.457794
v 2.555020 0.890134 3.568722
v 2.557249 1.101120 3.637279
v 2.559580 1.321748 3.660470
v 2.561911 1.542377 3.637279
v 2.564141 1.753363 3.568722
v 2.566170 1.945485 3.457794
v 2.567912 2.110347 3.309343
v 2.569290 2.240743 3.129858
v 2.570243 2.330975 2.927182
v 2.570731 2.377099 2.710174
v 2.570731 2.377099 2.488318
v 2.570243 2.330975 2.271310
v 2.569290 2.240743 2.068635
v 2.567912 2.110347 1.889149
v 2.566170 1.945485 1.740699
v 2.564141 1.753362 1.629771
v 2.561911 1.542377 1.561213
v 2.557249 1.101120 1.561213
v 2.559580 1.321748 1.538023
v 2.555020 0.890134 1.629771
v 2.552990 0.698012 1.740699
v 2.551248 0.533150 1.889149
v 2.549870 0.402753 2.068635
v 2.548917 0.312521 2.271310
v 2.548429 0.266397 2.488318
v 2.548429 0.266397 2.710174
v 2.548917 0.312521 2.927182
v 2.549870 0.402753 3.129858
v 2.551248 0.533150 3.309343
v 2.552990 0.698012 3.457794
v 2.555020 0.890134 3.568722
v 2.557249 1.101120 3.637279
v 2.559580 1.321748 3.660470
v 2.561911 1.542377 3.637279
v 2.564141 1.753363 3.568722
v 2.566170 1.945485 3.457794
v 2.567912 2.110347 3.309343
v 2.569290 2.240743 3.129858
v 2.570243 2.330975 2.927182
v 2.570731 2.377099 2.710174
v 2.570731 2.377099 2.488318
v 2.570243 2.330975 2.271310
v 2.569290 2.240743 2.068635
v 2.567912 2.110347 1.889149
v 2.566170 1.945485 1.740699
v 2.564141 1.753362 1.629771
v 2.561911 1.542377 1.561213
v 2.623864 1.276867 2.391304
v 2.624331 1.321064 2.386658
v 2.623418 1.234602 2.405038
v 2.623011 1.196115 2.427259
v 2.622662 1.163089 2.456997
v 2.622386 1.136968 2.492953
v 2.622195 1.118892 2.533553
v 2.622097 1.109653 2.577024
v 2.622097 1.109653 2.621468
v 2.622195 1.118892 2.664940
v 2.622386 1.136968 2.705540
v 2.622662 1.163089 2.741495
v 2.623011 1.196115 2.771234
v 2.623418 1.234602 2.793455
v 2.623864 1.276867 2.807189
v 2.624331 1.321064 2.811834
v 2.624798 1.365261 2.807189
v 2.625245 1.407526 2.793455
v 2.625652 1.446013 2.771234
v 2.626000 1.479039 2.741495
v 2.626276 1.505160 2.705540
v 2.626467 1.523236 2.664940
v 2.626565 1.532475 2.621468
v 2.626565 1.532475 2.577024
v 2.626467 1.523236 2.533553
v 2.626276 1.505160 2.492953
v 2.626000 1.479039 2.456997
v 2.625652 1.446013 2.427259
v 2.625245 1.407526 2.405038
v 2.624798 1.365261 2.391304
v 1.605619 1.103112 1.523284
v 1.608035 1.331802 1.499246
v 1.603308 0.884417 1.594346
v 1.601204 0.685274 1.709327
v 1.599399 0.514388 1.863202
v 1.597971 0.379227 2.049246
v 1.596982 0.285698 2.259327
v 1.596477 0.237889 2.484265
v 1.596477 0.237889 2.714227
v 1.596982 0.285698 2.939165
v 1.597971 0.379227 3.149246
v 1.599399 0.514388 3.335290
v 1.601204 0.685274 3.489165
v 1.603308 0.884417 3.604146
v 1.605619 1.103112 3.675209
v 1.608035 1.331802 3.699246
v 1.610451 1.560492 3.675209
v 1.612762 1.779187 3.604146
v 1.614866 1.978330 3.489165
v 1.616672 2.149216 3.335290
v 1.618100 2.284377 3.149246
v 1.619088 2.377906 2.939165
v 1.619593 2.425715 2.714227
v 1.619593 2.425715 2.484265
v 1.619088 2.377906 2.259327
v 1.618100 2.284377 2.049246
v 1.616672 2.149216 1.863202
v 1.614866 1.978330 1.709327
v 1.612762 1.779187 1.594346
v 1.610451 1.560492 1.523284
v 1.605937 1.133244 1.665055
v 1.608035 1.331802 1.644184
v 1.603931 0.943365 1.726754
v 1.602104 0.770462 1.826585
v 1.600537 0.622092 1.960185
v 1.599297 0.504740 2.121715
v 1.598439 0.423535 2.304116
v 1.598000 0.382025 2.499415
v 1.598000 0.382025 2.699077
v 1.598439 0.423535 2.894377
v 1.599297 0.504740 3.076777
v 1.600537 0.622092 3.238307
v 1.602104 0.770462 3.371908
v 1.603931 0.943365 3.471739
v 1.605937 1.133244 3.533438
v 1.608035 1.331802 3.554308
v 1.610133 1.530359 3.533438
v 1.612139 1.720239 3.471739
v 1.613966 1.893142 3.371908
v 1.615534 2.041512 3.238307
v 1.616774 2.158864 3.076777
v 1.617632 2.240069 2.894377
v 1.618070 2.281579 2.699077
v 1.618070 2.281579 2.499415
v 1.617632 2.240069 2.304116
v 1.616774 2.158864 2.121715
v 1.615534 2.041512 1.960185
v 1.613966 1.893142 1.826585
v 1.612139 1.720239 1.726754
v 1.610133 1.530359 1.665055
v 1.491753 1.297132 2.430366
v 1.492132 1.333027 2.426593
v 1.491390 1.262806 2.441519
v 1.491060 1.231549 2.459566
v 1.490777 1.204727 2.483719
v 1.490553 1.183512 2.512919
v 1.490398 1.168832 2.545893
v 1.490318 1.161329 2.581199
v 1.490318 1.161328 2.617294
v 1.490398 1.168832 2.652599
v 1.490553 1.183512 2.685573
v 1.490777 1.204727 2.714774
v 1.491060 1.231549 2.738926
v 1.491390 1.262806 2.756973
v 1.491753 1.297132 2.768127
v 1.492132 1.333027 2.771900
v 1.492512 1.368921 2.768127
v 1.492874 1.403247 2.756973
v 1.493204 1.434504 2.738926
v 1.493488 1.461326 2.714774
v 1.493712 1.482540 2.685573
v 1.493867 1.497221 2.652599
v 1.493946 1.504725 2.617293
v 1.493946 1.504725 2.581199
v 1.493867 1.497221 2.545893
v 1.493712 1.482541 2.512920
v 1.493488 1.461326 2.483719
v 1.493204 1.434504 2.459566
v 1.492874 1.403247 2.441519
v 1.492512 1.368921 2.430366
v 1.608035 1.331802 -2.904478
v 1.607642 1.294629 -2.900571
v 1.607267 1.259082 -2.889020
v 1.606925 1.226712 -2.870331
v 1.606631 1.198936 -2.845319
v 1.606399 1.176966 -2.815078
v 1.606238 1.161763 -2.780931
v 1.606156 1.153992 -2.744369
v 1.606156 1.153992 -2.706989
v 1.606238 1.161763 -2.670427
v 1.606399 1.176966 -2.636280
v 1.606631 1.198936 -2.606039
v 1.606925 1.226712 -2.581028
v 1.607267 1.259082 -2.562338
v 1.607642 1.294630 -2.550787
v 1.608035 1.331802 -2.546880
v 1.608428 1.368974 -2.550787
v 1.608804 1.404522 -2.562338
v 1.609145 1.436891 -2.581028
v 1.609439 1.464668 -2.606039
v 1.609671 1.486638 -2.636280
v 1.609832 1.501840 -2.670427
v 1.609914 1.509612 -2.706989
v 1.609914 1.509612 -2.744369
v 1.609832 1.501840 -2.780931
v 1.609671 1.486638 -2.815078
v 1.609439 1.464668 -2.845319
v 1.609145 1.436892 -2.870331
v 1.608804 1.404522 -2.889020
v 1.608428 1.368974 -2.900571
v 2.559157 1.281700 -2.914100
v 2.559580 1.321748 -2.918309
v 2.558752 1.243403 -2.901655
v 2.558384 1.208529 -2.881520
v 2.558068 1.178604 -2.854574
v 2.557818 1.154935 -2.821994
v 2.557645 1.138556 -2.785205
v 2.557556 1.130184 -2.745815
v 2.557556 1.130184 -2.705544
v 2.557645 1.138556 -2.666153
v 2.557818 1.154935 -2.629364
v 2.558068 1.178604 -2.596784
v 2.558384 1.208529 -2.569838
v 2.558752 1.243403 -2.549703
v 2.559157 1.281700 -2.537258
v 2.559580 1.321748 -2.533049
v 2.560003 1.361796 -2.537258
v 2.560408 1.400094 -2.549703
v 2.560776 1.434967 -2.569838
v 2.561092 1.464893 -2.596784
v 2.561343 1.488562 -2.629364
v 2.561516 1.504940 -2.666153
v 2.561604 1.513313 -2.705544
v 2.561604 1.513313 -2.745815
v 2.561516 1.504940 -2.785205
v 2.561343 1.488562 -2.821994
v 2.561092 1.464892 -2.854574
v 2.560776 1.434967 -2.881520
v 2.560408 1.400094 -2.901655
v 2.560003 1.361796 -2.914100
v 2.557164 1.093058 -3.801642
v 2.559580 1.321748 -3.825679
v 2.554853 0.874363 -3.730579
v 2.552749 0.675220 -3.615598
v 2.550944 0.504335 -3.461723
v 2.549515 0.369173 -3.275679
v 2.548527 0.275644 -3.065598
v 2.548022 0.227835 -2.840660
v 2.548022 0.227835 -2.610698
v 2.548527 0.275644 -2.385760
v 2.549515 0.369173 -2.175679
v 2.550944 0.504335 -1.989635
v 2.552749 0.675220 -1.835760
v 2.554853 0.874363 -1.720779
v 2.557164 1.093058 -1.649717
v 2.559580 1.321748 -1.625679
v 2.561996 1.550438 -1.649717
v 2.564307 1.769134 -1.720779
v 2.566411 1.968276 -1.835760
v 2.568217 2.139162 -1.989635
v 2.569645 2.274323 -2.175679
v 2.570633 2.367852 -2.385760
v 2.571138 2.415661 -2.610698
v 2.571138 2.415661 -2.840660
v 2.570633 2.367852 -3.065598
v 2.569645 2.274323 -3.275679
v 2.568217 2.139162 -3.461723
v 2.566411 1.968276 -3.615598
v 2.564307 1.769134 -3.730579
v 2.561996 1.550438 -3.801642
v 2.557501 1.124952 -3.651586
v 2.559580 1.321748 -3.672271
v 2.555512 0.936756 -3.590434
v 2.553702 0.765386 -3.491488
v 2.552148 0.618332 -3.359073
v 2.550919 0.502021 -3.198975
v 2.550069 0.421536 -3.018192
v 2.549634 0.380394 -2.824625
v 2.549634 0.380394 -2.626733
v 2.550069 0.421536 -2.433166
v 2.550919 0.502021 -2.252383
v 2.552148 0.618332 -2.092285
v 2.553702 0.765386 -1.959870
v 2.555512 0.936756 -1.860924
v 2.557501 1.124952 -1.799772
v 2.559580 1.321748 -1.779087
v 2.561659 1.518545 -1.799772
v 2.563648 1.706740 -1.860924
v 2.565458 1.878110 -1.959870
v 2.567012 2.025164 -2.092285
v 2.568241 2.141475 -2.252383
v 2.569092 2.221961 -2.433166
v 2.569526 2.263103 -2.626733
v 2.569526 2.263103 -2.824625
v 2.569092 2.221961 -3.018192
v 2.568241 2.141475 -3.198975
v 2.567012 2.025164 -3.359073
v 2.565458 1.878110 -3.491488
v 2.563648 1.706740 -3.590434
v 2.561659 1.518545 -3.651586
v 2.707199 1.280136 -2.914100
v 2.707623 1.320184 -2.918309
v 2.706795 1.241839 -2.901655
v 2.706426 1.206965 -2.881520
v 2.706110 1.177040 -2.854574
v 2.705860 1.153371 -2.821994
v 2.705687 1.136992 -2.785205
v 2.705599 1.128620 -2.745815
v 2.705599 1.128620 -2.705544
v 2.705687 1.136992 -2.666153
v 2.705860 1.153371 -2.629364
v 2.706110 1.177040 -2.596784
v 2.706426 1.206965 -2.569838
v 2.706795 1.241839 -2.549703
v 2.707199 1.280136 -2.537258
v 2.707623 1.320184 -2.533049
v 2.708046 1.360232 -2.537258
v 2.708450 1.398529 -2.549703
v 2.708819 1.433403 -2.569838
v 2.709135 1.463328 -2.596784
v 2.709385 1.486997 -2.629364
v 2.709558 1.503376 -2.666153
v 2.709646 1.511748 -2.705544
v 2.709646 1.511748 -2.745815
v 2.709558 1.503376 -2.785205
v 2.709385 1.486997 -2.821994
v 2.709135 1.463328 -2.854574
v 2.708819 1.433403 -2.881520
v 2.708450 1.398529 -2.901655
v 2.708046 1.360232 -2.914100
v 1.605619 1.103112 -3.801642
v 1.608035 1.331802 -3.825679
v 1.603308 0.884417 -3.730579
v 1.601204 0.685274 -3.615598
v 1.599399 0.514388 -3.461723
v 1.597971 0.379227 -3.275679
v 1.596982 0.285698 -3.065598
v 1.596477 0.237889 -2.840660
v 1.596477 0.237889 -2.610698
v 1.596982 0.285698 -2.385760
v 1.597971 0.379227 -2.175679
v 1.599399 0.514388 -1.989635
v 1.601204 0.685274 -1.835760
v 1.603308 0.884417 -1.720779
v 1.605619 1.103112 -1.649717
v 1.608035 1.331802 -1.625679
v 1.610451 1.560492 -1.649717
v 1.612762 1.779187 -1.720779
v 1.614866 1.978330 -1.835760
v 1.616672 2.149216 -1.989635
v 1.618100 2.284377 -2.175679
v 1.619088 2.377906 -2.385760
v 1.619593 2.425715 -2.610698
v 1.619593 2.425715 -2.840660
v 1.619088 2.377906 -3.065598
v 1.618100 2.284377 -3.275679
v 1.616672 2.149216 -3.461723
v 1.614866 1.978330 -3.615598
v 1.612762 1.779187 -3.730579
v 1.610451 1.560492 -3.801642
v 1.605935 1.133005 -3.660999
v 1.608035 1.331802 -3.681894
v 1.603926 0.942896 -3.599225
v 1.602097 0.769784 -3.499274
v 1.600528 0.621235 -3.365512
v 1.599286 0.503741 -3.203787
v 1.598427 0.422438 -3.021166
v 1.597988 0.380878 -2.825631
v 1.597988 0.380878 -2.625727
v 1.598427 0.422438 -2.430192
v 1.599286 0.503741 -2.247571
v 1.600528 0.621235 -2.085846
v 1.602097 0.769784 -1.952085
v 1.603926 0.942896 -1.852133
v 1.605935 1.133005 -1.790359
v 1.608035 1.331802 -1.769464
v 1.610136 1.530599 -1.790359
v 1.612144 1.720708 -1.852133
v 1.613973 1.893820 -1.952085
v 1.615543 2.042369 -2.085846
v 1.616784 2.159863 -2.247571
v 1.617643 2.241166 -2.430192
v 1.618082 2.282726 -2.625727
v 1.618082 2.282726 -2.825631
v 1.617643 2.241166 -3.021166
v 1.616784 2.159863 -3.203787
v 1.615543 2.042369 -3.365512
v 1.613973 1.893820 -3.499274
v 1.612144 1.720708 -3.599225
v 1.610136 1.530599 -3.660999
v 1.519583 1.295560 -2.900571
v 1.519976 1.332732 -2.904478
v 1.519208 1.260012 -2.889020
v 1.518865 1.227643 -2.870331
v 1.518572 1.199866 -2.845319
v 1.518340 1.177896 -2.815078
v 1.518179 1.162694 -2.780931
v 1.518097 1.154923 -2.744369
v 1.518097 1.154923 -2.706989
v 1.518179 1.162694 -2.670427
v 1.518340 1.177896 -2.636280
v 1.518572 1.199866 -2.606039
v 1.518865 1.227643 -2.581028
v 1.519208 1.260012 -2.562338
v 1.519583 1.295560 -2.550787
v 1.519976 1.332732 -2.546880
v 1.520369 1.369905 -2.550787
v 1.520744 1.405452 -2.562338
v 1.521086 1.437822 -2.581028
v 1.521380 1.465599 -2.606039
v 1.521612 1.487568 -2.636280
v 1.521772 1.502771 -2.670427
v 1.521855 1.510542 -2.706989
v 1.521855 1.510542 -2.744369
v 1.521772 1.502771 -2.780931
v 1.521612 1.487568 -2.815078
v 1.521380 1.465598 -2.845319
v 1.521086 1.437822 -2.870331
v 1.520744 1.405452 -2.889020
v 1.520369 1.369905 -2.900571
vn -0.0000 1.0000 -0.0000
vn -1.0000 -0.0000 -0.0000
vn -0.0000 -0.0903 -0.9959
vn -0.9959 0.0598 -0.0682
vn -0.6239 0.5928 -0.5092
vn 0.0005 -0.5320 -0.8468
vn 0.4088 0.7384 -0.5363
vn -0.9640 -0.0778 -0.2543
vn 0.0083 -0.9553 0.2955
vn 0.0073 -0.0677 0.9977
vn 0.0453 -0.9990 -0.0026
vn -0.0000 -0.7993 0.6010
vn -0.9727 -0.0620 0.2236
vn 0.1489 0.9888 -0.0143
vn -0.0317 -0.7072 0.7063
vn -0.8520 -0.1656 0.4968
vn 0.0569 0.8854 0.4613
vn -0.0000 -0.9795 -0.2017
vn 0.6900 0.6789 0.2509
vn -0.9812 -0.0766 0.1772
vn -0.9833 -0.0937 0.1562
vn -0.9727 -0.1999 0.1181
vn -0.9724 -0.1126 0.2045
vn 0.0822 0.0069 0.9966
vn -0.9841 -0.1307 -0.1204
vn -0.9874 -0.1181 -0.1053
vn -0.0000 0.0833 -0.9965
vn -0.9766 -0.0630 -0.2056
vn 0.1486 0.9887 -0.0181
vn -0.9664 0.0434 -0.2535
vn 0.0007 -0.5117 -0.8592
vn -0.9909 -0.1345 -0.0042
vn 0.1526 0.9883 0.0060
vn -0.9701 -0.2361 0.0554
vn 0.0001 -0.9764 0.2162
vn -0.9998 0.0179 0.0090
vn -0.9555 -0.1117 -0.2731
vn -0.9829 -0.0057 0.1839
vn -0.9227 -0.2295 0.3097
vn -0.9856 -0.0305 0.1663
vn 0.0150 -0.0034 0.9999
vn -0.9724 -0.1390 -0.1872
vn -0.9390 -0.2529 -0.2329
vn -0.0000 -0.0557 -0.9984
vn -0.0000 0.0256 -0.9997
vn -0.9369 -0.3174 -0.1467
vn -0.9824 -0.1340 -0.1298
vn 0.0384 0.1856 0.9819
vn -0.9682 -0.1936 0.1584
vn -0.9637 -0.2311 0.1337
vn -0.5333 0.7398 0.4103
vn -0.9490 -0.2426 -0.2013
vn -0.9973 -0.0735 -0.0036
vn -0.0450 0.1868 0.9814
vn -0.0000 0.9984 -0.0557
vn -0.0128 -0.0056 0.9999
vn -0.1262 -0.9680 0.2170
vn 0.0108 0.9999 0.0060
vn -0.2230 -0.5254 -0.8211
vn 0.0107 0.9998 -0.0173
vn -0.0989 0.0069 0.9951
vn 0.0524 0.8658 0.4977
vn -0.0327 -0.9786 -0.2033
vn 0.0048 0.8910 0.4539
vn -0.0119 -0.6856 0.7279
vn 0.0107 0.9998 -0.0149
vn -0.0879 -0.7944 0.6010
vn 0.1395 -0.9902 -0.0021
vn -0.0061 -0.0691 0.9976
vn 0.0850 -0.9471 0.3096
vn -0.0000 0.7856 -0.6188
vn -0.0500 -0.5108 -0.8582
vn -0.0018 0.8708 -0.4916
vn -0.0000 0.8789 -0.4771
vn -0.0000 0.9999 -0.0162
vn -0.0000 0.8938 0.4484
vn -0.0000 0.8253 0.5647
vn -0.0000 1.0000 0.0060
vn -0.0000 0.1560 0.9878
vn 0.0202 -0.9755 0.2192
vn 0.0232 -0.5430 -0.8394
vn -0.0000 0.0138 0.9999
vn 0.0042 -0.9783 -0.2073
vn 0.0078 -0.6942 0.7198
vn 0.0162 -0.8017 0.5975
vn -0.0000 -1.0000 0.0037
vn -0.0000 -0.0692 0.9976
vn -0.0000 -0.9570 0.2902
vn 0.0167 -0.5088 -0.8607
vn 0.0063 -0.6260 -0.7798
vn -0.0000 0.8512 -0.5248
vn 0.0258 0.9470 -0.3202
vn 0.0978 -0.4910 -0.8657
vn -0.7748 -0.3053 -0.5536
vn -0.8682 -0.3614 -0.3400
vn -0.7514 -0.1247 -0.6480
vn -0.0000 -0.6335 -0.7738
vn 0.8585 0.4941 0.1374
vn 0.4980 0.4784 0.7233
vn 0.0218 -0.9982 -0.0565
vn -0.1526 -0.9866 -0.0578
vn -0.9972 -0.0741 -0.0036
vn -0.9997 0.0245 -0.0063
vn 0.0002 -0.9981 -0.0617
vn -0.9644 -0.2626 -0.0325
vn 0.1352 -0.9907 -0.0137
vn -0.9906 -0.1365 -0.0042
vn 0.1527 0.9883 0.0060
vn -0.9688 -0.2169 -0.1197
vn 0.0007 -0.9388 -0.3446
vn -0.9996 -0.0005 -0.0274
vn -0.9971 -0.0764 -0.0036
vn -0.2344 -0.9125 -0.3353
vn 0.0107 0.9999 0.0060
vn 0.0284 -0.9406 -0.3383
vn -0.0000 -0.0061 1.0000
vn -0.0000 -1.0000 -0.0061
vn 1.0000 -0.0000 -0.0000
vn -0.0000 1.0000 0.0061
vn -0.0000 -0.9984 0.0557
vn -0.9907 -0.1358 -0.0042
vn -0.9653 -0.2593 -0.0323
vn 0.0005 -0.9981 -0.0617
vn -0.9998 0.0185 -0.0066
vn -0.9971 -0.0754 -0.0036
vn -0.2064 -0.9767 -0.0581
vn 0.0260 -0.9981 -0.0565
vn -0.9907 -0.1360 -0.0030
vn -0.9906 -0.1369 -0.0030
vn -0.9909 -0.1349 -0.0030
vn -0.9741 -0.1942 -0.1160
vn -0.0413 0.0070 0.9991
vn -0.9909 -0.1344 -0.0030
vn -0.9870 -0.0938 -0.1306
vn -0.9883 -0.1323 -0.0757
vn -0.9898 -0.1421 0.0058
vn 0.0343 0.0070 0.9994
vn -0.9830 -0.1224 0.1371
vn -0.9795 -0.2012 0.0083
vn -0.9913 -0.1084 0.0749
vn -0.9909 -0.1349 -0.0042
vn -0.0135 0.1292 -0.9915
vn -0.0018 -0.0174 0.9998
vn -0.1352 0.9907 0.0127
vn -0.9908 -0.1355 -0.0042
vn -0.9908 -0.1356 -0.0030
vn -0.9650 -0.2604 -0.0324
vn 0.0004 -0.9981 -0.0617
vn -0.9998 0.0207 -0.0065
vn -0.9972 -0.0749 -0.0036
vn -0.1878 -0.9805 -0.0580
vn 0.0246 -0.9981 -0.0565
vn -0.9908 -0.1352 -0.0042
vn -0.9908 -0.1353 -0.0030
vn -0.9647 -0.2615 -0.0324
vn 0.0003 -0.9981 -0.0617
vn -0.9997 0.0227 -0.0064
vn -0.9972 -0.0745 -0.0036
vn -0.1701 -0.9837 -0.0579
vn 0.0232 -0.9981 -0.0565
vn -0.9908 -0.1352 -0.0041
vn -0.9908 -0.1355 -0.0041
vn -0.9909 -0.1349 -0.0041
vn -0.9907 -0.1358 -0.0041
vn -0.9906 -0.1365 -0.0041
vn -0.8981 -0.1655 -0.4074
vn -0.0903 0.0069 0.9959
vn -0.9909 -0.1345 -0.0041
vn -0.9785 -0.0674 -0.1950
vn -0.9876 -0.1198 -0.1017
vn -0.9858 -0.1323 -0.1036
vn 0.0750 0.0069 0.9972
vn -0.9741 -0.1140 0.1953
vn -0.9748 -0.2003 0.0982
vn -0.9846 -0.0955 0.1462
vn -0.0071 0.6691 -0.7431
vn 0.0033 -0.3090 -0.9511
vn 0.0965 -0.4969 0.8624
vn 0.0842 0.6673 -0.7400
vn 0.0945 -0.3067 0.9471
vn 0.0923 -0.1031 -0.9904
vn 0.0860 0.4988 -0.8624
vn 0.0923 -0.1031 0.9904
vn 0.0945 -0.3067 -0.9471
vn 0.0880 0.3087 -0.9471
vn 0.0901 0.1051 0.9904
vn 0.0965 -0.4969 -0.8624
vn 0.0901 0.1051 -0.9904
vn 0.0880 0.3087 0.9471
vn 0.0983 -0.6653 -0.7400
vn 0.0860 0.4989 0.8624
vn 0.0998 -0.8046 -0.5853
vn 0.0842 0.6673 0.7400
vn 0.1009 -0.9087 -0.4050
vn 0.0827 0.8066 0.5853
vn 0.1015 -0.9730 -0.2070
vn 0.0816 0.9106 0.4050
vn 0.1018 -0.9948 -0.0000
vn 0.0810 0.9750 0.2070
vn 0.1015 -0.9730 0.2070
vn 0.0807 0.9967 -0.0000
vn 0.1009 -0.9087 0.4050
vn 0.0810 0.9750 -0.2070
vn 0.0998 -0.8046 0.5853
vn 0.0816 0.9106 -0.4050
vn 0.0983 -0.6653 0.7400
vn 0.0827 0.8066 -0.5853
vn -0.0000 -1.0000 -0.0000
vn -0.9999 -0.0106 -0.0000
vn -0.0033 0.3090 -0.9511
vn -0.0011 0.1045 0.9945
vn 0.0053 -0.5000 -0.8660
vn -0.0011 0.1045 -0.9945
vn -0.0033 0.3090 0.9511
vn 0.0071 -0.6691 -0.7431
vn -0.0053 0.5000 0.8660
vn 0.0085 -0.8090 -0.5878
vn -0.0071 0.6691 0.7431
vn 0.0097 -0.9135 -0.4067
vn -0.0085 0.8090 0.5878
vn 0.0103 -0.9781 -0.2079
vn -0.0097 0.9135 0.4067
vn 0.0106 -0.9999 -0.0000
vn -0.0103 0.9781 0.2079
vn 0.0103 -0.9781 0.2079
vn -0.0106 0.9999 -0.0000
vn 0.0097 -0.9135 0.4067
vn -0.0103 0.9781 -0.2079
vn 0.0085 -0.8090 0.5878
vn -0.0097 0.9135 -0.4067
vn 0.0071 -0.6691 0.7431
vn -0.0085 0.8090 -0.5878
vn 0.0053 -0.5000 0.8660
vn -0.0071 0.6691 -0.7432
vn 0.0033 -0.3090 0.9511
vn 0.0011 -0.1045 -0.9945
vn -0.0053 0.5000 -0.8660
vn 0.0011 -0.1045 0.9945
vn 0.9999 0.0106 -0.0000
vn 0.9959 0.0598 -0.0682
vn 0.6239 0.5928 -0.5092
vn -0.0005 -0.5320 -0.8468
vn -0.4088 0.7384 -0.5363
vn 0.9640 -0.0778 -0.2543
vn -0.0083 -0.9553 0.2955
vn -0.0073 -0.0677 0.9977
vn -0.0453 -0.9990 -0.0026
vn 0.9727 -0.0620 0.2236
vn -0.1489 0.9888 -0.0143
vn 0.0317 -0.7072 0.7063
vn 0.8520 -0.1656 0.4968
vn -0.0569 0.8854 0.4613
vn -0.6900 0.6789 0.2509
vn 0.9812 -0.0766 0.1772
vn 0.9833 -0.0937 0.1562
vn 0.9727 -0.1999 0.1181
vn 0.9724 -0.1126 0.2045
vn -0.0822 0.0069 0.9966
vn 0.9841 -0.1307 -0.1204
vn 0.9874 -0.1181 -0.1053
vn 0.9766 -0.0630 -0.2056
vn -0.1486 0.9887 -0.0181
vn 0.9664 0.0434 -0.2535
vn -0.0007 -0.5117 -0.8592
vn 0.9909 -0.1345 -0.0042
vn -0.1526 0.9883 0.0060
vn 0.9701 -0.2361 0.0554
vn -0.0001 -0.9764 0.2162
vn 0.9998 0.0179 0.0090
vn 0.9555 -0.1117 -0.2731
vn 0.9829 -0.0057 0.1839
vn 0.9227 -0.2295 0.3097
vn 0.9856 -0.0305 0.1663
vn -0.0150 -0.0034 0.9999
vn 0.9724 -0.1390 -0.1872
vn 0.9390 -0.2529 -0.2329
vn 0.9369 -0.3174 -0.1467
vn 0.9824 -0.1340 -0.1298
vn -0.0384 0.1856 0.9819
vn 0.9682 -0.1936 0.1584
vn 0.9637 -0.2311 0.1337
vn 0.5333 0.7398 0.4103
vn 0.9490 -0.2426 -0.2013
vn 0.9973 -0.0735 -0.0036
vn 0.0450 0.1868 0.9814
vn 0.0128 -0.0056 0.9999
vn 0.1262 -0.9680 0.2170
vn -0.0108 0.9999 0.0060
vn 0.2230 -0.5254 -0.8211
vn -0.0107 0.9998 -0.0173
vn 0.0989 0.0069 0.9951
vn -0.0524 0.8658 0.4977
vn 0.0327 -0.9786 -0.2033
vn -0.0048 0.8910 0.4539
vn 0.0119 -0.6856 0.7279
vn -0.0107 0.9998 -0.0149
vn 0.0879 -0.7944 0.6010
vn -0.1395 -0.9902 -0.0021
vn 0.0061 -0.0691 0.9976
vn -0.0850 -0.9471 0.3096
vn 0.0500 -0.5108 -0.8582
vn 0.0018 0.8708 -0.4916
vn -0.0202 -0.9755 0.2192
vn -0.0232 -0.5430 -0.8394
vn -0.0042 -0.9783 -0.2073
vn -0.0078 -0.6942 0.7198
vn -0.0162 -0.8017 0.5975
vn -0.0167 -0.5088 -0.8607
vn -0.0063 -0.6260 -0.7798
vn -0.0258 0.9470 -0.3202
vn -0.0978 -0.4910 -0.8657
vn 0.7748 -0.3053 -0.5536
vn 0.8682 -0.3614 -0.3400
vn 0.7514 -0.1247 -0.6480
vn -0.8585 0.4941 0.1374
vn -0.4980 0.4784 0.7233
vn -0.0218 -0.9982 -0.0565
vn 0.1526 -0.9866 -0.0578
vn 0.9972 -0.0741 -0.0036
vn 0.9997 0.0245 -0.0063
vn -0.0002 -0.9981 -0.0617
vn 0.9644 -0.2626 -0.0325
vn -0.1352 -0.9907 -0.0137
vn 0.9906 -0.1365 -0.0042
vn -0.1527 0.9883 0.0060
vn 0.9688 -0.2169 -0.1197
vn -0.0007 -0.9388 -0.3446
vn 0.9996 -0.0005 -0.0274
vn 0.9971 -0.0764 -0.0036
vn 0.2344 -0.9125 -0.3353
vn -0.0107 0.9999 0.0060
vn -0.0284 -0.9406 -0.3383
vn 0.9907 -0.1358 -0.0042
vn 0.9653 -0.2593 -0.0323
vn -0.0005 -0.9981 -0.0617
vn 0.9998 0.0185 -0.0066
vn 0.9971 -0.0754 -0.0036
vn 0.2064 -0.9767 -0.0581
vn -0.0260 -0.9981 -0.0565
vn 0.9907 -0.1360 -0.0030
vn 0.9906 -0.1369 -0.0030
vn 0.9909 -0.1349 -0.0030
vn 0.9741 -0.1942 -0.1160
vn 0.0413 0.0070 0.9991
vn 0.9909 -0.1344 -0.0030
vn 0.9870 -0.0938 -0.1306
vn 0.9883 -0.1323 -0.0757
vn 0.9898 -0.1421 0.0058
vn -0.0343 0.0070 0.9994
vn 0.9830 -0.1224 0.1371
vn 0.9795 -0.2012 0.0083
vn 0.9913 -0.1084 0.0749
vn 0.9909 -0.1349 -0.0042
vn 0.0135 0.1292 -0.9915
vn 0.0018 -0.0174 0.9998
vn 0.1352 0.9907 0.0127
vn 0.9908 -0.1355 -0.0042
vn 0.9908 -0.1356 -0.0030
vn 0.9650 -0.2604 -0.0324
vn -0.0004 -0.9981 -0.0617
vn 0.9998 0.0207 -0.0065
vn 0.9972 -0.0749 -0.0036
vn 0.1878 -0.9805 -0.0580
vn -0.0246 -0.9981 -0.0565
vn 0.9908 -0.1352 -0.0042
vn 0.9908 -0.1353 -0.0030
vn 0.9647 -0.2615 -0.0324
vn -0.0003 -0.9981 -0.0617
vn 0.9997 0.0227 -0.0064
vn 0.9972 -0.0745 -0.0036
vn 0.1701 -0.9837 -0.0579
vn -0.0232 -0.9981 -0.0565
vn 0.9908 -0.1352 -0.0041
vn 0.9908 -0.1355 -0.0041
vn 0.9909 -0.1349 -0.0041
vn 0.9907 -0.1358 -0.0041
vn 0.9906 -0.1365 -0.0041
vn 0.8981 -0.1655 -0.4074
vn 0.0903 0.0069 0.9959
vn 0.9909 -0.1345 -0.0041
vn 0.9785 -0.0674 -0.1950
vn 0.9876 -0.1198 -0.1017
vn 0.9858 -0.1323 -0.1036
vn -0.0750 0.0069 0.9972
vn 0.9741 -0.1140 0.1953
vn 0.9748 -0.2003 0.0982
vn 0.9846 -0.0955 0.1462
vn 0.0071 0.6691 -0.7431
vn -0.0033 -0.3090 -0.9511
vn -0.0965 -0.4969 0.8624
vn -0.0842 0.6673 -0.7400
vn -0.0945 -0.3067 0.9471
vn -0.0923 -0.1031 -0.9904
vn -0.0860 0.4988 -0.8624
vn -0.0923 -0.1031 0.9904
vn -0.0945 -0.3067 -0.9471
vn -0.0880 0.3087 -0.9471
vn -0.0901 0.1051 0.9904
vn -0.0965 -0.4969 -0.8624
vn -0.0901 0.1051 -0.9904
vn -0.0880 0.3087 0.9471
vn -0.0983 -0.6653 -0.7400
vn -0.0860 0.4989 0.8624
vn -0.0998 -0.8046 -0.5853
vn -0.0842 0.6673 0.7400
vn -0.1009 -0.9087 -0.4050
vn -0.0827 0.8066 0.5853
vn -0.1015 -0.9730 -0.2070
vn -0.0816 0.9106 0.4050
vn -0.1018 -0.9948 -0.0000
vn -0.0810 0.9750 0.2070
vn -0.1015 -0.9730 0.2070
vn -0.0807 0.9967 -0.0000
vn -0.1009 -0.9087 0.4050
vn -0.0810 0.9750 -0.2070
vn -0.0998 -0.8046 0.5853
vn -0.0816 0.9106 -0.4050
vn -0.0983 -0.6653 0.7400
vn -0.0827 0.8066 -0.5853
vn 0.9999 -0.0106 -0.0000
vn 0.0033 0.3090 -0.9511
vn 0.0011 0.1045 0.9945
vn -0.0053 -0.5000 -0.8660
vn 0.0011 0.1045 -0.9945
vn 0.0033 0.3090 0.9511
vn -0.0071 -0.6691 -0.7431
vn 0.0053 0.5000 0.8660
vn -0.0085 -0.8090 -0.5878
vn 0.0071 0.6691 0.7431
vn -0.0097 -0.9135 -0.4067
vn 0.0085 0.8090 0.5878
vn -0.0103 -0.9781 -0.2079
vn 0.0097 0.9135 0.4067
vn -0.0106 -0.9999 -0.0000
vn 0.0103 0.9781 0.2079
vn -0.0103 -0.9781 0.2079
vn 0.0106 0.9999 -0.0000
vn -0.0097 -0.9135 0.4067
vn 0.0103 0.9781 -0.2079
vn -0.0085 -0.8090 0.5878
vn 0.0097 0.9135 -0.4067
vn -0.0071 -0.6691 0.7431
vn 0.0085 0.8090 -0.5878
vn -0.0053 -0.5000 0.8660
vn -0.0033 -0.3090 0.9511
vn -0.0011 -0.1045 -0.9945
vn 0.0053 0.5000 -0.8660
vn -0.0011 -0.1045 0.9945
vn -0.9999 0.0106 -0.0000
vt 0.368095 0.732585
vt 0.375000 0.732584
vt 0.375000 0.750000
vt 0.368094 0.750000
vt 0.610453 0.732585
vt 0.625000 0.732585
vt 0.625000 0.750000
vt 0.610453 0.750000
vt 0.610453 0.493095
vt 0.625000 0.493095
vt 0.625000 0.500000
vt 0.610453 0.500000
vt 0.610453 0.549269
vt 0.625000 0.549806
vt 0.625000 0.563887
vt 0.610453 0.564542
vt 0.368094 0.540563
vt 0.375000 0.549751
vt 0.375000 0.575141
vt 0.368095 0.575141
vt 0.741681 0.549807
vt 0.750000 0.549807
vt 0.750000 0.563887
vt 0.741681 0.563887
vt 0.368095 0.699775
vt 0.375000 0.695776
vt 0.610453 0.680293
vt 0.625000 0.679090
vt 0.741680 0.679089
vt 0.750000 0.679090
vt 0.750000 0.732585
vt 0.741680 0.732585
vt 0.610453 0.866681
vt 0.625000 0.866680
vt 0.625000 0.875000
vt 0.610453 0.875000
vt 0.750000 0.750000
vt 0.741681 0.750000
vt 0.741681 0.651143
vt 0.750000 0.651143
vt 0.750000 0.656440
vt 0.741681 0.656440
vt 0.610453 0.650816
vt 0.625000 0.651143
vt 0.625000 0.656440
vt 0.610453 0.656053
vt 0.368095 0.645514
vt 0.375000 0.645514
vt 0.375000 0.649786
vt 0.368094 0.649786
vt 0.741681 0.500000
vt 0.750000 0.500000
vt 0.750000 0.548044
vt 0.741680 0.548044
vt 0.368094 0.500000
vt 0.375000 0.500000
vt 0.374785 0.530496
vt 0.368095 0.536236
vt 0.625000 0.548044
vt 0.610453 0.547357
vt 0.500117 0.500000
vt 0.502170 0.500000
vt 0.502170 0.542243
vt 0.500114 0.542053
vt 0.500117 0.653116
vt 0.502170 0.653171
vt 0.502171 0.689253
vt 0.500117 0.689358
vt 0.500117 0.648331
vt 0.502170 0.648377
vt 0.500117 0.866681
vt 0.502170 0.866681
vt 0.502170 0.875000
vt 0.500117 0.875000
vt 0.502170 0.732585
vt 0.500117 0.732585
vt 0.500117 0.545338
vt 0.502170 0.545265
vt 0.502170 0.569416
vt 0.500117 0.569509
vt 0.500117 0.493095
vt 0.502170 0.493095
vt 0.502170 0.750000
vt 0.500117 0.750000
vt 0.502170 0.574454
vt 0.500117 0.574537
vt 0.375000 0.579631
vt 0.368095 0.579631
vt 0.625000 0.569454
vt 0.610453 0.570046
vt 0.750000 0.569454
vt 0.741681 0.569454
vt 0.500117 0.628602
vt 0.502170 0.628614
vt 0.368095 0.627900
vt 0.375000 0.627900
vt 0.610453 0.629222
vt 0.625000 0.629303
vt 0.741681 0.629303
vt 0.750000 0.629303
vt 0.514318 0.628682
vt 0.514318 0.648651
vt 0.514318 0.568870
vt 0.514318 0.573959
vt 0.514318 0.500000
vt 0.514318 0.542816
vt 0.514318 0.653495
vt 0.514318 0.688248
vt 0.514318 0.866680
vt 0.514318 0.875000
vt 0.514318 0.732585
vt 0.514318 0.545714
vt 0.514318 0.493095
vt 0.514318 0.750000
vt 0.514318 0.756905
vt 0.502170 0.756905
vt 0.502170 0.383319
vt 0.514318 0.383319
vt 0.610453 0.756905
vt 0.631905 0.629303
vt 0.631905 0.651143
vt 0.258319 0.627900
vt 0.258319 0.645514
vt 0.631905 0.563887
vt 0.631905 0.569454
vt 0.258319 0.575141
vt 0.258319 0.579630
vt 0.500117 0.383319
vt 0.500117 0.756905
vt 0.258319 0.500000
vt 0.258319 0.536236
vt 0.631905 0.500000
vt 0.631905 0.548044
vt 0.258319 0.649786
vt 0.258319 0.699775
vt 0.631905 0.656441
vt 0.631905 0.679090
vt 0.631905 0.732585
vt 0.631905 0.750000
vt 0.625000 0.756905
vt 0.258319 0.732585
vt 0.631905 0.549807
vt 0.258319 0.540563
vt 0.610453 0.383319
vt 0.625000 0.383319
vt 0.258319 0.750000
vt 0.250000 0.732585
vt 0.250000 0.750000
vt 0.610453 0.375000
vt 0.625000 0.375000
vt 0.250000 0.540563
vt 0.250000 0.575141
vt 0.250000 0.699775
vt 0.250000 0.645514
vt 0.250000 0.649786
vt 0.250000 0.500000
vt 0.250000 0.536236
vt 0.500117 0.375000
vt 0.502170 0.375000
vt 0.250000 0.579631
vt 0.250000 0.627900
vt 0.514318 0.375000
vt 0.631906 0.627982
vt 0.741681 0.627982
vt 0.250000 0.626834
vt 0.258319 0.626834
vt 0.368095 0.626834
vt 0.625000 0.627982
vt 0.502170 0.627418
vt 0.514318 0.627474
vt 0.610453 0.627915
vt 0.750000 0.627982
vt 0.375000 0.626834
vt 0.502170 0.596248
vt 0.500117 0.596293
vt 0.375000 0.599054
vt 0.368095 0.599054
vt 0.625000 0.593537
vt 0.610453 0.593858
vt 0.750000 0.593537
vt 0.741681 0.593537
vt 0.514318 0.595980
vt 0.631905 0.593537
vt 0.258319 0.599054
vt 0.250000 0.599054
vt 0.502170 0.611597
vt 0.500117 0.611615
vt 0.375000 0.612734
vt 0.368095 0.612734
vt 0.625000 0.610499
vt 0.610453 0.610629
vt 0.750000 0.610499
vt 0.741680 0.610499
vt 0.514318 0.611488
vt 0.631905 0.610499
vt 0.258319 0.612734
vt 0.250000 0.612734
vt 0.479916 0.596739
vt 0.479916 0.611796
vt 0.479916 0.575360
vt 0.479916 0.627316
vt 0.479916 0.628489
vt 0.479878 0.540187
vt 0.479916 0.546050
vt 0.375000 0.756905
vt 0.479916 0.756905
vt 0.479916 0.866681
vt 0.375000 0.866681
vt 0.375000 0.375000
vt 0.479916 0.375000
vt 0.479916 0.383319
vt 0.375000 0.383319
vt 0.479916 0.750000
vt 0.479916 0.493095
vt 0.375000 0.493094
vt 0.479916 0.647876
vt 0.479916 0.570418
vt 0.479916 0.732585
vt 0.479916 0.500000
vt 0.479916 0.690394
vt 0.479916 0.875000
vt 0.375000 0.875000
vt 0.479916 0.652579
vt 0.500117 0.627409
vt 0.500117 0.628602
vt 0.479916 0.613341
vt 0.502171 0.613172
vt 0.500117 0.613188
vt 0.375000 0.614138
vt 0.502171 0.613172
vt 0.368095 0.614138
vt 0.625000 0.612240
vt 0.610453 0.612350
vt 0.750000 0.612240
vt 0.741680 0.612240
vt 0.514318 0.613080
vt 0.631905 0.612240
vt 0.258319 0.614138
vt 0.250000 0.614138
vt 0.546129 0.563491
vt 0.558321 0.552513
vt 0.484824 0.571400
vt 0.470310 0.566684
vt 0.206107 0.095491
vt 0.296632 0.043227
vt 0.871572 0.834565
vt 0.793893 0.904508
vt 0.396044 0.010926
vt 0.500000 1.000000
vt 0.396044 0.989074
vt 0.703368 0.956773
vt 0.500000 0.000000
vt 0.296632 0.956773
vt 0.603956 0.989074
vt 0.603956 0.010926
vt 0.206107 0.904508
vt 0.703368 0.043227
vt 0.128428 0.834565
vt 0.793893 0.095491
vt 0.066987 0.750000
vt 0.871572 0.165435
vt 0.024472 0.654508
vt 0.933013 0.250000
vt 0.002739 0.552264
vt 0.975528 0.345491
vt 0.002739 0.447736
vt 0.997261 0.447736
vt 0.024472 0.345491
vt 0.997261 0.552264
vt 0.066987 0.250000
vt 0.975528 0.654508
vt 0.128428 0.165435
vt 0.933013 0.750000
vt 0.413594 0.906508
vt 0.500000 0.915590
vt 0.330964 0.879660
vt 0.255722 0.836219
vt 0.191157 0.778084
vt 0.140088 0.707795
vt 0.104750 0.628424
vt 0.086687 0.543441
vt 0.086687 0.456559
vt 0.104750 0.371576
vt 0.140089 0.292205
vt 0.191156 0.221916
vt 0.255722 0.163781
vt 0.330964 0.120340
vt 0.413594 0.093492
vt 0.500000 0.084410
vt 0.586406 0.093492
vt 0.669036 0.120340
vt 0.744278 0.163781
vt 0.808844 0.221916
vt 0.859912 0.292205
vt 0.895250 0.371576
vt 0.913313 0.456559
vt 0.913313 0.543441
vt 0.895250 0.628424
vt 0.859912 0.707795
vt 0.808844 0.778084
vt 0.744278 0.836219
vt 0.669036 0.879660
vt 0.586406 0.906509
vt 0.500000 0.572995
vt 0.457095 0.559054
vt 0.445754 0.548843
vt 0.436785 0.536497
vt 0.430578 0.522557
vt 0.427405 0.507630
vt 0.427405 0.492370
vt 0.430578 0.477443
vt 0.436785 0.463503
vt 0.445754 0.451157
vt 0.457095 0.440946
vt 0.470310 0.433316
vt 0.484824 0.428600
vt 0.500000 0.427005
vt 0.515176 0.428600
vt 0.529690 0.433316
vt 0.542905 0.440946
vt 0.554246 0.451157
vt 0.563215 0.463503
vt 0.569422 0.477443
vt 0.572595 0.492370
vt 0.572595 0.507630
vt 0.569422 0.522557
vt 0.563215 0.536497
vt 0.554246 0.548843
vt 0.542905 0.559054
vt 0.529690 0.566684
vt 0.515176 0.571400
vt 0.500000 0.934119
vt 0.409742 0.924632
vt 0.323428 0.896587
vt 0.244831 0.851210
vt 0.177387 0.790482
vt 0.124042 0.717059
vt 0.087128 0.634150
vt 0.068259 0.545378
vt 0.068259 0.454622
vt 0.087128 0.365850
vt 0.124042 0.282941
vt 0.177387 0.209518
vt 0.244831 0.148790
vt 0.323428 0.103413
vt 0.409741 0.075368
vt 0.500000 0.065881
vt 0.590258 0.075368
vt 0.676572 0.103413
vt 0.755169 0.148790
vt 0.822613 0.209518
vt 0.875958 0.282941
vt 0.912872 0.365850
vt 0.931741 0.454622
vt 0.931741 0.545378
vt 0.912872 0.634150
vt 0.875958 0.717059
vt 0.822613 0.790482
vt 0.755169 0.851210
vt 0.676572 0.896587
vt 0.590258 0.924632
vt 0.500000 0.578479
vt 0.483683 0.576764
vt 0.468080 0.571694
vt 0.453871 0.563491
vt 0.441679 0.552513
vt 0.432035 0.539239
vt 0.425362 0.524251
vt 0.421951 0.508203
vt 0.421951 0.491797
vt 0.425362 0.475749
vt 0.432035 0.460761
vt 0.441679 0.447487
vt 0.453871 0.436509
vt 0.468080 0.428306
vt 0.483683 0.423236
vt 0.500000 0.421521
vt 0.516317 0.423236
vt 0.531920 0.428306
vt 0.546129 0.436509
vt 0.558321 0.447487
vt 0.567965 0.460761
vt 0.574638 0.475749
vt 0.578049 0.491797
vt 0.578049 0.508203
vt 0.574638 0.524251
vt 0.567965 0.539239
vt 0.531920 0.571694
vt 0.516317 0.576764
vt 0.452229 0.434249
vt 0.439603 0.445618
vt 0.551466 0.429163
vt 0.565069 0.441411
vt 0.410542 0.920867
vt 0.500000 0.930269
vt 0.324994 0.893071
vt 0.247094 0.848095
vt 0.180248 0.787907
vt 0.127376 0.715135
vt 0.090790 0.632961
vt 0.072088 0.544975
vt 0.072088 0.455025
vt 0.090790 0.367040
vt 0.127376 0.284865
vt 0.180248 0.212094
vt 0.247094 0.151905
vt 0.324994 0.106930
vt 0.410542 0.079133
vt 0.500000 0.069731
vt 0.589458 0.079133
vt 0.675006 0.106930
vt 0.752906 0.151905
vt 0.819753 0.212094
vt 0.872624 0.284865
vt 0.909211 0.367040
vt 0.927912 0.455025
vt 0.927912 0.544975
vt 0.909210 0.632960
vt 0.872624 0.715135
vt 0.819752 0.787906
vt 0.752906 0.848095
vt 0.675006 0.893070
vt 0.589458 0.920867
vt 0.481795 0.585646
vt 0.500000 0.587559
vt 0.464387 0.579989
vt 0.448534 0.570837
vt 0.434931 0.558589
vt 0.424172 0.543780
vt 0.416726 0.527057
vt 0.412921 0.509152
vt 0.412921 0.490848
vt 0.416726 0.472943
vt 0.424172 0.456221
vt 0.434931 0.441411
vt 0.448534 0.429163
vt 0.464387 0.420011
vt 0.481795 0.414354
vt 0.500000 0.412441
vt 0.518205 0.414354
vt 0.535614 0.420011
vt 0.575829 0.456221
vt 0.583274 0.472943
vt 0.587080 0.490848
vt 0.587080 0.509153
vt 0.583274 0.527057
vt 0.575829 0.543780
vt 0.565069 0.558589
vt 0.551466 0.570837
vt 0.535614 0.579989
vt 0.518205 0.585646
vt 0.500000 0.934644
vt 0.409633 0.925146
vt 0.323215 0.897066
vt 0.244523 0.851634
vt 0.176997 0.790833
vt 0.123588 0.717322
vt 0.086630 0.634312
vt 0.067738 0.545433
vt 0.067738 0.454567
vt 0.086630 0.365688
vt 0.123588 0.282678
vt 0.176997 0.209167
vt 0.244523 0.148366
vt 0.323215 0.102934
vt 0.409633 0.074855
vt 0.500000 0.065357
vt 0.590367 0.074855
vt 0.676785 0.102934
vt 0.755477 0.148366
vt 0.823003 0.209167
vt 0.876412 0.282678
vt 0.913370 0.365688
vt 0.932262 0.454567
vt 0.932262 0.545433
vt 0.913370 0.634312
vt 0.876412 0.717322
vt 0.823003 0.790833
vt 0.755477 0.851634
vt 0.676785 0.897067
vt 0.590367 0.925146
vt 0.500000 0.581272
vt 0.483103 0.579496
vt 0.466944 0.574246
vt 0.452229 0.565751
vt 0.439603 0.554382
vt 0.429616 0.540636
vt 0.422706 0.525115
vt 0.419173 0.508495
vt 0.419173 0.491505
vt 0.422706 0.474885
vt 0.429616 0.459364
vt 0.466944 0.425754
vt 0.483103 0.420504
vt 0.500000 0.418728
vt 0.516897 0.420504
vt 0.533056 0.425754
vt 0.547771 0.434249
vt 0.560397 0.445618
vt 0.570384 0.459364
vt 0.577295 0.474885
vt 0.580827 0.491505
vt 0.580827 0.508495
vt 0.577295 0.525115
vt 0.570384 0.540636
vt 0.560397 0.554382
vt 0.547771 0.565751
vt 0.533056 0.574246
vt 0.516897 0.579496
s 0
usemtl Material
f 72/1/1 7/2/1 4/3/1 70/4/1
f 50/5/2 9/6/2 3/7/2 49/8/2
f 91/9/3 71/10/3 1/11/3 48/12/3
f 123/13/4 118/14/4 8/15/4 51/16/4
f 126/17/5 121/18/5 10/19/5 77/20/5
f 128/21/6 119/22/6 16/23/6 109/24/6
f 81/25/7 24/26/7 7/2/7 72/1/7
f 55/27/8 23/28/8 9/6/8 50/5/8
f 111/29/9 21/30/9 5/31/9 108/32/9
f 104/33/10 96/34/10 12/35/10 53/36/10
f 108/32/11 5/31/11 12/37/11 96/38/11
f 115/39/12 43/40/12 18/41/12 110/42/12
f 58/43/13 45/44/13 20/45/13 54/46/13
f 88/47/14 47/48/14 17/49/14 79/50/14
f 110/42/15 18/41/15 21/30/15 111/29/15
f 54/46/16 20/45/16 23/28/16 55/27/16
f 79/50/17 17/49/17 24/26/17 81/25/17
f 107/51/18 14/52/18 27/53/18 112/54/18
f 75/55/19 2/56/19 25/57/19 83/58/19
f 48/12/20 1/11/20 26/59/20 56/60/20
f 221/61/21 29/62/21 37/63/21 229/64/21
f 227/65/22 35/66/22 36/67/22 228/68/22
f 231/69/23 46/70/23 35/66/23 227/65/23
f 235/71/24 101/72/24 34/73/24 226/74/24
f 228/68/25 36/67/25 31/75/25 223/76/25
f 236/77/26 122/78/26 32/79/26 224/80/26
f 232/81/27 85/82/27 29/62/27 221/61/27
f 223/76/2 31/75/2 30/83/2 222/84/2
f 224/80/28 32/79/28 42/85/28 230/86/28
f 77/20/29 10/19/29 38/87/29 86/88/29
f 51/16/30 8/15/30 41/89/30 57/90/30
f 109/24/31 16/23/31 39/91/31 114/92/31
f 237/93/32 133/94/32 46/70/32 231/69/32
f 137/95/33 129/96/33 47/48/33 88/47/33
f 134/97/34 132/98/34 45/44/34 58/43/34
f 139/99/35 130/100/35 43/40/35 115/39/35
f 135/101/36 134/97/36 58/43/36 69/102/36
f 62/103/37 51/16/37 57/90/37 68/104/37
f 59/105/38 48/12/38 56/60/38 67/106/38
f 65/107/39 54/46/39 55/27/39 66/108/39
f 69/102/40 58/43/40 54/46/40 65/107/40
f 105/109/41 104/33/41 53/36/41 64/110/41
f 66/108/42 55/27/42 50/5/42 61/111/42
f 124/112/43 123/13/43 51/16/43 62/103/43
f 92/113/44 91/9/44 48/12/44 59/105/44
f 61/111/2 50/5/2 49/8/2 60/114/2
f 31/75/2 61/111/2 60/114/2 30/83/2
f 85/82/45 92/113/45 59/105/45 29/62/45
f 122/78/46 124/112/46 62/103/46 32/79/46
f 36/67/47 66/108/47 61/111/47 31/75/47
f 101/72/48 105/109/48 64/110/48 34/73/48
f 46/70/49 69/102/49 65/107/49 35/66/49
f 35/66/50 65/107/50 66/108/50 36/67/50
f 29/62/51 59/105/51 67/106/51 37/63/51
f 32/79/52 62/103/52 68/104/52 42/85/52
f 133/94/53 135/101/53 69/102/53 46/70/53
f 30/83/54 60/114/54 93/115/54 84/116/54
f 113/117/45 117/118/45 92/113/45 85/82/45
f 92/113/55 117/118/55 157/118/55 158/113/55
f 60/114/56 49/8/56 90/119/56 93/115/56
f 132/98/57 136/120/57 89/121/57 45/44/57
f 138/122/58 137/95/58 88/47/58 103/123/58
f 8/15/59 74/124/59 87/125/59 41/89/59
f 97/126/60 77/20/60 86/88/60 102/127/60
f 234/128/27 113/117/27 85/82/27 232/81/27
f 222/84/61 30/83/61 84/116/61 233/129/61
f 95/130/62 75/55/62 83/58/62 100/131/62
f 1/11/63 71/132/63 82/133/63 26/59/63
f 98/134/64 79/50/64 81/25/64 99/135/64
f 20/45/65 78/136/65 80/137/65 23/28/65
f 103/123/66 88/47/66 79/50/66 98/134/66
f 45/44/67 89/121/67 78/136/67 20/45/67
f 9/6/68 73/138/68 76/139/68 3/7/68
f 49/8/69 3/7/69 76/140/69 90/119/69
f 23/28/70 80/137/70 73/138/70 9/6/70
f 99/135/71 81/25/71 72/1/71 94/141/71
f 118/14/72 125/142/72 74/124/72 8/15/72
f 127/143/73 126/17/73 77/20/73 97/126/73
f 116/144/3 107/145/3 71/10/3 91/9/3
f 94/141/1 72/1/1 70/4/1 106/146/1
f 6/147/1 94/141/1 106/146/1 13/148/1
f 52/149/3 14/150/3 107/145/3 116/144/3
f 120/151/74 127/143/74 97/126/74 15/152/74
f 22/153/71 99/135/71 94/141/71 6/147/71
f 44/154/75 103/123/75 98/134/75 19/155/75
f 19/155/76 98/134/76 99/135/76 22/153/76
f 11/156/77 95/130/77 100/131/77 28/157/77
f 225/158/27 33/159/27 113/117/27 234/128/27
f 15/152/75 97/126/75 102/127/75 40/160/75
f 131/161/78 138/122/78 103/123/78 44/154/78
f 63/162/44 52/149/44 116/144/44 117/118/44
f 33/159/45 63/162/45 117/118/45 113/117/45
f 84/116/79 93/115/79 105/109/79 101/72/79
f 93/115/2 90/119/2 151/119/2 152/115/2
f 136/120/80 139/99/80 115/39/80 89/121/80
f 74/124/81 109/24/81 114/92/81 87/125/81
f 233/129/82 84/116/82 101/72/82 235/71/82
f 71/132/83 107/51/83 112/54/83 82/133/83
f 78/136/84 110/42/84 111/29/84 80/137/84
f 89/121/85 115/39/85 110/42/85 78/136/85
f 73/138/86 108/32/86 96/38/86 76/139/86
f 90/119/87 76/140/87 96/34/87 104/33/87
f 80/137/88 111/29/88 108/32/88 73/138/88
f 125/142/89 128/21/89 109/24/89 74/124/89
f 82/133/90 112/54/90 128/21/90 125/142/90
f 28/157/91 100/131/91 127/143/91 120/151/91
f 100/131/92 83/58/92 126/17/92 127/143/92
f 26/59/93 82/133/93 125/142/93 118/14/93
f 37/63/94 67/106/94 124/112/94 122/78/94
f 67/106/95 56/60/95 123/13/95 124/112/95
f 229/64/96 37/63/96 122/78/96 236/77/96
f 112/54/97 27/53/97 119/22/97 128/21/97
f 83/58/98 25/57/98 121/18/98 126/17/98
f 56/60/99 26/59/99 118/14/99 123/13/99
f 213/163/100 216/164/100 139/99/100 136/120/100
f 208/165/78 215/166/78 138/122/78 131/161/78
f 215/166/58 214/167/58 137/95/58 138/122/58
f 209/168/101 213/163/101 136/120/101 132/98/101
f 210/169/102 212/170/102 135/101/102 133/94/102
f 212/170/103 211/171/103 134/97/103 135/101/103
f 216/164/104 207/172/104 130/100/104 139/99/104
f 211/171/105 209/168/105 132/98/105 134/97/105
f 214/167/33 220/173/33 129/96/33 137/95/33
f 210/169/106 133/94/106 190/94/106 218/169/106
f 230/86/107 42/85/107 144/174/107 238/175/107
f 86/88/108 38/87/108 140/176/108 148/177/108
f 57/90/109 41/89/109 143/178/109 145/179/109
f 114/92/110 39/91/110 141/180/110 150/181/110
f 68/104/111 57/90/111 145/179/111 146/182/111
f 42/85/112 68/104/112 146/182/112 144/174/112
f 41/89/113 87/125/113 147/183/113 143/178/113
f 102/127/114 86/88/114 148/177/114 149/184/114
f 40/160/78 102/127/78 149/184/78 142/185/78
f 87/125/115 114/92/115 150/181/115 147/183/115
f 152/115/116 151/119/116 153/33/116 154/109/116
f 90/119/117 104/33/117 153/33/117 151/119/117
f 104/33/118 105/109/118 154/109/118 153/33/118
f 105/109/119 93/115/119 152/115/119 154/109/119
f 157/118/44 155/144/44 156/9/44 158/113/44
f 117/118/118 116/144/118 155/144/118 157/118/118
f 116/144/120 91/9/120 156/9/120 155/144/120
f 91/9/2 92/113/2 158/113/2 156/9/2
f 238/175/121 144/174/121 162/186/121 239/187/121
f 148/177/108 140/176/108 169/188/108 166/189/108
f 145/179/122 143/178/122 161/190/122 163/191/122
f 150/181/123 141/180/123 159/192/123 168/193/123
f 146/182/124 145/179/124 163/191/124 164/194/124
f 144/174/125 146/182/125 164/194/125 162/186/125
f 143/178/126 147/183/126 165/195/126 161/190/126
f 149/184/58 148/177/58 166/189/58 167/196/58
f 142/185/78 149/184/78 167/196/78 160/197/78
f 147/183/127 150/181/127 168/193/127 165/195/127
f 140/176/128 187/198/128 188/199/128 169/188/128
f 38/87/129 179/200/129 187/198/129 140/176/129
f 220/173/130 217/201/130 186/202/130 129/96/130
f 25/57/131 178/203/131 185/204/131 121/18/131
f 70/205/82 182/206/82 184/207/82 106/208/82
f 11/209/27 174/210/27 183/211/27 95/212/27
f 4/3/132 171/213/132 182/206/132 70/205/132
f 95/212/27 183/211/27 181/214/27 75/215/27
f 129/96/133 186/202/133 180/216/133 47/48/133
f 10/19/134 173/217/134 179/200/134 38/87/134
f 7/2/2 172/218/2 171/213/2 4/3/2
f 75/215/27 181/214/27 170/219/27 2/56/27
f 121/18/135 185/204/135 173/217/135 10/19/135
f 24/26/136 177/220/136 172/218/136 7/2/136
f 106/208/137 184/207/137 175/221/137 13/222/137
f 47/48/138 180/216/138 176/223/138 17/49/138
f 17/49/139 176/223/139 177/220/139 24/26/139
f 2/56/140 170/219/140 178/203/140 25/57/140
f 243/224/141 218/169/141 190/94/141 240/225/141
f 239/187/142 162/186/142 189/186/142 241/187/142
f 237/93/143 186/202/143 191/202/143 240/225/143
f 204/226/144 188/199/144 192/199/144 206/226/144
f 217/201/144 204/226/144 206/226/144 219/201/144
f 241/187/145 189/186/145 205/227/145 242/228/145
f 169/188/146 188/199/146 204/226/146 203/229/146
f 162/186/106 196/230/106 205/227/106 189/186/106
f 166/189/108 169/188/108 203/229/108 200/231/108
f 163/191/147 161/190/147 195/232/147 197/233/147
f 168/193/148 159/192/148 193/234/148 202/235/148
f 164/194/149 163/191/149 197/233/149 198/236/149
f 162/186/150 164/194/150 198/236/150 196/230/150
f 161/190/151 165/195/151 199/237/151 195/232/151
f 167/196/58 166/189/58 200/231/58 201/238/58
f 160/197/78 167/196/78 201/238/78 194/239/78
f 165/195/152 168/193/152 202/235/152 199/237/152
f 186/202/144 217/201/144 219/201/144 191/202/144
f 242/228/153 205/227/153 218/169/153 243/224/153
f 203/229/154 204/226/154 217/201/154 220/173/154
f 196/230/106 210/169/106 218/169/106 205/227/106
f 200/231/108 203/229/108 220/173/108 214/167/108
f 197/233/155 195/232/155 209/168/155 211/171/155
f 202/235/156 193/234/156 207/172/156 216/164/156
f 198/236/157 197/233/157 211/171/157 212/170/157
f 196/230/158 198/236/158 212/170/158 210/169/158
f 195/232/159 199/237/159 213/163/159 209/168/159
f 201/238/58 200/231/58 214/167/58 215/166/58
f 194/239/78 201/238/78 215/166/78 208/165/78
f 199/237/160 202/235/160 216/164/160 213/163/160
f 206/226/161 242/228/161 243/224/161 219/201/161
f 192/199/162 241/187/162 242/228/162 206/226/162
f 133/94/143 237/93/143 240/225/143 190/94/143
f 188/199/142 239/187/142 241/187/142 192/199/142
f 219/201/163 243/224/163 240/225/163 191/202/163
f 187/198/164 238/175/164 239/187/164 188/199/164
f 179/200/165 230/86/165 238/175/165 187/198/165
f 178/203/166 229/64/166 236/77/166 185/204/166
f 182/206/82 233/129/82 235/71/82 184/207/82
f 174/210/27 225/158/27 234/128/27 183/211/27
f 171/213/167 222/84/167 233/129/167 182/206/167
f 183/211/27 234/128/27 232/81/27 181/214/27
f 186/202/168 237/93/168 231/69/168 180/216/168
f 173/217/169 224/80/169 230/86/169 179/200/169
f 172/218/2 223/76/2 222/84/2 171/213/2
f 181/214/27 232/81/27 221/61/27 170/219/27
f 185/204/170 236/77/170 224/80/170 173/217/170
f 177/220/171 228/68/171 223/76/171 172/218/171
f 184/207/172 235/71/172 226/74/172 175/221/172
f 180/216/173 231/69/173 227/65/173 176/223/173
f 176/223/174 227/65/174 228/68/174 177/220/174
f 170/219/175 221/61/175 229/64/175 178/203/175
f 831/1/1 829/4/1 787/3/1 788/2/1
f 813/5/118 812/8/118 786/7/118 790/6/118
f 850/9/3 811/12/3 784/11/3 830/10/3
f 880/13/240 814/16/240 789/15/240 877/14/240
f 883/17/241 836/20/241 791/19/241 878/18/241
f 885/21/242 868/24/242 16/23/242 119/22/242
f 840/25/243 831/1/243 788/2/243 795/26/243
f 816/27/244 813/5/244 790/6/244 794/28/244
f 870/29/245 867/32/245 5/31/245 21/30/245
f 863/33/246 53/36/246 12/35/246 855/34/246
f 867/32/247 855/38/247 12/37/247 5/31/247
f 874/39/12 869/42/12 18/41/12 43/40/12
f 819/43/248 815/46/248 793/45/248 808/44/248
f 847/47/249 838/50/249 792/49/249 810/48/249
f 869/42/250 870/29/250 21/30/250 18/41/250
f 815/46/251 816/27/251 794/28/251 793/45/251
f 838/50/252 840/25/252 795/26/252 792/49/252
f 866/51/18 871/54/18 27/53/18 14/52/18
f 834/55/253 842/58/253 796/57/253 785/56/253
f 811/12/254 817/60/254 797/59/254 784/11/254
f 966/61/255 972/64/255 804/63/255 798/62/255
f 970/65/256 971/68/256 803/67/256 802/66/256
f 974/69/257 970/65/257 802/66/257 809/70/257
f 978/71/258 226/74/258 34/73/258 860/72/258
f 971/68/259 968/76/259 800/75/259 803/67/259
f 979/77/260 969/80/260 801/79/260 879/78/260
f 975/81/27 966/61/27 798/62/27 844/82/27
f 968/76/118 967/84/118 799/83/118 800/75/118
f 969/80/261 973/86/261 807/85/261 801/79/261
f 836/20/262 845/88/262 805/87/262 791/19/262
f 814/16/263 818/90/263 806/89/263 789/15/263
f 868/24/264 873/92/264 39/91/264 16/23/264
f 980/93/265 974/69/265 809/70/265 888/94/265
f 892/95/266 847/47/266 810/48/266 886/96/266
f 889/97/267 819/43/267 808/44/267 887/98/267
f 894/99/268 874/39/268 43/40/268 130/100/268
f 890/101/269 828/102/269 819/43/269 889/97/269
f 823/103/270 827/104/270 818/90/270 814/16/270
f 820/105/271 826/106/271 817/60/271 811/12/271
f 824/107/272 825/108/272 816/27/272 815/46/272
f 828/102/273 824/107/273 815/46/273 819/43/273
f 864/109/274 64/110/274 53/36/274 863/33/274
f 825/108/275 822/111/275 813/5/275 816/27/275
f 881/112/276 823/103/276 814/16/276 880/13/276
f 851/113/44 820/105/44 811/12/44 850/9/44
f 822/111/118 821/114/118 812/8/118 813/5/118
f 800/75/118 799/83/118 821/114/118 822/111/118
f 844/82/45 798/62/45 820/105/45 851/113/45
f 879/78/277 801/79/277 823/103/277 881/112/277
f 803/67/278 800/75/278 822/111/278 825/108/278
f 860/72/279 34/73/279 64/110/279 864/109/279
f 809/70/280 802/66/280 824/107/280 828/102/280
f 802/66/281 803/67/281 825/108/281 824/107/281
f 798/62/282 804/63/282 826/106/282 820/105/282
f 801/79/283 807/85/283 827/104/283 823/103/283
f 888/94/284 809/70/284 828/102/284 890/101/284
f 799/83/285 843/116/285 852/115/285 821/114/285
f 872/117/45 844/82/45 851/113/45 876/118/45
f 851/113/55 911/113/55 910/118/55 876/118/55
f 821/114/286 852/115/286 849/119/286 812/8/286
f 887/98/287 808/44/287 848/121/287 891/120/287
f 893/122/288 862/123/288 847/47/288 892/95/288
f 789/15/289 806/89/289 846/125/289 833/124/289
f 856/126/290 861/127/290 845/88/290 836/20/290
f 977/128/27 975/81/27 844/82/27 872/117/27
f 967/84/291 976/129/291 843/116/291 799/83/291
f 854/130/292 859/131/292 842/58/292 834/55/292
f 784/11/293 797/59/293 841/133/293 830/132/293
f 857/134/294 858/135/294 840/25/294 838/50/294
f 793/45/295 794/28/295 839/137/295 837/136/295
f 862/123/296 857/134/296 838/50/296 847/47/296
f 808/44/297 793/45/297 837/136/297 848/121/297
f 790/6/298 786/7/298 835/139/298 832/138/298
f 812/8/299 849/119/299 835/140/299 786/7/299
f 794/28/300 790/6/300 832/138/300 839/137/300
f 858/135/71 853/141/71 831/1/71 840/25/71
f 877/14/301 789/15/301 833/124/301 882/142/301
f 884/143/302 856/126/302 836/20/302 883/17/302
f 875/144/3 850/9/3 830/10/3 866/145/3
f 853/141/1 865/146/1 829/4/1 831/1/1
f 6/147/1 13/148/1 865/146/1 853/141/1
f 52/149/3 875/144/3 866/145/3 14/150/3
f 120/151/74 15/152/74 856/126/74 884/143/74
f 22/153/71 6/147/71 853/141/71 858/135/71
f 44/154/75 19/155/75 857/134/75 862/123/75
f 19/155/76 22/153/76 858/135/76 857/134/76
f 11/156/77 28/157/77 859/131/77 854/130/77
f 225/158/27 977/128/27 872/117/27 33/159/27
f 15/152/75 40/160/75 861/127/75 856/126/75
f 131/161/78 44/154/78 862/123/78 893/122/78
f 63/162/44 876/118/44 875/144/44 52/149/44
f 33/159/45 872/117/45 876/118/45 63/162/45
f 843/116/79 860/72/79 864/109/79 852/115/79
f 852/115/118 905/115/118 904/119/118 849/119/118
f 891/120/303 848/121/303 874/39/303 894/99/303
f 833/124/304 846/125/304 873/92/304 868/24/304
f 976/129/82 978/71/82 860/72/82 843/116/82
f 830/132/305 841/133/305 871/54/305 866/51/305
f 837/136/306 839/137/306 870/29/306 869/42/306
f 848/121/307 837/136/307 869/42/307 874/39/307
f 832/138/86 835/139/86 855/38/86 867/32/86
f 849/119/87 863/33/87 855/34/87 835/140/87
f 839/137/88 832/138/88 867/32/88 870/29/88
f 882/142/308 833/124/308 868/24/308 885/21/308
f 841/133/309 882/142/309 885/21/309 871/54/309
f 28/157/91 120/151/91 884/143/91 859/131/91
f 859/131/310 884/143/310 883/17/310 842/58/310
f 797/59/311 877/14/311 882/142/311 841/133/311
f 804/63/312 879/78/312 881/112/312 826/106/312
f 826/106/313 881/112/313 880/13/313 817/60/313
f 972/64/314 979/77/314 879/78/314 804/63/314
f 871/54/97 885/21/97 119/22/97 27/53/97
f 842/58/315 883/17/315 878/18/315 796/57/315
f 817/60/316 880/13/316 877/14/316 797/59/316
f 958/163/317 891/120/317 894/99/317 961/164/317
f 208/165/78 131/161/78 893/122/78 960/166/78
f 960/166/288 893/122/288 892/95/288 959/167/288
f 954/168/318 887/98/318 891/120/318 958/163/318
f 955/169/319 888/94/319 890/101/319 957/170/319
f 957/170/320 890/101/320 889/97/320 956/171/320
f 961/164/321 894/99/321 130/100/321 207/172/321
f 956/171/322 889/97/322 887/98/322 954/168/322
f 959/167/266 892/95/266 886/96/266 965/173/266
f 955/169/323 963/169/323 939/94/323 888/94/323
f 973/86/324 981/175/324 897/174/324 807/85/324
f 845/88/325 901/177/325 895/176/325 805/87/325
f 818/90/326 898/179/326 896/178/326 806/89/326
f 873/92/327 903/181/327 141/180/327 39/91/327
f 827/104/328 899/182/328 898/179/328 818/90/328
f 807/85/329 897/174/329 899/182/329 827/104/329
f 806/89/330 896/178/330 900/183/330 846/125/330
f 861/127/331 902/184/331 901/177/331 845/88/331
f 40/160/78 142/185/78 902/184/78 861/127/78
f 846/125/332 900/183/332 903/181/332 873/92/332
f 905/115/116 907/109/116 906/33/116 904/119/116
f 849/119/117 904/119/117 906/33/117 863/33/117
f 863/33/2 906/33/2 907/109/2 864/109/2
f 864/109/119 907/109/119 905/115/119 852/115/119
f 910/118/44 911/113/44 909/9/44 908/144/44
f 876/118/2 910/118/2 908/144/2 875/144/2
f 875/144/120 908/144/120 909/9/120 850/9/120
f 850/9/118 909/9/118 911/113/118 851/113/118
f 981/175/333 982/187/333 913/186/333 897/174/333
f 901/177/325 917/189/325 920/188/325 895/176/325
f 898/179/334 914/191/334 912/190/334 896/178/334
f 903/181/335 919/193/335 159/192/335 141/180/335
f 899/182/336 915/194/336 914/191/336 898/179/336
f 897/174/337 913/186/337 915/194/337 899/182/337
f 896/178/338 912/190/338 916/195/338 900/183/338
f 902/184/288 918/196/288 917/189/288 901/177/288
f 142/185/78 160/197/78 918/196/78 902/184/78
f 900/183/339 916/195/339 919/193/339 903/181/339
f 895/176/340 920/188/340 937/199/340 936/198/340
f 805/87/341 895/176/341 936/198/341 928/200/341
f 965/173/342 886/96/342 935/202/342 962/201/342
f 796/57/343 878/18/343 934/204/343 927/203/343
f 829/205/82 865/208/82 933/207/82 931/206/82
f 11/209/27 854/212/27 932/211/27 174/210/27
f 787/3/344 829/205/344 931/206/344 922/213/344
f 854/212/27 834/215/27 930/214/27 932/211/27
f 886/96/345 810/48/345 929/216/345 935/202/345
f 791/19/346 805/87/346 928/200/346 924/217/346
f 788/2/118 787/3/118 922/213/118 923/218/118
f 834/215/27 785/56/27 921/219/27 930/214/27
f 878/18/347 791/19/347 924/217/347 934/204/347
f 795/26/348 788/2/348 923/218/348 926/220/348
f 865/208/349 13/222/349 175/221/349 933/207/349
f 810/48/350 792/49/350 925/223/350 929/216/350
f 792/49/351 795/26/351 926/220/351 925/223/351
f 785/56/352 796/57/352 927/203/352 921/219/352
f 986/224/353 983/225/353 939/94/353 963/169/353
f 982/187/354 984/187/354 938/186/354 913/186/354
f 980/93/355 983/225/355 940/202/355 935/202/355
f 951/226/356 953/226/356 941/199/356 937/199/356
f 962/201/356 964/201/356 953/226/356 951/226/356
f 984/187/357 985/228/357 952/227/357 938/186/357
f 920/188/358 950/229/358 951/226/358 937/199/358
f 913/186/323 938/186/323 952/227/323 943/230/323
f 917/189/325 947/231/325 950/229/325 920/188/325
f 914/191/359 944/233/359 942/232/359 912/190/359
f 919/193/360 949/235/360 193/234/360 159/192/360
f 915/194/361 945/236/361 944/233/361 914/191/361
f 913/186/362 943/230/362 945/236/362 915/194/362
f 912/190/363 942/232/363 946/237/363 916/195/363
f 918/196/288 948/238/288 947/231/288 917/189/288
f 160/197/78 194/239/78 948/238/78 918/196/78
f 916/195/364 946/237/364 949/235/364 919/193/364
f 935/202/356 940/202/356 964/201/356 962/201/356
f 985/228/365 986/224/365 963/169/365 952/227/365
f 950/229/366 965/173/366 962/201/366 951/226/366
f 943/230/323 952/227/323 963/169/323 955/169/323
f 947/231/325 959/167/325 965/173/325 950/229/325
f 944/233/367 956/171/367 954/168/367 942/232/367
f 949/235/368 961/164/368 207/172/368 193/234/368
f 945/236/369 957/170/369 956/171/369 944/233/369
f 943/230/370 955/169/370 957/170/370 945/236/370
f 942/232/371 954/168/371 958/163/371 946/237/371
f 948/238/288 960/166/288 959/167/288 947/231/288
f 194/239/78 208/165/78 960/166/78 948/238/78
f 946/237/372 958/163/372 961/164/372 949/235/372
f 953/226/373 964/201/373 986/224/373 985/228/373
f 941/199/374 953/226/374 985/228/374 984/187/374
f 888/94/355 939/94/355 983/225/355 980/93/355
f 937/199/354 941/199/354 984/187/354 982/187/354
f 964/201/375 940/202/375 983/225/375 986/224/375
f 936/198/376 937/199/376 982/187/376 981/175/376
f 928/200/377 936/198/377 981/175/377 973/86/377
f 927/203/378 934/204/378 979/77/378 972/64/378
f 931/206/82 933/207/82 978/71/82 976/129/82
f 174/210/27 932/211/27 977/128/27 225/158/27
f 922/213/379 931/206/379 976/129/379 967/84/379
f 932/211/27 930/214/27 975/81/27 977/128/27
f 935/202/380 929/216/380 974/69/380 980/93/380
f 924/217/381 928/200/381 973/86/381 969/80/381
f 923/218/118 922/213/118 967/84/118 968/76/118
f 930/214/27 921/219/27 966/61/27 975/81/27
f 934/204/382 924/217/382 969/80/382 979/77/382
f 926/220/383 923/218/383 968/76/383 971/68/383
f 933/207/384 175/221/384 226/74/384 978/71/384
f 929/216/385 925/223/385 970/65/385 974/69/385
f 925/223/386 926/220/386 971/68/386 970/65/386
f 921/219/387 927/203/387 972/64/387 966/61/387
usemtl Material.001
f 271/240/176 270/241/176 540/241/176 541/240/176
f 274/242/177 276/243/177 426/243/177 424/242/177
f 466/244/178 467/245/178 317/245/178 316/244/178
f 480/246/179 481/247/179 331/247/179 330/246/179
f 467/245/180 468/248/180 318/248/180 317/245/180
f 455/249/181 454/250/181 304/250/181 305/249/181
f 481/247/182 482/251/182 332/251/182 331/247/182
f 468/248/183 469/252/183 319/252/183 318/248/183
f 454/250/184 456/253/184 306/253/184 304/250/184
f 482/251/185 483/254/185 333/254/185 332/251/185
f 469/252/186 470/255/186 320/255/186 319/252/186
f 456/253/187 457/256/187 307/256/187 306/253/187
f 483/254/188 455/249/188 305/249/188 333/254/188
f 470/255/189 471/257/189 321/257/189 320/255/189
f 457/256/190 458/258/190 308/258/190 307/256/190
f 471/257/191 472/259/191 322/259/191 321/257/191
f 458/258/192 459/260/192 309/260/192 308/258/192
f 472/259/193 473/261/193 323/261/193 322/259/193
f 459/260/194 460/262/194 310/262/194 309/260/194
f 473/261/195 474/263/195 324/263/195 323/261/195
f 460/262/196 461/264/196 311/264/196 310/262/196
f 474/263/197 475/265/197 325/265/197 324/263/197
f 461/264/198 462/266/198 312/266/198 311/264/198
f 475/265/199 476/267/199 326/267/199 325/265/199
f 462/266/200 463/268/200 313/268/200 312/266/200
f 476/267/201 477/269/201 327/269/201 326/267/201
f 463/268/202 464/270/202 314/270/202 313/268/202
f 477/269/203 478/271/203 328/271/203 327/269/203
f 464/270/204 465/272/204 315/272/204 314/270/204
f 478/271/205 479/273/205 329/273/205 328/271/205
f 465/272/206 466/244/206 316/244/206 315/272/206
f 479/273/207 480/246/207 330/246/207 329/273/207
f 334/250/208 335/249/208 305/249/208 304/250/208
f 336/253/208 334/250/208 304/250/208 306/253/208
f 337/256/208 336/253/208 306/253/208 307/256/208
f 338/258/208 337/256/208 307/256/208 308/258/208
f 339/260/208 338/258/208 308/258/208 309/260/208
f 340/262/208 339/260/208 309/260/208 310/262/208
f 341/264/208 340/262/208 310/262/208 311/264/208
f 342/266/208 341/264/208 311/264/208 312/266/208
f 343/268/208 342/266/208 312/266/208 313/268/208
f 344/270/208 343/268/208 313/268/208 314/270/208
f 345/272/208 344/270/208 314/270/208 315/272/208
f 346/244/208 345/272/208 315/272/208 316/244/208
f 347/245/208 346/244/208 316/244/208 317/245/208
f 348/248/208 347/245/208 317/245/208 318/248/208
f 349/252/208 348/248/208 318/248/208 319/252/208
f 350/255/208 349/252/208 319/252/208 320/255/208
f 351/257/208 350/255/208 320/255/208 321/257/208
f 352/259/208 351/257/208 321/257/208 322/259/208
f 353/261/208 352/259/208 322/259/208 323/261/208
f 354/263/208 353/261/208 323/261/208 324/263/208
f 355/265/208 354/263/208 324/263/208 325/265/208
f 356/267/208 355/265/208 325/265/208 326/267/208
f 357/269/208 356/267/208 326/267/208 327/269/208
f 358/271/208 357/269/208 327/269/208 328/271/208
f 359/273/208 358/271/208 328/271/208 329/273/208
f 360/246/208 359/273/208 329/273/208 330/246/208
f 361/247/208 360/246/208 330/246/208 331/247/208
f 362/251/208 361/247/208 331/247/208 332/251/208
f 363/254/208 362/251/208 332/251/208 333/254/208
f 335/249/208 363/254/208 333/254/208 305/249/208
f 364/274/209 365/275/209 335/249/209 334/250/209
f 366/276/209 364/274/209 334/250/209 336/253/209
f 367/277/209 366/276/209 336/253/209 337/256/209
f 368/278/209 367/277/209 337/256/209 338/258/209
f 369/279/209 368/278/209 338/258/209 339/260/209
f 370/280/209 369/279/209 339/260/209 340/262/209
f 371/281/209 370/280/209 340/262/209 341/264/209
f 372/282/209 371/281/209 341/264/209 342/266/209
f 373/283/209 372/282/209 342/266/209 343/268/209
f 374/284/209 373/283/209 343/268/209 344/270/209
f 375/285/209 374/284/209 344/270/209 345/272/209
f 376/286/209 375/285/209 345/272/209 346/244/209
f 377/287/209 376/286/209 346/244/209 347/245/209
f 378/288/209 377/287/209 347/245/209 348/248/209
f 379/289/209 378/288/209 348/248/209 349/252/209
f 380/290/209 379/289/209 349/252/209 350/255/209
f 381/291/209 380/290/209 350/255/209 351/257/209
f 382/292/209 381/291/209 351/257/209 352/259/209
f 383/293/209 382/292/209 352/259/209 353/261/209
f 384/294/209 383/293/209 353/261/209 354/263/209
f 385/295/209 384/294/209 354/263/209 355/265/209
f 386/296/209 385/295/209 355/265/209 356/267/209
f 387/297/209 386/296/209 356/267/209 357/269/209
f 388/298/209 387/297/209 357/269/209 358/271/209
f 389/299/209 388/298/209 358/271/209 359/273/209
f 390/300/209 389/299/209 359/273/209 360/246/209
f 391/301/209 390/300/209 360/246/209 361/247/209
f 392/302/209 391/301/209 361/247/209 362/251/209
f 393/303/209 392/302/209 362/251/209 363/254/209
f 365/275/209 393/303/209 363/254/209 335/249/209
f 394/274/208 395/275/208 365/275/208 364/274/208
f 396/276/208 394/274/208 364/274/208 366/276/208
f 397/277/208 396/276/208 366/276/208 367/277/208
f 398/278/208 397/277/208 367/277/208 368/278/208
f 399/279/208 398/278/208 368/278/208 369/279/208
f 400/280/208 399/279/208 369/279/208 370/280/208
f 401/281/208 400/280/208 370/280/208 371/281/208
f 402/282/208 401/281/208 371/281/208 372/282/208
f 403/283/208 402/282/208 372/282/208 373/283/208
f 404/284/208 403/283/208 373/283/208 374/284/208
f 405/285/208 404/284/208 374/284/208 375/285/208
f 406/286/208 405/285/208 375/285/208 376/286/208
f 407/287/208 406/286/208 376/286/208 377/287/208
f 408/288/208 407/287/208 377/287/208 378/288/208
f 409/289/208 408/288/208 378/288/208 379/289/208
f 410/290/208 409/289/208 379/289/208 380/290/208
f 411/291/208 410/290/208 380/290/208 381/291/208
f 412/292/208 411/291/208 381/291/208 382/292/208
f 413/293/208 412/292/208 382/292/208 383/293/208
f 414/294/208 413/293/208 383/293/208 384/294/208
f 415/295/208 414/294/208 384/294/208 385/295/208
f 416/296/208 415/295/208 385/295/208 386/296/208
f 417/297/208 416/296/208 386/296/208 387/297/208
f 418/298/208 417/297/208 387/297/208 388/298/208
f 419/299/208 418/298/208 388/298/208 389/299/208
f 420/300/208 419/299/208 389/299/208 390/300/208
f 421/301/208 420/300/208 390/300/208 391/301/208
f 422/302/208 421/301/208 391/301/208 392/302/208
f 423/303/208 422/302/208 392/302/208 393/303/208
f 395/275/208 423/303/208 393/303/208 365/275/208
f 274/242/209 275/304/209 395/275/209 394/274/209
f 276/243/209 274/242/209 394/274/209 396/276/209
f 277/305/209 276/243/209 396/276/209 397/277/209
f 278/306/209 277/305/209 397/277/209 398/278/209
f 279/307/209 278/306/209 398/278/209 399/279/209
f 280/308/209 279/307/209 399/279/209 400/280/209
f 281/309/209 280/308/209 400/280/209 401/281/209
f 282/310/209 281/309/209 401/281/209 402/282/209
f 283/311/209 282/310/209 402/282/209 403/283/209
f 284/312/209 283/311/209 403/283/209 404/284/209
f 285/313/209 284/312/209 404/284/209 405/285/209
f 286/314/209 285/313/209 405/285/209 406/286/209
f 287/315/209 286/314/209 406/286/209 407/287/209
f 288/316/209 287/315/209 407/287/209 408/288/209
f 289/317/209 288/316/209 408/288/209 409/289/209
f 290/318/209 289/317/209 409/289/209 410/290/209
f 291/319/209 290/318/209 410/290/209 411/291/209
f 292/320/209 291/319/209 411/291/209 412/292/209
f 293/321/209 292/320/209 412/292/209 413/293/209
f 294/322/209 293/321/209 413/293/209 414/294/209
f 295/323/209 294/322/209 414/294/209 415/295/209
f 296/324/209 295/323/209 415/295/209 416/296/209
f 297/325/209 296/324/209 416/296/209 417/297/209
f 298/326/209 297/325/209 417/297/209 418/298/209
f 299/327/209 298/326/209 418/298/209 419/299/209
f 300/328/209 299/327/209 419/299/209 420/300/209
f 301/329/209 300/328/209 420/300/209 421/301/209
f 302/330/209 301/329/209 421/301/209 422/302/209
f 303/331/209 302/330/209 422/302/209 423/303/209
f 275/304/209 303/331/209 423/303/209 395/275/209
f 425/304/209 424/242/209 426/243/209 427/305/209 428/306/209 429/307/209 430/308/209 431/309/209 432/310/209 433/311/209 434/312/209 435/313/209 436/314/209 437/315/209 438/316/209 439/317/209 440/318/209 441/319/209 442/320/209 443/321/209 444/322/209 445/323/209 446/324/209 447/325/209 448/326/209 449/327/209 450/328/209 451/329/209 452/330/209 453/331/209
f 302/330/210 303/331/210 453/331/210 452/330/210
f 289/317/211 290/318/211 440/318/211 439/317/211
f 276/243/212 277/305/212 427/305/212 426/243/212
f 303/331/213 275/304/213 425/304/213 453/331/213
f 290/318/214 291/319/214 441/319/214 440/318/214
f 277/305/215 278/306/215 428/306/215 427/305/215
f 291/319/216 292/320/216 442/320/216 441/319/216
f 278/306/217 279/307/217 429/307/217 428/306/217
f 292/320/218 293/321/218 443/321/218 442/320/218
f 279/307/219 280/308/219 430/308/219 429/307/219
f 293/321/220 294/322/220 444/322/220 443/321/220
f 280/308/221 281/309/221 431/309/221 430/308/221
f 294/322/222 295/323/222 445/323/222 444/322/222
f 281/309/223 282/310/223 432/310/223 431/309/223
f 295/323/224 296/324/224 446/324/224 445/323/224
f 282/310/225 283/311/225 433/311/225 432/310/225
f 296/324/226 297/325/226 447/325/226 446/324/226
f 283/311/227 284/312/227 434/312/227 433/311/227
f 297/325/228 298/326/228 448/326/228 447/325/228
f 284/312/229 285/313/229 435/313/229 434/312/229
f 298/326/230 299/327/230 449/327/230 448/326/230
f 285/313/231 286/314/231 436/314/231 435/313/231
f 299/327/232 300/328/232 450/328/232 449/327/232
f 286/314/233 287/315/233 437/315/233 436/314/233
f 300/328/234 301/329/234 451/329/234 450/328/234
f 287/315/235 288/316/235 438/316/235 437/315/235
f 275/304/236 274/242/236 424/242/236 425/304/236
f 301/329/237 302/330/237 452/330/237 451/329/237
f 288/316/238 289/317/238 439/317/238 438/316/238
f 485/332/239 484/333/239 454/250/239 455/249/239
f 484/333/239 486/334/239 456/253/239 454/250/239
f 486/334/239 487/335/239 457/256/239 456/253/239
f 487/335/239 488/336/239 458/258/239 457/256/239
f 488/336/239 489/337/239 459/260/239 458/258/239
f 489/337/239 490/338/239 460/262/239 459/260/239
f 490/338/239 491/339/239 461/264/239 460/262/239
f 491/339/239 492/340/239 462/266/239 461/264/239
f 492/340/239 493/341/239 463/268/239 462/266/239
f 493/341/239 494/342/239 464/270/239 463/268/239
f 494/342/239 495/343/239 465/272/239 464/270/239
f 495/343/239 496/344/239 466/244/239 465/272/239
f 496/344/239 497/345/239 467/245/239 466/244/239
f 497/345/239 498/346/239 468/248/239 467/245/239
f 498/346/239 499/347/239 469/252/239 468/248/239
f 499/347/239 500/348/239 470/255/239 469/252/239
f 500/348/239 501/349/239 471/257/239 470/255/239
f 501/349/239 502/350/239 472/259/239 471/257/239
f 502/350/239 503/351/239 473/261/239 472/259/239
f 503/351/239 504/352/239 474/263/239 473/261/239
f 504/352/239 505/353/239 475/265/239 474/263/239
f 505/353/239 506/354/239 476/267/239 475/265/239
f 506/354/239 507/355/239 477/269/239 476/267/239
f 507/355/239 508/356/239 478/271/239 477/269/239
f 508/356/239 509/357/239 479/273/239 478/271/239
f 509/357/239 510/358/239 480/246/239 479/273/239
f 510/358/239 511/359/239 481/247/239 480/246/239
f 511/359/239 512/360/239 482/251/239 481/247/239
f 512/360/239 513/361/239 483/254/239 482/251/239
f 513/361/239 485/332/239 455/249/239 483/254/239
f 244/362/239 245/363/239 484/333/239 485/332/239
f 245/363/239 246/364/239 486/334/239 484/333/239
f 246/364/239 247/365/239 487/335/239 486/334/239
f 247/365/239 248/366/239 488/336/239 487/335/239
f 248/366/239 249/367/239 489/337/239 488/336/239
f 249/367/239 250/368/239 490/338/239 489/337/239
f 250/368/239 251/369/239 491/339/239 490/338/239
f 251/369/239 252/370/239 492/340/239 491/339/239
f 252/370/239 253/371/239 493/341/239 492/340/239
f 253/371/239 254/372/239 494/342/239 493/341/239
f 254/372/239 255/373/239 495/343/239 494/342/239
f 255/373/239 256/374/239 496/344/239 495/343/239
f 256/374/239 257/375/239 497/345/239 496/344/239
f 257/375/239 258/376/239 498/346/239 497/345/239
f 258/376/239 259/377/239 499/347/239 498/346/239
f 259/377/239 260/378/239 500/348/239 499/347/239
f 260/378/239 261/379/239 501/349/239 500/348/239
f 261/379/239 262/380/239 502/350/239 501/349/239
f 262/380/239 263/381/239 503/351/239 502/350/239
f 263/381/239 264/382/239 504/352/239 503/351/239
f 264/382/239 265/383/239 505/353/239 504/352/239
f 265/383/239 266/384/239 506/354/239 505/353/239
f 266/384/239 267/385/239 507/355/239 506/354/239
f 267/385/239 268/386/239 508/356/239 507/355/239
f 268/386/239 269/387/239 509/357/239 508/356/239
f 269/387/239 270/241/239 510/358/239 509/357/239
f 270/241/239 271/240/239 511/359/239 510/358/239
f 271/240/239 272/388/239 512/360/239 511/359/239
f 272/388/239 273/389/239 513/361/239 512/360/239
f 273/389/239 244/362/239 485/332/239 513/361/239
f 515/362/239 543/389/239 542/388/239 541/240/239 540/241/239 539/387/239 538/386/239 537/385/239 536/384/239 535/383/239 534/382/239 533/381/239 532/380/239 531/379/239 530/378/239 529/377/239 528/376/239 527/375/239 526/374/239 525/373/239 524/372/239 523/371/239 522/370/239 521/369/239 520/368/239 519/367/239 518/366/239 517/365/239 516/364/239 514/363/239
f 258/376/235 257/375/235 527/375/235 528/376/235
f 245/363/236 244/362/236 515/362/236 514/363/236
f 272/388/237 271/240/237 541/240/237 542/388/237
f 259/377/238 258/376/238 528/376/238 529/377/238
f 246/364/177 245/363/177 514/363/177 516/364/177
f 273/389/210 272/388/210 542/388/210 543/389/210
f 260/378/211 259/377/211 529/377/211 530/378/211
f 247/365/212 246/364/212 516/364/212 517/365/212
f 244/362/213 273/389/213 543/389/213 515/362/213
f 261/379/214 260/378/214 530/378/214 531/379/214
f 248/366/215 247/365/215 517/365/215 518/366/215
f 262/380/216 261/379/216 531/379/216 532/380/216
f 249/367/217 248/366/217 518/366/217 519/367/217
f 263/381/218 262/380/218 532/380/218 533/381/218
f 250/368/219 249/367/219 519/367/219 520/368/219
f 264/382/220 263/381/220 533/381/220 534/382/220
f 251/369/221 250/368/221 520/368/221 521/369/221
f 265/383/222 264/382/222 534/382/222 535/383/222
f 252/370/223 251/369/223 521/369/223 522/370/223
f 266/384/224 265/383/224 535/383/224 536/384/224
f 253/371/225 252/370/225 522/370/225 523/371/225
f 267/385/226 266/384/226 536/384/226 537/385/226
f 254/372/227 253/371/227 523/371/227 524/372/227
f 268/386/228 267/385/228 537/385/228 538/386/228
f 255/373/229 254/372/229 524/372/229 525/373/229
f 269/387/230 268/386/230 538/386/230 539/387/230
f 256/374/231 255/373/231 525/373/231 526/374/231
f 270/241/232 269/387/232 539/387/232 540/241/232
f 257/375/233 256/374/233 526/374/233 527/375/233
f 556/390/231 555/391/231 765/391/231 766/390/231
f 592/392/218 593/393/218 683/393/218 682/392/218
f 706/244/233 707/245/233 617/245/233 616/244/233
f 720/246/176 721/247/176 631/247/176 630/246/176
f 707/245/235 708/248/235 618/248/235 617/245/235
f 695/249/236 694/250/236 604/250/236 605/249/236
f 721/247/237 722/251/237 632/251/237 631/247/237
f 708/248/238 709/252/238 619/252/238 618/248/238
f 694/250/177 696/253/177 606/253/177 604/250/177
f 722/251/210 723/254/210 633/254/210 632/251/210
f 709/252/211 710/255/211 620/255/211 619/252/211
f 696/253/212 697/256/212 607/256/212 606/253/212
f 723/254/213 695/249/213 605/249/213 633/254/213
f 710/255/214 711/257/214 621/257/214 620/255/214
f 697/256/215 698/258/215 608/258/215 607/256/215
f 711/257/216 712/259/216 622/259/216 621/257/216
f 698/258/217 699/260/217 609/260/217 608/258/217
f 712/259/218 713/261/218 623/261/218 622/259/218
f 699/260/219 700/262/219 610/262/219 609/260/219
f 713/261/220 714/263/220 624/263/220 623/261/220
f 700/262/221 701/264/221 611/264/221 610/262/221
f 714/263/222 715/265/222 625/265/222 624/263/222
f 701/264/223 702/266/223 612/266/223 611/264/223
f 715/265/224 716/267/224 626/267/224 625/265/224
f 702/266/225 703/268/225 613/268/225 612/266/225
f 716/267/226 717/269/226 627/269/226 626/267/226
f 703/268/227 704/270/227 614/270/227 613/268/227
f 717/269/228 718/271/228 628/271/228 627/269/228
f 704/270/229 705/272/229 615/272/229 614/270/229
f 718/271/230 719/273/230 629/273/230 628/271/230
f 705/272/231 706/244/231 616/244/231 615/272/231
f 719/273/232 720/246/232 630/246/232 629/273/232
f 634/394/209 635/395/209 605/249/209 604/250/209
f 636/396/209 634/394/209 604/250/209 606/253/209
f 637/397/209 636/396/209 606/253/209 607/256/209
f 638/398/209 637/397/209 607/256/209 608/258/209
f 639/399/209 638/398/209 608/258/209 609/260/209
f 640/400/209 639/399/209 609/260/209 610/262/209
f 641/401/209 640/400/209 610/262/209 611/264/209
f 642/402/209 641/401/209 611/264/209 612/266/209
f 643/403/209 642/402/209 612/266/209 613/268/209
f 644/404/209 643/403/209 613/268/209 614/270/209
f 645/405/209 644/404/209 614/270/209 615/272/209
f 646/406/209 645/405/209 615/272/209 616/244/209
f 647/407/209 646/406/209 616/244/209 617/245/209
f 648/408/209 647/407/209 617/245/209 618/248/209
f 649/409/209 648/408/209 618/248/209 619/252/209
f 650/410/209 649/409/209 619/252/209 620/255/209
f 651/411/209 650/410/209 620/255/209 621/257/209
f 652/412/209 651/411/209 621/257/209 622/259/209
f 653/413/209 652/412/209 622/259/209 623/261/209
f 654/414/209 653/413/209 623/261/209 624/263/209
f 655/415/209 654/414/209 624/263/209 625/265/209
f 656/416/209 655/415/209 625/265/209 626/267/209
f 657/417/209 656/416/209 626/267/209 627/269/209
f 658/418/209 657/417/209 627/269/209 628/271/209
f 659/419/209 658/418/209 628/271/209 629/273/209
f 660/420/209 659/419/209 629/273/209 630/246/209
f 661/421/209 660/420/209 630/246/209 631/247/209
f 662/422/209 661/421/209 631/247/209 632/251/209
f 663/423/209 662/422/209 632/251/209 633/254/209
f 635/395/209 663/423/209 633/254/209 605/249/209
f 574/424/209 575/425/209 635/395/209 634/394/209
f 576/426/209 574/424/209 634/394/209 636/396/209
f 577/427/209 576/426/209 636/396/209 637/397/209
f 578/428/209 577/427/209 637/397/209 638/398/209
f 579/429/209 578/428/209 638/398/209 639/399/209
f 580/430/209 579/429/209 639/399/209 640/400/209
f 581/431/209 580/430/209 640/400/209 641/401/209
f 582/432/209 581/431/209 641/401/209 642/402/209
f 583/433/209 582/432/209 642/402/209 643/403/209
f 584/434/209 583/433/209 643/403/209 644/404/209
f 585/435/209 584/434/209 644/404/209 645/405/209
f 586/436/209 585/435/209 645/405/209 646/406/209
f 587/437/209 586/436/209 646/406/209 647/407/209
f 588/438/209 587/437/209 647/407/209 648/408/209
f 589/439/209 588/438/209 648/408/209 649/409/209
f 590/440/209 589/439/209 649/409/209 650/410/209
f 591/441/209 590/440/209 650/410/209 651/411/209
f 592/392/209 591/441/209 651/411/209 652/412/209
f 593/393/209 592/392/209 652/412/209 653/413/209
f 594/442/209 593/393/209 653/413/209 654/414/209
f 595/443/209 594/442/209 654/414/209 655/415/209
f 596/444/209 595/443/209 655/415/209 656/416/209
f 597/445/209 596/444/209 656/416/209 657/417/209
f 598/446/209 597/445/209 657/417/209 658/418/209
f 599/447/209 598/446/209 658/418/209 659/419/209
f 600/448/209 599/447/209 659/419/209 660/420/209
f 601/449/209 600/448/209 660/420/209 661/421/209
f 602/450/209 601/449/209 661/421/209 662/422/209
f 603/451/209 602/450/209 662/422/209 663/423/209
f 575/425/209 603/451/209 663/423/209 635/395/209
f 665/425/209 664/424/209 666/426/209 667/427/209 668/428/209 669/429/209 670/430/209 671/431/209 672/432/209 673/433/209 674/434/209 675/435/209 676/436/209 677/437/209 678/438/209 679/439/209 680/440/209 681/441/209 682/392/209 683/393/209 684/442/209 685/443/209 686/444/209 687/445/209 688/446/209 689/447/209 690/448/209 691/449/209 692/450/209 693/451/209
f 579/429/219 580/430/219 670/430/219 669/429/219
f 593/393/220 594/442/220 684/442/220 683/393/220
f 580/430/221 581/431/221 671/431/221 670/430/221
f 594/442/222 595/443/222 685/443/222 684/442/222
f 581/431/223 582/432/223 672/432/223 671/431/223
f 595/443/224 596/444/224 686/444/224 685/443/224
f 582/432/225 583/433/225 673/433/225 672/432/225
f 596/444/226 597/445/226 687/445/226 686/444/226
f 583/433/227 584/434/227 674/434/227 673/433/227
f 597/445/228 598/446/228 688/446/228 687/445/228
f 584/434/229 585/435/229 675/435/229 674/434/229
f 598/446/230 599/447/230 689/447/230 688/446/230
f 585/435/231 586/436/231 676/436/231 675/435/231
f 599/447/232 600/448/232 690/448/232 689/447/232
f 586/436/233 587/437/233 677/437/233 676/436/233
f 600/448/176 601/449/176 691/449/176 690/448/176
f 587/437/235 588/438/235 678/438/235 677/437/235
f 575/425/236 574/424/236 664/424/236 665/425/236
f 601/449/237 602/450/237 692/450/237 691/449/237
f 588/438/238 589/439/238 679/439/238 678/438/238
f 574/424/177 576/426/177 666/426/177 664/424/177
f 602/450/210 603/451/210 693/451/210 692/450/210
f 589/439/211 590/440/211 680/440/211 679/439/211
f 576/426/212 577/427/212 667/427/212 666/426/212
f 603/451/213 575/425/213 665/425/213 693/451/213
f 590/440/214 591/441/214 681/441/214 680/440/214
f 577/427/215 578/428/215 668/428/215 667/427/215
f 591/441/216 592/392/216 682/392/216 681/441/216
f 578/428/217 579/429/217 669/429/217 668/428/217
f 725/452/239 724/453/239 694/250/239 695/249/239
f 724/453/239 726/454/239 696/253/239 694/250/239
f 726/454/239 727/455/239 697/256/239 696/253/239
f 727/455/239 728/456/239 698/258/239 697/256/239
f 728/456/239 729/457/239 699/260/239 698/258/239
f 729/457/239 730/458/239 700/262/239 699/260/239
f 730/458/239 731/459/239 701/264/239 700/262/239
f 731/459/239 732/460/239 702/266/239 701/264/239
f 732/460/239 733/461/239 703/268/239 702/266/239
f 733/461/239 734/462/239 704/270/239 703/268/239
f 734/462/239 735/463/239 705/272/239 704/270/239
f 735/463/239 736/464/239 706/244/239 705/272/239
f 736/464/239 737/465/239 707/245/239 706/244/239
f 737/465/239 738/466/239 708/248/239 707/245/239
f 738/466/239 739/467/239 709/252/239 708/248/239
f 739/467/239 740/468/239 710/255/239 709/252/239
f 740/468/239 741/469/239 711/257/239 710/255/239
f 741/469/239 742/470/239 712/259/239 711/257/239
f 742/470/239 743/471/239 713/261/239 712/259/239
f 743/471/239 744/472/239 714/263/239 713/261/239
f 744/472/239 745/473/239 715/265/239 714/263/239
f 745/473/239 746/474/239 716/267/239 715/265/239
f 746/474/239 747/475/239 717/269/239 716/267/239
f 747/475/239 748/476/239 718/271/239 717/269/239
f 748/476/239 749/477/239 719/273/239 718/271/239
f 749/477/239 750/478/239 720/246/239 719/273/239
f 750/478/239 751/479/239 721/247/239 720/246/239
f 751/479/239 752/480/239 722/251/239 721/247/239
f 752/480/239 753/481/239 723/254/239 722/251/239
f 753/481/239 725/452/239 695/249/239 723/254/239
f 544/482/239 545/483/239 724/453/239 725/452/239
f 545/483/239 546/484/239 726/454/239 724/453/239
f 546/484/239 547/485/239 727/455/239 726/454/239
f 547/485/239 548/486/239 728/456/239 727/455/239
f 548/486/239 549/487/239 729/457/239 728/456/239
f 549/487/239 550/488/239 730/458/239 729/457/239
f 550/488/239 551/489/239 731/459/239 730/458/239
f 551/489/239 552/490/239 732/460/239 731/459/239
f 552/490/239 553/491/239 733/461/239 732/460/239
f 553/491/239 554/492/239 734/462/239 733/461/239
f 554/492/239 555/391/239 735/463/239 734/462/239
f 555/391/239 556/390/239 736/464/239 735/463/239
f 556/390/239 557/493/239 737/465/239 736/464/239
f 557/493/239 558/494/239 738/466/239 737/465/239
f 558/494/239 559/495/239 739/467/239 738/466/239
f 559/495/239 560/496/239 740/468/239 739/467/239
f 560/496/239 561/497/239 741/469/239 740/468/239
f 561/497/239 562/498/239 742/470/239 741/469/239
f 562/498/239 563/499/239 743/471/239 742/470/239
f 563/499/239 564/500/239 744/472/239 743/471/239
f 564/500/239 565/501/239 745/473/239 744/472/239
f 565/501/239 566/502/239 746/474/239 745/473/239
f 566/502/239 567/503/239 747/475/239 746/474/239
f 567/503/239 568/504/239 748/476/239 747/475/239
f 568/504/239 569/505/239 749/477/239 748/476/239
f 569/505/239 570/506/239 750/478/239 749/477/239
f 570/506/239 571/507/239 751/479/239 750/478/239
f 571/507/239 572/508/239 752/480/239 751/479/239
f 572/508/239 573/509/239 753/481/239 752/480/239
f 573/509/239 544/482/239 725/452/239 753/481/239
f 755/482/239 783/509/239 782/508/239 781/507/239 780/506/239 779/505/239 778/504/239 777/503/239 776/502/239 775/501/239 774/500/239 773/499/239 772/498/239 771/497/239 770/496/239 769/495/239 768/494/239 767/493/239 766/390/239 765/391/239 764/492/239 763/491/239 762/490/239 761/489/239 760/488/239 759/487/239 758/486/239 757/485/239 756/484/239 754/483/239
f 570/506/232 569/505/232 779/505/232 780/506/232
f 557/493/233 556/390/233 766/390/233 767/493/233
f 571/507/176 570/506/176 780/506/176 781/507/176
f 558/494/235 557/493/235 767/493/235 768/494/235
f 545/483/236 544/482/236 755/482/236 754/483/236
f 572/508/237 571/507/237 781/507/237 782/508/237
f 559/495/238 558/494/238 768/494/238 769/495/238
f 546/484/177 545/483/177 754/483/177 756/484/177
f 573/509/210 572/508/210 782/508/210 783/509/210
f 560/496/211 559/495/211 769/495/211 770/496/211
f 547/485/212 546/484/212 756/484/212 757/485/212
f 544/482/213 573/509/213 783/509/213 755/482/213
f 561/497/214 560/496/214 770/496/214 771/497/214
f 548/486/215 547/485/215 757/485/215 758/486/215
f 562/498/216 561/497/216 771/497/216 772/498/216
f 549/487/217 548/486/217 758/486/217 759/487/217
f 563/499/218 562/498/218 772/498/218 773/499/218
f 550/488/219 549/487/219 759/487/219 760/488/219
f 564/500/220 563/499/220 773/499/220 774/500/220
f 551/489/221 550/488/221 760/488/221 761/489/221
f 565/501/222 564/500/222 774/500/222 775/501/222
f 552/490/223 551/489/223 761/489/223 762/490/223
f 566/502/224 565/501/224 775/501/224 776/502/224
f 553/491/225 552/490/225 762/490/225 763/491/225
f 567/503/226 566/502/226 776/502/226 777/503/226
f 554/492/227 553/491/227 763/491/227 764/492/227
f 568/504/228 567/503/228 777/503/228 778/504/228
f 555/391/229 554/492/229 764/492/229 765/391/229
f 569/505/230 568/504/230 778/504/230 779/505/230
f 1014/240/388 1284/240/388 1283/241/388 1013/241/388
f 1017/242/389 1167/242/389 1169/243/389 1019/243/389
f 1209/244/390 1059/244/390 1060/245/390 1210/245/390
f 1223/246/391 1073/246/391 1074/247/391 1224/247/391
f 1210/245/392 1060/245/392 1061/248/392 1211/248/392
f 1198/249/393 1048/249/393 1047/250/393 1197/250/393
f 1224/247/394 1074/247/394 1075/251/394 1225/251/394
f 1211/248/395 1061/248/395 1062/252/395 1212/252/395
f 1197/250/396 1047/250/396 1049/253/396 1199/253/396
f 1225/251/397 1075/251/397 1076/254/397 1226/254/397
f 1212/252/398 1062/252/398 1063/255/398 1213/255/398
f 1199/253/399 1049/253/399 1050/256/399 1200/256/399
f 1226/254/400 1076/254/400 1048/249/400 1198/249/400
f 1213/255/401 1063/255/401 1064/257/401 1214/257/401
f 1200/256/402 1050/256/402 1051/258/402 1201/258/402
f 1214/257/403 1064/257/403 1065/259/403 1215/259/403
f 1201/258/404 1051/258/404 1052/260/404 1202/260/404
f 1215/259/405 1065/259/405 1066/261/405 1216/261/405
f 1202/260/406 1052/260/406 1053/262/406 1203/262/406
f 1216/261/407 1066/261/407 1067/263/407 1217/263/407
f 1203/262/408 1053/262/408 1054/264/408 1204/264/408
f 1217/263/409 1067/263/409 1068/265/409 1218/265/409
f 1204/264/410 1054/264/410 1055/266/410 1205/266/410
f 1218/265/411 1068/265/411 1069/267/411 1219/267/411
f 1205/266/412 1055/266/412 1056/268/412 1206/268/412
f 1219/267/413 1069/267/413 1070/269/413 1220/269/413
f 1206/268/414 1056/268/414 1057/270/414 1207/270/414
f 1220/269/415 1070/269/415 1071/271/415 1221/271/415
f 1207/270/416 1057/270/416 1058/272/416 1208/272/416
f 1221/271/417 1071/271/417 1072/273/417 1222/273/417
f 1208/272/418 1058/272/418 1059/244/418 1209/244/418
f 1222/273/419 1072/273/419 1073/246/419 1223/246/419
f 1077/250/208 1047/250/208 1048/249/208 1078/249/208
f 1079/253/208 1049/253/208 1047/250/208 1077/250/208
f 1080/256/208 1050/256/208 1049/253/208 1079/253/208
f 1081/258/208 1051/258/208 1050/256/208 1080/256/208
f 1082/260/208 1052/260/208 1051/258/208 1081/258/208
f 1083/262/208 1053/262/208 1052/260/208 1082/260/208
f 1084/264/208 1054/264/208 1053/262/208 1083/262/208
f 1085/266/208 1055/266/208 1054/264/208 1084/264/208
f 1086/268/208 1056/268/208 1055/266/208 1085/266/208
f 1087/270/208 1057/270/208 1056/268/208 1086/268/208
f 1088/272/208 1058/272/208 1057/270/208 1087/270/208
f 1089/244/208 1059/244/208 1058/272/208 1088/272/208
f 1090/245/208 1060/245/208 1059/244/208 1089/244/208
f 1091/248/208 1061/248/208 1060/245/208 1090/245/208
f 1092/252/208 1062/252/208 1061/248/208 1091/248/208
f 1093/255/208 1063/255/208 1062/252/208 1092/252/208
f 1094/257/208 1064/257/208 1063/255/208 1093/255/208
f 1095/259/208 1065/259/208 1064/257/208 1094/257/208
f 1096/261/208 1066/261/208 1065/259/208 1095/259/208
f 1097/263/208 1067/263/208 1066/261/208 1096/261/208
f 1098/265/208 1068/265/208 1067/263/208 1097/263/208
f 1099/267/208 1069/267/208 1068/265/208 1098/265/208
f 1100/269/208 1070/269/208 1069/267/208 1099/267/208
f 1101/271/208 1071/271/208 1070/269/208 1100/269/208
f 1102/273/208 1072/273/208 1071/271/208 1101/271/208
f 1103/246/208 1073/246/208 1072/273/208 1102/273/208
f 1104/247/208 1074/247/208 1073/246/208 1103/246/208
f 1105/251/208 1075/251/208 1074/247/208 1104/247/208
f 1106/254/208 1076/254/208 1075/251/208 1105/251/208
f 1078/249/208 1048/249/208 1076/254/208 1106/254/208
f 1107/274/420 1077/250/420 1078/249/420 1108/275/420
f 1109/276/420 1079/253/420 1077/250/420 1107/274/420
f 1110/277/420 1080/256/420 1079/253/420 1109/276/420
f 1111/278/420 1081/258/420 1080/256/420 1110/277/420
f 1112/279/420 1082/260/420 1081/258/420 1111/278/420
f 1113/280/420 1083/262/420 1082/260/420 1112/279/420
f 1114/281/420 1084/264/420 1083/262/420 1113/280/420
f 1115/282/420 1085/266/420 1084/264/420 1114/281/420
f 1116/283/420 1086/268/420 1085/266/420 1115/282/420
f 1117/284/420 1087/270/420 1086/268/420 1116/283/420
f 1118/285/420 1088/272/420 1087/270/420 1117/284/420
f 1119/286/420 1089/244/420 1088/272/420 1118/285/420
f 1120/287/420 1090/245/420 1089/244/420 1119/286/420
f 1121/288/420 1091/248/420 1090/245/420 1120/287/420
f 1122/289/420 1092/252/420 1091/248/420 1121/288/420
f 1123/290/420 1093/255/420 1092/252/420 1122/289/420
f 1124/291/420 1094/257/420 1093/255/420 1123/290/420
f 1125/292/420 1095/259/420 1094/257/420 1124/291/420
f 1126/293/420 1096/261/420 1095/259/420 1125/292/420
f 1127/294/420 1097/263/420 1096/261/420 1126/293/420
f 1128/295/420 1098/265/420 1097/263/420 1127/294/420
f 1129/296/420 1099/267/420 1098/265/420 1128/295/420
f 1130/297/420 1100/269/420 1099/267/420 1129/296/420
f 1131/298/420 1101/271/420 1100/269/420 1130/297/420
f 1132/299/420 1102/273/420 1101/271/420 1131/298/420
f 1133/300/420 1103/246/420 1102/273/420 1132/299/420
f 1134/301/420 1104/247/420 1103/246/420 1133/300/420
f 1135/302/420 1105/251/420 1104/247/420 1134/301/420
f 1136/303/420 1106/254/420 1105/251/420 1135/302/420
f 1108/275/420 1078/249/420 1106/254/420 1136/303/420
f 1137/274/208 1107/274/208 1108/275/208 1138/275/208
f 1139/276/208 1109/276/208 1107/274/208 1137/274/208
f 1140/277/208 1110/277/208 1109/276/208 1139/276/208
f 1141/278/208 1111/278/208 1110/277/208 1140/277/208
f 1142/279/208 1112/279/208 1111/278/208 1141/278/208
f 1143/280/208 1113/280/208 1112/279/208 1142/279/208
f 1144/281/208 1114/281/208 1113/280/208 1143/280/208
f 1145/282/208 1115/282/208 1114/281/208 1144/281/208
f 1146/283/208 1116/283/208 1115/282/208 1145/282/208
f 1147/284/208 1117/284/208 1116/283/208 1146/283/208
f 1148/285/208 1118/285/208 1117/284/208 1147/284/208
f 1149/286/208 1119/286/208 1118/285/208 1148/285/208
f 1150/287/208 1120/287/208 1119/286/208 1149/286/208
f 1151/288/208 1121/288/208 1120/287/208 1150/287/208
f 1152/289/208 1122/289/208 1121/288/208 1151/288/208
f 1153/290/208 1123/290/208 1122/289/208 1152/289/208
f 1154/291/208 1124/291/208 1123/290/208 1153/290/208
f 1155/292/208 1125/292/208 1124/291/208 1154/291/208
f 1156/293/208 1126/293/208 1125/292/208 1155/292/208
f 1157/294/208 1127/294/208 1126/293/208 1156/293/208
f 1158/295/208 1128/295/208 1127/294/208 1157/294/208
f 1159/296/208 1129/296/208 1128/295/208 1158/295/208
f 1160/297/208 1130/297/208 1129/296/208 1159/296/208
f 1161/298/208 1131/298/208 1130/297/208 1160/297/208
f 1162/299/208 1132/299/208 1131/298/208 1161/298/208
f 1163/300/208 1133/300/208 1132/299/208 1162/299/208
f 1164/301/208 1134/301/208 1133/300/208 1163/300/208
f 1165/302/208 1135/302/208 1134/301/208 1164/301/208
f 1166/303/208 1136/303/208 1135/302/208 1165/302/208
f 1138/275/208 1108/275/208 1136/303/208 1166/303/208
f 1017/242/420 1137/274/420 1138/275/420 1018/304/420
f 1019/243/420 1139/276/420 1137/274/420 1017/242/420
f 1020/305/420 1140/277/420 1139/276/420 1019/243/420
f 1021/306/420 1141/278/420 1140/277/420 1020/305/420
f 1022/307/420 1142/279/420 1141/278/420 1021/306/420
f 1023/308/420 1143/280/420 1142/279/420 1022/307/420
f 1024/309/420 1144/281/420 1143/280/420 1023/308/420
f 1025/310/420 1145/282/420 1144/281/420 1024/309/420
f 1026/311/420 1146/283/420 1145/282/420 1025/310/420
f 1027/312/420 1147/284/420 1146/283/420 1026/311/420
f 1028/313/420 1148/285/420 1147/284/420 1027/312/420
f 1029/314/420 1149/286/420 1148/285/420 1028/313/420
f 1030/315/420 1150/287/420 1149/286/420 1029/314/420
f 1031/316/420 1151/288/420 1150/287/420 1030/315/420
f 1032/317/420 1152/289/420 1151/288/420 1031/316/420
f 1033/318/420 1153/290/420 1152/289/420 1032/317/420
f 1034/319/420 1154/291/420 1153/290/420 1033/318/420
f 1035/320/420 1155/292/420 1154/291/420 1034/319/420
f 1036/321/420 1156/293/420 1155/292/420 1035/320/420
f 1037/322/420 1157/294/420 1156/293/420 1036/321/420
f 1038/323/420 1158/295/420 1157/294/420 1037/322/420
f 1039/324/420 1159/296/420 1158/295/420 1038/323/420
f 1040/325/420 1160/297/420 1159/296/420 1039/324/420
f 1041/326/420 1161/298/420 1160/297/420 1040/325/420
f 1042/327/420 1162/299/420 1161/298/420 1041/326/420
f 1043/328/420 1163/300/420 1162/299/420 1042/327/420
f 1044/329/420 1164/301/420 1163/300/420 1043/328/420
f 1045/330/420 1165/302/420 1164/301/420 1044/329/420
f 1046/331/420 1166/303/420 1165/302/420 1045/330/420
f 1018/304/420 1138/275/420 1166/303/420 1046/331/420
f 1168/304/420 1196/331/420 1195/330/420 1194/329/420 1193/328/420 1192/327/420 1191/326/420 1190/325/420 1189/324/420 1188/323/420 1187/322/420 1186/321/420 1185/320/420 1184/319/420 1183/318/420 1182/317/420 1181/316/420 1180/315/420 1179/314/420 1178/313/420 1177/312/420 1176/311/420 1175/310/420 1174/309/420 1173/308/420 1172/307/420 1171/306/420 1170/305/420 1169/243/420 1167/242/420
f 1045/330/421 1195/330/421 1196/331/421 1046/331/421
f 1032/317/422 1182/317/422 1183/318/422 1033/318/422
f 1019/243/423 1169/243/423 1170/305/423 1020/305/423
f 1046/331/424 1196/331/424 1168/304/424 1018/304/424
f 1033/318/425 1183/318/425 1184/319/425 1034/319/425
f 1020/305/426 1170/305/426 1171/306/426 1021/306/426
f 1034/319/427 1184/319/427 1185/320/427 1035/320/427
f 1021/306/428 1171/306/428 1172/307/428 1022/307/428
f 1035/320/429 1185/320/429 1186/321/429 1036/321/429
f 1022/307/430 1172/307/430 1173/308/430 1023/308/430
f 1036/321/431 1186/321/431 1187/322/431 1037/322/431
f 1023/308/432 1173/308/432 1174/309/432 1024/309/432
f 1037/322/433 1187/322/433 1188/323/433 1038/323/433
f 1024/309/434 1174/309/434 1175/310/434 1025/310/434
f 1038/323/435 1188/323/435 1189/324/435 1039/324/435
f 1025/310/436 1175/310/436 1176/311/436 1026/311/436
f 1039/324/437 1189/324/437 1190/325/437 1040/325/437
f 1026/311/438 1176/311/438 1177/312/438 1027/312/438
f 1040/325/439 1190/325/439 1191/326/439 1041/326/439
f 1027/312/440 1177/312/440 1178/313/440 1028/313/440
f 1041/326/441 1191/326/441 1192/327/441 1042/327/441
f 1028/313/442 1178/313/442 1179/314/442 1029/314/442
f 1042/327/443 1192/327/443 1193/328/443 1043/328/443
f 1029/314/444 1179/314/444 1180/315/444 1030/315/444
f 1043/328/388 1193/328/388 1194/329/388 1044/329/388
f 1030/315/445 1180/315/445 1181/316/445 1031/316/445
f 1018/304/446 1168/304/446 1167/242/446 1017/242/446
f 1044/329/447 1194/329/447 1195/330/447 1045/330/447
f 1031/316/448 1181/316/448 1182/317/448 1032/317/448
f 1228/332/449 1198/249/449 1197/250/449 1227/333/449
f 1227/333/449 1197/250/449 1199/253/449 1229/334/449
f 1229/334/449 1199/253/449 1200/256/449 1230/335/449
f 1230/335/449 1200/256/449 1201/258/449 1231/336/449
f 1231/336/449 1201/258/449 1202/260/449 1232/337/449
f 1232/337/449 1202/260/449 1203/262/449 1233/338/449
f 1233/338/449 1203/262/449 1204/264/449 1234/339/449
f 1234/339/449 1204/264/449 1205/266/449 1235/340/449
f 1235/340/449 1205/266/449 1206/268/449 1236/341/449
f 1236/341/449 1206/268/449 1207/270/449 1237/342/449
f 1237/342/449 1207/270/449 1208/272/449 1238/343/449
f 1238/343/449 1208/272/449 1209/244/449 1239/344/449
f 1239/344/449 1209/244/449 1210/245/449 1240/345/449
f 1240/345/449 1210/245/449 1211/248/449 1241/346/449
f 1241/346/449 1211/248/449 1212/252/449 1242/347/449
f 1242/347/449 1212/252/449 1213/255/449 1243/348/449
f 1243/348/449 1213/255/449 1214/257/449 1244/349/449
f 1244/349/449 1214/257/449 1215/259/449 1245/350/449
f 1245/350/449 1215/259/449 1216/261/449 1246/351/449
f 1246/351/449 1216/261/449 1217/263/449 1247/352/449
f 1247/352/449 1217/263/449 1218/265/449 1248/353/449
f 1248/353/449 1218/265/449 1219/267/449 1249/354/449
f 1249/354/449 1219/267/449 1220/269/449 1250/355/449
f 1250/355/449 1220/269/449 1221/271/449 1251/356/449
f 1251/356/449 1221/271/449 1222/273/449 1252/357/449
f 1252/357/449 1222/273/449 1223/246/449 1253/358/449
f 1253/358/449 1223/246/449 1224/247/449 1254/359/449
f 1254/359/449 1224/247/449 1225/251/449 1255/360/449
f 1255/360/449 1225/251/449 1226/254/449 1256/361/449
f 1256/361/449 1226/254/449 1198/249/449 1228/332/449
f 987/362/449 1228/332/449 1227/333/449 988/363/449
f 988/363/449 1227/333/449 1229/334/449 989/364/449
f 989/364/449 1229/334/449 1230/335/449 990/365/449
f 990/365/449 1230/335/449 1231/336/449 991/366/449
f 991/366/449 1231/336/449 1232/337/449 992/367/449
f 992/367/449 1232/337/449 1233/338/449 993/368/449
f 993/368/449 1233/338/449 1234/339/449 994/369/449
f 994/369/449 1234/339/449 1235/340/449 995/370/449
f 995/370/449 1235/340/449 1236/341/449 996/371/449
f 996/371/449 1236/341/449 1237/342/449 997/372/449
f 997/372/449 1237/342/449 1238/343/449 998/373/449
f 998/373/449 1238/343/449 1239/344/449 999/374/449
f 999/374/449 1239/344/449 1240/345/449 1000/375/449
f 1000/375/449 1240/345/449 1241/346/449 1001/376/449
f 1001/376/449 1241/346/449 1242/347/449 1002/377/449
f 1002/377/449 1242/347/449 1243/348/449 1003/378/449
f 1003/378/449 1243/348/449 1244/349/449 1004/379/449
f 1004/379/449 1244/349/449 1245/350/449 1005/380/449
f 1005/380/449 1245/350/449 1246/351/449 1006/381/449
f 1006/381/449 1246/351/449 1247/352/449 1007/382/449
f 1007/382/449 1247/352/449 1248/353/449 1008/383/449
f 1008/383/449 1248/353/449 1249/354/449 1009/384/449
f 1009/384/449 1249/354/449 1250/355/449 1010/385/449
f 1010/385/449 1250/355/449 1251/356/449 1011/386/449
f 1011/386/449 1251/356/449 1252/357/449 1012/387/449
f 1012/387/449 1252/357/449 1253/358/449 1013/241/449
f 1013/241/449 1253/358/449 1254/359/449 1014/240/449
f 1014/240/449 1254/359/449 1255/360/449 1015/388/449
f 1015/388/449 1255/360/449 1256/361/449 1016/389/449
f 1016/389/449 1256/361/449 1228/332/449 987/362/449
f 1258/362/449 1257/363/449 1259/364/449 1260/365/449 1261/366/449 1262/367/449 1263/368/449 1264/369/449 1265/370/449 1266/371/449 1267/372/449 1268/373/449 1269/374/449 1270/375/449 1271/376/449 1272/377/449 1273/378/449 1274/379/449 1275/380/449 1276/381/449 1277/382/449 1278/383/449 1279/384/449 1280/385/449 1281/386/449 1282/387/449 1283/241/449 1284/240/449 1285/388/449 1286/389/449
f 1001/376/445 1271/376/445 1270/375/445 1000/375/445
f 988/363/446 1257/363/446 1258/362/446 987/362/446
f 1015/388/447 1285/388/447 1284/240/447 1014/240/447
f 1002/377/448 1272/377/448 1271/376/448 1001/376/448
f 989/364/389 1259/364/389 1257/363/389 988/363/389
f 1016/389/421 1286/389/421 1285/388/421 1015/388/421
f 1003/378/422 1273/378/422 1272/377/422 1002/377/422
f 990/365/423 1260/365/423 1259/364/423 989/364/423
f 987/362/424 1258/362/424 1286/389/424 1016/389/424
f 1004/379/425 1274/379/425 1273/378/425 1003/378/425
f 991/366/426 1261/366/426 1260/365/426 990/365/426
f 1005/380/427 1275/380/427 1274/379/427 1004/379/427
f 992/367/428 1262/367/428 1261/366/428 991/366/428
f 1006/381/429 1276/381/429 1275/380/429 1005/380/429
f 993/368/430 1263/368/430 1262/367/430 992/367/430
f 1007/382/431 1277/382/431 1276/381/431 1006/381/431
f 994/369/432 1264/369/432 1263/368/432 993/368/432
f 1008/383/433 1278/383/433 1277/382/433 1007/382/433
f 995/370/434 1265/370/434 1264/369/434 994/369/434
f 1009/384/435 1279/384/435 1278/383/435 1008/383/435
f 996/371/436 1266/371/436 1265/370/436 995/370/436
f 1010/385/437 1280/385/437 1279/384/437 1009/384/437
f 997/372/438 1267/372/438 1266/371/438 996/371/438
f 1011/386/439 1281/386/439 1280/385/439 1010/385/439
f 998/373/440 1268/373/440 1267/372/440 997/372/440
f 1012/387/441 1282/387/441 1281/386/441 1011/386/441
f 999/374/442 1269/374/442 1268/373/442 998/373/442
f 1013/241/443 1283/241/443 1282/387/443 1012/387/443
f 1000/375/444 1270/375/444 1269/374/444 999/374/444
f 1299/390/442 1509/390/442 1508/391/442 1298/391/442
f 1335/392/429 1425/392/429 1426/393/429 1336/393/429
f 1449/244/444 1359/244/444 1360/245/444 1450/245/444
f 1463/246/388 1373/246/388 1374/247/388 1464/247/388
f 1450/245/445 1360/245/445 1361/248/445 1451/248/445
f 1438/249/446 1348/249/446 1347/250/446 1437/250/446
f 1464/247/447 1374/247/447 1375/251/447 1465/251/447
f 1451/248/448 1361/248/448 1362/252/448 1452/252/448
f 1437/250/389 1347/250/389 1349/253/389 1439/253/389
f 1465/251/421 1375/251/421 1376/254/421 1466/254/421
f 1452/252/422 1362/252/422 1363/255/422 1453/255/422
f 1439/253/423 1349/253/423 1350/256/423 1440/256/423
f 1466/254/424 1376/254/424 1348/249/424 1438/249/424
f 1453/255/425 1363/255/425 1364/257/425 1454/257/425
f 1440/256/426 1350/256/426 1351/258/426 1441/258/426
f 1454/257/427 1364/257/427 1365/259/427 1455/259/427
f 1441/258/428 1351/258/428 1352/260/428 1442/260/428
f 1455/259/429 1365/259/429 1366/261/429 1456/261/429
f 1442/260/430 1352/260/430 1353/262/430 1443/262/430
f 1456/261/431 1366/261/431 1367/263/431 1457/263/431
f 1443/262/432 1353/262/432 1354/264/432 1444/264/432
f 1457/263/433 1367/263/433 1368/265/433 1458/265/433
f 1444/264/434 1354/264/434 1355/266/434 1445/266/434
f 1458/265/435 1368/265/435 1369/267/435 1459/267/435
f 1445/266/436 1355/266/436 1356/268/436 1446/268/436
f 1459/267/437 1369/267/437 1370/269/437 1460/269/437
f 1446/268/438 1356/268/438 1357/270/438 1447/270/438
f 1460/269/439 1370/269/439 1371/271/439 1461/271/439
f 1447/270/440 1357/270/440 1358/272/440 1448/272/440
f 1461/271/441 1371/271/441 1372/273/441 1462/273/441
f 1448/272/442 1358/272/442 1359/244/442 1449/244/442
f 1462/273/443 1372/273/443 1373/246/443 1463/246/443
f 1377/394/420 1347/250/420 1348/249/420 1378/395/420
f 1379/396/420 1349/253/420 1347/250/420 1377/394/420
f 1380/397/420 1350/256/420 1349/253/420 1379/396/420
f 1381/398/420 1351/258/420 1350/256/420 1380/397/420
f 1382/399/420 1352/260/420 1351/258/420 1381/398/420
f 1383/400/420 1353/262/420 1352/260/420 1382/399/420
f 1384/401/420 1354/264/420 1353/262/420 1383/400/420
f 1385/402/420 1355/266/420 1354/264/420 1384/401/420
f 1386/403/420 1356/268/420 1355/266/420 1385/402/420
f 1387/404/420 1357/270/420 1356/268/420 1386/403/420
f 1388/405/420 1358/272/420 1357/270/420 1387/404/420
f 1389/406/420 1359/244/420 1358/272/420 1388/405/420
f 1390/407/420 1360/245/420 1359/244/420 1389/406/420
f 1391/408/420 1361/248/420 1360/245/420 1390/407/420
f 1392/409/420 1362/252/420 1361/248/420 1391/408/420
f 1393/410/420 1363/255/420 1362/252/420 1392/409/420
f 1394/411/420 1364/257/420 1363/255/420 1393/410/420
f 1395/412/420 1365/259/420 1364/257/420 1394/411/420
f 1396/413/420 1366/261/420 1365/259/420 1395/412/420
f 1397/414/420 1367/263/420 1366/261/420 1396/413/420
f 1398/415/420 1368/265/420 1367/263/420 1397/414/420
f 1399/416/420 1369/267/420 1368/265/420 1398/415/420
f 1400/417/420 1370/269/420 1369/267/420 1399/416/420
f 1401/418/420 1371/271/420 1370/269/420 1400/417/420
f 1402/419/420 1372/273/420 1371/271/420 1401/418/420
f 1403/420/420 1373/246/420 1372/273/420 1402/419/420
f 1404/421/420 1374/247/420 1373/246/420 1403/420/420
f 1405/422/420 1375/251/420 1374/247/420 1404/421/420
f 1406/423/420 1376/254/420 1375/251/420 1405/422/420
f 1378/395/420 1348/249/420 1376/254/420 1406/423/420
f 1317/424/420 1377/394/420 1378/395/420 1318/425/420
f 1319/426/420 1379/396/420 1377/394/420 1317/424/420
f 1320/427/420 1380/397/420 1379/396/420 1319/426/420
f 1321/428/420 1381/398/420 1380/397/420 1320/427/420
f 1322/429/420 1382/399/420 1381/398/420 1321/428/420
f 1323/430/420 1383/400/420 1382/399/420 1322/429/420
f 1324/431/420 1384/401/420 1383/400/420 1323/430/420
f 1325/432/420 1385/402/420 1384/401/420 1324/431/420
f 1326/433/420 1386/403/420 1385/402/420 1325/432/420
f 1327/434/420 1387/404/420 1386/403/420 1326/433/420
f 1328/435/420 1388/405/420 1387/404/420 1327/434/420
f 1329/436/420 1389/406/420 1388/405/420 1328/435/420
f 1330/437/420 1390/407/420 1389/406/420 1329/436/420
f 1331/438/420 1391/408/420 1390/407/420 1330/437/420
f 1332/439/420 1392/409/420 1391/408/420 1331/438/420
f 1333/440/420 1393/410/420 1392/409/420 1332/439/420
f 1334/441/420 1394/411/420 1393/410/420 1333/440/420
f 1335/392/420 1395/412/420 1394/411/420 1334/441/420
f 1336/393/420 1396/413/420 1395/412/420 1335/392/420
f 1337/442/420 1397/414/420 1396/413/420 1336/393/420
f 1338/443/420 1398/415/420 1397/414/420 1337/442/420
f 1339/444/420 1399/416/420 1398/415/420 1338/443/420
f 1340/445/420 1400/417/420 1399/416/420 1339/444/420
f 1341/446/420 1401/418/420 1400/417/420 1340/445/420
f 1342/447/420 1402/419/420 1401/418/420 1341/446/420
f 1343/448/420 1403/420/420 1402/419/420 1342/447/420
f 1344/449/420 1404/421/420 1403/420/420 1343/448/420
f 1345/450/420 1405/422/420 1404/421/420 1344/449/420
f 1346/451/420 1406/423/420 1405/422/420 1345/450/420
f 1318/425/420 1378/395/420 1406/423/420 1346/451/420
f 1408/425/420 1436/451/420 1435/450/420 1434/449/420 1433/448/420 1432/447/420 1431/446/420 1430/445/420 1429/444/420 1428/443/420 1427/442/420 1426/393/420 1425/392/420 1424/441/420 1423/440/420 1422/439/420 1421/438/420 1420/437/420 1419/436/420 1418/435/420 1417/434/420 1416/433/420 1415/432/420 1414/431/420 1413/430/420 1412/429/420 1411/428/420 1410/427/420 1409/426/420 1407/424/420
f 1322/429/430 1412/429/430 1413/430/430 1323/430/430
f 1336/393/431 1426/393/431 1427/442/431 1337/442/431
f 1323/430/432 1413/430/432 1414/431/432 1324/431/432
f 1337/442/433 1427/442/433 1428/443/433 1338/443/433
f 1324/431/434 1414/431/434 1415/432/434 1325/432/434
f 1338/443/435 1428/443/435 1429/444/435 1339/444/435
f 1325/432/436 1415/432/436 1416/433/436 1326/433/436
f 1339/444/437 1429/444/437 1430/445/437 1340/445/437
f 1326/433/438 1416/433/438 1417/434/438 1327/434/438
f 1340/445/439 1430/445/439 1431/446/439 1341/446/439
f 1327/434/440 1417/434/440 1418/435/440 1328/435/440
f 1341/446/441 1431/446/441 1432/447/441 1342/447/441
f 1328/435/442 1418/435/442 1419/436/442 1329/436/442
f 1342/447/443 1432/447/443 1433/448/443 1343/448/443
f 1329/436/444 1419/436/444 1420/437/444 1330/437/444
f 1343/448/388 1433/448/388 1434/449/388 1344/449/388
f 1330/437/445 1420/437/445 1421/438/445 1331/438/445
f 1318/425/446 1408/425/446 1407/424/446 1317/424/446
f 1344/449/447 1434/449/447 1435/450/447 1345/450/447
f 1331/438/448 1421/438/448 1422/439/448 1332/439/448
f 1317/424/389 1407/424/389 1409/426/389 1319/426/389
f 1345/450/421 1435/450/421 1436/451/421 1346/451/421
f 1332/439/422 1422/439/422 1423/440/422 1333/440/422
f 1319/426/423 1409/426/423 1410/427/423 1320/427/423
f 1346/451/424 1436/451/424 1408/425/424 1318/425/424
f 1333/440/425 1423/440/425 1424/441/425 1334/441/425
f 1320/427/426 1410/427/426 1411/428/426 1321/428/426
f 1334/441/427 1424/441/427 1425/392/427 1335/392/427
f 1321/428/428 1411/428/428 1412/429/428 1322/429/428
f 1468/452/449 1438/249/449 1437/250/449 1467/453/449
f 1467/453/449 1437/250/449 1439/253/449 1469/454/449
f 1469/454/449 1439/253/449 1440/256/449 1470/455/449
f 1470/455/449 1440/256/449 1441/258/449 1471/456/449
f 1471/456/449 1441/258/449 1442/260/449 1472/457/449
f 1472/457/449 1442/260/449 1443/262/449 1473/458/449
f 1473/458/449 1443/262/449 1444/264/449 1474/459/449
f 1474/459/449 1444/264/449 1445/266/449 1475/460/449
f 1475/460/449 1445/266/449 1446/268/449 1476/461/449
f 1476/461/449 1446/268/449 1447/270/449 1477/462/449
f 1477/462/449 1447/270/449 1448/272/449 1478/463/449
f 1478/463/449 1448/272/449 1449/244/449 1479/464/449
f 1479/464/449 1449/244/449 1450/245/449 1480/465/449
f 1480/465/449 1450/245/449 1451/248/449 1481/466/449
f 1481/466/449 1451/248/449 1452/252/449 1482/467/449
f 1482/467/449 1452/252/449 1453/255/449 1483/468/449
f 1483/468/449 1453/255/449 1454/257/449 1484/469/449
f 1484/469/449 1454/257/449 1455/259/449 1485/470/449
f 1485/470/449 1455/259/449 1456/261/449 1486/471/449
f 1486/471/449 1456/261/449 1457/263/449 1487/472/449
f 1487/472/449 1457/263/449 1458/265/449 1488/473/449
f 1488/473/449 1458/265/449 1459/267/449 1489/474/449
f 1489/474/449 1459/267/449 1460/269/449 1490/475/449
f 1490/475/449 1460/269/449 1461/271/449 1491/476/449
f 1491/476/449 1461/271/449 1462/273/449 1492/477/449
f 1492/477/449 1462/273/449 1463/246/449 1493/478/449
f 1493/478/449 1463/246/449 1464/247/449 1494/479/449
f 1494/479/449 1464/247/449 1465/251/449 1495/480/449
f 1495/480/449 1465/251/449 1466/254/449 1496/481/449
f 1496/481/449 1466/254/449 1438/249/449 1468/452/449
f 1287/482/449 1468/452/449 1467/453/449 1288/483/449
f 1288/483/449 1467/453/449 1469/454/449 1289/484/449
f 1289/484/449 1469/454/449 1470/455/449 1290/485/449
f 1290/485/449 1470/455/449 1471/456/449 1291/486/449
f 1291/486/449 1471/456/449 1472/457/449 1292/487/449
f 1292/487/449 1472/457/449 1473/458/449 1293/488/449
f 1293/488/449 1473/458/449 1474/459/449 1294/489/449
f 1294/489/449 1474/459/449 1475/460/449 1295/490/449
f 1295/490/449 1475/460/449 1476/461/449 1296/491/449
f 1296/491/449 1476/461/449 1477/462/449 1297/492/449
f 1297/492/449 1477/462/449 1478/463/449 1298/391/449
f 1298/391/449 1478/463/449 1479/464/449 1299/390/449
f 1299/390/449 1479/464/449 1480/465/449 1300/493/449
f 1300/493/449 1480/465/449 1481/466/449 1301/494/449
f 1301/494/449 1481/466/449 1482/467/449 1302/495/449
f 1302/495/449 1482/467/449 1483/468/449 1303/496/449
f 1303/496/449 1483/468/449 1484/469/449 1304/497/449
f 1304/497/449 1484/469/449 1485/470/449 1305/498/449
f 1305/498/449 1485/470/449 1486/471/449 1306/499/449
f 1306/499/449 1486/471/449 1487/472/449 1307/500/449
f 1307/500/449 1487/472/449 1488/473/449 1308/501/449
f 1308/501/449 1488/473/449 1489/474/449 1309/502/449
f 1309/502/449 1489/474/449 1490/475/449 1310/503/449
f 1310/503/449 1490/475/449 1491/476/449 1311/504/449
f 1311/504/449 1491/476/449 1492/477/449 1312/505/449
f 1312/505/449 1492/477/449 1493/478/449 1313/506/449
f 1313/506/449 1493/478/449 1494/479/449 1314/507/449
f 1314/507/449 1494/479/449 1495/480/449 1315/508/449
f 1315/508/449 1495/480/449 1496/481/449 1316/509/449
f 1316/509/449 1496/481/449 1468/452/449 1287/482/449
f 1498/482/449 1497/483/449 1499/484/449 1500/485/449 1501/486/449 1502/487/449 1503/488/449 1504/489/449 1505/490/449 1506/491/449 1507/492/449 1508/391/449 1509/390/449 1510/493/449 1511/494/449 1512/495/449 1513/496/449 1514/497/449 1515/498/449 1516/499/449 1517/500/449 1518/501/449 1519/502/449 1520/503/449 1521/504/449 1522/505/449 1523/506/449 1524/507/449 1525/508/449 1526/509/449
f 1313/506/443 1523/506/443 1522/505/443 1312/505/443
f 1300/493/444 1510/493/444 1509/390/444 1299/390/444
f 1314/507/388 1524/507/388 1523/506/388 1313/506/388
f 1301/494/445 1511/494/445 1510/493/445 1300/493/445
f 1288/483/446 1497/483/446 1498/482/446 1287/482/446
f 1315/508/447 1525/508/447 1524/507/447 1314/507/447
f 1302/495/448 1512/495/448 1511/494/448 1301/494/448
f 1289/484/389 1499/484/389 1497/483/389 1288/483/389
f 1316/509/421 1526/509/421 1525/508/421 1315/508/421
f 1303/496/422 1513/496/422 1512/495/422 1302/495/422
f 1290/485/423 1500/485/423 1499/484/423 1289/484/423
f 1287/482/424 1498/482/424 1526/509/424 1316/509/424
f 1304/497/425 1514/497/425 1513/496/425 1303/496/425
f 1291/486/426 1501/486/426 1500/485/426 1290/485/426
f 1305/498/427 1515/498/427 1514/497/427 1304/497/427
f 1292/487/428 1502/487/428 1501/486/428 1291/486/428
f 1306/499/429 1516/499/429 1515/498/429 1305/498/429
f 1293/488/430 1503/488/430 1502/487/430 1292/487/430
f 1307/500/431 1517/500/431 1516/499/431 1306/499/431
f 1294/489/432 1504/489/432 1503/488/432 1293/488/432
f 1308/501/433 1518/501/433 1517/500/433 1307/500/433
f 1295/490/434 1505/490/434 1504/489/434 1294/489/434
f 1309/502/435 1519/502/435 1518/501/435 1308/501/435
f 1296/491/436 1506/491/436 1505/490/436 1295/490/436
f 1310/503/437 1520/503/437 1519/502/437 1309/502/437
f 1297/492/438 1507/492/438 1506/491/438 1296/491/438
f 1311/504/439 1521/504/439 1520/503/439 1310/503/439
f 1298/391/440 1508/391/440 1507/492/440 1297/492/440
f 1312/505/441 1522/505/441 1521/504/441 1311/504/441
