# Blender 5.2.0 LTS
# www.blender.org
mtllib hilt2.mtl
o Historical_sword_Milano_1848.004
v 0.015578 0.020843 -0.009082
v -0.020160 0.020843 -0.009082
v -0.002291 0.020192 -0.009082
v 0.006494 0.031664 -0.011303
v 0.005762 0.033496 -0.010266
v 0.006598 0.025265 -0.013479
v 0.007221 0.027484 -0.012704
v 0.007190 0.029557 -0.012053
v 0.005979 0.021210 -0.010885
v 0.005077 0.021616 -0.010104
v 0.005337 0.023371 -0.014258
v 0.006176 0.022490 -0.013926
v 0.006616 0.021713 -0.013091
v 0.006543 0.021245 -0.011978
v 0.004415 0.019509 -0.011491
v 0.003551 0.020048 -0.010744
v 0.002643 0.020520 -0.010262
v 0.004187 0.021687 -0.014905
v 0.004888 0.020702 -0.014538
v 0.005189 0.019884 -0.013682
v 0.005014 0.019449 -0.012567
v 0.002167 0.017958 -0.012300
v 0.001463 0.018701 -0.011540
v 0.000812 0.019788 -0.011303
v 0.002934 0.019048 -0.015330
v 0.003018 0.018155 -0.014488
v 0.002736 0.017758 -0.013379
v -0.000444 0.016948 -0.013099
v -0.000933 0.017853 -0.012316
v -0.001296 0.019092 -0.012053
v 0.000511 0.017879 -0.016135
v 0.000391 0.016957 -0.015304
v 0.000040 0.016619 -0.014193
v -0.003066 0.016716 -0.013795
v -0.003319 0.017751 -0.012993
v -0.003369 0.019062 -0.012704
v -0.001726 0.018654 -0.017114
v -0.001894 0.017354 -0.016812
v -0.002242 0.016456 -0.016000
v -0.002672 0.016238 -0.014895
v -0.005797 0.017365 -0.014581
v -0.005822 0.018416 -0.013775
v -0.005588 0.019684 -0.013479
v -0.004505 0.017673 -0.017582
v -0.005041 0.016920 -0.016779
v -0.005513 0.016812 -0.015680
v -0.008336 0.018487 -0.015333
v -0.008113 0.019513 -0.014529
v -0.007599 0.020687 -0.014239
v -0.006364 0.019525 -0.018650
v -0.007065 0.018469 -0.018349
v -0.007739 0.017868 -0.017538
v -0.008202 0.017881 -0.016434
v -0.010432 0.020087 -0.015981
v -0.009959 0.021028 -0.015179
v -0.009168 0.022034 -0.014890
v -0.009209 0.019729 -0.018999
v -0.010012 0.019324 -0.018186
v -0.010456 0.019460 -0.017081
v -0.012242 0.022225 -0.016748
v -0.011572 0.023051 -0.015950
v -0.010572 0.023869 -0.015664
v -0.011105 0.021580 -0.019758
v -0.011989 0.021366 -0.018947
v -0.012400 0.021606 -0.017845
v -0.013692 0.024628 -0.017547
v -0.012856 0.025288 -0.016731
v -0.011404 0.024185 -0.020834
v -0.012655 0.023805 -0.020551
v -0.013594 0.023765 -0.019752
v -0.013967 0.024070 -0.018653
v -0.014529 0.027211 -0.018269
v -0.013564 0.027658 -0.017425
v -0.013565 0.026159 -0.021240
v -0.014547 0.026342 -0.020472
v -0.014895 0.026729 -0.019384
v -0.014557 0.030129 -0.019073
v -0.013486 0.030361 -0.018218
v -0.012134 0.030371 -0.017854
v -0.013900 0.028858 -0.022018
v -0.014821 0.029262 -0.021266
v -0.015055 0.029729 -0.020188
v -0.013902 0.032980 -0.019826
v -0.012806 0.032955 -0.018973
v -0.011492 0.032663 -0.018613
v -0.013580 0.031646 -0.022786
v -0.014375 0.032231 -0.022028
v -0.014485 0.032719 -0.020944
v -0.012631 0.035470 -0.020461
v -0.011568 0.035170 -0.019614
v -0.010371 0.034557 -0.019264
v -0.012706 0.034106 -0.023429
v -0.013311 0.034871 -0.022664
v -0.013276 0.035367 -0.021578
v -0.010714 0.037744 -0.021202
v -0.009729 0.037206 -0.020370
v -0.008692 0.036332 -0.020037
v -0.011156 0.036439 -0.024174
v -0.011557 0.037322 -0.023398
v -0.011388 0.037795 -0.022310
v -0.008432 0.039651 -0.021959
v -0.007590 0.038890 -0.021127
v -0.006768 0.037790 -0.020796
v -0.009131 0.038487 -0.024944
v -0.009336 0.039442 -0.024163
v -0.009074 0.039862 -0.023071
v -0.005866 0.040910 -0.022631
v -0.005229 0.039963 -0.021790
v -0.004695 0.038674 -0.021449
v -0.006834 0.039879 -0.025607
v -0.006800 0.040888 -0.024834
v -0.006442 0.041258 -0.023745
v -0.002858 0.041591 -0.023387
v -0.002432 0.040501 -0.022555
v -0.004075 0.040775 -0.026360
v -0.003809 0.041774 -0.025584
v -0.003362 0.042065 -0.024496
v 0.000241 0.041470 -0.024109
v 0.000393 0.040260 -0.023290
v 0.000307 0.038817 -0.022980
v -0.001071 0.041118 -0.027111
v -0.000599 0.041996 -0.026315
v -0.000118 0.042116 -0.025216
v 0.003075 0.040595 -0.024733
v 0.002915 0.039374 -0.023926
v 0.001049 0.039407 -0.028042
v 0.001720 0.040667 -0.027746
v 0.002399 0.041373 -0.026938
v 0.002893 0.041337 -0.025835
v 0.005800 0.038999 -0.025482
v 0.005365 0.037830 -0.024688
v 0.004488 0.039436 -0.028494
v 0.005315 0.039952 -0.027680
v 0.005790 0.039783 -0.026578
v 0.008190 0.036951 -0.026262
v 0.007497 0.035913 -0.025458
v 0.006474 0.034862 -0.025167
v 0.006999 0.037618 -0.029277
v 0.007929 0.037957 -0.028467
v 0.008358 0.037704 -0.027364
v 0.009936 0.034493 -0.026961
v 0.009023 0.033654 -0.026137
v 0.007456 0.034850 -0.030229
v 0.008828 0.035397 -0.029957
v 0.009853 0.035514 -0.029166
v 0.010250 0.035177 -0.028070
v 0.011150 0.031484 -0.027741
v 0.010077 0.030847 -0.026915
v 0.008659 0.030345 -0.026592
v 0.010178 0.032621 -0.030723
v 0.011240 0.032515 -0.029939
v 0.011586 0.032095 -0.028848
v 0.011765 0.028242 -0.028478
v 0.010524 0.027863 -0.027660
v 0.011098 0.029541 -0.031481
v 0.012121 0.029211 -0.030684
v 0.012363 0.028734 -0.029585
v 0.011394 0.025090 -0.029109
v 0.010082 0.025035 -0.028300
v 0.008549 0.025252 -0.028002
v 0.011186 0.026522 -0.032120
v 0.012064 0.025940 -0.031314
v 0.012131 0.025417 -0.030212
v 0.010207 0.021915 -0.029856
v 0.008898 0.022161 -0.029061
v 0.007448 0.022727 -0.028778
v 0.009099 0.024178 -0.033172
v 0.010402 0.023376 -0.032867
v 0.011105 0.022600 -0.032054
v 0.011024 0.022068 -0.030952
v 0.008450 0.019028 -0.030626
v 0.007232 0.019574 -0.029825
v 0.007835 0.021474 -0.033948
v 0.008935 0.020391 -0.033645
v 0.009459 0.019475 -0.032832
v 0.009273 0.018982 -0.031727
v 0.006146 0.016771 -0.031320
v 0.005101 0.017586 -0.030500
v 0.006090 0.019413 -0.034600
v 0.006905 0.018073 -0.034321
v 0.007206 0.017024 -0.033525
v 0.006922 0.016554 -0.032427
v 0.003185 0.014997 -0.032116
v 0.002329 0.016007 -0.031289
v 0.003676 0.017724 -0.035358
v 0.004194 0.016219 -0.035096
v 0.004272 0.015093 -0.034314
v 0.003899 0.014651 -0.033224
v -0.000081 0.013782 -0.032898
v -0.000694 0.014948 -0.032060
v 0.000921 0.016453 -0.036130
v 0.001116 0.014842 -0.035878
v 0.000969 0.013690 -0.035102
v 0.000527 0.013313 -0.034012
v -0.003435 0.013463 -0.033574
v -0.003749 0.014761 -0.032727
v -0.001765 0.015889 -0.036781
v -0.001977 0.014255 -0.036541
v -0.002414 0.013138 -0.035776
v -0.002949 0.012858 -0.034690
v -0.006996 0.014112 -0.034328
v -0.007015 0.015466 -0.033490
v -0.004778 0.016050 -0.037542
v -0.005362 0.014500 -0.037293
v -0.006051 0.013526 -0.036523
v -0.006649 0.013391 -0.035438
v -0.010361 0.015489 -0.035047
v -0.010045 0.016832 -0.034224
v -0.007828 0.016796 -0.038318
v -0.008754 0.015424 -0.038044
v -0.009633 0.014650 -0.037252
v -0.010218 0.014682 -0.036155
v -0.013122 0.017594 -0.035663
v -0.012463 0.018830 -0.034855
v -0.010361 0.018136 -0.038970
v -0.011610 0.017051 -0.038675
v -0.012653 0.016546 -0.037869
v -0.013201 0.016752 -0.036766
v -0.015436 0.020466 -0.036398
v -0.014507 0.021542 -0.035608
v -0.013181 0.022585 -0.035333
v -0.014097 0.019534 -0.039415
v -0.015225 0.019293 -0.038596
v -0.015708 0.019640 -0.037492
v -0.017191 0.023689 -0.037163
v -0.016041 0.024529 -0.036370
v -0.014434 0.022983 -0.040503
v -0.016050 0.022541 -0.040189
v -0.017223 0.022534 -0.039368
v -0.017634 0.022958 -0.038261
v -0.018071 0.027090 -0.037859
v -0.016779 0.027629 -0.037047
v -0.017091 0.025693 -0.040866
v -0.018273 0.025973 -0.040064
v -0.018625 0.026485 -0.038963
v -0.018092 0.030857 -0.038659
v -0.016714 0.031116 -0.037837
v -0.014989 0.031085 -0.037519
v -0.017340 0.029224 -0.041643
v -0.018474 0.029769 -0.040856
v -0.018744 0.030367 -0.039764
v -0.017331 0.034568 -0.039437
v -0.015931 0.034510 -0.038607
v -0.014247 0.034095 -0.038279
v -0.015305 0.032127 -0.042688
v -0.016898 0.032830 -0.042425
v -0.017909 0.033608 -0.041642
v -0.018063 0.034242 -0.040548
v -0.015701 0.037824 -0.040111
v -0.014363 0.037430 -0.039272
v -0.012829 0.036609 -0.038932
v -0.015670 0.035977 -0.043088
v -0.016473 0.036999 -0.042315
v -0.016480 0.037673 -0.041225
v -0.013143 0.040752 -0.040884
v -0.011920 0.040081 -0.040046
v -0.010598 0.038938 -0.039706
v -0.013531 0.038887 -0.043850
v -0.014087 0.040080 -0.043080
v -0.013941 0.040759 -0.041994
v -0.010054 0.043096 -0.041652
v -0.009024 0.042170 -0.040810
v -0.007990 0.040753 -0.040466
v -0.010785 0.041343 -0.044626
v -0.011077 0.042633 -0.043855
v -0.010807 0.043271 -0.042766
v -0.006636 0.044520 -0.042316
v -0.005867 0.043379 -0.041470
v -0.005214 0.041747 -0.041119
v -0.007767 0.042923 -0.045285
v -0.007735 0.044273 -0.044519
v -0.007320 0.044855 -0.043433
v -0.002729 0.045072 -0.043059
v -0.002220 0.043797 -0.042225
v -0.001941 0.042061 -0.041891
v -0.004225 0.043762 -0.046030
v -0.003883 0.045064 -0.045256
v -0.003336 0.045542 -0.044168
v 0.001217 0.044874 -0.043769
v 0.001408 0.043481 -0.042954
v 0.001278 0.041702 -0.042648
v -0.000486 0.044004 -0.046774
v 0.000128 0.045179 -0.045974
v 0.000750 0.045498 -0.044874
v 0.004815 0.043713 -0.044385
v 0.004636 0.042291 -0.043585
v 0.002959 0.043387 -0.047405
v 0.003851 0.044347 -0.046590
v 0.004531 0.044467 -0.045485
v 0.008213 0.041558 -0.045133
v 0.007714 0.040198 -0.044346
v 0.006320 0.041736 -0.048152
v 0.007414 0.042446 -0.047330
v 0.008104 0.042379 -0.046225
v 0.011072 0.038799 -0.045916
v 0.010289 0.037606 -0.045119
v 0.009265 0.039330 -0.048938
v 0.010490 0.039796 -0.048121
v 0.011146 0.039598 -0.047015
v 0.013039 0.035587 -0.046622
v 0.012022 0.034636 -0.045801
v 0.010477 0.033718 -0.045487
v 0.009609 0.035850 -0.049898
v 0.011290 0.036479 -0.049621
v 0.012627 0.036651 -0.048828
v 0.013263 0.036324 -0.047730
v 0.014226 0.031762 -0.047408
v 0.013038 0.031041 -0.046583
v 0.011347 0.030471 -0.046260
v 0.012666 0.033034 -0.050390
v 0.014025 0.032911 -0.049606
v 0.014590 0.032445 -0.048515
v 0.014658 0.027780 -0.048147
v 0.013344 0.027347 -0.047329
v 0.013443 0.029318 -0.051149
v 0.014722 0.028912 -0.050353
v 0.015161 0.028350 -0.049254
v 0.014145 0.023971 -0.048777
v 0.012736 0.023890 -0.047968
v 0.010945 0.024174 -0.047671
v 0.013404 0.025774 -0.051788
v 0.014539 0.025051 -0.050982
v 0.014806 0.024393 -0.049880
v 0.012576 0.020178 -0.049523
v 0.011156 0.020426 -0.048728
v 0.009463 0.021121 -0.048447
v 0.012353 0.022126 -0.052534
v 0.013273 0.021151 -0.051720
v 0.013351 0.020441 -0.050618
v 0.010282 0.016819 -0.050293
v 0.008962 0.017394 -0.049493
v 0.009202 0.020039 -0.053617
v 0.010473 0.018736 -0.053313
v 0.011158 0.017583 -0.052499
v 0.011085 0.016886 -0.051394
v 0.007361 0.014309 -0.050984
v 0.006237 0.015173 -0.050167
v 0.005060 0.016565 -0.049858
v 0.007056 0.017770 -0.054269
v 0.007971 0.016186 -0.053987
v 0.008364 0.014883 -0.053190
v 0.008139 0.014201 -0.052091
v 0.003717 0.012463 -0.051770
v 0.002795 0.013538 -0.050949
v 0.004171 0.015995 -0.055028
v 0.004728 0.014238 -0.054756
v 0.004832 0.012856 -0.053968
v 0.004461 0.012211 -0.052875
v -0.000200 0.011387 -0.052531
v -0.000854 0.012634 -0.051708
v -0.001336 0.014384 -0.051390
v 0.000964 0.014706 -0.055801
v 0.001131 0.012873 -0.055527
v 0.000943 0.011509 -0.054736
v 0.000456 0.010971 -0.053639
v -0.004083 0.011267 -0.053189
v -0.004411 0.012627 -0.052363
v -0.002109 0.014245 -0.056452
v -0.002407 0.012432 -0.056182
v -0.002933 0.011146 -0.055393
v -0.003545 0.010725 -0.054298
v -0.008135 0.012151 -0.053947
v -0.008153 0.013575 -0.053130
v -0.007769 0.015378 -0.052818
v -0.006195 0.012865 -0.056936
v -0.007012 0.011735 -0.056144
v -0.007719 0.011477 -0.055050
v -0.011907 0.013857 -0.054703
v -0.011586 0.015254 -0.053886
v -0.010794 0.016930 -0.053577
v -0.008821 0.015627 -0.057987
v -0.009899 0.014113 -0.057705
v -0.010942 0.013192 -0.056908
v -0.011673 0.013102 -0.055809
v -0.014946 0.016357 -0.055370
v -0.014291 0.017627 -0.054546
v -0.013106 0.019050 -0.054229
v -0.012915 0.016118 -0.058366
v -0.014163 0.015483 -0.057575
v -0.014901 0.015574 -0.056478
v -0.017400 0.019727 -0.056143
v -0.016491 0.020830 -0.055321
v -0.015023 0.021964 -0.055003
v -0.015443 0.019015 -0.059128
v -0.016804 0.018681 -0.058341
v -0.017513 0.018945 -0.057249
v -0.019170 0.023460 -0.056916
v -0.018039 0.024326 -0.056087
v -0.016356 0.025107 -0.055762
v -0.015582 0.022872 -0.060171
v -0.017395 0.022393 -0.059906
v -0.018810 0.022346 -0.059120
v -0.019454 0.022737 -0.058026
v -0.019877 0.027330 -0.057593
v -0.018598 0.027888 -0.056755
v -0.018376 0.025856 -0.060571
v -0.019769 0.026161 -0.059797
v -0.020312 0.026699 -0.058707
v -0.019683 0.031514 -0.058358
v -0.018303 0.031788 -0.057524
v -0.016454 0.031724 -0.057189
v -0.018509 0.029691 -0.061328
v -0.019809 0.030310 -0.060554
v -0.020234 0.030976 -0.059467
v -0.018638 0.035571 -0.059096
v -0.017209 0.035508 -0.058270
v -0.015406 0.035019 -0.057948
v -0.017946 0.033587 -0.062088
v -0.019068 0.034470 -0.061301
v -0.019318 0.035192 -0.060205
v -0.016655 0.039055 -0.059736
v -0.015277 0.038624 -0.058914
v -0.013650 0.037687 -0.058599
v -0.016526 0.036968 -0.062733
v -0.017380 0.038108 -0.061941
v -0.017424 0.038868 -0.060843
v -0.013687 0.042094 -0.060492
v -0.012426 0.041364 -0.059679
v -0.011046 0.040084 -0.059373
v -0.014094 0.040031 -0.063486
v -0.014652 0.041336 -0.062690
v -0.014500 0.042086 -0.061594
v -0.010234 0.044473 -0.061269
v -0.009181 0.043482 -0.060448
v -0.008123 0.041925 -0.060134
v -0.011015 0.042528 -0.064267
v -0.011291 0.043932 -0.063474
v -0.011004 0.044639 -0.062376
v -0.006500 0.045852 -0.061963
v -0.005728 0.044656 -0.061125
v -0.005084 0.042896 -0.060787
v -0.007713 0.044068 -0.064942
v -0.007643 0.045523 -0.064167
v -0.007199 0.046170 -0.063077
v -0.002297 0.046273 -0.062748
v -0.001789 0.044974 -0.061906
v -0.003903 0.044754 -0.065710
v -0.003511 0.046163 -0.064944
v -0.002924 0.046708 -0.063860
v 0.001912 0.045962 -0.063502
v 0.002108 0.044566 -0.062661
v 0.001944 0.042700 -0.062319
v 0.000050 0.044803 -0.066478
v 0.000732 0.046106 -0.065706
v 0.001411 0.046526 -0.064616
v 0.005734 0.044621 -0.064149
v 0.005569 0.043207 -0.063310
v 0.003631 0.043988 -0.067127
v 0.004624 0.045077 -0.066353
v 0.005391 0.045305 -0.065263
v 0.009305 0.042179 -0.064897
v 0.008815 0.040817 -0.064071
v 0.007786 0.039224 -0.063745
v 0.005790 0.040728 -0.068139
v 0.007109 0.042126 -0.067876
v 0.008329 0.042938 -0.067094
v 0.009129 0.042954 -0.066004
v 0.012248 0.039072 -0.065646
v 0.011443 0.037864 -0.064823
v 0.008574 0.038457 -0.068915
v 0.010170 0.039514 -0.068641
v 0.011524 0.040025 -0.067851
v 0.012280 0.039862 -0.066754
v 0.014225 0.035537 -0.066305
v 0.013143 0.034571 -0.065478
v 0.011482 0.033644 -0.065157
v 0.010467 0.035837 -0.069567
v 0.012286 0.036466 -0.069298
v 0.013739 0.036629 -0.068510
v 0.014444 0.036289 -0.067414
v 0.015329 0.031402 -0.067067
v 0.014059 0.030682 -0.066246
v 0.013660 0.032775 -0.070054
v 0.015109 0.032606 -0.069265
v 0.015715 0.032105 -0.068172
v 0.015650 0.027171 -0.067827
v 0.014274 0.026752 -0.067004
v 0.012385 0.026613 -0.066688
v 0.012382 0.029021 -0.071099
v 0.014284 0.028822 -0.070825
v 0.015659 0.028358 -0.070033
v 0.016156 0.027756 -0.068935
v 0.015009 0.023161 -0.068498
v 0.013570 0.023095 -0.067668
v 0.014052 0.025124 -0.071486
v 0.015292 0.024324 -0.070702
v 0.015639 0.023609 -0.069609
v 0.013225 0.019190 -0.069266
v 0.011790 0.019446 -0.068440
v 0.011166 0.022444 -0.072510
v 0.012781 0.021369 -0.072245
v 0.013800 0.020292 -0.071463
v 0.013960 0.019498 -0.070372
v 0.010633 0.015714 -0.070015
v 0.009296 0.016315 -0.069192
v 0.009385 0.019280 -0.073286
v 0.010708 0.017865 -0.073011
v 0.011449 0.016600 -0.072219
v 0.011420 0.015817 -0.071123
v 0.007398 0.013188 -0.070661
v 0.006259 0.014109 -0.069841
v 0.007107 0.016927 -0.073938
v 0.008024 0.015230 -0.073661
v 0.008415 0.013827 -0.072867
v 0.008183 0.013087 -0.071769
v 0.003462 0.011380 -0.071416
v 0.002535 0.012540 -0.070604
v 0.004044 0.015108 -0.074697
v 0.004566 0.013240 -0.074413
v 0.004632 0.011776 -0.073615
v 0.004228 0.011100 -0.072518
v -0.000698 0.010389 -0.072184
v -0.001340 0.011722 -0.071368
v 0.000623 0.013891 -0.075470
v 0.000734 0.011956 -0.075188
v 0.000494 0.010515 -0.074390
v -0.000028 0.009947 -0.073291
v -0.004772 0.010398 -0.072872
v -0.005076 0.011807 -0.072041
v -0.002612 0.013600 -0.076120
v -0.002980 0.011694 -0.075859
v -0.003569 0.010328 -0.075077
v -0.004222 0.009857 -0.073983
v -0.008989 0.011458 -0.073658
v -0.008986 0.012908 -0.072824
v -0.006891 0.012342 -0.076627
v -0.007788 0.011128 -0.075854
v -0.008552 0.010808 -0.074767
v -0.012892 0.013399 -0.074418
v -0.012547 0.014812 -0.073583
v -0.011683 0.016536 -0.073247
v -0.009514 0.015365 -0.077655
v -0.010689 0.013792 -0.077400
v -0.011828 0.012807 -0.076622
v -0.012631 0.012666 -0.075531
v -0.015985 0.016165 -0.075071
v -0.015292 0.017445 -0.074234
v -0.013763 0.015979 -0.078052
v -0.015112 0.015318 -0.077275
v -0.015921 0.015388 -0.076184
v -0.018437 0.019806 -0.075820
v -0.017470 0.020917 -0.074995
v -0.016311 0.019078 -0.078801
v -0.017773 0.018748 -0.078018
v -0.018549 0.019014 -0.076927
v -0.020135 0.023801 -0.076569
v -0.018926 0.024661 -0.075747
v -0.017134 0.025417 -0.075431
v -0.016365 0.023085 -0.079841
v -0.018279 0.022649 -0.079566
v -0.019770 0.022643 -0.078774
v -0.020445 0.023064 -0.077677
v -0.020715 0.027880 -0.077232
v -0.019336 0.028412 -0.076405
v -0.019200 0.026301 -0.080224
v -0.020645 0.026667 -0.079436
v -0.021195 0.027244 -0.078341
v -0.020324 0.032233 -0.077999
v -0.018871 0.032462 -0.077176
v -0.016937 0.032322 -0.076857
v -0.019164 0.030304 -0.080982
v -0.020497 0.030995 -0.080196
v -0.020919 0.031698 -0.079104
v -0.019092 0.036406 -0.078759
v -0.017616 0.036294 -0.077935
v -0.015752 0.035721 -0.077617
v -0.018383 0.034311 -0.081754
v -0.019538 0.035270 -0.080964
v -0.019796 0.036032 -0.079867
v -0.016912 0.039960 -0.079423
v -0.015513 0.039483 -0.078594
v -0.013853 0.038460 -0.078269
v -0.016740 0.037730 -0.082413
v -0.017622 0.038957 -0.081628
v -0.017683 0.039769 -0.080534
v -0.013702 0.043009 -0.080186
v -0.012433 0.042232 -0.079363
v -0.011043 0.040864 -0.079043
v -0.014094 0.040793 -0.083168
v -0.014661 0.042188 -0.082383
v -0.014516 0.042994 -0.081291
v -0.010006 0.045364 -0.080935
v -0.008952 0.044304 -0.080116
v -0.007906 0.042645 -0.079803
v -0.010844 0.043319 -0.083934
v -0.011096 0.044804 -0.083140
v -0.010789 0.045548 -0.082043
v -0.006043 0.046629 -0.081589
v -0.005288 0.045333 -0.080768
v -0.004692 0.043462 -0.080454
v -0.007370 0.044871 -0.084588
v -0.007241 0.046371 -0.083794
v -0.006756 0.047010 -0.082696
v -0.001651 0.046869 -0.082346
v -0.001189 0.045443 -0.081533
v -0.001014 0.043500 -0.081227
v -0.003555 0.043525 -0.085624
v -0.003375 0.045493 -0.085340
v -0.002906 0.046912 -0.084544
v -0.002277 0.047410 -0.083448
v 0.002679 0.046361 -0.083104
v 0.002806 0.044866 -0.082290
v 0.002544 0.042917 -0.081986
v 0.000736 0.045353 -0.086111
v 0.001492 0.046646 -0.085309
v 0.002200 0.047012 -0.084209
v 0.006563 0.044841 -0.083774
v 0.006320 0.043361 -0.082953
v 0.004397 0.044320 -0.086772
v 0.005460 0.045397 -0.085979
v 0.006250 0.045585 -0.084882
v 0.010157 0.042192 -0.084546
v 0.009591 0.040795 -0.083728
v 0.008459 0.039180 -0.083414
v 0.007894 0.042218 -0.087533
v 0.009187 0.043015 -0.086743
v 0.010011 0.043004 -0.085650
v 0.013091 0.038882 -0.085302
v 0.012206 0.037659 -0.084484
v 0.009248 0.038354 -0.088584
v 0.010940 0.039390 -0.088303
v 0.012367 0.039879 -0.087507
v 0.013152 0.039693 -0.086409
v 0.015015 0.035157 -0.085956
v 0.013848 0.034196 -0.085137
v 0.012082 0.033296 -0.084825
v 0.011132 0.035596 -0.089236
v 0.013044 0.036180 -0.088957
v 0.014559 0.036300 -0.088162
v 0.015277 0.035926 -0.087063
v 0.016003 0.030836 -0.086709
v 0.014639 0.030139 -0.085899
v 0.014351 0.032318 -0.089708
v 0.015845 0.032089 -0.088908
v 0.016446 0.031548 -0.087810
v 0.016159 0.026452 -0.087463
v 0.014677 0.026081 -0.086654
v 0.012699 0.026017 -0.086356
v 0.012901 0.028488 -0.090768
v 0.014874 0.028205 -0.090475
v 0.016280 0.027672 -0.089669
v 0.016746 0.027033 -0.088566
v 0.015314 0.022354 -0.088133
v 0.013800 0.022354 -0.087317
v 0.011861 0.022783 -0.087009
v 0.014455 0.024395 -0.091136
v 0.015695 0.023524 -0.090338
v 0.016008 0.022780 -0.089238
v 0.013321 0.018337 -0.088908
v 0.011832 0.018670 -0.088093
v 0.011351 0.021754 -0.092179
v 0.012978 0.020580 -0.091899
v 0.013986 0.019432 -0.091105
v 0.014109 0.018614 -0.090010
v 0.010528 0.014859 -0.089671
v 0.009163 0.015538 -0.088854
v 0.009367 0.018582 -0.092955
v 0.010684 0.017069 -0.092673
v 0.011407 0.015733 -0.091876
v 0.011349 0.014928 -0.090777
v 0.007138 0.012334 -0.090333
v 0.005989 0.013335 -0.089511
v 0.007822 0.014465 -0.093331
v 0.008196 0.012977 -0.092538
v 0.007945 0.012201 -0.091441
v 0.003015 0.010606 -0.091094
v 0.002098 0.011838 -0.090278
v 0.003711 0.014511 -0.094366
v 0.004194 0.012549 -0.094086
v 0.004223 0.011006 -0.093293
v 0.003792 0.010299 -0.092197
v -0.001318 0.009725 -0.091854
v -0.001934 0.011136 -0.091037
v -0.002327 0.013105 -0.090728
v 0.000157 0.013368 -0.095139
v 0.000206 0.011347 -0.094857
v -0.000087 0.009838 -0.094060
v -0.000644 0.009247 -0.092960
v -0.005527 0.009909 -0.092528
v -0.005780 0.011412 -0.091702
v -0.003181 0.013155 -0.095790
v -0.003634 0.011179 -0.095520
v -0.004294 0.009770 -0.094733
v -0.004985 0.009306 -0.093637
v -0.009815 0.011211 -0.093306
v -0.009746 0.012727 -0.092480
v -0.007629 0.012040 -0.096285
v -0.008600 0.010814 -0.095503
v -0.009397 0.010513 -0.094412
v -0.013751 0.013360 -0.094072
v -0.013332 0.014815 -0.093242
v -0.010185 0.015288 -0.097325
v -0.011455 0.013710 -0.097061
v -0.012673 0.012722 -0.096277
v -0.013511 0.012594 -0.095183
v -0.016838 0.016301 -0.094739
v -0.016075 0.017597 -0.093903
v -0.014702 0.019051 -0.093568
v -0.012874 0.017301 -0.097976
v -0.014502 0.016090 -0.097721
v -0.015935 0.015433 -0.096943
v -0.016789 0.015509 -0.095852
v -0.019250 0.020118 -0.095503
v -0.018219 0.021226 -0.094672
v -0.016554 0.022347 -0.094341
v -0.016993 0.019354 -0.098477
v -0.018543 0.019042 -0.097700
v -0.019369 0.019319 -0.096611
v -0.020851 0.024292 -0.096258
v -0.019595 0.025132 -0.095428
v -0.017718 0.025852 -0.095100
v -0.018833 0.023095 -0.099246
v -0.020410 0.023121 -0.098462
v -0.021148 0.023557 -0.097369
v -0.021318 0.028515 -0.096918
v -0.019897 0.029016 -0.096085
v -0.019633 0.026856 -0.099902
v -0.021165 0.027273 -0.099122
v -0.021782 0.027879 -0.098030
v -0.020690 0.032975 -0.097675
v -0.019188 0.033159 -0.096850
v -0.017190 0.032943 -0.096526
v -0.019457 0.030943 -0.100655
v -0.020846 0.031702 -0.099872
v -0.021296 0.032443 -0.098781
v -0.019202 0.037188 -0.098419
v -0.017693 0.037019 -0.097599
v -0.015799 0.036360 -0.097285
v -0.016691 0.034000 -0.101696
v -0.018464 0.034988 -0.101418
v -0.019645 0.036021 -0.100624
v -0.019918 0.036823 -0.099526
v -0.016803 0.040730 -0.099069
v -0.015389 0.040185 -0.098249
v -0.013724 0.039066 -0.097937
v -0.016650 0.038406 -0.102069
v -0.017525 0.039704 -0.101274
v -0.017584 0.040554 -0.100176
v -0.013411 0.043732 -0.099826
v -0.012144 0.042885 -0.099015
v -0.010770 0.041420 -0.098711
v -0.013841 0.041424 -0.102822
v -0.014383 0.042887 -0.102024
v -0.014229 0.043732 -0.100928
v -0.009544 0.045975 -0.100586
v -0.008512 0.044858 -0.099774
v -0.007505 0.043113 -0.099471
v -0.010435 0.043846 -0.103593
v -0.010646 0.045385 -0.102791
v -0.010323 0.046165 -0.101690
v -0.005465 0.047108 -0.101256
v -0.004746 0.045782 -0.100436
v -0.004205 0.043847 -0.100123
v -0.006839 0.045214 -0.104255
v -0.006667 0.046778 -0.103461
v -0.006167 0.047472 -0.102363
v -0.000988 0.047214 -0.102025
v -0.000563 0.045769 -0.101208
v -0.000453 0.043764 -0.100896
v -0.002786 0.045645 -0.105015
v -0.002266 0.047137 -0.104223
v -0.001611 0.047713 -0.103129
v 0.003383 0.046462 -0.102784
v 0.003468 0.044959 -0.101966
v 0.003133 0.042979 -0.101655
v 0.001337 0.045322 -0.105786
v 0.002156 0.046665 -0.104989
v 0.002903 0.047084 -0.103890
v 0.007238 0.044715 -0.103449
v 0.006958 0.043251 -0.102625
v 0.004944 0.044085 -0.106444
v 0.006075 0.045189 -0.105653
v 0.006914 0.045422 -0.104557
v 0.010756 0.041875 -0.104217
v 0.010166 0.040513 -0.103398
v 0.008969 0.038923 -0.103083
v 0.008338 0.041817 -0.107203
v 0.009699 0.042619 -0.106414
v 0.010584 0.042643 -0.105321
v 0.013601 0.038432 -0.104977
v 0.012706 0.037250 -0.104157
v 0.011268 0.038888 -0.107976
v 0.012768 0.039369 -0.107182
v 0.013622 0.039205 -0.106085
v 0.015348 0.034587 -0.105640
v 0.014197 0.033675 -0.104815
v 0.012400 0.032830 -0.104494
v 0.011252 0.035066 -0.108905
v 0.013186 0.035592 -0.108634
v 0.014758 0.035686 -0.107845
v 0.015548 0.035320 -0.106749
v 0.016141 0.030207 -0.106398
v 0.014816 0.029556 -0.105580
v 0.014258 0.031701 -0.109388
v 0.015812 0.031440 -0.108597
v 0.016503 0.030896 -0.107502
v 0.016125 0.025809 -0.107149
v 0.014689 0.025473 -0.106333
v 0.012703 0.025472 -0.106026
v 0.012639 0.027972 -0.110437
v 0.014609 0.027627 -0.110154
v 0.016068 0.027048 -0.109355
v 0.016627 0.026385 -0.108256
v 0.015049 0.021765 -0.107811
v 0.013582 0.021795 -0.106991
v 0.011664 0.022286 -0.106678
v 0.014018 0.023903 -0.110810
v 0.015290 0.022980 -0.110016
v 0.015670 0.022199 -0.108918
v 0.012835 0.017885 -0.108577
v 0.011410 0.018233 -0.107762
v 0.010786 0.021467 -0.111848
v 0.012356 0.020253 -0.111568
v 0.013370 0.019054 -0.110775
v 0.013549 0.018187 -0.109680
v 0.009913 0.014563 -0.109335
v 0.008627 0.015229 -0.108520
v 0.008717 0.018464 -0.112624
v 0.009959 0.016934 -0.112339
v 0.010670 0.015552 -0.111540
v 0.010657 0.014684 -0.110440
v 0.006447 0.012231 -0.109995
v 0.005377 0.013195 -0.109176
v 0.006248 0.016314 -0.113276
v 0.007066 0.014521 -0.112996
v 0.007411 0.013004 -0.112200
v 0.007188 0.012165 -0.111102
v 0.002302 0.010755 -0.110758
v 0.001456 0.011930 -0.109944
v 0.003448 0.012861 -0.113753
v 0.003441 0.011311 -0.112957
v 0.003026 0.010532 -0.111861
v -0.001977 0.010094 -0.111523
v -0.002536 0.011411 -0.110706
v -0.000436 0.013894 -0.114808
v -0.000454 0.011931 -0.114526
v -0.000782 0.010411 -0.113729
v -0.001337 0.009732 -0.112630
v -0.006074 0.010467 -0.112199
v -0.006292 0.011866 -0.111373
v -0.003642 0.013834 -0.115459
v -0.004144 0.011930 -0.115191
v -0.004837 0.010519 -0.114404
v -0.005541 0.009979 -0.113309
v -0.010167 0.011983 -0.112969
v -0.010079 0.013398 -0.112145
v -0.007927 0.012943 -0.115951
v -0.008925 0.011736 -0.115166
v -0.009744 0.011380 -0.114074
v -0.013847 0.014305 -0.113713
v -0.013433 0.015648 -0.112895
v -0.012451 0.017292 -0.112584
v -0.010226 0.016190 -0.116994
v -0.011499 0.014722 -0.116714
v -0.012729 0.013781 -0.115918
v -0.013589 0.013623 -0.114820
v -0.016685 0.017288 -0.114357
v -0.015941 0.018477 -0.113542
v -0.012733 0.018188 -0.117646
v -0.014329 0.017099 -0.117362
v -0.015746 0.016506 -0.116563
v -0.016610 0.016571 -0.115463
v -0.018791 0.021080 -0.115113
v -0.017800 0.022086 -0.114306
v -0.016169 0.023089 -0.114009
v -0.016555 0.020314 -0.118114
v -0.018061 0.020068 -0.117311
v -0.018882 0.020344 -0.116213
v -0.020102 0.025128 -0.115886
v -0.018920 0.025877 -0.115072
v -0.016176 0.024240 -0.119179
v -0.018067 0.023949 -0.118892
v -0.019590 0.024025 -0.118091
v -0.020342 0.024451 -0.116991
v -0.020385 0.029145 -0.116574
v -0.019089 0.029579 -0.115746
v -0.018596 0.027518 -0.119564
v -0.020083 0.027959 -0.118778
v -0.020742 0.028552 -0.117684
v -0.019598 0.033340 -0.117348
v -0.018239 0.033491 -0.116521
v -0.016367 0.033230 -0.116196
v -0.018224 0.031319 -0.120326
v -0.019571 0.032088 -0.119545
v -0.020080 0.032826 -0.118455
v -0.017964 0.037241 -0.118085
v -0.016600 0.037069 -0.117266
v -0.014839 0.036392 -0.116954
v -0.017124 0.035041 -0.121085
v -0.018249 0.036067 -0.120290
v -0.018563 0.036871 -0.119192
v -0.015513 0.040454 -0.118716
v -0.014250 0.039941 -0.117906
v -0.015286 0.038139 -0.121725
v -0.016096 0.039407 -0.120921
v -0.016183 0.040254 -0.119820
v -0.012195 0.043117 -0.119464
v -0.011064 0.042323 -0.118666
v -0.012573 0.040835 -0.122472
v -0.013051 0.042246 -0.121661
v -0.012918 0.043083 -0.120560
v -0.008489 0.045023 -0.120235
v -0.007581 0.044004 -0.119431
v -0.006706 0.042360 -0.119140
v -0.009315 0.042893 -0.123250
v -0.009478 0.044367 -0.122440
v -0.009181 0.045150 -0.121336
v -0.004661 0.045896 -0.120928
v -0.004040 0.044719 -0.120107
v -0.003597 0.042928 -0.119792
v -0.005948 0.043941 -0.123926
v -0.005754 0.045427 -0.123133
v -0.005287 0.046150 -0.122036
v -0.000515 0.045833 -0.121716
v -0.000149 0.044564 -0.120890
v -0.000097 0.042726 -0.120566
v -0.002239 0.044146 -0.124696
v -0.001718 0.045572 -0.123913
v -0.001090 0.046195 -0.122822
v 0.003490 0.044943 -0.122475
v 0.003559 0.043631 -0.121648
v 0.003207 0.041834 -0.121325
v 0.001490 0.043674 -0.125467
v 0.002294 0.044947 -0.124680
v 0.003025 0.045418 -0.123585
v 0.006958 0.043142 -0.123131
v 0.006702 0.041863 -0.122302
v 0.005924 0.040231 -0.121977
v 0.004712 0.042422 -0.126121
v 0.005802 0.043447 -0.125336
v 0.006625 0.043717 -0.124242
v 0.010078 0.040395 -0.123893
v 0.009551 0.039207 -0.123071
v 0.008422 0.037794 -0.122752
v 0.007696 0.040242 -0.126876
v 0.008996 0.040975 -0.126090
v 0.009870 0.041037 -0.124998
v 0.012530 0.037127 -0.124660
v 0.011745 0.036105 -0.123834
v 0.008588 0.036621 -0.127921
v 0.010203 0.037479 -0.127652
v 0.011625 0.037906 -0.126864
v 0.012480 0.037782 -0.125769
v 0.013967 0.033558 -0.125334
v 0.012972 0.032776 -0.124499
v 0.010004 0.034014 -0.128573
v 0.011773 0.034444 -0.128317
v 0.013257 0.034511 -0.127539
v 0.014064 0.034191 -0.126447
v 0.014508 0.029553 -0.126103
v 0.013382 0.028994 -0.125270
v 0.011645 0.028643 -0.124937
v 0.012550 0.030927 -0.129076
v 0.014000 0.030661 -0.128301
v 0.014726 0.030162 -0.127212
v 0.014319 0.025574 -0.126857
v 0.013097 0.025285 -0.126025
v 0.012706 0.027296 -0.129844
v 0.014071 0.026734 -0.129062
v 0.014667 0.026105 -0.127969
v 0.013185 0.021965 -0.127515
v 0.011939 0.021990 -0.126681
v 0.012051 0.024020 -0.130498
v 0.013228 0.023141 -0.129719
v 0.013650 0.022389 -0.128627
v 0.011017 0.018573 -0.128273
v 0.009808 0.018867 -0.127447
v 0.009078 0.021971 -0.131517
v 0.010457 0.020847 -0.131252
v 0.011377 0.019722 -0.130469
v 0.011588 0.018888 -0.129379
v 0.008272 0.015704 -0.129021
v 0.007176 0.016278 -0.128199
v 0.007154 0.019398 -0.132293
v 0.008226 0.018001 -0.132018
v 0.008860 0.016712 -0.131226
v 0.008883 0.015868 -0.130129
v 0.005080 0.013758 -0.129674
v 0.004173 0.014588 -0.128851
v 0.004914 0.017591 -0.132945
v 0.005597 0.015976 -0.132671
v 0.005887 0.014576 -0.131880
v 0.005703 0.013760 -0.130783
v 0.001329 0.012619 -0.130436
v 0.000617 0.013622 -0.129619
v 0.002361 0.014648 -0.133427
v 0.002326 0.013231 -0.132634
v 0.001953 0.012483 -0.131540
v -0.002484 0.012179 -0.131207
v -0.002952 0.013299 -0.130384
v -0.001021 0.015717 -0.134476
v -0.001085 0.013983 -0.134203
v -0.001412 0.012597 -0.133412
v -0.001921 0.011931 -0.132315
v -0.006090 0.012657 -0.131894
v -0.006271 0.013831 -0.131057
v -0.004295 0.014128 -0.134873
v -0.004948 0.012852 -0.134098
v -0.005604 0.012307 -0.133007
v -0.009644 0.014135 -0.132677
v -0.009575 0.015311 -0.131838
v -0.006695 0.016667 -0.135886
v -0.007534 0.015160 -0.135641
v -0.008460 0.014069 -0.134873
v -0.009233 0.013688 -0.133788
v -0.012794 0.016304 -0.133435
v -0.012467 0.017412 -0.132595
v -0.011592 0.018819 -0.132255
v -0.009406 0.018097 -0.136662
v -0.010552 0.016830 -0.136412
v -0.011682 0.015984 -0.135638
v -0.012503 0.015788 -0.134549
v -0.015190 0.019017 -0.134082
v -0.014588 0.020000 -0.133244
v -0.013386 0.021134 -0.132906
v -0.012903 0.018974 -0.137062
v -0.014202 0.018443 -0.136286
v -0.015042 0.018452 -0.135196
v -0.016898 0.022422 -0.134823
v -0.016080 0.023258 -0.134000
v -0.014656 0.024095 -0.133679
v -0.014732 0.021804 -0.137806
v -0.016101 0.021596 -0.137021
v -0.016898 0.021817 -0.135929
v -0.017867 0.026025 -0.135559
v -0.016875 0.026644 -0.134744
v -0.015301 0.027135 -0.134438
v -0.014322 0.025178 -0.138848
v -0.015973 0.024969 -0.138563
v -0.017327 0.025067 -0.137764
v -0.018025 0.025449 -0.136665
v -0.017960 0.029543 -0.136207
v -0.016842 0.029887 -0.135393
v -0.016380 0.028066 -0.139213
v -0.017669 0.028494 -0.138412
v -0.018255 0.029032 -0.137311
v -0.017113 0.033151 -0.136962
v -0.015938 0.033246 -0.136158
v -0.014320 0.032959 -0.135864
v -0.015957 0.031341 -0.139965
v -0.017100 0.032049 -0.139160
v -0.017531 0.032711 -0.138061
v -0.015586 0.036458 -0.137718
v -0.014426 0.036284 -0.136914
v -0.012924 0.035649 -0.136623
v -0.013492 0.033599 -0.141034
v -0.014866 0.034490 -0.140734
v -0.015816 0.035416 -0.139924
v -0.016087 0.036138 -0.138820
v -0.013399 0.039147 -0.138388
v -0.012347 0.038705 -0.137576
v -0.011071 0.037730 -0.137275
v -0.013162 0.037047 -0.141396
v -0.013848 0.038175 -0.140593
v -0.013942 0.038947 -0.139492
v -0.010477 0.041337 -0.139163
v -0.009546 0.040682 -0.138352
v -0.008522 0.039456 -0.138049
v -0.010746 0.039218 -0.142159
v -0.011153 0.040474 -0.141361
v -0.011061 0.041254 -0.140264
v -0.007233 0.042860 -0.139934
v -0.006487 0.042020 -0.139117
v -0.005771 0.040609 -0.138809
v -0.007926 0.040869 -0.142936
v -0.008052 0.042175 -0.142139
v -0.007803 0.042908 -0.141040
v -0.003914 0.043484 -0.140608
v -0.003407 0.042508 -0.139782
v -0.003066 0.040976 -0.139461
v -0.005050 0.041693 -0.143601
v -0.004855 0.042986 -0.142813
v -0.004443 0.043649 -0.141717
v -0.000366 0.043286 -0.141377
v -0.000074 0.042223 -0.140554
v -0.002179 0.040225 -0.144630
v -0.001898 0.041790 -0.144361
v -0.001418 0.043012 -0.143575
v -0.000859 0.043567 -0.142483
v 0.003021 0.042403 -0.142134
v 0.003063 0.041308 -0.141311
v 0.002723 0.039790 -0.140994
v 0.001243 0.041289 -0.145130
v 0.001965 0.042369 -0.144339
v 0.002616 0.042784 -0.143242
v 0.005918 0.040779 -0.142795
v 0.005693 0.039720 -0.141968
v 0.004998 0.038353 -0.141646
v 0.003931 0.040141 -0.145786
v 0.004893 0.041001 -0.144999
v 0.005620 0.041242 -0.143904
v 0.008485 0.038356 -0.143557
v 0.008035 0.037373 -0.142737
v 0.006387 0.038228 -0.146542
v 0.007519 0.038831 -0.145754
v 0.008290 0.038884 -0.144661
v 0.010462 0.035509 -0.144309
v 0.009791 0.034666 -0.143491
v 0.008439 0.035845 -0.147310
v 0.009663 0.036175 -0.146514
v 0.010407 0.036058 -0.145416
v 0.011569 0.032444 -0.144963
v 0.010713 0.031804 -0.144144
v 0.009310 0.031239 -0.143832
v 0.009714 0.033257 -0.147964
v 0.010971 0.033273 -0.147169
v 0.011655 0.032979 -0.146070
v 0.011901 0.029044 -0.145714
v 0.010927 0.028598 -0.144905
v 0.008795 0.030298 -0.149002
v 0.010310 0.030275 -0.148713
v 0.011518 0.030007 -0.147913
v 0.012108 0.029559 -0.146815
v 0.011621 0.025706 -0.146460
v 0.010570 0.025493 -0.145655
v 0.009070 0.025578 -0.145363
v 0.010357 0.027213 -0.149476
v 0.011474 0.026700 -0.148666
v 0.011944 0.026149 -0.147562
v 0.010574 0.022709 -0.147120
v 0.009514 0.022766 -0.146312
v 0.008093 0.023218 -0.146016
v 0.009720 0.024471 -0.150132
v 0.010671 0.023700 -0.149325
v 0.010990 0.023054 -0.148223
v 0.008683 0.019926 -0.147890
v 0.007664 0.020207 -0.147086
v 0.006399 0.020954 -0.146791
v 0.007175 0.022828 -0.151186
v 0.008296 0.021853 -0.150892
v 0.009031 0.020888 -0.150088
v 0.009178 0.020180 -0.148989
v 0.006324 0.017599 -0.148656
v 0.005415 0.018102 -0.147848
v 0.005486 0.020736 -0.151962
v 0.006349 0.019544 -0.151668
v 0.006847 0.018447 -0.150862
v 0.006843 0.017732 -0.149759
v 0.003621 0.016046 -0.149327
v 0.002879 0.016749 -0.148510
v 0.004100 0.017933 -0.152331
v 0.004314 0.016749 -0.151533
v 0.004143 0.016054 -0.150433
v 0.000467 0.015177 -0.150097
v -0.000111 0.016015 -0.149283
v 0.001154 0.018340 -0.153373
v 0.001378 0.016904 -0.153091
v 0.001320 0.015710 -0.152296
v 0.000990 0.015073 -0.151200
v -0.002726 0.014901 -0.150862
v -0.003101 0.015837 -0.150044
v -0.001414 0.017850 -0.154146
v -0.001501 0.016405 -0.153864
v -0.001805 0.015252 -0.153067
v -0.002251 0.014695 -0.151968
v -0.005724 0.015392 -0.151534
v -0.005855 0.016376 -0.150709
v -0.005668 0.017780 -0.150388
v -0.003738 0.017948 -0.154797
v -0.004176 0.016573 -0.154527
v -0.004751 0.015528 -0.153739
v -0.005317 0.015089 -0.152644
v -0.008655 0.016709 -0.152305
v -0.008571 0.017696 -0.151482
v -0.006866 0.017480 -0.155287
v -0.007663 0.016604 -0.154502
v -0.008319 0.016316 -0.153410
v -0.011219 0.018574 -0.153058
v -0.010915 0.019504 -0.152237
v -0.008372 0.019939 -0.156332
v -0.009351 0.018916 -0.156056
v -0.010307 0.018249 -0.155263
v -0.010993 0.018119 -0.154165
v -0.013147 0.020873 -0.153709
v -0.012616 0.021689 -0.152888
v -0.011265 0.020749 -0.156708
v -0.012351 0.020345 -0.155915
v -0.013043 0.020386 -0.154817
v -0.014497 0.023724 -0.154461
v -0.013796 0.024410 -0.153650
v -0.012590 0.025079 -0.153347
v -0.011404 0.023583 -0.157743
v -0.012725 0.023137 -0.157458
v -0.013861 0.022999 -0.156659
v -0.014514 0.023210 -0.155563
v -0.015247 0.026718 -0.155212
v -0.014412 0.027220 -0.154404
v -0.013690 0.025785 -0.158223
v -0.014811 0.025895 -0.157417
v -0.015385 0.026234 -0.156315
v -0.015266 0.029628 -0.155877
v -0.014340 0.029904 -0.155063
v -0.012598 0.028156 -0.159169
v -0.013963 0.028355 -0.158883
v -0.015027 0.028735 -0.158082
v -0.015510 0.029199 -0.156982
v -0.014513 0.032605 -0.156651
v -0.013551 0.032678 -0.155838
v -0.012219 0.032422 -0.155533
v -0.013544 0.031052 -0.159645
v -0.014489 0.031662 -0.158849
v -0.014849 0.032230 -0.157752
v -0.013208 0.035327 -0.157422
v -0.012268 0.035183 -0.156603
v -0.011037 0.034645 -0.156292
v -0.012588 0.033634 -0.160423
v -0.013375 0.034425 -0.159627
v -0.013607 0.035046 -0.158529
v -0.011364 0.037522 -0.158096
v -0.010506 0.037165 -0.157268
v -0.009462 0.036352 -0.156944
v -0.011160 0.035717 -0.161087
v -0.011726 0.036674 -0.160301
v -0.011805 0.037336 -0.159207
v -0.008901 0.039293 -0.158857
v -0.008138 0.038754 -0.158036
v -0.007304 0.037732 -0.157719
v -0.009149 0.037497 -0.161842
v -0.009473 0.038553 -0.161055
v -0.009386 0.039213 -0.159962
v -0.006173 0.040502 -0.159590
v -0.005559 0.039789 -0.158778
v -0.004984 0.038604 -0.158477
v -0.006274 0.037527 -0.162563
v -0.006812 0.038883 -0.162600
v -0.006889 0.039962 -0.161797
v -0.006658 0.040559 -0.160695
v -0.003400 0.040973 -0.160220
v -0.002989 0.040119 -0.159411
v -0.002734 0.038822 -0.159118
v -0.004399 0.038301 -0.163200
v -0.004417 0.039597 -0.163252
v -0.004221 0.040649 -0.162438
v -0.003851 0.041160 -0.161328
v -0.000451 0.040777 -0.160961
v -0.000228 0.039834 -0.160150
v -0.000262 0.038498 -0.159863
v -0.001991 0.039215 -0.163958
v -0.001353 0.040670 -0.163199
v -0.000864 0.041076 -0.162077
v 0.002373 0.040066 -0.161717
v 0.002385 0.039092 -0.160876
v 0.002059 0.037777 -0.160569
v 0.000706 0.039236 -0.164731
v 0.001465 0.040132 -0.164016
v 0.002033 0.040440 -0.162866
v 0.004828 0.038763 -0.162386
v 0.004612 0.037816 -0.161498
v 0.003971 0.036602 -0.161151
v 0.002983 0.038341 -0.165398
v 0.003913 0.039006 -0.164755
v 0.004568 0.039194 -0.163578
v 0.007045 0.036744 -0.163137
v 0.006623 0.035837 -0.162216
v 0.005098 0.036864 -0.166180
v 0.006139 0.037225 -0.165574
v 0.006862 0.037247 -0.164366
v 0.008723 0.034286 -0.163831
v 0.007611 0.033085 -0.162795
v 0.007012 0.034980 -0.166986
v 0.007997 0.035004 -0.166358
v 0.008696 0.034839 -0.165099
v 0.009587 0.031670 -0.164325
v 0.008700 0.030852 -0.163331
v 0.008347 0.032884 -0.167633
v 0.009204 0.032569 -0.166935
v 0.009780 0.032230 -0.165615
v 0.009853 0.028862 -0.164785
v 0.009299 0.030344 -0.168298
v 0.009945 0.029869 -0.167426
v 0.010303 0.029408 -0.166049
v 0.009739 0.025917 -0.165261
v 0.008376 0.025548 -0.164731
v 0.009919 0.027449 -0.168946
v 0.010396 0.026869 -0.167857
v 0.010473 0.026361 -0.166452
v 0.009023 0.023196 -0.165712
v 0.007482 0.023272 -0.165398
v 0.009859 0.024647 -0.169445
v 0.010193 0.023856 -0.168214
v 0.009982 0.023391 -0.166816
v 0.007570 0.020600 -0.166335
v 0.005999 0.021165 -0.166180
v 0.008938 0.021700 -0.170045
v 0.009042 0.020811 -0.168747
v 0.008620 0.020482 -0.167368
v 0.005573 0.018179 -0.167069
v 0.004116 0.019254 -0.166986
v 0.007259 0.018806 -0.170722
v 0.007066 0.017928 -0.169454
v 0.006566 0.017768 -0.168076
v 0.003248 0.016431 -0.167702
v 0.002022 0.017921 -0.167633
v 0.005077 0.016616 -0.171286
v 0.004592 0.015785 -0.170103
v 0.004086 0.015770 -0.168716
v 0.000364 0.015209 -0.168420
v -0.000516 0.016970 -0.168298
v 0.002196 0.014943 -0.171961
v 0.001537 0.014272 -0.170837
v 0.001036 0.014375 -0.169440
v -0.002924 0.014485 -0.169154
v -0.003409 0.016343 -0.168946
v -0.001192 0.013777 -0.172711
v -0.002011 0.013269 -0.171601
v -0.002463 0.013499 -0.170182
v -0.006082 0.014601 -0.169722
v -0.006211 0.016404 -0.169445
v -0.004511 0.013522 -0.173353
v -0.005535 0.013147 -0.172229
v -0.005901 0.013500 -0.170773
v -0.009377 0.015565 -0.170357
v -0.009158 0.017326 -0.170045
v -0.008048 0.014168 -0.174116
v -0.009174 0.013953 -0.172954
v -0.009457 0.014406 -0.171443
v -0.012653 0.017216 -0.171021
v -0.012050 0.019007 -0.170722
v -0.011625 0.015577 -0.174962
v -0.012842 0.015569 -0.173783
v -0.013013 0.016073 -0.172182
v -0.015271 0.019471 -0.171556
v -0.014239 0.021188 -0.171286
v -0.014506 0.017672 -0.175688
v -0.015858 0.017929 -0.174513
v -0.015917 0.018442 -0.172812
v -0.017782 0.023607 -0.172395
v -0.016085 0.024532 -0.172057
v -0.017224 0.021148 -0.176595
v -0.018798 0.022251 -0.175510
v -0.018715 0.022773 -0.173724
v -0.018859 0.026288 -0.172910
v -0.017080 0.027460 -0.172711
v -0.018897 0.024244 -0.177244
v -0.020125 0.025111 -0.176074
v -0.019942 0.025612 -0.174258
v -0.019281 0.029997 -0.173512
v -0.017334 0.030780 -0.173353
v -0.019800 0.028040 -0.177856
v -0.020852 0.029211 -0.176691
v -0.020524 0.029633 -0.174861
v -0.018687 0.033971 -0.174223
v -0.016688 0.034317 -0.174116
v -0.019804 0.032261 -0.178668
v -0.020464 0.033571 -0.177373
v -0.020010 0.033903 -0.175550
v -0.017284 0.037957 -0.174986
v -0.015279 0.037895 -0.174962
v -0.018798 0.037034 -0.179462
v -0.018802 0.037759 -0.178046
v -0.018600 0.038210 -0.176300
v -0.015099 0.041221 -0.175634
v -0.013184 0.040777 -0.175688
v -0.009801 0.032745 -0.182269
v -0.010862 0.034879 -0.182613
v -0.011926 0.037431 -0.183176
v -0.012820 0.040891 -0.183923
v -0.016238 0.042117 -0.181066
v -0.016445 0.041714 -0.178861
v -0.016299 0.041811 -0.176953
v -0.011964 0.044075 -0.176390
v -0.010231 0.043239 -0.176482
v -0.006821 0.032364 -0.181975
v -0.008155 0.036153 -0.182456
v -0.009635 0.039009 -0.183002
v -0.011165 0.041727 -0.183341
v -0.012245 0.043475 -0.182760
v -0.013097 0.044356 -0.181379
v -0.013230 0.044800 -0.179557
v -0.012980 0.044928 -0.177721
v -0.008142 0.046320 -0.177116
v -0.006611 0.045170 -0.177244
v -0.002291 0.034571 -0.182052
v -0.004794 0.037998 -0.182676
v -0.006620 0.040899 -0.183342
v -0.008330 0.043925 -0.183981
v -0.009041 0.045656 -0.183496
v -0.009415 0.047003 -0.182154
v -0.009361 0.047631 -0.180315
v -0.008898 0.047388 -0.178471
v -0.004111 0.047447 -0.177711
v -0.002815 0.046074 -0.177856
v 0.000052 0.037539 -0.182570
v -0.001867 0.039886 -0.183215
v -0.003434 0.042360 -0.183946
v -0.004955 0.045106 -0.184538
v -0.005262 0.046956 -0.184066
v -0.005306 0.048361 -0.182737
v -0.005079 0.048971 -0.180908
v -0.004644 0.048644 -0.179068
v 0.000489 0.047774 -0.178623
v 0.001406 0.046078 -0.178668
v 0.002451 0.039056 -0.183163
v 0.000858 0.041167 -0.183956
v -0.000167 0.043269 -0.184829
v -0.001124 0.045781 -0.185408
v -0.000996 0.047648 -0.184923
v -0.000675 0.049014 -0.183594
v -0.000246 0.049528 -0.181775
v 0.000180 0.049080 -0.179956
v 0.005577 0.046583 -0.179881
v 0.006179 0.045072 -0.179462
v 0.004867 0.039884 -0.183893
v 0.003087 0.042143 -0.184789
v 0.003101 0.043597 -0.186085
v 0.003444 0.045465 -0.186522
v 0.004023 0.047245 -0.185982
v 0.004683 0.048461 -0.184611
v 0.005249 0.048788 -0.182775
v 0.005579 0.048167 -0.180966
v 0.010245 0.045048 -0.181110
v 0.011265 0.042515 -0.181066
v 0.007996 0.039824 -0.185063
v 0.006758 0.040811 -0.186244
v 0.006642 0.042494 -0.187414
v 0.006978 0.044501 -0.187678
v 0.007678 0.046296 -0.186967
v 0.008552 0.047396 -0.185470
v 0.009367 0.047507 -0.183589
v 0.009910 0.046608 -0.181828
v 0.021049 0.049083 -0.187438
v 0.022499 0.046218 -0.188675
v 0.022368 0.043458 -0.190726
v 0.020692 0.041543 -0.193041
v 0.017919 0.040985 -0.195001
v 0.014793 0.041935 -0.196080
v 0.012150 0.044137 -0.195989
v 0.010700 0.047002 -0.194752
v 0.010831 0.049762 -0.192701
v 0.012507 0.051677 -0.190385
v 0.015280 0.052235 -0.188425
v 0.018406 0.051285 -0.187346
v -0.011065 0.025471 -0.011303
v -0.010333 0.023640 -0.010262
v -0.011332 0.031933 -0.013502
v -0.011791 0.029651 -0.012704
v -0.011760 0.027578 -0.012053
v -0.010550 0.035925 -0.010885
v -0.009648 0.035519 -0.010104
v -0.010747 0.034645 -0.013926
v -0.011187 0.035422 -0.013091
v -0.011113 0.035890 -0.011978
v -0.008986 0.037626 -0.011491
v -0.008121 0.037087 -0.010744
v -0.007213 0.036615 -0.010266
v -0.009459 0.036433 -0.014538
v -0.009760 0.037251 -0.013682
v -0.009585 0.037686 -0.012567
v -0.006738 0.039177 -0.012300
v -0.006034 0.038434 -0.011540
v -0.005382 0.037347 -0.011303
v -0.007076 0.036931 -0.015680
v -0.007506 0.038086 -0.015330
v -0.007590 0.038980 -0.014488
v -0.007307 0.039377 -0.013379
v -0.004127 0.040187 -0.013099
v -0.003638 0.039282 -0.012316
v -0.003275 0.038043 -0.012053
v -0.004939 0.037994 -0.016462
v -0.005083 0.039254 -0.016135
v -0.004963 0.040177 -0.015304
v -0.004612 0.040516 -0.014193
v -0.001505 0.040419 -0.013795
v -0.001252 0.039384 -0.012993
v -0.001202 0.038074 -0.012704
v -0.002679 0.039780 -0.016812
v -0.002330 0.040678 -0.016000
v -0.001899 0.040897 -0.014895
v 0.001226 0.039770 -0.014581
v 0.001251 0.038719 -0.013775
v -0.000518 0.038261 -0.017875
v -0.000068 0.039460 -0.017582
v 0.000468 0.040213 -0.016779
v 0.000941 0.040322 -0.015680
v 0.003764 0.038647 -0.015333
v 0.003542 0.037621 -0.014529
v 0.002490 0.038663 -0.018349
v 0.003165 0.039264 -0.017538
v 0.003630 0.039253 -0.016434
v 0.005859 0.037047 -0.015981
v 0.005387 0.036107 -0.015179
v 0.003689 0.036558 -0.019301
v 0.004634 0.037402 -0.018999
v 0.005438 0.037808 -0.018186
v 0.005882 0.037673 -0.017081
v 0.007669 0.034908 -0.016748
v 0.007000 0.034083 -0.015950
v 0.005411 0.034930 -0.020061
v 0.006529 0.035550 -0.019758
v 0.007413 0.035765 -0.018947
v 0.007826 0.035526 -0.017845
v 0.009118 0.032505 -0.017547
v 0.008283 0.031846 -0.016731
v 0.007112 0.031255 -0.016424
v 0.008078 0.033324 -0.020551
v 0.009017 0.033365 -0.019752
v 0.009393 0.033062 -0.018653
v 0.009955 0.029921 -0.018269
v 0.008991 0.029474 -0.017425
v 0.007689 0.029176 -0.017078
v 0.007636 0.030893 -0.021484
v 0.008987 0.030969 -0.021240
v 0.009970 0.030787 -0.020472
v 0.010319 0.030401 -0.019384
v 0.009982 0.027002 -0.019073
v 0.008911 0.026771 -0.018218
v 0.007964 0.028492 -0.022241
v 0.009320 0.028268 -0.022018
v 0.010242 0.027865 -0.021266
v 0.010477 0.027401 -0.020188
v 0.009325 0.024150 -0.019826
v 0.008230 0.024175 -0.018973
v 0.007733 0.025994 -0.023016
v 0.008998 0.025479 -0.022786
v 0.009794 0.024895 -0.022028
v 0.009906 0.024409 -0.020944
v 0.008053 0.021659 -0.020461
v 0.006991 0.021960 -0.019614
v 0.007035 0.023837 -0.023669
v 0.008122 0.023018 -0.023429
v 0.008730 0.022254 -0.022664
v 0.008696 0.021760 -0.021578
v 0.006135 0.019384 -0.021202
v 0.005151 0.019924 -0.020370
v 0.005700 0.021733 -0.024430
v 0.006571 0.020684 -0.024174
v 0.006974 0.019802 -0.023398
v 0.006807 0.019331 -0.022310
v 0.003852 0.017476 -0.021959
v 0.003012 0.018238 -0.021127
v 0.003920 0.019864 -0.025204
v 0.004545 0.018635 -0.024944
v 0.004751 0.017681 -0.024163
v 0.004492 0.017263 -0.023071
v 0.001285 0.016216 -0.022631
v 0.000650 0.017164 -0.021790
v 0.001940 0.018613 -0.025856
v 0.002247 0.017242 -0.025607
v 0.002215 0.016234 -0.024834
v 0.001859 0.015866 -0.023745
v -0.001724 0.015533 -0.023387
v -0.002150 0.016624 -0.022555
v -0.002393 0.018048 -0.022222
v -0.000511 0.017781 -0.026616
v -0.000515 0.016344 -0.026360
v -0.000778 0.015346 -0.025584
v -0.001223 0.015057 -0.024496
v -0.004826 0.015653 -0.024109
v -0.004976 0.016864 -0.023290
v -0.003196 0.017398 -0.027391
v -0.003520 0.016000 -0.027111
v -0.003990 0.015123 -0.026315
v -0.004469 0.015006 -0.025216
v -0.007661 0.016527 -0.024733
v -0.007499 0.017750 -0.023926
v -0.007050 0.019126 -0.023631
v -0.006313 0.016448 -0.027746
v -0.006990 0.015745 -0.026938
v -0.007481 0.015783 -0.025835
v -0.010387 0.018122 -0.025482
v -0.009950 0.019292 -0.024688
v -0.008135 0.018748 -0.028802
v -0.009082 0.017678 -0.028494
v -0.009907 0.017163 -0.027680
v -0.010380 0.017335 -0.026578
v -0.012779 0.020168 -0.026262
v -0.012084 0.021208 -0.025458
v -0.010422 0.020339 -0.029577
v -0.011596 0.019494 -0.029277
v -0.012524 0.019157 -0.028467
v -0.012950 0.019412 -0.027364
v -0.014526 0.022624 -0.026961
v -0.013611 0.023466 -0.026137
v -0.012351 0.024246 -0.025818
v -0.013426 0.021714 -0.029957
v -0.014449 0.021599 -0.029166
v -0.014843 0.021938 -0.028070
v -0.015742 0.025632 -0.027741
v -0.014666 0.026271 -0.026915
v -0.013289 0.024734 -0.030988
v -0.014777 0.024488 -0.030723
v -0.015838 0.024596 -0.029939
v -0.016180 0.025019 -0.028848
v -0.016359 0.028872 -0.028478
v -0.015116 0.029252 -0.027660
v -0.013580 0.029428 -0.027350
v -0.014175 0.027482 -0.031761
v -0.015700 0.027566 -0.031481
v -0.016720 0.027897 -0.030684
v -0.016960 0.028377 -0.029585
v -0.015991 0.032022 -0.029109
v -0.014676 0.032079 -0.028300
v -0.014338 0.030108 -0.032412
v -0.015790 0.030582 -0.032120
v -0.016666 0.031166 -0.031314
v -0.016730 0.031693 -0.030212
v -0.014805 0.035195 -0.029856
v -0.013495 0.034951 -0.029061
v -0.015009 0.033726 -0.032867
v -0.015710 0.034505 -0.032054
v -0.015626 0.035039 -0.030952
v -0.013051 0.038081 -0.030626
v -0.011831 0.037536 -0.029825
v -0.010539 0.036647 -0.029538
v -0.013545 0.036709 -0.033645
v -0.014066 0.037627 -0.032832
v -0.013877 0.038124 -0.031727
v -0.010749 0.040336 -0.031320
v -0.009701 0.039523 -0.030500
v -0.008659 0.038340 -0.030189
v -0.011516 0.039026 -0.034321
v -0.011815 0.040077 -0.033525
v -0.011527 0.040550 -0.032427
v -0.007790 0.042108 -0.032116
v -0.006931 0.041101 -0.031289
v -0.006152 0.039708 -0.030963
v -0.008808 0.040878 -0.035096
v -0.008883 0.042007 -0.034314
v -0.008507 0.042452 -0.033224
v -0.004526 0.043322 -0.032898
v -0.003910 0.042158 -0.032060
v -0.003446 0.040616 -0.031722
v -0.005732 0.042254 -0.035878
v -0.005582 0.043408 -0.035102
v -0.005138 0.043788 -0.034012
v -0.001174 0.043639 -0.033574
v -0.000857 0.042344 -0.032727
v -0.000786 0.040712 -0.032376
v -0.002641 0.042839 -0.036541
v -0.002202 0.043958 -0.035776
v -0.001664 0.044241 -0.034690
v 0.002384 0.042988 -0.034328
v 0.002406 0.041635 -0.033490
v 0.002106 0.040018 -0.033150
v 0.000741 0.042592 -0.037293
v 0.001433 0.043568 -0.036523
v 0.002034 0.043705 -0.035438
v 0.005748 0.041608 -0.035047
v 0.005433 0.040268 -0.034224
v 0.004756 0.038752 -0.033908
v 0.004130 0.041665 -0.038044
v 0.005012 0.042442 -0.037252
v 0.005601 0.042413 -0.036155
v 0.008507 0.039502 -0.035663
v 0.007850 0.038268 -0.034855
v 0.006800 0.036966 -0.034559
v 0.006985 0.040036 -0.038675
v 0.008031 0.040544 -0.037869
v 0.008583 0.040341 -0.036766
v 0.010819 0.036628 -0.036398
v 0.009893 0.035554 -0.035608
v 0.008004 0.036780 -0.039729
v 0.009470 0.037552 -0.039415
v 0.010601 0.037795 -0.038596
v 0.011088 0.037451 -0.037492
v 0.012572 0.033403 -0.037163
v 0.011424 0.032565 -0.036370
v 0.009884 0.031835 -0.036093
v 0.011421 0.034543 -0.040189
v 0.012597 0.034552 -0.039368
v 0.013011 0.034131 -0.038261
v 0.013450 0.030000 -0.037859
v 0.012160 0.029462 -0.037047
v 0.010485 0.029126 -0.036745
v 0.010762 0.031352 -0.041155
v 0.012460 0.031389 -0.040866
v 0.013645 0.031111 -0.040064
v 0.014001 0.030602 -0.038963
v 0.013467 0.026229 -0.038659
v 0.012091 0.025973 -0.037837
v 0.011015 0.028193 -0.041914
v 0.012705 0.027854 -0.041643
v 0.013843 0.027311 -0.040856
v 0.014116 0.026716 -0.039764
v 0.012703 0.022516 -0.039437
v 0.011306 0.022576 -0.038607
v 0.012261 0.024245 -0.042425
v 0.013274 0.023470 -0.041642
v 0.013431 0.022838 -0.040548
v 0.011071 0.019258 -0.040111
v 0.009736 0.019654 -0.039272
v 0.009648 0.022183 -0.043339
v 0.011030 0.021096 -0.043088
v 0.011835 0.020076 -0.042315
v 0.011846 0.019406 -0.041225
v 0.008510 0.016328 -0.040884
v 0.007289 0.017002 -0.040046
v 0.007779 0.019561 -0.044098
v 0.008888 0.018185 -0.043850
v 0.009446 0.016994 -0.043080
v 0.009304 0.016318 -0.041994
v 0.005419 0.013983 -0.041652
v 0.004391 0.014912 -0.040810
v 0.006139 0.015727 -0.044626
v 0.006434 0.014440 -0.043855
v 0.006168 0.013805 -0.042766
v 0.001999 0.012558 -0.042316
v 0.001232 0.013702 -0.041470
v 0.000581 0.015334 -0.041119
v 0.002755 0.015895 -0.045524
v 0.003119 0.014146 -0.045285
v 0.003090 0.012798 -0.044519
v 0.002679 0.012220 -0.043433
v -0.001911 0.012004 -0.043059
v -0.002418 0.013282 -0.042225
v -0.002695 0.015018 -0.041891
v -0.000386 0.015080 -0.046285
v -0.000426 0.013305 -0.046030
v -0.000764 0.012006 -0.045256
v -0.001308 0.011531 -0.044168
v -0.005860 0.012200 -0.043769
v -0.006048 0.013595 -0.042954
v -0.003730 0.014781 -0.047060
v -0.004167 0.013061 -0.046774
v -0.004778 0.011889 -0.045974
v -0.005397 0.011572 -0.044874
v -0.009460 0.013358 -0.044385
v -0.009278 0.014782 -0.043585
v -0.007614 0.013676 -0.047405
v -0.008504 0.012718 -0.046590
v -0.009179 0.012602 -0.045485
v -0.012860 0.015511 -0.045133
v -0.012358 0.016873 -0.044346
v -0.011392 0.018404 -0.044076
v -0.009772 0.016631 -0.048470
v -0.010978 0.015325 -0.048152
v -0.012069 0.014617 -0.047330
v -0.012755 0.014687 -0.046225
v -0.015720 0.018269 -0.045916
v -0.014935 0.019463 -0.045119
v -0.012456 0.018740 -0.049246
v -0.013925 0.017728 -0.048938
v -0.015147 0.017265 -0.048121
v -0.015799 0.017466 -0.047015
v -0.017689 0.021478 -0.046622
v -0.016669 0.022432 -0.045801
v -0.015951 0.020578 -0.049621
v -0.017285 0.020408 -0.048828
v -0.017918 0.020738 -0.047730
v -0.018879 0.025301 -0.047408
v -0.017689 0.026024 -0.046583
v -0.015996 0.026595 -0.046260
v -0.015537 0.024278 -0.050657
v -0.017330 0.024020 -0.050390
v -0.018685 0.024146 -0.049606
v -0.019246 0.024615 -0.048515
v -0.019314 0.029280 -0.048147
v -0.017997 0.029715 -0.047329
v -0.016214 0.029897 -0.047019
v -0.018109 0.027734 -0.051149
v -0.019385 0.028143 -0.050353
v -0.019820 0.028707 -0.049254
v -0.018804 0.033086 -0.048777
v -0.017393 0.033169 -0.047968
v -0.016365 0.030679 -0.052081
v -0.018074 0.031275 -0.051788
v -0.019205 0.032000 -0.050982
v -0.019468 0.032661 -0.049880
v -0.017239 0.036876 -0.049523
v -0.015817 0.036631 -0.048728
v -0.014122 0.035937 -0.048447
v -0.017026 0.034920 -0.052534
v -0.017944 0.035898 -0.051720
v -0.018017 0.036610 -0.050618
v -0.014948 0.040234 -0.050293
v -0.013626 0.039661 -0.049493
v -0.012134 0.038596 -0.049207
v -0.015149 0.038309 -0.053313
v -0.015832 0.039464 -0.052499
v -0.015755 0.040164 -0.051394
v -0.012029 0.042743 -0.050984
v -0.010902 0.041882 -0.050167
v -0.009724 0.040490 -0.049858
v -0.012650 0.040857 -0.053987
v -0.013040 0.042164 -0.053190
v -0.012810 0.042849 -0.052091
v -0.008388 0.044588 -0.051770
v -0.007463 0.043516 -0.050949
v -0.006604 0.041901 -0.050631
v -0.009409 0.042805 -0.054756
v -0.009510 0.044189 -0.053968
v -0.009136 0.044837 -0.052875
v -0.004473 0.045664 -0.052531
v -0.003816 0.044419 -0.051708
v -0.003333 0.042669 -0.051390
v -0.005814 0.044169 -0.055527
v -0.005624 0.045536 -0.054736
v -0.005133 0.046077 -0.053639
v -0.000592 0.045781 -0.053189
v -0.000262 0.044423 -0.052363
v -0.000231 0.042600 -0.052043
v -0.002278 0.044609 -0.056182
v -0.001749 0.045896 -0.055393
v -0.001134 0.046321 -0.054297
v 0.003457 0.044895 -0.053947
v 0.003478 0.043472 -0.053130
v 0.001507 0.044173 -0.056936
v 0.002327 0.045306 -0.056144
v 0.003038 0.045566 -0.055050
v 0.007227 0.043187 -0.054703
v 0.006908 0.041791 -0.053886
v 0.006117 0.040116 -0.053577
v 0.005209 0.042923 -0.057705
v 0.006255 0.043846 -0.056908
v 0.006990 0.043939 -0.055809
v 0.010265 0.040685 -0.055370
v 0.009612 0.039417 -0.054546
v 0.008428 0.037994 -0.054229
v 0.008223 0.040916 -0.058366
v 0.009474 0.041553 -0.057575
v 0.010217 0.041466 -0.056478
v 0.012718 0.037313 -0.056143
v 0.011811 0.036212 -0.055321
v 0.010750 0.038018 -0.059128
v 0.012114 0.038354 -0.058341
v 0.012827 0.038093 -0.057249
v 0.014485 0.033578 -0.056916
v 0.013356 0.032714 -0.056087
v 0.011675 0.031933 -0.055762
v 0.012700 0.034637 -0.059906
v 0.014118 0.034686 -0.059120
v 0.014766 0.034298 -0.058026
v 0.015190 0.029706 -0.057593
v 0.013914 0.029150 -0.056755
v 0.013679 0.031173 -0.060571
v 0.015075 0.030870 -0.059797
v 0.015622 0.030334 -0.058707
v 0.014993 0.025518 -0.058358
v 0.013615 0.025246 -0.057524
v 0.011972 0.027742 -0.061582
v 0.013810 0.027336 -0.061328
v 0.015112 0.026717 -0.060554
v 0.015541 0.026055 -0.059467
v 0.013943 0.021459 -0.059096
v 0.012517 0.021524 -0.058270
v 0.010714 0.022013 -0.057948
v 0.013243 0.023437 -0.062088
v 0.014368 0.022555 -0.061301
v 0.014621 0.021835 -0.060205
v 0.011958 0.017974 -0.059736
v 0.010582 0.018406 -0.058914
v 0.010374 0.021272 -0.063009
v 0.011819 0.020054 -0.062733
v 0.012676 0.018915 -0.061941
v 0.012724 0.018158 -0.060843
v 0.008987 0.014934 -0.060492
v 0.007728 0.015666 -0.059679
v 0.008258 0.018503 -0.063769
v 0.009385 0.016989 -0.063486
v 0.009945 0.015687 -0.062690
v 0.009797 0.014939 -0.061594
v 0.005531 0.012555 -0.061269
v 0.004481 0.013547 -0.060448
v 0.005539 0.016213 -0.064543
v 0.006305 0.014493 -0.064267
v 0.006583 0.013091 -0.063474
v 0.006299 0.012386 -0.062376
v 0.001796 0.011176 -0.061963
v 0.001026 0.012373 -0.061125
v 0.003000 0.012952 -0.064942
v 0.002932 0.011500 -0.064167
v 0.002492 0.010855 -0.063077
v -0.002409 0.010753 -0.062748
v -0.002914 0.012053 -0.061906
v -0.000722 0.014171 -0.065953
v -0.000811 0.012266 -0.065710
v -0.001201 0.010859 -0.064944
v -0.001785 0.010317 -0.063860
v -0.006620 0.011061 -0.063502
v -0.006813 0.012459 -0.062661
v -0.004265 0.014059 -0.066727
v -0.004767 0.012214 -0.066478
v -0.005447 0.010914 -0.065706
v -0.006122 0.010496 -0.064616
v -0.010444 0.012401 -0.064149
v -0.010276 0.013817 -0.063310
v -0.009642 0.015593 -0.062971
v -0.007394 0.014694 -0.067378
v -0.008349 0.013028 -0.067127
v -0.009340 0.011941 -0.066353
v -0.010103 0.011715 -0.065263
v -0.014016 0.014841 -0.064897
v -0.013524 0.016205 -0.064071
v -0.012495 0.017798 -0.063745
v -0.011829 0.014888 -0.067876
v -0.013047 0.014079 -0.067094
v -0.013843 0.014064 -0.066004
v -0.016960 0.017947 -0.065646
v -0.016152 0.019157 -0.064823
v -0.014781 0.020468 -0.064505
v -0.014891 0.017499 -0.068641
v -0.016242 0.016990 -0.067851
v -0.016994 0.017156 -0.066754
v -0.018938 0.021480 -0.066305
v -0.017855 0.022448 -0.065478
v -0.016193 0.023376 -0.065157
v -0.017008 0.020547 -0.069298
v -0.018459 0.020385 -0.068510
v -0.019160 0.020727 -0.067414
v -0.020045 0.025613 -0.067067
v -0.018772 0.026335 -0.066246
v -0.016474 0.024449 -0.070326
v -0.018384 0.024235 -0.070054
v -0.019830 0.024405 -0.069265
v -0.020433 0.024909 -0.068172
v -0.020367 0.029843 -0.067827
v -0.018990 0.030263 -0.067004
v -0.017101 0.030402 -0.066688
v -0.019009 0.028187 -0.070825
v -0.020382 0.028652 -0.070033
v -0.020876 0.029255 -0.068935
v -0.019730 0.033850 -0.068498
v -0.018289 0.033918 -0.067668
v -0.016414 0.033582 -0.067341
v -0.016971 0.031211 -0.071749
v -0.018781 0.031882 -0.071486
v -0.020018 0.032683 -0.070702
v -0.020362 0.033401 -0.069608
v -0.017950 0.037818 -0.069266
v -0.016513 0.037564 -0.068440
v -0.014753 0.036809 -0.068116
v -0.017513 0.035635 -0.072245
v -0.018530 0.036714 -0.071463
v -0.018687 0.037509 -0.070372
v -0.015360 0.041294 -0.070015
v -0.014021 0.040695 -0.069192
v -0.012483 0.039546 -0.068876
v -0.015442 0.039138 -0.073011
v -0.016182 0.040405 -0.072219
v -0.016149 0.041190 -0.071123
v -0.012127 0.043822 -0.070661
v -0.010985 0.042902 -0.069841
v -0.009788 0.041399 -0.069527
v -0.012760 0.041774 -0.073661
v -0.013149 0.043178 -0.072867
v -0.012914 0.043921 -0.071769
v -0.008193 0.045629 -0.071416
v -0.007263 0.044470 -0.070604
v -0.006417 0.042734 -0.070300
v -0.009304 0.043764 -0.074413
v -0.009368 0.045230 -0.073615
v -0.008961 0.045908 -0.072518
v -0.004034 0.046620 -0.072184
v -0.003389 0.045288 -0.071368
v -0.002943 0.043415 -0.071059
v -0.005473 0.045048 -0.075188
v -0.005231 0.046490 -0.074390
v -0.004706 0.047061 -0.073291
v 0.000039 0.046610 -0.072872
v 0.000345 0.045202 -0.072041
v 0.000322 0.043290 -0.071712
v -0.001760 0.045309 -0.075859
v -0.001168 0.046677 -0.075077
v -0.000512 0.047149 -0.073983
v 0.004254 0.045548 -0.073658
v 0.004253 0.044099 -0.072824
v 0.003809 0.042228 -0.072488
v 0.002150 0.044660 -0.076627
v 0.003049 0.045875 -0.075854
v 0.003816 0.046197 -0.074767
v 0.008156 0.043606 -0.074419
v 0.007813 0.042193 -0.073583
v 0.005946 0.043208 -0.077400
v 0.007087 0.044195 -0.076622
v 0.007892 0.044337 -0.075531
v 0.011249 0.040839 -0.075071
v 0.010557 0.039559 -0.074234
v 0.009286 0.038111 -0.073899
v 0.007484 0.039797 -0.078307
v 0.009019 0.041021 -0.078052
v 0.010370 0.041683 -0.077275
v 0.011182 0.041615 -0.076184
v 0.013699 0.037196 -0.075820
v 0.012734 0.036086 -0.074995
v 0.009805 0.037082 -0.079067
v 0.011567 0.037921 -0.078801
v 0.013031 0.038252 -0.078018
v 0.013809 0.037987 -0.076927
v 0.015396 0.033200 -0.076569
v 0.014188 0.032341 -0.075747
v 0.012397 0.031585 -0.075431
v 0.013533 0.034348 -0.079566
v 0.015026 0.034355 -0.078774
v 0.015703 0.033936 -0.077677
v 0.015974 0.029120 -0.077232
v 0.014597 0.028589 -0.076405
v 0.012691 0.028304 -0.076083
v 0.012490 0.030752 -0.080492
v 0.014452 0.030696 -0.080224
v 0.015900 0.030330 -0.079436
v 0.016452 0.029755 -0.078341
v 0.015581 0.024765 -0.077999
v 0.014129 0.024536 -0.077176
v 0.012516 0.027185 -0.081252
v 0.014415 0.026691 -0.080982
v 0.015751 0.026001 -0.080196
v 0.016174 0.025299 -0.079104
v 0.014346 0.020590 -0.078759
v 0.012871 0.020703 -0.077935
v 0.013631 0.022683 -0.081754
v 0.014788 0.021725 -0.080964
v 0.015048 0.020963 -0.079867
v 0.012164 0.017036 -0.079423
v 0.010766 0.017514 -0.078594
v 0.011986 0.019263 -0.082413
v 0.012870 0.018036 -0.081628
v 0.012933 0.017225 -0.080534
v 0.008952 0.013988 -0.080186
v 0.007685 0.014766 -0.079363
v 0.008205 0.017815 -0.083437
v 0.009339 0.016200 -0.083168
v 0.009907 0.014806 -0.082383
v 0.009764 0.014001 -0.081291
v 0.005255 0.011632 -0.080935
v 0.004203 0.012693 -0.080116
v 0.005341 0.015507 -0.084212
v 0.006088 0.013674 -0.083934
v 0.006341 0.012190 -0.083140
v 0.006036 0.011447 -0.082043
v 0.001291 0.010368 -0.081589
v 0.000538 0.011664 -0.080768
v 0.002349 0.014087 -0.084864
v 0.002613 0.012122 -0.084588
v 0.002485 0.010624 -0.083794
v 0.002002 0.009986 -0.082696
v -0.003101 0.010128 -0.082346
v -0.003562 0.011553 -0.081533
v -0.003737 0.013496 -0.081227
v -0.001383 0.011501 -0.085340
v -0.001850 0.010083 -0.084544
v -0.002477 0.009586 -0.083448
v -0.007432 0.010634 -0.083104
v -0.007559 0.012130 -0.082290
v -0.004893 0.013522 -0.086398
v -0.005495 0.011639 -0.086111
v -0.006249 0.010347 -0.085309
v -0.006955 0.009982 -0.084209
v -0.011318 0.012153 -0.083774
v -0.011074 0.013633 -0.082953
v -0.010335 0.015459 -0.082639
v -0.008102 0.014357 -0.087048
v -0.009157 0.012672 -0.086772
v -0.010219 0.011595 -0.085979
v -0.011007 0.011408 -0.084882
v -0.014913 0.014801 -0.084546
v -0.014346 0.016199 -0.083728
v -0.012655 0.014773 -0.087533
v -0.013946 0.013977 -0.086743
v -0.014768 0.013989 -0.085650
v -0.017847 0.018111 -0.085302
v -0.016961 0.019335 -0.084484
v -0.015701 0.017601 -0.088303
v -0.017127 0.017112 -0.087507
v -0.017910 0.017299 -0.086409
v -0.019773 0.021835 -0.085956
v -0.018605 0.022797 -0.085137
v -0.016838 0.023697 -0.084825
v -0.015895 0.021395 -0.089236
v -0.017806 0.020810 -0.088957
v -0.019320 0.020690 -0.088162
v -0.020036 0.021065 -0.087063
v -0.020762 0.026155 -0.086709
v -0.019397 0.026853 -0.085899
v -0.017470 0.027349 -0.085598
v -0.019115 0.024672 -0.089708
v -0.020608 0.024901 -0.088908
v -0.021206 0.025442 -0.087810
v -0.020919 0.030539 -0.087463
v -0.019436 0.030911 -0.086654
v -0.019638 0.028785 -0.090475
v -0.021043 0.029318 -0.089669
v -0.021508 0.029958 -0.088566
v -0.020076 0.034636 -0.088133
v -0.018560 0.034637 -0.087317
v -0.017373 0.031828 -0.091419
v -0.019220 0.032595 -0.091136
v -0.020459 0.033465 -0.090338
v -0.020771 0.034210 -0.089238
v -0.018085 0.038651 -0.088908
v -0.016594 0.038319 -0.088093
v -0.014796 0.037461 -0.087785
v -0.017746 0.036408 -0.091899
v -0.018753 0.037556 -0.091105
v -0.018874 0.038374 -0.090010
v -0.015292 0.042131 -0.089671
v -0.013927 0.041452 -0.088854
v -0.012377 0.040200 -0.088545
v -0.015452 0.039919 -0.092673
v -0.016175 0.041255 -0.091876
v -0.016114 0.042061 -0.090777
v -0.011903 0.044655 -0.090333
v -0.010753 0.043655 -0.089511
v -0.009566 0.042050 -0.089196
v -0.012591 0.042523 -0.093331
v -0.012964 0.044012 -0.092538
v -0.012711 0.044788 -0.091441
v -0.007781 0.046383 -0.091094
v -0.006863 0.045151 -0.090278
v -0.006047 0.043319 -0.089969
v -0.008962 0.044440 -0.094086
v -0.008991 0.045982 -0.093293
v -0.008559 0.046690 -0.092197
v -0.003447 0.047264 -0.091854
v -0.002831 0.045853 -0.091037
v -0.002438 0.043885 -0.090728
v -0.004975 0.045642 -0.094857
v -0.004681 0.047150 -0.094060
v -0.004123 0.047742 -0.092960
v 0.000761 0.047080 -0.092528
v 0.001015 0.045577 -0.091702
v 0.000912 0.043579 -0.091381
v -0.001135 0.045810 -0.095520
v -0.000475 0.047218 -0.094733
v 0.000217 0.047682 -0.093637
v 0.005048 0.045777 -0.093306
v 0.004979 0.044261 -0.092480
v 0.004441 0.042334 -0.092156
v 0.001974 0.043124 -0.096550
v 0.002860 0.044949 -0.096285
v 0.003832 0.046174 -0.095503
v 0.004629 0.046475 -0.094412
v 0.008983 0.043628 -0.094072
v 0.008564 0.042173 -0.093242
v 0.006684 0.043279 -0.097061
v 0.007903 0.044266 -0.096277
v 0.008742 0.044394 -0.095183
v 0.012070 0.040688 -0.094739
v 0.011307 0.039392 -0.093903
v 0.009934 0.037938 -0.093568
v 0.008104 0.039688 -0.097976
v 0.009731 0.040899 -0.097721
v 0.011165 0.041556 -0.096943
v 0.012020 0.041479 -0.095852
v 0.014480 0.036870 -0.095503
v 0.013450 0.035762 -0.094672
v 0.012222 0.037635 -0.098477
v 0.013772 0.037947 -0.097700
v 0.014599 0.037669 -0.096611
v 0.016081 0.032697 -0.096258
v 0.014825 0.031856 -0.095428
v 0.014062 0.033895 -0.099246
v 0.015639 0.033868 -0.098462
v 0.016377 0.033431 -0.097369
v 0.016547 0.028473 -0.096918
v 0.015127 0.027973 -0.096085
v 0.013132 0.027743 -0.095753
v 0.012829 0.030254 -0.100161
v 0.014862 0.030134 -0.099902
v 0.016394 0.029716 -0.099122
v 0.017011 0.029110 -0.098030
v 0.015919 0.024014 -0.097675
v 0.014418 0.023830 -0.096850
v 0.012732 0.026622 -0.100921
v 0.014686 0.026047 -0.100655
v 0.016074 0.025288 -0.099872
v 0.016525 0.024546 -0.098781
v 0.014431 0.019800 -0.098419
v 0.012922 0.019969 -0.097599
v 0.013693 0.022003 -0.101418
v 0.014875 0.020969 -0.100624
v 0.015147 0.020166 -0.099526
v 0.012032 0.016259 -0.099069
v 0.010618 0.016804 -0.098249
v 0.010418 0.019988 -0.102347
v 0.011878 0.018584 -0.102069
v 0.012754 0.017286 -0.101274
v 0.012812 0.016435 -0.100176
v 0.008639 0.013258 -0.099826
v 0.007373 0.014104 -0.099015
v 0.007978 0.017259 -0.103107
v 0.009070 0.015567 -0.102822
v 0.009612 0.014104 -0.102024
v 0.009457 0.013258 -0.100928
v 0.004773 0.011016 -0.100586
v 0.003741 0.012132 -0.099774
v 0.002734 0.013877 -0.099471
v 0.005664 0.013147 -0.103593
v 0.005875 0.011607 -0.102791
v 0.005552 0.010826 -0.101690
v 0.000695 0.009883 -0.101256
v -0.000025 0.011209 -0.100436
v 0.001868 0.013792 -0.104533
v 0.002069 0.011779 -0.104255
v 0.001897 0.010215 -0.103461
v 0.001397 0.009520 -0.102363
v -0.003782 0.009777 -0.102025
v -0.004207 0.011222 -0.101208
v -0.004317 0.013227 -0.100896
v -0.001735 0.013358 -0.105293
v -0.001983 0.011349 -0.105015
v -0.002503 0.009856 -0.104223
v -0.003159 0.009279 -0.103129
v -0.008152 0.010529 -0.102784
v -0.008237 0.012032 -0.101966
v -0.005430 0.013578 -0.106067
v -0.006106 0.011672 -0.105786
v -0.006925 0.010328 -0.104989
v -0.007672 0.009908 -0.103890
v -0.012008 0.012277 -0.103449
v -0.011728 0.013741 -0.102625
v -0.008588 0.014584 -0.106717
v -0.009711 0.012910 -0.106444
v -0.010843 0.011805 -0.105653
v -0.011683 0.011571 -0.104557
v -0.015522 0.015122 -0.104217
v -0.014931 0.016485 -0.103398
v -0.013739 0.018069 -0.103083
v -0.011627 0.016544 -0.107477
v -0.013103 0.015181 -0.107203
v -0.014465 0.014377 -0.106414
v -0.015350 0.014353 -0.105321
v -0.018359 0.018569 -0.104977
v -0.017470 0.019746 -0.104157
v -0.015945 0.021012 -0.103843
v -0.014287 0.019105 -0.108253
v -0.016027 0.018115 -0.107976
v -0.017522 0.017636 -0.107182
v -0.018376 0.017799 -0.106085
v -0.020117 0.022407 -0.105640
v -0.018966 0.023319 -0.104815
v -0.017946 0.021409 -0.108634
v -0.019514 0.021316 -0.107845
v -0.020315 0.021676 -0.106749
v -0.020909 0.026788 -0.106398
v -0.019584 0.027439 -0.105580
v -0.017652 0.027876 -0.105267
v -0.017022 0.025387 -0.109664
v -0.019022 0.025298 -0.109388
v -0.020577 0.025558 -0.108597
v -0.021270 0.026101 -0.107502
v -0.020893 0.031187 -0.107149
v -0.019458 0.031522 -0.106333
v -0.019373 0.029373 -0.110154
v -0.020834 0.029951 -0.109355
v -0.021393 0.030612 -0.108256
v -0.019815 0.035232 -0.107811
v -0.018349 0.035201 -0.106991
v -0.016961 0.032277 -0.111088
v -0.018782 0.033098 -0.110810
v -0.020054 0.034019 -0.110016
v -0.020436 0.034799 -0.108918
v -0.017601 0.039112 -0.108577
v -0.016177 0.038763 -0.107762
v -0.014429 0.037857 -0.107454
v -0.017118 0.036748 -0.111568
v -0.018133 0.037946 -0.110775
v -0.018314 0.038811 -0.109680
v -0.014678 0.042435 -0.109335
v -0.013394 0.041768 -0.108520
v -0.011913 0.040487 -0.108214
v -0.014719 0.040068 -0.112339
v -0.015431 0.041449 -0.111540
v -0.015420 0.042316 -0.110440
v -0.011211 0.044769 -0.109995
v -0.010143 0.043803 -0.109176
v -0.009035 0.042195 -0.108865
v -0.011825 0.042482 -0.112996
v -0.012172 0.043998 -0.112200
v -0.011951 0.044837 -0.111102
v -0.007065 0.046246 -0.110758
v -0.006220 0.045070 -0.109944
v -0.005485 0.043255 -0.109638
v -0.007805 0.042224 -0.114035
v -0.008206 0.044143 -0.113753
v -0.008200 0.045694 -0.112957
v -0.007788 0.046471 -0.111861
v -0.002784 0.046908 -0.111523
v -0.002227 0.045590 -0.110706
v -0.001907 0.043668 -0.110397
v -0.004302 0.045076 -0.114526
v -0.003975 0.046595 -0.113729
v -0.003423 0.047272 -0.112630
v 0.001314 0.046535 -0.112199
v 0.001530 0.045135 -0.111373
v 0.001368 0.043200 -0.111050
v -0.000612 0.045078 -0.115191
v 0.000080 0.046488 -0.114404
v 0.000783 0.047025 -0.113309
v 0.005409 0.045020 -0.112969
v 0.005319 0.043605 -0.112145
v 0.004736 0.041759 -0.111825
v 0.002259 0.042332 -0.116219
v 0.003174 0.044066 -0.115951
v 0.004170 0.045271 -0.115166
v 0.004987 0.045626 -0.114074
v 0.009096 0.042709 -0.113713
v 0.008681 0.041366 -0.112895
v 0.006747 0.042289 -0.116714
v 0.007976 0.043229 -0.115918
v 0.008834 0.043385 -0.114820
v 0.011943 0.039730 -0.114357
v 0.011192 0.038535 -0.113542
v 0.009815 0.037191 -0.113235
v 0.009588 0.039922 -0.117362
v 0.011008 0.040517 -0.116563
v 0.011872 0.040452 -0.115463
v 0.014050 0.035934 -0.115113
v 0.013051 0.034924 -0.114306
v 0.010018 0.036005 -0.118405
v 0.011816 0.036705 -0.118114
v 0.013325 0.036952 -0.117311
v 0.014146 0.036674 -0.116213
v 0.015348 0.031882 -0.115886
v 0.014165 0.031132 -0.115072
v 0.012355 0.030516 -0.114769
v 0.013328 0.033069 -0.118892
v 0.014848 0.032991 -0.118091
v 0.015590 0.032560 -0.116991
v 0.015632 0.027866 -0.116574
v 0.014334 0.027430 -0.115746
v 0.012445 0.027276 -0.115421
v 0.011934 0.029679 -0.119830
v 0.013850 0.029499 -0.119564
v 0.015335 0.029055 -0.118778
v 0.015992 0.028460 -0.117684
v 0.014846 0.023672 -0.117348
v 0.013486 0.023519 -0.116521
v 0.011655 0.026298 -0.120590
v 0.013479 0.025698 -0.120326
v 0.014825 0.024929 -0.119545
v 0.015331 0.024188 -0.118455
v 0.013214 0.019771 -0.118085
v 0.011848 0.019942 -0.117266
v 0.010750 0.022962 -0.121365
v 0.012382 0.021979 -0.121085
v 0.013504 0.020951 -0.120290
v 0.013815 0.020144 -0.119192
v 0.010766 0.016559 -0.118716
v 0.009501 0.017071 -0.117906
v 0.007984 0.018167 -0.117606
v 0.009239 0.020233 -0.122016
v 0.010548 0.018880 -0.121725
v 0.011353 0.017612 -0.120921
v 0.011439 0.016761 -0.119820
v 0.007448 0.013898 -0.119464
v 0.006316 0.014690 -0.118666
v 0.005085 0.016104 -0.118380
v 0.006878 0.017797 -0.122776
v 0.007835 0.016185 -0.122472
v 0.008311 0.014773 -0.121661
v 0.008175 0.013934 -0.120560
v 0.003745 0.011994 -0.120235
v 0.002835 0.013011 -0.119431
v 0.004003 0.015904 -0.123550
v 0.004578 0.014129 -0.123250
v 0.004740 0.012654 -0.122440
v 0.004439 0.011869 -0.121336
v -0.000082 0.011124 -0.120928
v -0.000705 0.012299 -0.120107
v 0.001089 0.014939 -0.124202
v 0.001214 0.013083 -0.123926
v 0.001018 0.011597 -0.123133
v 0.000548 0.010872 -0.122036
v -0.004225 0.011188 -0.121716
v -0.004594 0.012455 -0.120890
v -0.002213 0.014729 -0.124961
v -0.002494 0.012881 -0.124696
v -0.003016 0.011454 -0.123913
v -0.003648 0.010828 -0.122822
v -0.008228 0.012079 -0.122475
v -0.008299 0.013389 -0.121648
v -0.005550 0.015090 -0.125735
v -0.006220 0.013354 -0.125467
v -0.007027 0.012079 -0.124680
v -0.007760 0.011606 -0.123585
v -0.011695 0.013882 -0.123131
v -0.011441 0.015160 -0.122302
v -0.008367 0.016112 -0.126386
v -0.009440 0.014608 -0.126121
v -0.010533 0.013581 -0.125336
v -0.011359 0.013309 -0.124242
v -0.014798 0.016645 -0.123893
v -0.014277 0.017827 -0.123071
v -0.012412 0.016802 -0.126876
v -0.013710 0.016071 -0.126090
v -0.014585 0.016008 -0.124999
v -0.017245 0.019910 -0.124660
v -0.016467 0.020927 -0.123834
v -0.015057 0.022033 -0.123512
v -0.014914 0.019564 -0.127652
v -0.016334 0.019138 -0.126864
v -0.017190 0.019259 -0.125769
v -0.018681 0.023475 -0.125334
v -0.017694 0.024254 -0.124499
v -0.016069 0.024969 -0.124164
v -0.016483 0.022596 -0.128317
v -0.017964 0.022529 -0.127539
v -0.018773 0.022847 -0.126447
v -0.019237 0.027478 -0.126103
v -0.018113 0.028035 -0.125270
v -0.016377 0.028386 -0.124937
v -0.015461 0.026145 -0.129332
v -0.017261 0.026112 -0.129076
v -0.018719 0.026375 -0.128301
v -0.019451 0.026871 -0.127212
v -0.019046 0.031458 -0.126857
v -0.017827 0.031746 -0.126025
v -0.016058 0.031707 -0.125695
v -0.017424 0.029743 -0.129844
v -0.018791 0.030303 -0.129062
v -0.019391 0.030929 -0.127969
v -0.017910 0.035068 -0.127515
v -0.016666 0.035042 -0.126681
v -0.014972 0.034567 -0.126348
v -0.015148 0.032242 -0.130756
v -0.016767 0.033020 -0.130498
v -0.017947 0.033898 -0.129719
v -0.018372 0.034647 -0.128627
v -0.015740 0.038462 -0.128273
v -0.014531 0.038164 -0.127447
v -0.013008 0.037330 -0.127123
v -0.015171 0.036194 -0.131252
v -0.016093 0.037318 -0.130469
v -0.016307 0.038149 -0.129379
v -0.012991 0.041331 -0.129021
v -0.011898 0.040755 -0.128199
v -0.010615 0.039586 -0.127883
v -0.012935 0.039041 -0.132018
v -0.013572 0.040328 -0.131226
v -0.013598 0.041169 -0.130129
v -0.009797 0.043279 -0.129674
v -0.008894 0.042446 -0.128851
v -0.007953 0.040997 -0.128534
v -0.010305 0.041068 -0.132671
v -0.010598 0.042465 -0.131880
v -0.010417 0.043279 -0.130783
v -0.006044 0.044419 -0.130436
v -0.005335 0.043414 -0.129619
v -0.004732 0.041805 -0.129307
v -0.007067 0.042397 -0.133427
v -0.007034 0.043812 -0.132634
v -0.006664 0.044558 -0.131540
v -0.002229 0.044863 -0.131207
v -0.001764 0.043741 -0.130384
v -0.001526 0.042046 -0.130066
v -0.003618 0.043066 -0.134203
v -0.003294 0.044450 -0.133412
v -0.002789 0.045114 -0.132315
v 0.001378 0.044386 -0.131894
v 0.001557 0.043210 -0.131057
v 0.001376 0.041524 -0.130720
v -0.000406 0.042922 -0.134873
v 0.000244 0.044197 -0.134098
v 0.000896 0.044739 -0.133007
v 0.004936 0.042910 -0.132677
v 0.004864 0.041732 -0.131838
v 0.004326 0.040139 -0.131495
v 0.002836 0.041892 -0.135641
v 0.003759 0.042981 -0.134873
v 0.004528 0.043360 -0.133788
v 0.008103 0.040760 -0.133435
v 0.007770 0.039646 -0.132595
v 0.006890 0.038234 -0.132255
v 0.005856 0.040225 -0.136412
v 0.006987 0.041073 -0.135638
v 0.007811 0.041275 -0.134549
v 0.010504 0.038045 -0.134083
v 0.009895 0.037057 -0.133244
v 0.006799 0.037161 -0.137314
v 0.008221 0.038093 -0.137062
v 0.009522 0.038626 -0.136286
v 0.010361 0.038614 -0.135196
v 0.012215 0.034636 -0.134823
v 0.011390 0.033796 -0.134000
v 0.010055 0.035261 -0.137806
v 0.011425 0.035469 -0.137021
v 0.012220 0.035245 -0.135929
v 0.013183 0.031030 -0.135559
v 0.012181 0.030407 -0.134744
v 0.010605 0.029916 -0.134438
v 0.011298 0.032094 -0.138563
v 0.012652 0.031995 -0.137764
v 0.013348 0.031610 -0.136665
v 0.013263 0.027511 -0.136207
v 0.012142 0.027165 -0.135393
v 0.010496 0.027086 -0.135090
v 0.011693 0.028995 -0.139213
v 0.012980 0.028566 -0.138412
v 0.013561 0.028025 -0.137312
v 0.012418 0.023904 -0.136962
v 0.011240 0.023808 -0.136158
v 0.009724 0.026295 -0.140260
v 0.011272 0.025722 -0.139965
v 0.012413 0.025012 -0.139160
v 0.012839 0.024347 -0.138061
v 0.010894 0.020599 -0.137718
v 0.009732 0.020771 -0.136914
v 0.008228 0.021406 -0.136623
v 0.010184 0.022575 -0.140734
v 0.011132 0.021647 -0.139924
v 0.011399 0.020922 -0.138820
v 0.008711 0.017909 -0.138388
v 0.007656 0.018350 -0.137576
v 0.007387 0.021214 -0.141685
v 0.008483 0.020019 -0.141396
v 0.009168 0.018887 -0.140593
v 0.009259 0.018113 -0.139492
v 0.005791 0.015721 -0.139163
v 0.004857 0.016374 -0.138352
v 0.003832 0.017600 -0.138049
v 0.005277 0.019252 -0.142445
v 0.006071 0.017847 -0.142159
v 0.006475 0.016589 -0.141361
v 0.006379 0.015807 -0.140264
v 0.002549 0.014201 -0.139934
v 0.001801 0.015038 -0.139117
v 0.003252 0.016198 -0.142936
v 0.003376 0.014891 -0.142139
v 0.003123 0.014155 -0.141040
v -0.000768 0.013581 -0.140608
v -0.001278 0.014555 -0.139782
v 0.000310 0.016966 -0.143871
v 0.000379 0.015376 -0.143601
v 0.000181 0.014082 -0.142813
v -0.000235 0.013419 -0.141717
v -0.004314 0.013779 -0.141377
v -0.004609 0.014841 -0.140554
v -0.004613 0.016404 -0.140235
v -0.002489 0.016849 -0.144630
v -0.002771 0.015283 -0.144361
v -0.003254 0.014059 -0.143575
v -0.003817 0.013502 -0.142483
v -0.007698 0.014665 -0.142134
v -0.007742 0.015758 -0.141311
v -0.005910 0.015785 -0.145130
v -0.006635 0.014704 -0.144339
v -0.007289 0.014287 -0.143242
v -0.010592 0.016290 -0.142795
v -0.010369 0.017350 -0.141968
v -0.009670 0.018722 -0.141646
v -0.007650 0.018186 -0.146055
v -0.008595 0.016936 -0.145786
v -0.009560 0.016073 -0.144999
v -0.010291 0.015830 -0.143904
v -0.013141 0.018729 -0.143557
v -0.012696 0.019707 -0.142737
v -0.011037 0.018862 -0.146542
v -0.012169 0.018260 -0.145754
v -0.012942 0.018205 -0.144661
v -0.015113 0.021574 -0.144309
v -0.014448 0.022412 -0.143491
v -0.013230 0.023316 -0.143181
v -0.011706 0.021929 -0.147591
v -0.013085 0.021245 -0.147310
v -0.014307 0.020914 -0.146514
v -0.015054 0.021029 -0.145416
v -0.016218 0.024636 -0.144963
v -0.015369 0.025272 -0.144144
v -0.013972 0.025836 -0.143832
v -0.014357 0.023830 -0.147964
v -0.015613 0.023813 -0.147169
v -0.016299 0.024104 -0.146070
v -0.016566 0.028033 -0.145714
v -0.015594 0.028477 -0.144905
v -0.014109 0.028724 -0.144605
v -0.014952 0.026810 -0.148713
v -0.016171 0.027075 -0.147913
v -0.016768 0.027520 -0.146815
v -0.016283 0.031372 -0.146460
v -0.015234 0.031583 -0.145655
v -0.013735 0.031498 -0.145363
v -0.015008 0.029872 -0.149476
v -0.016129 0.030383 -0.148666
v -0.016603 0.030932 -0.147562
v -0.015234 0.034371 -0.147120
v -0.014176 0.034312 -0.146312
v -0.014369 0.032616 -0.150132
v -0.015323 0.033385 -0.149325
v -0.015646 0.034028 -0.148223
v -0.013340 0.037155 -0.147890
v -0.012321 0.036870 -0.147086
v -0.011057 0.036123 -0.146791
v -0.012943 0.035235 -0.150892
v -0.013680 0.036198 -0.150088
v -0.013832 0.036904 -0.148989
v -0.010977 0.039481 -0.148656
v -0.010070 0.038976 -0.147848
v -0.009019 0.037963 -0.147551
v -0.010991 0.037544 -0.151668
v -0.011492 0.038638 -0.150862
v -0.011492 0.039351 -0.149759
v -0.008272 0.041036 -0.149327
v -0.007533 0.040331 -0.148510
v -0.006775 0.039098 -0.148202
v -0.008741 0.039156 -0.152331
v -0.008958 0.040338 -0.151533
v -0.008790 0.041031 -0.150433
v -0.005116 0.041907 -0.150097
v -0.004540 0.041067 -0.149283
v -0.004067 0.039711 -0.148976
v -0.006016 0.040187 -0.153091
v -0.005961 0.041378 -0.152296
v -0.005635 0.042013 -0.151200
v -0.001921 0.042186 -0.150862
v -0.001549 0.041249 -0.150044
v -0.001383 0.039829 -0.149735
v -0.003136 0.040689 -0.153864
v -0.002834 0.041840 -0.153067
v -0.002392 0.042395 -0.151968
v 0.001079 0.041697 -0.151534
v 0.001207 0.040712 -0.150709
v 0.001019 0.039307 -0.150388
v -0.000459 0.040522 -0.154527
v 0.000113 0.041566 -0.153739
v 0.000676 0.042002 -0.152644
v 0.004013 0.040382 -0.152305
v 0.003926 0.039393 -0.151482
v 0.003435 0.038074 -0.151163
v 0.002233 0.039617 -0.155287
v 0.003028 0.040491 -0.154502
v 0.003680 0.040777 -0.153410
v 0.006592 0.038532 -0.153058
v 0.006284 0.037599 -0.152237
v 0.005513 0.036436 -0.151922
v 0.004722 0.038185 -0.156056
v 0.005678 0.038853 -0.155263
v 0.006365 0.038986 -0.154165
v 0.008525 0.036231 -0.153709
v 0.007989 0.035412 -0.152888
v 0.006953 0.034487 -0.152573
v 0.006648 0.036360 -0.156708
v 0.007734 0.036765 -0.155915
v 0.008425 0.036722 -0.154817
v 0.009878 0.033378 -0.154461
v 0.009171 0.032689 -0.153650
v 0.007961 0.032017 -0.153347
v 0.008111 0.033970 -0.157458
v 0.009248 0.034108 -0.156659
v 0.009899 0.033895 -0.155563
v 0.010626 0.030381 -0.155212
v 0.009783 0.029876 -0.154404
v 0.008463 0.029495 -0.154106
v 0.007702 0.031177 -0.158517
v 0.009078 0.031321 -0.158223
v 0.010199 0.031210 -0.157417
v 0.010771 0.030868 -0.156315
v 0.010636 0.027470 -0.155877
v 0.009707 0.027193 -0.155063
v 0.008342 0.027151 -0.154759
v 0.009341 0.028749 -0.158883
v 0.010404 0.028368 -0.158082
v 0.010883 0.027901 -0.156982
v 0.009884 0.024495 -0.156651
v 0.008920 0.024420 -0.155838
v 0.008925 0.026054 -0.159645
v 0.009867 0.025442 -0.158849
v 0.010224 0.024872 -0.157753
v 0.008582 0.021774 -0.157422
v 0.007639 0.021916 -0.156603
v 0.006841 0.024230 -0.160703
v 0.007971 0.023473 -0.160423
v 0.008756 0.022680 -0.159627
v 0.008984 0.022058 -0.158529
v 0.006742 0.019579 -0.158096
v 0.005882 0.019934 -0.157268
v 0.006485 0.021736 -0.161268
v 0.007109 0.020432 -0.160301
v 0.007186 0.019767 -0.159207
v 0.004280 0.017809 -0.158857
v 0.003515 0.018346 -0.158036
v 0.004470 0.020005 -0.161994
v 0.004859 0.018553 -0.161055
v 0.004769 0.017891 -0.159962
v 0.001554 0.016601 -0.159590
v 0.000938 0.017312 -0.158778
v 0.002414 0.018209 -0.162653
v 0.002276 0.017145 -0.161797
v 0.002042 0.016546 -0.160695
v -0.001218 0.016134 -0.160220
v -0.001631 0.016986 -0.159411
v -0.000008 0.017550 -0.163237
v -0.000390 0.016459 -0.162438
v -0.000764 0.015949 -0.161328
v -0.004165 0.016331 -0.160961
v -0.004390 0.017272 -0.160150
v -0.004357 0.018608 -0.159863
v -0.002650 0.017496 -0.164001
v -0.003257 0.016441 -0.163199
v -0.003749 0.016034 -0.162077
v -0.006987 0.017043 -0.161717
v -0.007001 0.018015 -0.160876
v -0.005312 0.017878 -0.164731
v -0.006072 0.016981 -0.164016
v -0.006644 0.016671 -0.162866
v -0.009439 0.018347 -0.162386
v -0.009224 0.019295 -0.161498
v -0.007587 0.018774 -0.165398
v -0.008519 0.018108 -0.164755
v -0.009177 0.017919 -0.163578
v -0.011643 0.020378 -0.163137
v -0.011225 0.021281 -0.162216
v -0.010303 0.022345 -0.161850
v -0.009692 0.020260 -0.166180
v -0.010733 0.019900 -0.165574
v -0.011457 0.019877 -0.164366
v -0.013318 0.022834 -0.163831
v -0.012247 0.024050 -0.162678
v -0.011603 0.022143 -0.166986
v -0.012587 0.022120 -0.166358
v -0.013287 0.022283 -0.165099
v -0.014181 0.025447 -0.164325
v -0.013299 0.026261 -0.163331
v -0.012936 0.024238 -0.167633
v -0.013793 0.024552 -0.166935
v -0.014370 0.024889 -0.165615
v -0.014459 0.028252 -0.164785
v -0.013364 0.028903 -0.164001
v -0.013887 0.026777 -0.168298
v -0.014541 0.027249 -0.167426
v -0.014905 0.027708 -0.166049
v -0.014344 0.031198 -0.165261
v -0.012982 0.031566 -0.164731
v -0.014515 0.029671 -0.168946
v -0.014994 0.030249 -0.167857
v -0.015074 0.030755 -0.166452
v -0.013626 0.033920 -0.165712
v -0.012086 0.033842 -0.165398
v -0.014454 0.032474 -0.169445
v -0.014791 0.033263 -0.168214
v -0.014583 0.033726 -0.166816
v -0.012171 0.036516 -0.166335
v -0.010599 0.035950 -0.166180
v -0.013532 0.035422 -0.170045
v -0.013638 0.036309 -0.168747
v -0.013220 0.036636 -0.167368
v -0.010172 0.038937 -0.167069
v -0.008715 0.037862 -0.166986
v -0.011850 0.038315 -0.170722
v -0.011659 0.039191 -0.169454
v -0.011162 0.039349 -0.168076
v -0.007846 0.040686 -0.167702
v -0.006620 0.039196 -0.167633
v -0.009668 0.040505 -0.171286
v -0.009185 0.041335 -0.170103
v -0.008682 0.041348 -0.168716
v -0.004960 0.041909 -0.168420
v -0.004081 0.040148 -0.168298
v -0.006786 0.042180 -0.171961
v -0.006128 0.042849 -0.170837
v -0.005630 0.042745 -0.169440
v -0.001671 0.042635 -0.169154
v -0.001187 0.040777 -0.168946
v -0.003397 0.043347 -0.172711
v -0.002580 0.043854 -0.171601
v -0.002130 0.043623 -0.170182
v 0.001488 0.042519 -0.169722
v 0.001616 0.040717 -0.169445
v -0.000077 0.043603 -0.173353
v 0.000945 0.043976 -0.172229
v 0.001309 0.043622 -0.170773
v 0.004783 0.041557 -0.170357
v 0.004564 0.039795 -0.170045
v 0.003461 0.042957 -0.174116
v 0.004586 0.043172 -0.172954
v 0.004866 0.042717 -0.171443
v 0.008069 0.039914 -0.171021
v 0.007469 0.038126 -0.170722
v 0.007039 0.041549 -0.174962
v 0.008255 0.041556 -0.173783
v 0.008426 0.041054 -0.172182
v 0.010696 0.037663 -0.171556
v 0.009661 0.035941 -0.171286
v 0.009933 0.039465 -0.175688
v 0.011286 0.039209 -0.174513
v 0.011345 0.038695 -0.172812
v 0.012803 0.034545 -0.172200
v 0.011336 0.033057 -0.171961
v 0.012395 0.036510 -0.176482
v 0.013725 0.035972 -0.175296
v 0.013681 0.035441 -0.173521
v 0.014273 0.030836 -0.172910
v 0.012491 0.029665 -0.172711
v 0.014326 0.032887 -0.177244
v 0.015549 0.032018 -0.176074
v 0.015362 0.031515 -0.174258
v 0.014693 0.027128 -0.173512
v 0.012746 0.026345 -0.173353
v 0.015218 0.029088 -0.177856
v 0.016269 0.027917 -0.176691
v 0.015939 0.027493 -0.174861
v 0.014101 0.023154 -0.174223
v 0.012101 0.022808 -0.174116
v 0.015222 0.024868 -0.178668
v 0.015882 0.023557 -0.177373
v 0.015425 0.023224 -0.175550
v 0.012699 0.019169 -0.174986
v 0.010693 0.019231 -0.174962
v 0.014216 0.020095 -0.179462
v 0.014220 0.019370 -0.178046
v 0.014016 0.018917 -0.176300
v 0.010515 0.015906 -0.175634
v 0.008601 0.016349 -0.175688
v 0.005183 0.024382 -0.182275
v 0.006205 0.022242 -0.182626
v 0.007238 0.019684 -0.183194
v 0.011656 0.015012 -0.181067
v 0.011864 0.015415 -0.178861
v 0.011716 0.015317 -0.176953
v 0.007382 0.013052 -0.176390
v 0.005648 0.013888 -0.176482
v 0.002220 0.024768 -0.181979
v 0.003532 0.020973 -0.182463
v 0.004996 0.018113 -0.183012
v 0.006569 0.015401 -0.183344
v 0.007663 0.013654 -0.182761
v 0.008517 0.012773 -0.181379
v 0.008650 0.012329 -0.179557
v 0.008398 0.012200 -0.177721
v 0.003560 0.010807 -0.177117
v 0.002029 0.011957 -0.177244
v -0.002300 0.022569 -0.182055
v 0.000195 0.019134 -0.182680
v 0.002018 0.016229 -0.183346
v 0.003750 0.013205 -0.183981
v 0.004461 0.011474 -0.183496
v 0.004835 0.010127 -0.182154
v 0.004781 0.009499 -0.180315
v 0.004317 0.009741 -0.178471
v -0.000471 0.009681 -0.177711
v -0.001767 0.011055 -0.177856
v -0.004640 0.019614 -0.182574
v -0.002721 0.017252 -0.183218
v -0.001153 0.014773 -0.183948
v 0.000376 0.012024 -0.184538
v 0.000682 0.010174 -0.184066
v 0.000727 0.008769 -0.182737
v 0.000499 0.008158 -0.180908
v 0.000063 0.008485 -0.179068
v -0.005070 0.009355 -0.178623
v -0.005988 0.011051 -0.178668
v -0.007038 0.018114 -0.183170
v -0.005442 0.015975 -0.183958
v -0.004415 0.013864 -0.184830
v -0.003455 0.011349 -0.185408
v -0.003584 0.009482 -0.184923
v -0.003905 0.008116 -0.183594
v -0.004333 0.007602 -0.181775
v -0.004760 0.008049 -0.179956
v -0.010158 0.010546 -0.179881
v -0.010760 0.012058 -0.179462
v -0.009455 0.017299 -0.183902
v -0.007666 0.014987 -0.184789
v -0.007680 0.013533 -0.186085
v -0.008023 0.011665 -0.186522
v -0.008602 0.009885 -0.185982
v -0.009263 0.008669 -0.184611
v -0.009828 0.008342 -0.182775
v -0.010159 0.008963 -0.180966
v -0.014825 0.012083 -0.181110
v -0.015843 0.014619 -0.181067
v -0.016636 0.016932 -0.182937
v -0.014625 0.018074 -0.183930
v -0.012578 0.017322 -0.185065
v -0.011337 0.016319 -0.186244
v -0.011221 0.014636 -0.187414
v -0.011558 0.012629 -0.187678
v -0.012257 0.010834 -0.186967
v -0.013131 0.009734 -0.185470
v -0.013946 0.009623 -0.183589
v -0.014490 0.010522 -0.181828
v -0.025628 0.008047 -0.187438
v -0.027078 0.010912 -0.188674
v -0.026948 0.013672 -0.190726
v -0.025272 0.015587 -0.193041
v -0.022499 0.016145 -0.195001
v -0.019372 0.015195 -0.196080
v -0.016730 0.012993 -0.195989
v -0.015280 0.010128 -0.194752
v -0.015410 0.007368 -0.192701
v -0.017086 0.005453 -0.190385
v -0.019859 0.004895 -0.188425
v -0.022986 0.005845 -0.187346
v 0.001080 0.037614 -0.013502
v 0.005072 0.036832 -0.010885
v 0.004666 0.035930 -0.010104
v 0.002911 0.036190 -0.014258
v 0.003792 0.037029 -0.013926
v 0.004569 0.037469 -0.013091
v 0.005037 0.037396 -0.011978
v 0.006773 0.035268 -0.011491
v 0.006234 0.034404 -0.010744
v 0.004594 0.035040 -0.014905
v 0.005580 0.035741 -0.014538
v 0.006398 0.036042 -0.013682
v 0.006833 0.035867 -0.012567
v 0.008324 0.033020 -0.012300
v 0.007581 0.032316 -0.011540
v 0.006078 0.033356 -0.015680
v 0.007233 0.033787 -0.015330
v 0.008127 0.033871 -0.014488
v 0.008524 0.033589 -0.013379
v 0.009334 0.030409 -0.013099
v 0.008429 0.029920 -0.012316
v 0.008401 0.031364 -0.016135
v 0.009324 0.031244 -0.015304
v 0.009663 0.030893 -0.014193
v 0.009566 0.027787 -0.013795
v 0.008531 0.027534 -0.012993
v 0.008926 0.028959 -0.016812
v 0.009825 0.028611 -0.016000
v 0.010044 0.028181 -0.014895
v 0.008917 0.025056 -0.014581
v 0.007866 0.025030 -0.013775
v 0.007408 0.026797 -0.017875
v 0.008607 0.026348 -0.017582
v 0.009360 0.025812 -0.016779
v 0.009469 0.025340 -0.015680
v 0.007794 0.022517 -0.015333
v 0.006768 0.022740 -0.014529
v 0.006753 0.024489 -0.018650
v 0.007810 0.023788 -0.018349
v 0.008411 0.023114 -0.017538
v 0.008399 0.022651 -0.016434
v 0.006194 0.020422 -0.015981
v 0.005254 0.020894 -0.015179
v 0.005704 0.022588 -0.019301
v 0.006549 0.021644 -0.018999
v 0.006955 0.020841 -0.018186
v 0.006819 0.020397 -0.017081
v 0.004055 0.018611 -0.016748
v 0.003230 0.019281 -0.015950
v 0.002412 0.020281 -0.015664
v 0.004077 0.020865 -0.020061
v 0.004697 0.019748 -0.019758
v 0.004912 0.018864 -0.018947
v 0.004673 0.018453 -0.017845
v 0.001652 0.017161 -0.017547
v 0.000992 0.017997 -0.016731
v 0.000402 0.019168 -0.016424
v 0.002090 0.019449 -0.020834
v 0.002471 0.018198 -0.020551
v 0.002512 0.017260 -0.019752
v 0.002209 0.016886 -0.018653
v -0.000932 0.016324 -0.018269
v -0.001379 0.017289 -0.017425
v 0.000040 0.018638 -0.021484
v 0.000116 0.017287 -0.021240
v -0.000066 0.016305 -0.020472
v -0.000452 0.015958 -0.019384
v -0.003851 0.016296 -0.019073
v -0.004082 0.017368 -0.018218
v -0.004092 0.018720 -0.017854
v -0.002585 0.016954 -0.022018
v -0.002988 0.016033 -0.021266
v -0.003453 0.015799 -0.020188
v -0.006703 0.016951 -0.019826
v -0.006678 0.018048 -0.018973
v -0.004859 0.018539 -0.023016
v -0.005375 0.017274 -0.022786
v -0.005958 0.016479 -0.022028
v -0.006444 0.016369 -0.020944
v -0.009194 0.018223 -0.020461
v -0.008893 0.019286 -0.019614
v -0.008280 0.020482 -0.019264
v -0.007835 0.018148 -0.023429
v -0.008599 0.017542 -0.022664
v -0.009093 0.017578 -0.021578
v -0.011469 0.020140 -0.021202
v -0.010930 0.021125 -0.020370
v -0.010056 0.022161 -0.020037
v -0.009120 0.020569 -0.024430
v -0.010170 0.019698 -0.024174
v -0.011051 0.019296 -0.023398
v -0.011522 0.019465 -0.022310
v -0.013377 0.022422 -0.021959
v -0.012615 0.023263 -0.021127
v -0.010989 0.022348 -0.025204
v -0.012219 0.021723 -0.024944
v -0.013173 0.021518 -0.024163
v -0.013590 0.021780 -0.023071
v -0.014637 0.024988 -0.022631
v -0.013689 0.025624 -0.021790
v -0.012399 0.026159 -0.021449
v -0.013612 0.024020 -0.025607
v -0.014620 0.024054 -0.024834
v -0.014988 0.024412 -0.023745
v -0.015320 0.027995 -0.023387
v -0.014228 0.028422 -0.022555
v -0.012806 0.028666 -0.022222
v -0.013073 0.026776 -0.026616
v -0.014509 0.026779 -0.026360
v -0.015507 0.027045 -0.025584
v -0.015796 0.027492 -0.024496
v -0.015201 0.031095 -0.024109
v -0.013990 0.031246 -0.023290
v -0.012545 0.031161 -0.022980
v -0.014855 0.029783 -0.027111
v -0.015731 0.030255 -0.026315
v -0.015849 0.030736 -0.025216
v -0.014328 0.033929 -0.024733
v -0.013104 0.033769 -0.023926
v -0.011728 0.033321 -0.023631
v -0.013147 0.031903 -0.028042
v -0.014406 0.032574 -0.027746
v -0.015110 0.033253 -0.026938
v -0.015071 0.033747 -0.025835
v -0.012732 0.036653 -0.025482
v -0.011562 0.036218 -0.024688
v -0.010318 0.035466 -0.024407
v -0.012107 0.034394 -0.028802
v -0.013177 0.035342 -0.028494
v -0.013691 0.036169 -0.027680
v -0.013519 0.036644 -0.026578
v -0.010686 0.039044 -0.026262
v -0.009646 0.038351 -0.025458
v -0.008595 0.037328 -0.025167
v -0.011361 0.037853 -0.029277
v -0.011697 0.038783 -0.028467
v -0.011442 0.039212 -0.027364
v -0.008230 0.040790 -0.026961
v -0.007388 0.039876 -0.026137
v -0.006608 0.038618 -0.025818
v -0.009141 0.039683 -0.029957
v -0.009255 0.040708 -0.029166
v -0.008916 0.041104 -0.028070
v -0.005222 0.042004 -0.027741
v -0.004583 0.040931 -0.026915
v -0.004081 0.039513 -0.026592
v -0.006367 0.041032 -0.030723
v -0.006259 0.042095 -0.029939
v -0.005836 0.042440 -0.028848
v -0.001983 0.042619 -0.028478
v -0.001602 0.041378 -0.027660
v -0.001426 0.039843 -0.027350
v -0.003289 0.041953 -0.031481
v -0.002957 0.042976 -0.030684
v -0.002477 0.043218 -0.029585
v 0.001168 0.042248 -0.029109
v 0.001225 0.040936 -0.028300
v -0.000273 0.042040 -0.032120
v 0.000312 0.042918 -0.031314
v 0.000838 0.042985 -0.030212
v 0.004341 0.041061 -0.029856
v 0.004097 0.039752 -0.029061
v 0.003531 0.038302 -0.028778
v 0.002871 0.041257 -0.032867
v 0.003650 0.041960 -0.032054
v 0.004185 0.041879 -0.030952
v 0.007226 0.039305 -0.030626
v 0.006682 0.038087 -0.029825
v 0.005793 0.036796 -0.029538
v 0.005854 0.039790 -0.033645
v 0.006772 0.040314 -0.032832
v 0.007269 0.040127 -0.031727
v 0.009481 0.037001 -0.031320
v 0.008669 0.035956 -0.030500
v 0.008171 0.037760 -0.034321
v 0.009223 0.038061 -0.033525
v 0.009695 0.037777 -0.032427
v 0.011254 0.034040 -0.032116
v 0.010246 0.033183 -0.031289
v 0.008854 0.032406 -0.030963
v 0.008517 0.034531 -0.035358
v 0.010023 0.035049 -0.035096
v 0.011152 0.035128 -0.034314
v 0.011597 0.034754 -0.033224
v 0.012467 0.030774 -0.032898
v 0.011303 0.030161 -0.032060
v 0.009761 0.029698 -0.031722
v 0.011398 0.031972 -0.035878
v 0.012553 0.031824 -0.035102
v 0.012933 0.031383 -0.034012
v 0.012785 0.027420 -0.033574
v 0.011489 0.027105 -0.032727
v 0.009857 0.027036 -0.032376
v 0.011983 0.028878 -0.036541
v 0.013103 0.028441 -0.035776
v 0.013386 0.027906 -0.034690
v 0.012132 0.023859 -0.034328
v 0.010781 0.023840 -0.033490
v 0.010186 0.026078 -0.037542
v 0.011736 0.025493 -0.037293
v 0.012713 0.024804 -0.036523
v 0.012850 0.024206 -0.035438
v 0.010753 0.020494 -0.035047
v 0.009412 0.020810 -0.034224
v 0.009436 0.023027 -0.038318
v 0.010809 0.022102 -0.038044
v 0.011586 0.021223 -0.037252
v 0.011557 0.020637 -0.036155
v 0.008646 0.017733 -0.035663
v 0.007412 0.018392 -0.034855
v 0.008094 0.020495 -0.038970
v 0.009180 0.019246 -0.038675
v 0.009687 0.018202 -0.037869
v 0.009485 0.017654 -0.036766
v 0.005772 0.015420 -0.036398
v 0.004699 0.016348 -0.035608
v 0.005924 0.018223 -0.039729
v 0.006695 0.016759 -0.039415
v 0.006938 0.015630 -0.038596
v 0.006595 0.015147 -0.037492
v 0.002547 0.013664 -0.037163
v 0.001709 0.014814 -0.036370
v 0.003243 0.016422 -0.040503
v 0.003686 0.014806 -0.040189
v 0.003695 0.013633 -0.039368
v 0.003275 0.013222 -0.038261
v -0.000856 0.012785 -0.037859
v -0.001393 0.014076 -0.037047
v 0.000532 0.013765 -0.040866
v 0.000255 0.012582 -0.040064
v -0.000255 0.012230 -0.038963
v -0.004626 0.012765 -0.038659
v -0.004883 0.014143 -0.037837
v -0.003002 0.013518 -0.041643
v -0.003545 0.012383 -0.040856
v -0.004140 0.012113 -0.039764
v -0.008340 0.013526 -0.039437
v -0.008280 0.014925 -0.038607
v -0.005910 0.015553 -0.042688
v -0.006612 0.013959 -0.042425
v -0.007386 0.012948 -0.041642
v -0.008018 0.012794 -0.040548
v -0.011598 0.015156 -0.040111
v -0.011201 0.016494 -0.039272
v -0.008674 0.016569 -0.043339
v -0.009760 0.015188 -0.043088
v -0.010780 0.014385 -0.042315
v -0.011451 0.014378 -0.041225
v -0.014528 0.017714 -0.040884
v -0.013854 0.018938 -0.040046
v -0.012710 0.020259 -0.039706
v -0.012672 0.017327 -0.043850
v -0.013863 0.016771 -0.043080
v -0.014539 0.016917 -0.041994
v -0.016873 0.020803 -0.041652
v -0.015944 0.021834 -0.040810
v -0.013541 0.020852 -0.044872
v -0.015130 0.020073 -0.044626
v -0.016417 0.019782 -0.043855
v -0.017051 0.020051 -0.042766
v -0.018299 0.024221 -0.042316
v -0.017155 0.024991 -0.041470
v -0.015522 0.025643 -0.041119
v -0.014962 0.023454 -0.045524
v -0.016711 0.023092 -0.045285
v -0.018059 0.023123 -0.044519
v -0.018637 0.023538 -0.043433
v -0.018853 0.028129 -0.043059
v -0.017576 0.028637 -0.042225
v -0.015840 0.028916 -0.041891
v -0.017552 0.026634 -0.046030
v -0.018851 0.026975 -0.045256
v -0.019326 0.027522 -0.044168
v -0.018658 0.032074 -0.043769
v -0.017263 0.032265 -0.042954
v -0.017798 0.030372 -0.046774
v -0.018970 0.030986 -0.045974
v -0.019286 0.031608 -0.044874
v -0.017500 0.035673 -0.044385
v -0.016076 0.035493 -0.043585
v -0.014375 0.034906 -0.043300
v -0.015632 0.032949 -0.047711
v -0.017183 0.033817 -0.047405
v -0.018141 0.034709 -0.046590
v -0.018257 0.035388 -0.045485
v -0.015347 0.039070 -0.045133
v -0.013985 0.038571 -0.044346
v -0.012454 0.037605 -0.044076
v -0.015535 0.037179 -0.048152
v -0.016243 0.038272 -0.047330
v -0.016172 0.038962 -0.046225
v -0.012590 0.041929 -0.045916
v -0.011396 0.041147 -0.045119
v -0.010124 0.039865 -0.044836
v -0.013132 0.040124 -0.048938
v -0.013595 0.041348 -0.048121
v -0.013393 0.042004 -0.047015
v -0.009381 0.043897 -0.046622
v -0.008427 0.042880 -0.045801
v -0.007508 0.041335 -0.045487
v -0.010283 0.042149 -0.049621
v -0.010452 0.043486 -0.048828
v -0.010121 0.044122 -0.047730
v -0.005558 0.045085 -0.047408
v -0.004834 0.043897 -0.046583
v -0.004264 0.042205 -0.046260
v -0.006840 0.043526 -0.050390
v -0.006714 0.044884 -0.049606
v -0.006244 0.045449 -0.048515
v -0.001579 0.045516 -0.048147
v -0.001143 0.044202 -0.047329
v -0.000961 0.042419 -0.047019
v -0.003126 0.044303 -0.051149
v -0.002717 0.045583 -0.050353
v -0.002152 0.046020 -0.049254
v 0.002228 0.045004 -0.048777
v 0.002310 0.043594 -0.047968
v 0.002028 0.041804 -0.047671
v 0.000415 0.044264 -0.051788
v 0.001141 0.045399 -0.050982
v 0.001802 0.045665 -0.049880
v 0.006018 0.043436 -0.049523
v 0.005772 0.042016 -0.048728
v 0.005079 0.040322 -0.048447
v 0.003077 0.041688 -0.052841
v 0.004060 0.043214 -0.052534
v 0.005038 0.044134 -0.051720
v 0.005751 0.044211 -0.050618
v 0.009375 0.041142 -0.050293
v 0.008802 0.039822 -0.049493
v 0.007737 0.038331 -0.049207
v 0.007449 0.041334 -0.053313
v 0.008604 0.042020 -0.052499
v 0.009305 0.041946 -0.051394
v 0.011884 0.038222 -0.050984
v 0.011023 0.037097 -0.050167
v 0.009997 0.038833 -0.053987
v 0.011304 0.039226 -0.053190
v 0.011989 0.039000 -0.052091
v 0.013728 0.034578 -0.051770
v 0.012656 0.033656 -0.050949
v 0.011041 0.032798 -0.050631
v 0.010186 0.035032 -0.055028
v 0.011944 0.035590 -0.054756
v 0.013329 0.035694 -0.053968
v 0.013977 0.035322 -0.052875
v 0.014803 0.030661 -0.052531
v 0.013558 0.030006 -0.051708
v 0.011808 0.029525 -0.051390
v 0.013307 0.031993 -0.055527
v 0.014674 0.031805 -0.054736
v 0.015216 0.031318 -0.053639
v 0.014921 0.026777 -0.053189
v 0.013563 0.026449 -0.052363
v 0.011740 0.026420 -0.052043
v 0.011932 0.028753 -0.056452
v 0.013748 0.028455 -0.056182
v 0.015036 0.027928 -0.055393
v 0.015461 0.027316 -0.054298
v 0.014034 0.022726 -0.053947
v 0.012612 0.022707 -0.053130
v 0.010810 0.023091 -0.052818
v 0.011598 0.025376 -0.057212
v 0.013311 0.024667 -0.056936
v 0.014444 0.023849 -0.056144
v 0.014705 0.023141 -0.055050
v 0.012325 0.018954 -0.054703
v 0.010930 0.019274 -0.053886
v 0.012060 0.020962 -0.057705
v 0.012983 0.019919 -0.056908
v 0.013077 0.019187 -0.055809
v 0.009822 0.015914 -0.055370
v 0.008555 0.016570 -0.054546
v 0.008852 0.019374 -0.058639
v 0.010053 0.017947 -0.058366
v 0.010690 0.016698 -0.057575
v 0.010603 0.015959 -0.056478
v 0.006450 0.013460 -0.056143
v 0.005350 0.014369 -0.055321
v 0.006301 0.017075 -0.059398
v 0.007154 0.015419 -0.059128
v 0.007490 0.014057 -0.058341
v 0.007230 0.013348 -0.057249
v 0.002715 0.011691 -0.056916
v 0.001852 0.012822 -0.056087
v 0.003294 0.015281 -0.060171
v 0.003773 0.013468 -0.059906
v 0.003823 0.012052 -0.059120
v 0.003435 0.011407 -0.058026
v -0.001156 0.010985 -0.057593
v -0.001713 0.012263 -0.056755
v 0.000293 0.014364 -0.060822
v 0.000309 0.012487 -0.060571
v 0.000006 0.011094 -0.059797
v -0.000529 0.010550 -0.058707
v -0.005344 0.011180 -0.058358
v -0.005616 0.012560 -0.057524
v -0.005551 0.014409 -0.057189
v -0.003122 0.014192 -0.061582
v -0.003528 0.012355 -0.061328
v -0.004146 0.011055 -0.060554
v -0.004808 0.010630 -0.059467
v -0.009403 0.012226 -0.059096
v -0.009338 0.013655 -0.058270
v -0.006619 0.014624 -0.062358
v -0.007427 0.012919 -0.062088
v -0.008308 0.011796 -0.061301
v -0.009027 0.011546 -0.060205
v -0.012888 0.014209 -0.059736
v -0.012455 0.015587 -0.058914
v -0.011518 0.017214 -0.058599
v -0.010810 0.014340 -0.062733
v -0.011948 0.013486 -0.061941
v -0.012705 0.013441 -0.060843
v -0.015928 0.017178 -0.060492
v -0.015196 0.018439 -0.059679
v -0.013915 0.019818 -0.059373
v -0.013874 0.016773 -0.063486
v -0.015176 0.016215 -0.062690
v -0.015923 0.016365 -0.061594
v -0.018308 0.020632 -0.061269
v -0.017315 0.021684 -0.060448
v -0.016371 0.019851 -0.064267
v -0.017772 0.019575 -0.063474
v -0.018477 0.019861 -0.062376
v -0.019688 0.024365 -0.061963
v -0.018490 0.025137 -0.061125
v -0.016730 0.025780 -0.060787
v -0.017912 0.023154 -0.064942
v -0.019365 0.023223 -0.064167
v -0.020009 0.023666 -0.063077
v -0.020112 0.028568 -0.062748
v -0.018811 0.029075 -0.061906
v -0.016973 0.029329 -0.061561
v -0.016695 0.026874 -0.065953
v -0.018599 0.026963 -0.065710
v -0.020006 0.027355 -0.064944
v -0.020548 0.027941 -0.063860
v -0.019804 0.032777 -0.063502
v -0.018406 0.032972 -0.062661
v -0.016540 0.032808 -0.062319
v -0.018653 0.030916 -0.066478
v -0.019952 0.031598 -0.065706
v -0.020370 0.032276 -0.064616
v -0.018465 0.036599 -0.064149
v -0.017049 0.036433 -0.063310
v -0.015273 0.035799 -0.062971
v -0.017839 0.034497 -0.067127
v -0.018926 0.035489 -0.066353
v -0.019152 0.036255 -0.065263
v -0.016026 0.040170 -0.064897
v -0.014662 0.039680 -0.064071
v -0.013068 0.038651 -0.063745
v -0.015980 0.037975 -0.067876
v -0.016789 0.039195 -0.067094
v -0.016803 0.039994 -0.066004
v -0.012920 0.043113 -0.065646
v -0.011710 0.042308 -0.064823
v -0.010399 0.040937 -0.064505
v -0.013370 0.041037 -0.068641
v -0.013878 0.042390 -0.067851
v -0.013712 0.043145 -0.066754
v -0.009387 0.045091 -0.066305
v -0.008419 0.044009 -0.065478
v -0.007491 0.042348 -0.065157
v -0.010322 0.043154 -0.069298
v -0.010484 0.044606 -0.068510
v -0.010141 0.045310 -0.067414
v -0.005254 0.046196 -0.067067
v -0.004531 0.044925 -0.066246
v -0.003982 0.043101 -0.065929
v -0.006633 0.044528 -0.070054
v -0.006463 0.045977 -0.069265
v -0.005959 0.046582 -0.068172
v -0.001024 0.046516 -0.067827
v -0.000604 0.045140 -0.067004
v -0.000464 0.043251 -0.066688
v -0.002681 0.045153 -0.070825
v -0.002216 0.046526 -0.070033
v -0.001612 0.047023 -0.068935
v 0.002984 0.045876 -0.068498
v 0.003051 0.044436 -0.067668
v 0.002716 0.042562 -0.067341
v 0.001014 0.044920 -0.071486
v 0.001816 0.046160 -0.070702
v 0.002534 0.046506 -0.069609
v 0.006952 0.044093 -0.069266
v 0.006698 0.042658 -0.068440
v 0.004767 0.043650 -0.072245
v 0.005846 0.044669 -0.071463
v 0.006642 0.044829 -0.070372
v 0.010428 0.041502 -0.070015
v 0.009828 0.040165 -0.069192
v 0.006854 0.040255 -0.073286
v 0.008270 0.041578 -0.073011
v 0.009537 0.042319 -0.072219
v 0.010323 0.042289 -0.071123
v 0.012954 0.038268 -0.070661
v 0.012035 0.037127 -0.069841
v 0.010905 0.038894 -0.073661
v 0.012310 0.039285 -0.072867
v 0.013053 0.039053 -0.071769
v 0.014760 0.034332 -0.071416
v 0.013602 0.033403 -0.070604
v 0.011866 0.032558 -0.070300
v 0.011025 0.034915 -0.074697
v 0.012894 0.035437 -0.074413
v 0.014360 0.035502 -0.073615
v 0.015039 0.035098 -0.072518
v 0.015750 0.030171 -0.072184
v 0.014419 0.029529 -0.071368
v 0.014177 0.031605 -0.075188
v 0.015620 0.031365 -0.074390
v 0.016191 0.030841 -0.073291
v 0.015741 0.026097 -0.072872
v 0.014333 0.025792 -0.072041
v 0.012422 0.025816 -0.071712
v 0.014439 0.027891 -0.075859
v 0.015808 0.027301 -0.075077
v 0.016280 0.026647 -0.073984
v 0.014678 0.021880 -0.073658
v 0.013229 0.021882 -0.072824
v 0.011997 0.024770 -0.076880
v 0.013789 0.023979 -0.076627
v 0.015005 0.023082 -0.075854
v 0.015327 0.022317 -0.074767
v 0.012735 0.017976 -0.074419
v 0.011323 0.018321 -0.073583
v 0.010763 0.021356 -0.077655
v 0.012337 0.020181 -0.077400
v 0.013323 0.019041 -0.076622
v 0.013466 0.018238 -0.075531
v 0.009968 0.014884 -0.075071
v 0.008688 0.015576 -0.074234
v 0.008924 0.018642 -0.078307
v 0.010148 0.017108 -0.078052
v 0.010811 0.015758 -0.077275
v 0.010743 0.014948 -0.076184
v 0.006325 0.012433 -0.075820
v 0.005215 0.013400 -0.074995
v 0.006209 0.016321 -0.079067
v 0.007049 0.014560 -0.078801
v 0.007379 0.013097 -0.078018
v 0.007115 0.012321 -0.076927
v 0.002329 0.010735 -0.076569
v 0.001470 0.011944 -0.075747
v 0.003040 0.014507 -0.079841
v 0.003475 0.012592 -0.079566
v 0.003483 0.011101 -0.078774
v 0.003064 0.010426 -0.077677
v -0.001751 0.010156 -0.077232
v -0.002282 0.011535 -0.076405
v -0.000121 0.013635 -0.080492
v -0.000177 0.011673 -0.080224
v -0.000542 0.010227 -0.079436
v -0.001117 0.009677 -0.078341
v -0.006106 0.010548 -0.077999
v -0.006334 0.012001 -0.077176
v -0.006194 0.013935 -0.076857
v -0.004181 0.011709 -0.080982
v -0.004871 0.010375 -0.080196
v -0.005572 0.009954 -0.079104
v -0.010281 0.011780 -0.078759
v -0.010168 0.013257 -0.077935
v -0.007289 0.014244 -0.082027
v -0.008190 0.012491 -0.081754
v -0.009147 0.011335 -0.080964
v -0.009908 0.011078 -0.079867
v -0.013835 0.013962 -0.079423
v -0.013357 0.015360 -0.078594
v -0.012334 0.017020 -0.078269
v -0.011610 0.014134 -0.082413
v -0.012835 0.013252 -0.081628
v -0.013646 0.013191 -0.080534
v -0.016884 0.017172 -0.080186
v -0.016105 0.018440 -0.079363
v -0.014738 0.019830 -0.079043
v -0.013058 0.017914 -0.083437
v -0.014673 0.016781 -0.083168
v -0.016067 0.016214 -0.082383
v -0.016871 0.016358 -0.081291
v -0.019240 0.020868 -0.080935
v -0.018179 0.021921 -0.080116
v -0.015366 0.020778 -0.084212
v -0.017199 0.020031 -0.083934
v -0.018683 0.019779 -0.083140
v -0.019426 0.020085 -0.082043
v -0.020505 0.024831 -0.081589
v -0.019208 0.025585 -0.080768
v -0.017337 0.026182 -0.080454
v -0.018752 0.023505 -0.084588
v -0.020250 0.023634 -0.083794
v -0.020888 0.024118 -0.082696
v -0.020746 0.029222 -0.082346
v -0.019320 0.029684 -0.081533
v -0.017377 0.029859 -0.081227
v -0.019374 0.027500 -0.085340
v -0.020792 0.027968 -0.084544
v -0.021289 0.028597 -0.083448
v -0.020240 0.033552 -0.083104
v -0.018744 0.033679 -0.082290
v -0.016796 0.033418 -0.081986
v -0.017354 0.031009 -0.086398
v -0.019236 0.031611 -0.086111
v -0.020528 0.032366 -0.085309
v -0.020892 0.033074 -0.084209
v -0.018722 0.037436 -0.083774
v -0.017242 0.037193 -0.082953
v -0.015415 0.036455 -0.082639
v -0.016519 0.034217 -0.087048
v -0.018204 0.035273 -0.086772
v -0.019281 0.036335 -0.085979
v -0.019468 0.037124 -0.084882
v -0.016074 0.041031 -0.084546
v -0.014677 0.040465 -0.083728
v -0.013061 0.039332 -0.083414
v -0.016103 0.038770 -0.087533
v -0.016900 0.040061 -0.086743
v -0.016887 0.040885 -0.085650
v -0.012765 0.043966 -0.085302
v -0.011541 0.043080 -0.084484
v -0.010229 0.041601 -0.084174
v -0.013276 0.041816 -0.088303
v -0.013764 0.043242 -0.087507
v -0.013577 0.044027 -0.086409
v -0.009041 0.045890 -0.085956
v -0.008079 0.044723 -0.085137
v -0.007179 0.042957 -0.084825
v -0.010067 0.043920 -0.088957
v -0.010186 0.045435 -0.088162
v -0.009811 0.046152 -0.087063
v -0.004720 0.046878 -0.086709
v -0.004023 0.045514 -0.085899
v -0.006205 0.045228 -0.089708
v -0.005976 0.046722 -0.088908
v -0.005434 0.047322 -0.087810
v -0.000337 0.047035 -0.087463
v 0.000036 0.045553 -0.086654
v 0.000100 0.043574 -0.086356
v -0.002092 0.045751 -0.090475
v -0.001558 0.047156 -0.089669
v -0.000918 0.047623 -0.088566
v 0.003761 0.046190 -0.088133
v 0.003762 0.044675 -0.087317
v 0.003332 0.042737 -0.087009
v 0.001718 0.045332 -0.091136
v 0.002588 0.046572 -0.090338
v 0.003333 0.046884 -0.089238
v 0.007776 0.044198 -0.088908
v 0.007443 0.042708 -0.088093
v 0.006585 0.040910 -0.087785
v 0.005531 0.043856 -0.091899
v 0.006680 0.044864 -0.091105
v 0.007498 0.044986 -0.090010
v 0.011255 0.041405 -0.089671
v 0.010576 0.040040 -0.088854
v 0.007528 0.040245 -0.092955
v 0.009041 0.041562 -0.092673
v 0.010378 0.042285 -0.091876
v 0.011184 0.042226 -0.090777
v 0.013778 0.038015 -0.090333
v 0.012778 0.036866 -0.089511
v 0.011645 0.038701 -0.093331
v 0.013134 0.039074 -0.092538
v 0.013910 0.038823 -0.091441
v 0.015506 0.033893 -0.091094
v 0.014274 0.032975 -0.090278
v 0.012442 0.032160 -0.089969
v 0.011599 0.034590 -0.094366
v 0.013561 0.035072 -0.094086
v 0.015104 0.035101 -0.093293
v 0.015812 0.034670 -0.092197
v 0.016386 0.029559 -0.091854
v 0.014976 0.028943 -0.091037
v 0.012742 0.031036 -0.095139
v 0.014763 0.031085 -0.094857
v 0.016272 0.030791 -0.094060
v 0.016864 0.030234 -0.092960
v 0.016202 0.025351 -0.092528
v 0.014700 0.025097 -0.091702
v 0.012700 0.025200 -0.091381
v 0.014931 0.027245 -0.095520
v 0.016340 0.026585 -0.094733
v 0.016804 0.025893 -0.093637
v 0.014899 0.021063 -0.093306
v 0.013383 0.021131 -0.092480
v 0.012245 0.024136 -0.096550
v 0.014069 0.023250 -0.096285
v 0.015296 0.022278 -0.095503
v 0.015597 0.021481 -0.094412
v 0.012750 0.017127 -0.094072
v 0.011295 0.017546 -0.093242
v 0.010821 0.020694 -0.097325
v 0.012399 0.019424 -0.097061
v 0.013386 0.018206 -0.096277
v 0.013515 0.017367 -0.095183
v 0.009809 0.014040 -0.094739
v 0.008513 0.014804 -0.093903
v 0.007059 0.016176 -0.093568
v 0.008808 0.018005 -0.097976
v 0.010019 0.016378 -0.097721
v 0.010676 0.014944 -0.096943
v 0.010600 0.014090 -0.095852
v 0.005991 0.011630 -0.095503
v 0.004883 0.012660 -0.094672
v 0.005939 0.015744 -0.098735
v 0.006755 0.013887 -0.098477
v 0.007067 0.012337 -0.097700
v 0.006790 0.011510 -0.096611
v 0.001818 0.010029 -0.096258
v 0.000977 0.011284 -0.095428
v 0.003015 0.012047 -0.099246
v 0.002988 0.010470 -0.098462
v 0.002552 0.009732 -0.097369
v -0.002406 0.009562 -0.096918
v -0.002906 0.010982 -0.096085
v -0.000627 0.013281 -0.100161
v -0.000746 0.011247 -0.099902
v -0.001164 0.009715 -0.099122
v -0.001769 0.009098 -0.098030
v -0.006866 0.010190 -0.097675
v -0.007049 0.011691 -0.096850
v -0.006833 0.013690 -0.096526
v -0.004833 0.011424 -0.100655
v -0.005592 0.010035 -0.099872
v -0.006334 0.009584 -0.098781
v -0.011079 0.011678 -0.098419
v -0.010910 0.013187 -0.097599
v -0.007889 0.014189 -0.101696
v -0.008878 0.012417 -0.101418
v -0.009911 0.011235 -0.100624
v -0.010714 0.010962 -0.099526
v -0.014621 0.014077 -0.099069
v -0.014076 0.015491 -0.098249
v -0.010892 0.015692 -0.102347
v -0.012296 0.014232 -0.102069
v -0.013595 0.013356 -0.101274
v -0.014445 0.013297 -0.100176
v -0.017622 0.017470 -0.099826
v -0.016776 0.018736 -0.099015
v -0.015310 0.020110 -0.098711
v -0.015313 0.017040 -0.102822
v -0.016776 0.016498 -0.102024
v -0.017622 0.016652 -0.100928
v -0.019865 0.021336 -0.100586
v -0.018749 0.022369 -0.099774
v -0.017004 0.023376 -0.099471
v -0.017735 0.020446 -0.103593
v -0.019274 0.020235 -0.102791
v -0.020055 0.020558 -0.101690
v -0.020998 0.025415 -0.101256
v -0.019672 0.026134 -0.100436
v -0.017737 0.026676 -0.100123
v -0.017089 0.024244 -0.104533
v -0.019103 0.024043 -0.104255
v -0.020666 0.024214 -0.103461
v -0.021361 0.024714 -0.102363
v -0.021104 0.029892 -0.102025
v -0.019659 0.030317 -0.101208
v -0.017654 0.030428 -0.100896
v -0.019532 0.028095 -0.105015
v -0.021025 0.028615 -0.104223
v -0.021603 0.029270 -0.103129
v -0.020352 0.034263 -0.102784
v -0.018849 0.034348 -0.101966
v -0.017303 0.031544 -0.106067
v -0.019209 0.032219 -0.105786
v -0.020553 0.033037 -0.104989
v -0.020973 0.033784 -0.103890
v -0.018604 0.038119 -0.103449
v -0.017140 0.037839 -0.102625
v -0.015313 0.037027 -0.102308
v -0.016297 0.034703 -0.106717
v -0.017971 0.035826 -0.106444
v -0.019076 0.036956 -0.105653
v -0.019311 0.037795 -0.104557
v -0.015760 0.041633 -0.104217
v -0.014397 0.041042 -0.103398
v -0.012812 0.039850 -0.103083
v -0.015701 0.039218 -0.107203
v -0.016504 0.040579 -0.106414
v -0.016529 0.041463 -0.105321
v -0.012313 0.044471 -0.104977
v -0.011136 0.043581 -0.104157
v -0.009869 0.042056 -0.103843
v -0.012767 0.042142 -0.107976
v -0.013246 0.043636 -0.107182
v -0.013082 0.044489 -0.106085
v -0.008475 0.046230 -0.105640
v -0.007563 0.045078 -0.104815
v -0.006718 0.043282 -0.104494
v -0.009473 0.044062 -0.108634
v -0.009566 0.045629 -0.107845
v -0.009206 0.046429 -0.106749
v -0.004093 0.047023 -0.106398
v -0.003442 0.045697 -0.105580
v -0.003006 0.043765 -0.105267
v -0.005584 0.045140 -0.109388
v -0.005323 0.046694 -0.108597
v -0.004781 0.047385 -0.107502
v 0.000306 0.047007 -0.107149
v 0.000641 0.045571 -0.106333
v 0.000641 0.043584 -0.106026
v -0.001509 0.045491 -0.110154
v -0.000931 0.046950 -0.109355
v -0.000269 0.047509 -0.108256
v 0.004351 0.045930 -0.107811
v 0.004320 0.044463 -0.106991
v 0.003828 0.042545 -0.106678
v 0.002216 0.044900 -0.110810
v 0.003138 0.046171 -0.110016
v 0.003918 0.046552 -0.108918
v 0.008231 0.043717 -0.108577
v 0.007882 0.042292 -0.107762
v 0.006977 0.040545 -0.107454
v 0.005867 0.043238 -0.111568
v 0.007065 0.044252 -0.110775
v 0.007930 0.044431 -0.109680
v 0.011567 0.040806 -0.109335
v 0.010895 0.039516 -0.108520
v 0.009608 0.038030 -0.108214
v 0.007659 0.039601 -0.112624
v 0.009195 0.040849 -0.112339
v 0.010580 0.041564 -0.111540
v 0.011449 0.041553 -0.110440
v 0.013900 0.037336 -0.109995
v 0.012929 0.036263 -0.109176
v 0.011610 0.037954 -0.112996
v 0.013131 0.038302 -0.112200
v 0.013971 0.038079 -0.111102
v 0.015364 0.033184 -0.110758
v 0.014188 0.032338 -0.109944
v 0.012373 0.031603 -0.109638
v 0.011344 0.033930 -0.114035
v 0.013269 0.034332 -0.113753
v 0.014821 0.034326 -0.112957
v 0.015589 0.033908 -0.111861
v 0.016026 0.028904 -0.111523
v 0.014708 0.028346 -0.110706
v 0.014194 0.030428 -0.114526
v 0.015713 0.030099 -0.113729
v 0.016390 0.029545 -0.112630
v 0.015653 0.024807 -0.112199
v 0.014253 0.024590 -0.111373
v 0.012318 0.024752 -0.111050
v 0.014196 0.026738 -0.115191
v 0.015606 0.026045 -0.114404
v 0.016143 0.025340 -0.113309
v 0.014139 0.020714 -0.112969
v 0.012722 0.020802 -0.112145
v 0.011451 0.023869 -0.116219
v 0.013184 0.022954 -0.115951
v 0.014390 0.021956 -0.115166
v 0.014744 0.021138 -0.114074
v 0.011819 0.017034 -0.113713
v 0.010475 0.017448 -0.112895
v 0.009940 0.020656 -0.116994
v 0.011407 0.019382 -0.116714
v 0.012347 0.018152 -0.115918
v 0.012503 0.017292 -0.114820
v 0.008837 0.014195 -0.114357
v 0.007646 0.014940 -0.113542
v 0.009032 0.016551 -0.117362
v 0.009623 0.015134 -0.116563
v 0.009556 0.014271 -0.115463
v 0.005046 0.012090 -0.115113
v 0.004039 0.013081 -0.114306
v 0.003036 0.014712 -0.114009
v 0.005818 0.014326 -0.118114
v 0.006062 0.012820 -0.117311
v 0.005784 0.011999 -0.116213
v 0.001000 0.010780 -0.115886
v 0.000250 0.011962 -0.115072
v 0.001895 0.014704 -0.119179
v 0.002185 0.012813 -0.118892
v 0.002108 0.011291 -0.118091
v 0.001679 0.010540 -0.116991
v -0.003016 0.010497 -0.116574
v -0.003452 0.011793 -0.115746
v -0.001203 0.014202 -0.119830
v -0.001382 0.012285 -0.119564
v -0.001826 0.010799 -0.118778
v -0.002421 0.010139 -0.117684
v -0.007210 0.011284 -0.117348
v -0.007362 0.012642 -0.116521
v -0.007102 0.014514 -0.116196
v -0.004583 0.014482 -0.120590
v -0.005183 0.012657 -0.120326
v -0.005952 0.011310 -0.119545
v -0.006693 0.010802 -0.118455
v -0.011109 0.012918 -0.118085
v -0.010939 0.014282 -0.117266
v -0.007919 0.015389 -0.121365
v -0.008902 0.013757 -0.121085
v -0.009930 0.012632 -0.120290
v -0.010737 0.012318 -0.119192
v -0.014321 0.015368 -0.118716
v -0.013809 0.016632 -0.117906
v -0.010646 0.016904 -0.122016
v -0.011999 0.015595 -0.121725
v -0.013268 0.014785 -0.120921
v -0.014118 0.014698 -0.119820
v -0.016982 0.018687 -0.119464
v -0.016190 0.019818 -0.118666
v -0.014776 0.021048 -0.118380
v -0.013082 0.019265 -0.122776
v -0.014694 0.018308 -0.122472
v -0.016106 0.017830 -0.121661
v -0.016946 0.017963 -0.120560
v -0.018886 0.022392 -0.120235
v -0.017869 0.023300 -0.119431
v -0.016750 0.021566 -0.123250
v -0.018226 0.021402 -0.122440
v -0.019011 0.021700 -0.121336
v -0.019757 0.026220 -0.120928
v -0.018582 0.026841 -0.120107
v -0.016792 0.027285 -0.119792
v -0.017795 0.024932 -0.123926
v -0.019283 0.025126 -0.123133
v -0.020009 0.025593 -0.122036
v -0.019693 0.030365 -0.121716
v -0.018426 0.030732 -0.120890
v -0.016589 0.030784 -0.120566
v -0.017999 0.028641 -0.124696
v -0.019427 0.029162 -0.123913
v -0.020053 0.029790 -0.122822
v -0.018801 0.034370 -0.122475
v -0.017491 0.034440 -0.121648
v -0.015695 0.034087 -0.121325
v -0.017525 0.032370 -0.125467
v -0.018801 0.033174 -0.124680
v -0.019274 0.033905 -0.123585
v -0.016999 0.037838 -0.123131
v -0.015721 0.037583 -0.122302
v -0.014084 0.036800 -0.121977
v -0.016271 0.035592 -0.126121
v -0.017299 0.036681 -0.125336
v -0.017571 0.037505 -0.124242
v -0.014235 0.040943 -0.123893
v -0.013054 0.040420 -0.123071
v -0.011646 0.039296 -0.122752
v -0.014078 0.038565 -0.126876
v -0.014809 0.039861 -0.126090
v -0.014872 0.040733 -0.124999
v -0.010970 0.043392 -0.124660
v -0.009954 0.042612 -0.123834
v -0.008847 0.041201 -0.123512
v -0.011315 0.041069 -0.127652
v -0.011741 0.042486 -0.126864
v -0.011620 0.043340 -0.125769
v -0.007404 0.044830 -0.125334
v -0.006626 0.043841 -0.124499
v -0.005911 0.042215 -0.124164
v -0.008283 0.042639 -0.128317
v -0.008350 0.044119 -0.127539
v -0.008033 0.044925 -0.126447
v -0.003402 0.045388 -0.126103
v -0.002845 0.044262 -0.125270
v -0.002494 0.042525 -0.124937
v -0.004767 0.043419 -0.129076
v -0.004503 0.044876 -0.128301
v -0.004008 0.045605 -0.127212
v 0.000579 0.045198 -0.126857
v 0.000866 0.043977 -0.126025
v 0.000827 0.042207 -0.125695
v -0.001136 0.043585 -0.129844
v -0.000575 0.044949 -0.129062
v 0.000050 0.045546 -0.127969
v 0.004189 0.044064 -0.127515
v 0.004163 0.042818 -0.126681
v 0.003687 0.041124 -0.126348
v 0.002142 0.042929 -0.130498
v 0.003020 0.044106 -0.129719
v 0.003768 0.044529 -0.128627
v 0.007589 0.041903 -0.128273
v 0.007295 0.040697 -0.127447
v 0.006457 0.039169 -0.127123
v 0.005317 0.041335 -0.131252
v 0.006440 0.042255 -0.130469
v 0.007271 0.042466 -0.129379
v 0.010470 0.039163 -0.129021
v 0.009890 0.038064 -0.128199
v 0.008176 0.039114 -0.132018
v 0.009467 0.039751 -0.131226
v 0.010309 0.039776 -0.130129
v 0.012419 0.035967 -0.129674
v 0.011581 0.035058 -0.128851
v 0.008585 0.035795 -0.132945
v 0.010204 0.036482 -0.132671
v 0.011606 0.036775 -0.131880
v 0.012421 0.036592 -0.130783
v 0.013557 0.032210 -0.130436
v 0.012547 0.031497 -0.129619
v 0.010932 0.030892 -0.129307
v 0.009816 0.032933 -0.133704
v 0.011533 0.033242 -0.133427
v 0.012952 0.033208 -0.132634
v 0.013698 0.032835 -0.131540
v 0.013985 0.028393 -0.131207
v 0.012863 0.027926 -0.130384
v 0.011168 0.027687 -0.130066
v 0.012190 0.029791 -0.134203
v 0.013573 0.029465 -0.133412
v 0.014237 0.028957 -0.132315
v 0.013509 0.024788 -0.131894
v 0.012332 0.024607 -0.131057
v 0.010646 0.024787 -0.130720
v 0.012046 0.026581 -0.134873
v 0.013320 0.025928 -0.134098
v 0.013862 0.025273 -0.133007
v 0.012034 0.021232 -0.132677
v 0.010855 0.021302 -0.131838
v 0.009510 0.024180 -0.135886
v 0.011017 0.023341 -0.135641
v 0.012105 0.022416 -0.134873
v 0.012484 0.021643 -0.133788
v 0.009869 0.018080 -0.133435
v 0.008758 0.018408 -0.132595
v 0.009349 0.020323 -0.136412
v 0.010192 0.019193 -0.135638
v 0.010386 0.018373 -0.134549
v 0.007156 0.015684 -0.134083
v 0.006171 0.016287 -0.133244
v 0.006281 0.019388 -0.137314
v 0.007208 0.017970 -0.137062
v 0.007738 0.016671 -0.136286
v 0.007725 0.015831 -0.135196
v 0.003753 0.013976 -0.134823
v 0.002915 0.014794 -0.134000
v 0.002077 0.016218 -0.133679
v 0.004380 0.016140 -0.137806
v 0.004586 0.014772 -0.137021
v 0.004361 0.013976 -0.135929
v 0.000152 0.013007 -0.135559
v -0.000470 0.014002 -0.134744
v 0.001009 0.016549 -0.138848
v 0.001217 0.014898 -0.138563
v 0.001117 0.013546 -0.137764
v 0.000731 0.012848 -0.136665
v -0.003364 0.012915 -0.136207
v -0.003711 0.014034 -0.135393
v -0.003790 0.015679 -0.135090
v -0.001668 0.016144 -0.139500
v -0.001879 0.014494 -0.139213
v -0.002309 0.013205 -0.138412
v -0.002850 0.012620 -0.137311
v -0.006971 0.013762 -0.136962
v -0.007067 0.014938 -0.136158
v -0.005152 0.014917 -0.139965
v -0.005862 0.013774 -0.139160
v -0.006527 0.013344 -0.138061
v -0.010276 0.015289 -0.137718
v -0.010104 0.016449 -0.136914
v -0.007406 0.017381 -0.141034
v -0.008298 0.016007 -0.140734
v -0.009227 0.015058 -0.139924
v -0.009952 0.014787 -0.138820
v -0.012963 0.017476 -0.138388
v -0.012523 0.018528 -0.137576
v -0.011548 0.019805 -0.137275
v -0.010853 0.017711 -0.141396
v -0.011984 0.017025 -0.140593
v -0.012759 0.016932 -0.139492
v -0.015150 0.020397 -0.139163
v -0.014498 0.021329 -0.138352
v -0.013273 0.022353 -0.138049
v -0.011618 0.020921 -0.142445
v -0.013023 0.020127 -0.142159
v -0.014281 0.019719 -0.141361
v -0.015064 0.019813 -0.140264
v -0.016670 0.023641 -0.139934
v -0.015834 0.024387 -0.139117
v -0.014672 0.022947 -0.142936
v -0.015979 0.022821 -0.142139
v -0.016716 0.023070 -0.141040
v -0.017293 0.026959 -0.140608
v -0.016319 0.027467 -0.139782
v -0.014788 0.027808 -0.139461
v -0.015493 0.025822 -0.143601
v -0.016788 0.026017 -0.142813
v -0.017454 0.026430 -0.141717
v -0.017093 0.030507 -0.141377
v -0.016033 0.030800 -0.140554
v -0.014469 0.030803 -0.140235
v -0.015588 0.028973 -0.144361
v -0.016812 0.029454 -0.143575
v -0.017370 0.030013 -0.142483
v -0.016208 0.033893 -0.142134
v -0.015115 0.033936 -0.141311
v -0.015085 0.032114 -0.145130
v -0.016167 0.032837 -0.144339
v -0.016585 0.033488 -0.143242
v -0.014582 0.036790 -0.142795
v -0.013523 0.036564 -0.141968
v -0.012151 0.035865 -0.141646
v -0.012684 0.033857 -0.146055
v -0.013934 0.034802 -0.145786
v -0.014797 0.035764 -0.144999
v -0.015042 0.036492 -0.143904
v -0.012142 0.039341 -0.143557
v -0.011165 0.038893 -0.142737
v -0.009998 0.037912 -0.142421
v -0.012008 0.037246 -0.146542
v -0.012610 0.038375 -0.145754
v -0.012666 0.039145 -0.144661
v -0.009298 0.041315 -0.144309
v -0.008459 0.040648 -0.143491
v -0.007555 0.039428 -0.143181
v -0.009625 0.039295 -0.147310
v -0.009956 0.040515 -0.146514
v -0.009842 0.041259 -0.145416
v -0.006235 0.042422 -0.144963
v -0.005599 0.041570 -0.144144
v -0.005036 0.040173 -0.143832
v -0.007039 0.040569 -0.147964
v -0.007057 0.041823 -0.147169
v -0.006766 0.042506 -0.146070
v -0.002837 0.042772 -0.145714
v -0.002394 0.041798 -0.144905
v -0.004059 0.041167 -0.148713
v -0.003794 0.042383 -0.147913
v -0.003350 0.042978 -0.146815
v 0.000503 0.042491 -0.146460
v 0.000712 0.041440 -0.145655
v 0.000627 0.039940 -0.145363
v -0.000997 0.041225 -0.149476
v -0.000485 0.042343 -0.148666
v 0.000062 0.042814 -0.147562
v 0.003501 0.041444 -0.147120
v 0.003442 0.040384 -0.146312
v 0.002988 0.038963 -0.146016
v 0.001748 0.040588 -0.150132
v 0.002516 0.041539 -0.149325
v 0.003159 0.041859 -0.148223
v 0.006291 0.039559 -0.147890
v 0.006011 0.038544 -0.147086
v 0.005261 0.037275 -0.146791
v 0.004368 0.039163 -0.150892
v 0.005331 0.039898 -0.150088
v 0.006035 0.040047 -0.148989
v 0.008629 0.037204 -0.148656
v 0.008121 0.036292 -0.147848
v 0.007103 0.035237 -0.147551
v 0.006688 0.037225 -0.151668
v 0.007785 0.037726 -0.150862
v 0.008499 0.037723 -0.149759
v 0.010185 0.034496 -0.149327
v 0.009476 0.033753 -0.148510
v 0.008239 0.032993 -0.148202
v 0.008303 0.034973 -0.152331
v 0.009488 0.035189 -0.151533
v 0.010182 0.035019 -0.150433
v 0.011055 0.031338 -0.150097
v 0.010211 0.030758 -0.149283
v 0.009333 0.032247 -0.153091
v 0.010527 0.032190 -0.152296
v 0.011163 0.031861 -0.151200
v 0.011319 0.028141 -0.150862
v 0.010381 0.027767 -0.150044
v 0.008961 0.027600 -0.149735
v 0.009824 0.029364 -0.153864
v 0.010974 0.029061 -0.153067
v 0.011528 0.028615 -0.151968
v 0.010830 0.025144 -0.151534
v 0.009844 0.025013 -0.150709
v 0.008439 0.025200 -0.150388
v 0.009657 0.026690 -0.154527
v 0.010700 0.026115 -0.153739
v 0.011136 0.025549 -0.152644
v 0.009515 0.022211 -0.152305
v 0.008526 0.022296 -0.151482
v 0.007523 0.024731 -0.155557
v 0.008753 0.023999 -0.155287
v 0.009626 0.023202 -0.154502
v 0.009911 0.022547 -0.153410
v 0.007654 0.019645 -0.153058
v 0.006723 0.019949 -0.152237
v 0.006296 0.022492 -0.156332
v 0.007319 0.021513 -0.156056
v 0.007983 0.020557 -0.155263
v 0.008111 0.019872 -0.154165
v 0.005356 0.017717 -0.153709
v 0.004539 0.018247 -0.152888
v 0.003616 0.019279 -0.152573
v 0.004750 0.020793 -0.156984
v 0.005488 0.019597 -0.156708
v 0.005890 0.018512 -0.155915
v 0.005847 0.017820 -0.154817
v 0.002507 0.016365 -0.154461
v 0.001819 0.017067 -0.153650
v 0.002656 0.019457 -0.157743
v 0.003102 0.018136 -0.157458
v 0.003238 0.017001 -0.156659
v 0.003024 0.016348 -0.155563
v -0.000485 0.015618 -0.155212
v -0.000990 0.016454 -0.154404
v 0.000313 0.018545 -0.158517
v 0.000455 0.017171 -0.158223
v 0.000343 0.016050 -0.157417
v 0.000002 0.015477 -0.156315
v -0.003395 0.015598 -0.155877
v -0.003672 0.016524 -0.155063
v -0.001914 0.018265 -0.159169
v -0.002114 0.016900 -0.158883
v -0.002495 0.015836 -0.158082
v -0.002963 0.015353 -0.156982
v -0.006369 0.016351 -0.156651
v -0.006444 0.017313 -0.155838
v -0.006189 0.018645 -0.155533
v -0.004809 0.017318 -0.159645
v -0.005421 0.016374 -0.158849
v -0.005992 0.016014 -0.157753
v -0.009090 0.017656 -0.157422
v -0.008948 0.018596 -0.156603
v -0.006632 0.019405 -0.160703
v -0.007389 0.018273 -0.160423
v -0.008182 0.017487 -0.159627
v -0.008805 0.017256 -0.158529
v -0.011282 0.019499 -0.158096
v -0.010927 0.020357 -0.157268
v -0.010115 0.021401 -0.156944
v -0.008466 0.020605 -0.161354
v -0.009471 0.019701 -0.161087
v -0.010430 0.019135 -0.160301
v -0.011094 0.019058 -0.159207
v -0.013052 0.021962 -0.158857
v -0.012515 0.022726 -0.158036
v -0.011249 0.021712 -0.161842
v -0.012306 0.021389 -0.161055
v -0.012969 0.021476 -0.159962
v -0.014259 0.024689 -0.159590
v -0.013548 0.025304 -0.158778
v -0.012363 0.025879 -0.158477
v -0.013714 0.023972 -0.161797
v -0.014313 0.024204 -0.160695
v -0.014728 0.027462 -0.160220
v -0.013876 0.027873 -0.159411
v -0.014400 0.026640 -0.162438
v -0.014913 0.027011 -0.161328
v -0.014531 0.030411 -0.160961
v -0.013590 0.030634 -0.160150
v -0.012254 0.030600 -0.159863
v -0.014419 0.029508 -0.163199
v -0.014827 0.029997 -0.162077
v -0.013819 0.033234 -0.161717
v -0.012847 0.033247 -0.160876
v -0.011532 0.032921 -0.160569
v -0.013879 0.032325 -0.164016
v -0.014190 0.032894 -0.162866
v -0.012514 0.035689 -0.162386
v -0.011566 0.035471 -0.161498
v -0.010350 0.034828 -0.161151
v -0.012751 0.034773 -0.164755
v -0.012942 0.035428 -0.163578
v -0.010483 0.037894 -0.163137
v -0.009580 0.037474 -0.162216
v -0.008516 0.036551 -0.161850
v -0.010959 0.036989 -0.165574
v -0.010983 0.037710 -0.164366
v -0.008027 0.039571 -0.163831
v -0.007226 0.038901 -0.162894
v -0.008739 0.038845 -0.166358
v -0.008577 0.039542 -0.165099
v -0.005413 0.040434 -0.164325
v -0.004780 0.039505 -0.163411
v -0.006306 0.040051 -0.166935
v -0.005970 0.040626 -0.165615
v -0.002608 0.040713 -0.164785
v -0.003609 0.040800 -0.167426
v -0.003151 0.041162 -0.166049
v 0.000338 0.040599 -0.165261
v -0.000609 0.041254 -0.167857
v -0.000104 0.041332 -0.166452
v 0.003060 0.039882 -0.165712
v 0.002405 0.041052 -0.168214
v 0.002867 0.040841 -0.166816
v 0.005660 0.038432 -0.166335
v 0.005451 0.039900 -0.168747
v 0.005778 0.039479 -0.167368
v 0.008091 0.036440 -0.167069
v 0.008346 0.037934 -0.169454
v 0.008505 0.037434 -0.168076
v 0.009842 0.034113 -0.167702
v 0.010493 0.035457 -0.170103
v 0.010506 0.034951 -0.168716
v 0.011065 0.031224 -0.168420
v 0.012007 0.032397 -0.170837
v 0.011903 0.031897 -0.169440
v 0.011778 0.027934 -0.169154
v 0.012997 0.028846 -0.171601
v 0.012765 0.028394 -0.170182
v 0.011662 0.024775 -0.169722
v 0.013120 0.025322 -0.172229
v 0.012765 0.024956 -0.170773
v 0.010700 0.021481 -0.170357
v 0.012315 0.021682 -0.172954
v 0.011860 0.021400 -0.171443
v 0.009049 0.018204 -0.171021
v 0.010700 0.018014 -0.173783
v 0.010194 0.017844 -0.172182
v 0.006796 0.015585 -0.171556
v 0.008342 0.014997 -0.174513
v 0.007827 0.014939 -0.172812
v 0.003682 0.013481 -0.172200
v 0.005109 0.012561 -0.175296
v 0.004577 0.012605 -0.173521
v -0.000020 0.011997 -0.172910
v 0.001160 0.010731 -0.176074
v 0.000658 0.010914 -0.174258
v -0.003729 0.011575 -0.173512
v -0.002939 0.010004 -0.176691
v -0.003363 0.010331 -0.174861
v -0.007702 0.012169 -0.174223
v -0.007299 0.010391 -0.177373
v -0.007632 0.010846 -0.175550
v -0.011687 0.013572 -0.174986
v -0.011486 0.012053 -0.178046
v -0.011938 0.012256 -0.176300
v -0.014949 0.015756 -0.175634
v -0.006517 0.021105 -0.182274
v -0.008651 0.020078 -0.182625
v -0.011190 0.019040 -0.183194
v -0.015440 0.014410 -0.178861
v -0.015538 0.014557 -0.176953
v -0.017803 0.018891 -0.176390
v -0.006127 0.024058 -0.181978
v -0.009919 0.022741 -0.182463
v -0.012762 0.021276 -0.183012
v -0.015458 0.019706 -0.183344
v -0.017201 0.018612 -0.182761
v -0.018081 0.017758 -0.181379
v -0.018526 0.017625 -0.179557
v -0.018655 0.017875 -0.177721
v -0.020048 0.022713 -0.177116
v -0.008320 0.028549 -0.182053
v -0.011754 0.026062 -0.182679
v -0.014644 0.024248 -0.183345
v -0.017650 0.022525 -0.183981
v -0.019381 0.021814 -0.183496
v -0.020728 0.021440 -0.182154
v -0.021356 0.021494 -0.180315
v -0.021114 0.021957 -0.178471
v -0.021174 0.026744 -0.177711
v -0.011284 0.030877 -0.182571
v -0.013633 0.028972 -0.183217
v -0.016098 0.027416 -0.183947
v -0.018831 0.025900 -0.184538
v -0.020681 0.025593 -0.184066
v -0.022086 0.025549 -0.182737
v -0.022696 0.025775 -0.180908
v -0.022370 0.026211 -0.179068
v -0.021500 0.031344 -0.178623
v -0.012794 0.033279 -0.183164
v -0.014903 0.031699 -0.183956
v -0.017000 0.030682 -0.184829
v -0.019505 0.029730 -0.185408
v -0.021373 0.029859 -0.184923
v -0.022739 0.030180 -0.183594
v -0.023253 0.030609 -0.181775
v -0.022806 0.031035 -0.179956
v -0.020309 0.036432 -0.179881
v -0.013613 0.035710 -0.183893
v -0.015867 0.033941 -0.184789
v -0.017322 0.033956 -0.186085
v -0.019189 0.034298 -0.186522
v -0.020969 0.034878 -0.185982
v -0.022185 0.035538 -0.184611
v -0.022513 0.036104 -0.182775
v -0.021892 0.036434 -0.180966
v -0.018773 0.041100 -0.181110
v -0.013934 0.042908 -0.182935
v -0.013550 0.038848 -0.185063
v -0.014535 0.037612 -0.186244
v -0.016219 0.037496 -0.187414
v -0.018226 0.037833 -0.187678
v -0.020020 0.038532 -0.186967
v -0.021120 0.039406 -0.185470
v -0.021232 0.040222 -0.183589
v -0.020333 0.040765 -0.181828
v -0.022807 0.051903 -0.187438
v -0.019942 0.053354 -0.188674
v -0.017183 0.053223 -0.190726
v -0.015267 0.051547 -0.193041
v -0.014710 0.048774 -0.195001
v -0.015660 0.045648 -0.196080
v -0.017862 0.043005 -0.195989
v -0.020727 0.041555 -0.194752
v -0.023487 0.041685 -0.192701
v -0.025402 0.043362 -0.190385
v -0.025960 0.046135 -0.188425
v -0.025010 0.049261 -0.187346
v -0.009643 0.020303 -0.010885
v -0.009237 0.021205 -0.009916
v -0.008363 0.020106 -0.013926
v -0.009140 0.019666 -0.013091
v -0.009608 0.019739 -0.011978
v -0.011344 0.021867 -0.011491
v -0.010803 0.022732 -0.010555
v -0.010151 0.021394 -0.014538
v -0.010969 0.021093 -0.013682
v -0.011404 0.021268 -0.012567
v -0.012895 0.024115 -0.012300
v -0.012149 0.024820 -0.011352
v -0.011804 0.023347 -0.015330
v -0.012698 0.023263 -0.014488
v -0.013095 0.023546 -0.013379
v -0.013905 0.026726 -0.013099
v -0.012995 0.027215 -0.012128
v -0.011713 0.025914 -0.016462
v -0.012973 0.025770 -0.016135
v -0.013896 0.025890 -0.015304
v -0.014234 0.026241 -0.014193
v -0.014137 0.029348 -0.013795
v -0.013095 0.029600 -0.012805
v -0.012199 0.028006 -0.017114
v -0.013499 0.028174 -0.016812
v -0.014398 0.028523 -0.016000
v -0.014616 0.028954 -0.014895
v -0.013488 0.032079 -0.014581
v -0.012428 0.032101 -0.013587
v -0.013181 0.030785 -0.017582
v -0.013934 0.031321 -0.016779
v -0.014041 0.031794 -0.015680
v -0.012366 0.034617 -0.015333
v -0.011330 0.034387 -0.014341
v -0.010167 0.033881 -0.014239
v -0.012385 0.033343 -0.018349
v -0.012985 0.034019 -0.017538
v -0.012972 0.034483 -0.016434
v -0.010766 0.036712 -0.015981
v -0.009816 0.036229 -0.014990
v -0.008819 0.035449 -0.014890
v -0.011124 0.035487 -0.018999
v -0.011529 0.036291 -0.018186
v -0.011393 0.036736 -0.017081
v -0.008628 0.038522 -0.016748
v -0.007794 0.037839 -0.015762
v -0.009273 0.037382 -0.019758
v -0.009488 0.038267 -0.018947
v -0.009247 0.038679 -0.017845
v -0.006225 0.039971 -0.017547
v -0.005561 0.039119 -0.016543
v -0.007049 0.038931 -0.020551
v -0.007088 0.039871 -0.019752
v -0.006784 0.040246 -0.018653
v -0.003642 0.040808 -0.018269
v -0.003194 0.039825 -0.017237
v -0.002896 0.038542 -0.017078
v -0.004695 0.039841 -0.021240
v -0.004511 0.040824 -0.020472
v -0.004124 0.041173 -0.019384
v -0.000724 0.040835 -0.019073
v -0.000497 0.039743 -0.018030
v -0.002219 0.038817 -0.022241
v -0.001995 0.040174 -0.022018
v -0.001591 0.041095 -0.021266
v -0.001125 0.041331 -0.020188
v 0.002126 0.040179 -0.019826
v 0.002092 0.039061 -0.018785
v 0.001810 0.037770 -0.018613
v 0.000793 0.039852 -0.022786
v 0.001378 0.040648 -0.022028
v 0.001865 0.040760 -0.020944
v 0.004617 0.038906 -0.020461
v 0.004301 0.037824 -0.019426
v 0.002433 0.037888 -0.023669
v 0.003252 0.038976 -0.023429
v 0.004017 0.039583 -0.022664
v 0.004514 0.039550 -0.021578
v 0.006891 0.036988 -0.021202
v 0.006331 0.035988 -0.020182
v 0.004536 0.036553 -0.024430
v 0.005585 0.037425 -0.024174
v 0.006468 0.037828 -0.023398
v 0.006941 0.037661 -0.022310
v 0.008797 0.034705 -0.021959
v 0.008011 0.033853 -0.020939
v 0.006936 0.033043 -0.020796
v 0.007633 0.035398 -0.024944
v 0.008589 0.035605 -0.024163
v 0.009008 0.035345 -0.023071
v 0.010057 0.032138 -0.022631
v 0.009081 0.031497 -0.021602
v 0.007653 0.032793 -0.025856
v 0.009025 0.033101 -0.025607
v 0.010035 0.033068 -0.024834
v 0.010405 0.032712 -0.023745
v 0.010737 0.029129 -0.023387
v 0.009619 0.028705 -0.022366
v 0.009921 0.030339 -0.026360
v 0.010920 0.030075 -0.025584
v 0.011212 0.029630 -0.024496
v 0.010616 0.026028 -0.024109
v 0.009377 0.025886 -0.023102
v 0.008865 0.027658 -0.027391
v 0.010264 0.027334 -0.027111
v 0.011142 0.026864 -0.026315
v 0.011262 0.026385 -0.025216
v 0.009742 0.023192 -0.024733
v 0.008491 0.023370 -0.023738
v 0.009813 0.024541 -0.027746
v 0.010519 0.023864 -0.026938
v 0.010483 0.023372 -0.025835
v 0.008145 0.020467 -0.025482
v 0.006952 0.020926 -0.024500
v 0.008582 0.021772 -0.028494
v 0.009098 0.020947 -0.027680
v 0.008929 0.020474 -0.026578
v 0.006097 0.018075 -0.026262
v 0.005040 0.018798 -0.025270
v 0.005918 0.020432 -0.029577
v 0.006764 0.019258 -0.029277
v 0.007102 0.018330 -0.028467
v 0.006850 0.017904 -0.027364
v 0.003639 0.016328 -0.026961
v 0.002787 0.017275 -0.025949
v 0.003995 0.018799 -0.030229
v 0.004543 0.017428 -0.029957
v 0.004659 0.016405 -0.029166
v 0.004323 0.016011 -0.028070
v 0.000630 0.015112 -0.027741
v -0.000011 0.016221 -0.026727
v 0.001520 0.017565 -0.030988
v 0.001767 0.016077 -0.030723
v 0.001661 0.015016 -0.029939
v 0.001240 0.014673 -0.028848
v -0.002612 0.014495 -0.028478
v -0.002987 0.015774 -0.027472
v -0.001230 0.016679 -0.031761
v -0.001314 0.015154 -0.031481
v -0.001643 0.014134 -0.030684
v -0.002120 0.013894 -0.029585
v -0.005764 0.014864 -0.029109
v -0.005807 0.016213 -0.028112
v -0.005601 0.017712 -0.028002
v -0.003859 0.016518 -0.032412
v -0.004332 0.015065 -0.032120
v -0.004914 0.014189 -0.031314
v -0.005438 0.014125 -0.030212
v -0.008939 0.016050 -0.029856
v -0.008673 0.017392 -0.028872
v -0.006676 0.017149 -0.033172
v -0.007478 0.015847 -0.032867
v -0.008255 0.015145 -0.032054
v -0.008787 0.015229 -0.030952
v -0.011827 0.017804 -0.030626
v -0.011252 0.019050 -0.029637
v -0.009381 0.018410 -0.033948
v -0.010464 0.017311 -0.033645
v -0.011379 0.016789 -0.032832
v -0.011873 0.016979 -0.031727
v -0.014083 0.020106 -0.031320
v -0.013236 0.021173 -0.030312
v -0.012084 0.022196 -0.030189
v -0.011442 0.020153 -0.034600
v -0.012782 0.019339 -0.034321
v -0.013831 0.019040 -0.033525
v -0.014300 0.019328 -0.032427
v -0.015857 0.023066 -0.032116
v -0.014811 0.023935 -0.031101
v -0.014635 0.022048 -0.035096
v -0.015762 0.021972 -0.034314
v -0.016203 0.022349 -0.033224
v -0.017073 0.026329 -0.032898
v -0.015870 0.026947 -0.031872
v -0.014402 0.025318 -0.036130
v -0.016013 0.025124 -0.035878
v -0.017165 0.025273 -0.035102
v -0.017542 0.025718 -0.034012
v -0.017393 0.029681 -0.033574
v -0.016059 0.029992 -0.032539
v -0.014966 0.028002 -0.036781
v -0.016600 0.028215 -0.036541
v -0.017718 0.028654 -0.035776
v -0.017998 0.029192 -0.034690
v -0.016744 0.033240 -0.034328
v -0.015356 0.033247 -0.033302
v -0.013771 0.032961 -0.033150
v -0.016356 0.031597 -0.037293
v -0.017331 0.032289 -0.036523
v -0.017464 0.032889 -0.035438
v -0.015367 0.036603 -0.035047
v -0.013994 0.036266 -0.034036
v -0.012507 0.035611 -0.033908
v -0.015433 0.034986 -0.038044
v -0.016207 0.035867 -0.037252
v -0.016174 0.036456 -0.036155
v -0.013262 0.039363 -0.035663
v -0.012003 0.038678 -0.034667
v -0.010723 0.037655 -0.034559
v -0.013805 0.037841 -0.038675
v -0.014310 0.038886 -0.037869
v -0.014105 0.039438 -0.036766
v -0.010390 0.041674 -0.036398
v -0.009299 0.040717 -0.035420
v -0.008271 0.039423 -0.035333
v -0.011323 0.040326 -0.039415
v -0.011564 0.041457 -0.038596
v -0.011217 0.041944 -0.037492
v -0.007167 0.043428 -0.037163
v -0.006320 0.042248 -0.036181
v -0.005596 0.040740 -0.036093
v -0.008316 0.042278 -0.040189
v -0.008323 0.043453 -0.039368
v -0.007899 0.043868 -0.038261
v -0.003766 0.044306 -0.037859
v -0.003227 0.042985 -0.036859
v -0.002890 0.041341 -0.036745
v -0.005164 0.043317 -0.040866
v -0.004884 0.044502 -0.040064
v -0.004371 0.044858 -0.038963
v 0.000001 0.044323 -0.038659
v 0.000252 0.042917 -0.037649
v 0.000229 0.041223 -0.037519
v -0.001633 0.043562 -0.041643
v -0.001087 0.044699 -0.040856
v -0.000489 0.044972 -0.039764
v 0.003712 0.043559 -0.039437
v 0.003639 0.042136 -0.038419
v 0.003239 0.040478 -0.038279
v 0.001973 0.043118 -0.042425
v 0.002751 0.044131 -0.041642
v 0.003386 0.044288 -0.040548
v 0.006968 0.041928 -0.040111
v 0.006554 0.040570 -0.039084
v 0.005753 0.039058 -0.038932
v 0.004032 0.040505 -0.043339
v 0.005120 0.041887 -0.043088
v 0.006143 0.042692 -0.042315
v 0.006817 0.042703 -0.041225
v 0.009896 0.039367 -0.040884
v 0.009201 0.038131 -0.039858
v 0.006652 0.038637 -0.044098
v 0.008029 0.039746 -0.043850
v 0.009223 0.040304 -0.043080
v 0.009903 0.040161 -0.041994
v 0.012239 0.036276 -0.041652
v 0.011289 0.035240 -0.040622
v 0.009897 0.034215 -0.040466
v 0.008895 0.036218 -0.044872
v 0.010486 0.036998 -0.044626
v 0.011776 0.037292 -0.043855
v 0.012414 0.037025 -0.042766
v 0.013663 0.032856 -0.042317
v 0.012498 0.032087 -0.041281
v 0.012065 0.033977 -0.045285
v 0.013415 0.033948 -0.044519
v 0.013997 0.033537 -0.043433
v 0.014214 0.028946 -0.043059
v 0.012919 0.028443 -0.042037
v 0.012904 0.030433 -0.046030
v 0.014206 0.030094 -0.045256
v 0.014684 0.029550 -0.044168
v 0.014016 0.024997 -0.043769
v 0.012605 0.024818 -0.042766
v 0.010845 0.024939 -0.042648
v 0.011425 0.027128 -0.047060
v 0.013146 0.026691 -0.046774
v 0.014321 0.026080 -0.045974
v 0.014641 0.025460 -0.044874
v 0.012855 0.021397 -0.044385
v 0.011419 0.021591 -0.043397
v 0.012528 0.023244 -0.047405
v 0.013489 0.022354 -0.046590
v 0.013609 0.021678 -0.045485
v 0.010700 0.017997 -0.045133
v 0.009330 0.018513 -0.044158
v 0.010877 0.019880 -0.048152
v 0.011587 0.018789 -0.047330
v 0.011520 0.018103 -0.046225
v 0.007940 0.015137 -0.045916
v 0.006743 0.015936 -0.044931
v 0.005477 0.017205 -0.044836
v 0.007458 0.018403 -0.049246
v 0.008471 0.016933 -0.048938
v 0.008936 0.015711 -0.048121
v 0.008739 0.015059 -0.047015
v 0.004728 0.013168 -0.046622
v 0.003776 0.014201 -0.045613
v 0.005619 0.014907 -0.049621
v 0.005792 0.013573 -0.048828
v 0.005465 0.012940 -0.047730
v 0.000903 0.011979 -0.047408
v 0.000184 0.013182 -0.046395
v 0.001916 0.015322 -0.050657
v 0.002174 0.013529 -0.050390
v 0.002051 0.012174 -0.049606
v 0.001585 0.011612 -0.048515
v -0.003079 0.011546 -0.048147
v -0.003507 0.012874 -0.047141
v -0.001543 0.012751 -0.051149
v -0.001948 0.011474 -0.050353
v -0.002509 0.011039 -0.049254
v -0.006888 0.012055 -0.048777
v -0.006960 0.013477 -0.047780
v -0.006685 0.015258 -0.047671
v -0.004491 0.014496 -0.052081
v -0.005086 0.012787 -0.051788
v -0.005809 0.011655 -0.050982
v -0.006466 0.011392 -0.049880
v -0.010680 0.013622 -0.049523
v -0.010422 0.015052 -0.048540
v -0.008733 0.013835 -0.052534
v -0.009708 0.012918 -0.051720
v -0.010417 0.012843 -0.050618
v -0.014039 0.015913 -0.050293
v -0.013453 0.017240 -0.049305
v -0.012124 0.015713 -0.053313
v -0.013276 0.015030 -0.052499
v -0.013973 0.015106 -0.051394
v -0.016549 0.018832 -0.050984
v -0.015674 0.019961 -0.049979
v -0.014293 0.021136 -0.049858
v -0.014673 0.018212 -0.053987
v -0.015977 0.017822 -0.053190
v -0.016658 0.018051 -0.052091
v -0.018396 0.022474 -0.051770
v -0.017309 0.023397 -0.050761
v -0.016622 0.021453 -0.054756
v -0.018004 0.021352 -0.053968
v -0.018648 0.021726 -0.052875
v -0.019473 0.026388 -0.052531
v -0.018214 0.027041 -0.051519
v -0.016476 0.027527 -0.051390
v -0.017988 0.025048 -0.055527
v -0.019352 0.025238 -0.054736
v -0.019890 0.025728 -0.053639
v -0.019594 0.030269 -0.053189
v -0.018224 0.030593 -0.052175
v -0.016617 0.028285 -0.056452
v -0.018430 0.028584 -0.056182
v -0.019715 0.029112 -0.055393
v -0.020137 0.029727 -0.054297
v -0.018711 0.034317 -0.053947
v -0.017278 0.034330 -0.052942
v -0.015484 0.033955 -0.052818
v -0.017998 0.032369 -0.056936
v -0.019128 0.033189 -0.056144
v -0.019385 0.033899 -0.055050
v -0.017006 0.038087 -0.054703
v -0.015602 0.037759 -0.053698
v -0.013932 0.036978 -0.053577
v -0.016751 0.036071 -0.057705
v -0.017671 0.037116 -0.056908
v -0.017761 0.037851 -0.055809
v -0.014505 0.041126 -0.055370
v -0.013232 0.040462 -0.054358
v -0.011812 0.039289 -0.054229
v -0.014746 0.039085 -0.058366
v -0.015380 0.040336 -0.057575
v -0.015290 0.041078 -0.056478
v -0.011136 0.043579 -0.056143
v -0.010031 0.042662 -0.055133
v -0.008899 0.041205 -0.055003
v -0.011849 0.041613 -0.059128
v -0.012183 0.042976 -0.058341
v -0.011919 0.043689 -0.057249
v -0.007403 0.045348 -0.056916
v -0.006539 0.044208 -0.055899
v -0.005755 0.042537 -0.055762
v -0.008471 0.043563 -0.059906
v -0.008518 0.044981 -0.059120
v -0.008127 0.045629 -0.058026
v -0.003533 0.046053 -0.057593
v -0.002978 0.044767 -0.056566
v -0.002632 0.042974 -0.056415
v -0.005008 0.044543 -0.060571
v -0.004703 0.045939 -0.059797
v -0.004164 0.046486 -0.058707
v 0.000652 0.045855 -0.058358
v 0.000920 0.044469 -0.057336
v 0.000862 0.042628 -0.057189
v -0.001581 0.042836 -0.061582
v -0.001173 0.044673 -0.061328
v -0.000553 0.045975 -0.060554
v 0.000113 0.046403 -0.059467
v 0.004708 0.044807 -0.059096
v 0.004638 0.043374 -0.058081
v 0.004157 0.041577 -0.057948
v 0.002723 0.044107 -0.062088
v 0.003606 0.045232 -0.061301
v 0.004329 0.045485 -0.060205
v 0.008192 0.042822 -0.059736
v 0.007753 0.041442 -0.058726
v 0.006825 0.039819 -0.058599
v 0.004884 0.041239 -0.063009
v 0.006104 0.042684 -0.062733
v 0.007245 0.043541 -0.061941
v 0.008005 0.043588 -0.060843
v 0.011231 0.039852 -0.060492
v 0.010491 0.038591 -0.059491
v 0.009221 0.037214 -0.059373
v 0.009167 0.040251 -0.063486
v 0.010472 0.040811 -0.062690
v 0.011223 0.040663 -0.061594
v 0.013610 0.036396 -0.061269
v 0.012609 0.035347 -0.060260
v 0.011062 0.034288 -0.060134
v 0.009942 0.036405 -0.064543
v 0.011663 0.037171 -0.064267
v 0.013067 0.037449 -0.063474
v 0.013775 0.037165 -0.062376
v 0.014987 0.032661 -0.061963
v 0.013783 0.031894 -0.060937
v 0.012032 0.031248 -0.060787
v 0.013202 0.033866 -0.064942
v 0.014657 0.033798 -0.064167
v 0.015306 0.033357 -0.063077
v 0.015410 0.028456 -0.062748
v 0.014103 0.027956 -0.061718
v 0.011982 0.030144 -0.065953
v 0.013888 0.030055 -0.065710
v 0.015297 0.029665 -0.064944
v 0.015842 0.029081 -0.063860
v 0.015098 0.024244 -0.063502
v 0.013695 0.024058 -0.062473
v 0.011836 0.024215 -0.062319
v 0.013938 0.026099 -0.066478
v 0.015240 0.025419 -0.065706
v 0.015661 0.024742 -0.064616
v 0.013756 0.020420 -0.064149
v 0.012337 0.020596 -0.063122
v 0.011454 0.023472 -0.067378
v 0.013121 0.022517 -0.067127
v 0.014211 0.021525 -0.066353
v 0.014439 0.020761 -0.065263
v 0.011313 0.016848 -0.064897
v 0.009949 0.017349 -0.063883
v 0.009861 0.020355 -0.068139
v 0.011259 0.019037 -0.067876
v 0.012070 0.017818 -0.067094
v 0.012087 0.017021 -0.066004
v 0.008205 0.013905 -0.065646
v 0.006998 0.014721 -0.064635
v 0.007589 0.017569 -0.068915
v 0.008646 0.015975 -0.068641
v 0.009157 0.014623 -0.067851
v 0.008994 0.013870 -0.066754
v 0.004670 0.011927 -0.066305
v 0.003707 0.013019 -0.065290
v 0.002777 0.014672 -0.065157
v 0.004969 0.015676 -0.069567
v 0.005597 0.013858 -0.069298
v 0.005761 0.012407 -0.068510
v 0.005421 0.011705 -0.067414
v 0.000535 0.010821 -0.067067
v -0.000180 0.012102 -0.066058
v 0.001692 0.014394 -0.070326
v 0.001906 0.012483 -0.070054
v 0.001738 0.011037 -0.069265
v 0.001237 0.010433 -0.068172
v -0.003696 0.010500 -0.067827
v -0.004108 0.011884 -0.066816
v -0.001847 0.013759 -0.071099
v -0.002047 0.011859 -0.070825
v -0.002509 0.010486 -0.070033
v -0.003111 0.009992 -0.068935
v -0.007705 0.011138 -0.068498
v -0.007764 0.012584 -0.067480
v -0.005073 0.013899 -0.071749
v -0.005744 0.012089 -0.071486
v -0.006543 0.010851 -0.070702
v -0.007258 0.010507 -0.069609
v -0.011676 0.012919 -0.069266
v -0.011411 0.014358 -0.068252
v -0.010664 0.016115 -0.068116
v -0.008424 0.014971 -0.072510
v -0.009499 0.013357 -0.072245
v -0.010576 0.012340 -0.071463
v -0.011368 0.012182 -0.070372
v -0.015152 0.015510 -0.070015
v -0.014543 0.016848 -0.069004
v -0.013402 0.018385 -0.068876
v -0.013003 0.015428 -0.073011
v -0.014268 0.014689 -0.072219
v -0.015050 0.014721 -0.071123
v -0.017679 0.018743 -0.070661
v -0.016750 0.019883 -0.069652
v -0.015254 0.021081 -0.069527
v -0.013941 0.019027 -0.073938
v -0.015639 0.018111 -0.073661
v -0.017041 0.017722 -0.072867
v -0.017780 0.017956 -0.071769
v -0.019487 0.022677 -0.071416
v -0.018319 0.023603 -0.070416
v -0.015761 0.022089 -0.074697
v -0.017629 0.021567 -0.074413
v -0.019093 0.021503 -0.073615
v -0.019769 0.021909 -0.072518
v -0.020479 0.026835 -0.072184
v -0.019139 0.027474 -0.071179
v -0.017273 0.027925 -0.071059
v -0.018914 0.025398 -0.075188
v -0.020354 0.025639 -0.074390
v -0.020922 0.026164 -0.073291
v -0.020472 0.030908 -0.072872
v -0.019058 0.031207 -0.071853
v -0.017271 0.028743 -0.076120
v -0.019177 0.029111 -0.075859
v -0.020543 0.029702 -0.075077
v -0.021013 0.030357 -0.073983
v -0.019412 0.035123 -0.073658
v -0.017959 0.035114 -0.072636
v -0.016092 0.034678 -0.072488
v -0.018530 0.033020 -0.076627
v -0.019743 0.033919 -0.075854
v -0.020063 0.034685 -0.074767
v -0.017473 0.039025 -0.074418
v -0.016058 0.038674 -0.073394
v -0.014335 0.037817 -0.073247
v -0.017081 0.036816 -0.077400
v -0.018065 0.037957 -0.076622
v -0.018206 0.038762 -0.075531
v -0.014707 0.042118 -0.075071
v -0.013426 0.041419 -0.074046
v -0.011977 0.040155 -0.073899
v -0.014894 0.039890 -0.078052
v -0.015555 0.041241 -0.077275
v -0.015485 0.042052 -0.076184
v -0.011065 0.044569 -0.075820
v -0.009957 0.043596 -0.074807
v -0.008818 0.042034 -0.074672
v -0.011795 0.042439 -0.078801
v -0.012124 0.043902 -0.078018
v -0.011858 0.044680 -0.076927
v -0.007071 0.046267 -0.076569
v -0.006215 0.045053 -0.075559
v -0.005454 0.043267 -0.075431
v -0.008224 0.044406 -0.079566
v -0.008230 0.045898 -0.078774
v -0.007808 0.046575 -0.077677
v -0.002991 0.046846 -0.077232
v -0.002464 0.045463 -0.076217
v -0.002173 0.043561 -0.076083
v -0.004572 0.045325 -0.080224
v -0.004205 0.046772 -0.079436
v -0.003628 0.047324 -0.078341
v 0.001362 0.046453 -0.077999
v 0.001585 0.044996 -0.076988
v 0.001451 0.043066 -0.076857
v -0.000569 0.045288 -0.080982
v 0.000123 0.046623 -0.080196
v 0.000827 0.047046 -0.079104
v 0.005535 0.045219 -0.078759
v 0.005416 0.043741 -0.077747
v 0.004850 0.041879 -0.077617
v 0.003438 0.044504 -0.081754
v 0.004397 0.045661 -0.080964
v 0.005160 0.045920 -0.079867
v 0.009089 0.043037 -0.079423
v 0.008605 0.041639 -0.078406
v 0.005539 0.041385 -0.082678
v 0.006857 0.042861 -0.082413
v 0.008084 0.043744 -0.081628
v 0.008897 0.043806 -0.080534
v 0.012137 0.039826 -0.080186
v 0.011353 0.038560 -0.079175
v 0.009920 0.040214 -0.083168
v 0.011315 0.040782 -0.082383
v 0.012122 0.040638 -0.081291
v 0.014491 0.036128 -0.080935
v 0.013425 0.035079 -0.079927
v 0.011772 0.034030 -0.079803
v 0.010612 0.036216 -0.084212
v 0.012445 0.036963 -0.083934
v 0.013930 0.037215 -0.083140
v 0.014675 0.036910 -0.082043
v 0.015755 0.032164 -0.081589
v 0.014454 0.031416 -0.080580
v 0.013996 0.033488 -0.084588
v 0.015496 0.033359 -0.083794
v 0.016136 0.032876 -0.082696
v 0.015996 0.027772 -0.082346
v 0.014567 0.027317 -0.081345
v 0.012650 0.029673 -0.085624
v 0.014618 0.029492 -0.085340
v 0.016037 0.029025 -0.084544
v 0.016536 0.028397 -0.083448
v 0.015487 0.023441 -0.083104
v 0.013990 0.023321 -0.082102
v 0.012044 0.023576 -0.081986
v 0.014478 0.025380 -0.086111
v 0.015771 0.024626 -0.085309
v 0.016138 0.023919 -0.084209
v 0.013966 0.019555 -0.083774
v 0.012486 0.019806 -0.082765
v 0.010661 0.020538 -0.082639
v 0.013444 0.021718 -0.086772
v 0.014522 0.020655 -0.085979
v 0.014710 0.019867 -0.084882
v 0.011317 0.015961 -0.084546
v 0.009921 0.016535 -0.083540
v 0.009943 0.019638 -0.087808
v 0.011341 0.018220 -0.087533
v 0.012139 0.016928 -0.086743
v 0.012128 0.016106 -0.085650
v 0.008007 0.013027 -0.085302
v 0.006786 0.013921 -0.084296
v 0.007477 0.016866 -0.088584
v 0.008513 0.015175 -0.088303
v 0.009003 0.013748 -0.087507
v 0.008817 0.012965 -0.086409
v 0.004282 0.011102 -0.085956
v 0.003325 0.012276 -0.084949
v 0.004719 0.014981 -0.089236
v 0.005303 0.013070 -0.088957
v 0.005424 0.011556 -0.088162
v 0.005050 0.010839 -0.087063
v -0.000039 0.010114 -0.086709
v -0.000730 0.011484 -0.085711
v -0.001232 0.013405 -0.085598
v 0.001293 0.013755 -0.089995
v 0.001441 0.011762 -0.089708
v 0.001213 0.010269 -0.088908
v 0.000672 0.009670 -0.087810
v -0.004423 0.009957 -0.087463
v -0.004788 0.011444 -0.086466
v -0.002672 0.011239 -0.090475
v -0.003205 0.009834 -0.089669
v -0.003843 0.009368 -0.088566
v -0.008522 0.010800 -0.088133
v -0.008515 0.012318 -0.087128
v -0.005716 0.013506 -0.091419
v -0.006482 0.011657 -0.091136
v -0.007352 0.010417 -0.090338
v -0.008096 0.010106 -0.089238
v -0.012538 0.012792 -0.088908
v -0.012198 0.014283 -0.087905
v -0.011347 0.016081 -0.087785
v -0.009123 0.014760 -0.092179
v -0.010298 0.013132 -0.091899
v -0.011445 0.012125 -0.091105
v -0.012262 0.012003 -0.090010
v -0.016018 0.015585 -0.089671
v -0.015331 0.016949 -0.088666
v -0.014086 0.018500 -0.088545
v -0.012296 0.016743 -0.092955
v -0.013809 0.015426 -0.092673
v -0.015144 0.014703 -0.091876
v -0.015949 0.014763 -0.090777
v -0.018542 0.018974 -0.090333
v -0.017534 0.020121 -0.089323
v -0.016413 0.018288 -0.093331
v -0.017901 0.017914 -0.092538
v -0.018676 0.018166 -0.091441
v -0.020271 0.023096 -0.091094
v -0.019032 0.024010 -0.090090
v -0.017206 0.024830 -0.089969
v -0.018330 0.021916 -0.094086
v -0.019872 0.021887 -0.093293
v -0.020579 0.022318 -0.092197
v -0.021152 0.027430 -0.091854
v -0.019736 0.028041 -0.090849
v -0.017772 0.028439 -0.090728
v -0.019532 0.025904 -0.094857
v -0.021040 0.026197 -0.094060
v -0.021631 0.026755 -0.092960
v -0.020969 0.031638 -0.092528
v -0.019461 0.031885 -0.091514
v -0.017724 0.029292 -0.095790
v -0.019700 0.029744 -0.095520
v -0.021109 0.030404 -0.094733
v -0.021572 0.031095 -0.093637
v -0.019667 0.035926 -0.093306
v -0.018149 0.035849 -0.092292
v -0.016223 0.035318 -0.092156
v -0.018839 0.033739 -0.096285
v -0.020065 0.034710 -0.095503
v -0.020365 0.035508 -0.094412
v -0.017519 0.039861 -0.094072
v -0.016064 0.039435 -0.093054
v -0.014308 0.038476 -0.092916
v -0.017170 0.037563 -0.097061
v -0.018157 0.038782 -0.096277
v -0.018285 0.039621 -0.095183
v -0.014578 0.042948 -0.094739
v -0.013284 0.042178 -0.093715
v -0.011828 0.040812 -0.093568
v -0.014790 0.040611 -0.097721
v -0.015447 0.042045 -0.096943
v -0.015370 0.042898 -0.095852
v -0.010761 0.045359 -0.095503
v -0.009656 0.044323 -0.094484
v -0.008532 0.042664 -0.094341
v -0.011526 0.043102 -0.098477
v -0.011838 0.044652 -0.097700
v -0.011560 0.045479 -0.096611
v -0.006588 0.046960 -0.096258
v -0.005752 0.045701 -0.095240
v -0.005027 0.043828 -0.095100
v -0.007786 0.044942 -0.099246
v -0.007759 0.046519 -0.098462
v -0.007322 0.047257 -0.097369
v -0.002364 0.047427 -0.096918
v -0.001869 0.046005 -0.095897
v -0.001633 0.044012 -0.095753
v -0.004024 0.045743 -0.099902
v -0.003607 0.047275 -0.099122
v -0.003001 0.047891 -0.098030
v 0.002096 0.046799 -0.097675
v 0.002274 0.045298 -0.096661
v 0.000063 0.045566 -0.100655
v 0.000822 0.046955 -0.099872
v 0.001564 0.047405 -0.098781
v 0.006309 0.045311 -0.098419
v 0.006135 0.043805 -0.097411
v 0.005481 0.041907 -0.097285
v 0.004108 0.044574 -0.101418
v 0.005141 0.045755 -0.100624
v 0.005943 0.046027 -0.099526
v 0.009849 0.042911 -0.099069
v 0.009301 0.041502 -0.098061
v 0.006121 0.041299 -0.102347
v 0.007526 0.042760 -0.102069
v 0.008824 0.043634 -0.101274
v 0.009673 0.043691 -0.100176
v 0.012855 0.039523 -0.099826
v 0.012003 0.038258 -0.098827
v 0.010539 0.036880 -0.098711
v 0.010548 0.039956 -0.102822
v 0.012014 0.040500 -0.102024
v 0.012858 0.040343 -0.100928
v 0.015094 0.035654 -0.100586
v 0.013977 0.034627 -0.099586
v 0.012233 0.033614 -0.099471
v 0.011075 0.035859 -0.103881
v 0.012969 0.036548 -0.103593
v 0.014510 0.036759 -0.102791
v 0.015284 0.036433 -0.101690
v 0.016227 0.031575 -0.101256
v 0.014902 0.030862 -0.100248
v 0.014333 0.032950 -0.104255
v 0.015896 0.032778 -0.103461
v 0.016591 0.032277 -0.102363
v 0.016333 0.027099 -0.102025
v 0.014891 0.026679 -0.101020
v 0.012755 0.029146 -0.105293
v 0.014763 0.028899 -0.105015
v 0.016256 0.028378 -0.104223
v 0.016832 0.027722 -0.103129
v 0.015581 0.022729 -0.102784
v 0.014083 0.022647 -0.101777
v 0.012099 0.022978 -0.101655
v 0.014440 0.024776 -0.105786
v 0.015783 0.023956 -0.104989
v 0.016203 0.023209 -0.103890
v 0.013834 0.018872 -0.103449
v 0.012376 0.019154 -0.102437
v 0.013203 0.021170 -0.106444
v 0.014307 0.020037 -0.105653
v 0.014541 0.019197 -0.104557
v 0.010990 0.015359 -0.104217
v 0.009634 0.015950 -0.103209
v 0.009572 0.019253 -0.107477
v 0.010933 0.017778 -0.107203
v 0.011736 0.016416 -0.106414
v 0.011760 0.015531 -0.105321
v 0.007543 0.012523 -0.104977
v 0.006373 0.013410 -0.103969
v 0.005099 0.014936 -0.103843
v 0.007011 0.016594 -0.108253
v 0.008001 0.014854 -0.107976
v 0.008478 0.013359 -0.107182
v 0.008314 0.012506 -0.106085
v 0.003706 0.010764 -0.105640
v 0.002801 0.011911 -0.104626
v 0.004184 0.014864 -0.108905
v 0.004707 0.012936 -0.108634
v 0.004799 0.011368 -0.107845
v 0.004438 0.010567 -0.106749
v -0.000674 0.009972 -0.106398
v -0.001320 0.011291 -0.105392
v 0.000731 0.013859 -0.109664
v 0.000819 0.011860 -0.109388
v 0.000558 0.010305 -0.108597
v 0.000014 0.009612 -0.107502
v -0.005073 0.009989 -0.107149
v -0.005404 0.011415 -0.106145
v -0.002910 0.013479 -0.110437
v -0.003254 0.011509 -0.110154
v -0.003833 0.010048 -0.109355
v -0.004497 0.009489 -0.108256
v -0.009116 0.011066 -0.107811
v -0.009084 0.012522 -0.106803
v -0.006157 0.013921 -0.111088
v -0.006978 0.012100 -0.110810
v -0.007901 0.010828 -0.110016
v -0.008682 0.010445 -0.108918
v -0.012996 0.013281 -0.108577
v -0.012650 0.014694 -0.107574
v -0.009415 0.015335 -0.111848
v -0.010628 0.013764 -0.111568
v -0.011827 0.012749 -0.110775
v -0.012694 0.012568 -0.109680
v -0.016318 0.016204 -0.109335
v -0.015657 0.017478 -0.108331
v -0.013947 0.016163 -0.112339
v -0.015329 0.015451 -0.111540
v -0.016197 0.015462 -0.110440
v -0.018651 0.019671 -0.109995
v -0.017694 0.020730 -0.108988
v -0.016079 0.021847 -0.108865
v -0.014567 0.019876 -0.113276
v -0.016360 0.019057 -0.112996
v -0.017877 0.018710 -0.112200
v -0.018717 0.018931 -0.111102
v -0.020127 0.023817 -0.110758
v -0.018962 0.024654 -0.109756
v -0.018020 0.022676 -0.113753
v -0.019572 0.022682 -0.112957
v -0.020350 0.023094 -0.111861
v -0.020788 0.028098 -0.111523
v -0.019483 0.028649 -0.110518
v -0.017549 0.028975 -0.110397
v -0.016986 0.026562 -0.114808
v -0.018951 0.026580 -0.114526
v -0.020471 0.026906 -0.113729
v -0.021150 0.027459 -0.112630
v -0.020415 0.032196 -0.112199
v -0.019029 0.032409 -0.111184
v -0.017048 0.029769 -0.115459
v -0.018952 0.030270 -0.115191
v -0.020363 0.030962 -0.114404
v -0.020903 0.031664 -0.113309
v -0.018898 0.036290 -0.112969
v -0.017498 0.036201 -0.111957
v -0.015638 0.035618 -0.111825
v -0.017938 0.034055 -0.115951
v -0.019146 0.035052 -0.115166
v -0.019502 0.035869 -0.114074
v -0.016577 0.039971 -0.113713
v -0.015248 0.039559 -0.112707
v -0.013591 0.038573 -0.112584
v -0.016159 0.037629 -0.116714
v -0.017101 0.038857 -0.115918
v -0.017259 0.039715 -0.114820
v -0.013594 0.042810 -0.114357
v -0.012417 0.042072 -0.113354
v -0.011065 0.040693 -0.113235
v -0.012693 0.038863 -0.117646
v -0.013782 0.040459 -0.117362
v -0.014375 0.041875 -0.116563
v -0.014311 0.042737 -0.115463
v -0.009802 0.044917 -0.115113
v -0.008806 0.043936 -0.114118
v -0.009870 0.040894 -0.118405
v -0.010567 0.042686 -0.118114
v -0.010813 0.044191 -0.117311
v -0.010537 0.045010 -0.116213
v -0.005754 0.046230 -0.115886
v -0.005013 0.045061 -0.114884
v -0.004390 0.043237 -0.114769
v -0.006932 0.044201 -0.118892
v -0.006857 0.045722 -0.118091
v -0.006430 0.046472 -0.116991
v -0.001737 0.046513 -0.116574
v -0.001307 0.045232 -0.115558
v -0.001149 0.043327 -0.115421
v -0.003364 0.044731 -0.119564
v -0.002922 0.046216 -0.118778
v -0.002329 0.046874 -0.117684
v 0.002459 0.045728 -0.117348
v 0.002609 0.044384 -0.116333
v 0.000438 0.044361 -0.120326
v 0.001207 0.045706 -0.119545
v 0.001945 0.046212 -0.118455
v 0.006360 0.044095 -0.118085
v 0.006192 0.042746 -0.117078
v 0.005510 0.040968 -0.116954
v 0.004160 0.043262 -0.121085
v 0.005187 0.044385 -0.120290
v 0.005990 0.044697 -0.119192
v 0.009587 0.041661 -0.118716
v 0.009077 0.040407 -0.117717
v 0.007967 0.038870 -0.117606
v 0.007267 0.041438 -0.121725
v 0.008538 0.042248 -0.120921
v 0.009388 0.042336 -0.119820
v 0.012252 0.038340 -0.119464
v 0.011464 0.037217 -0.118478
v 0.009967 0.038724 -0.122472
v 0.011381 0.039204 -0.121661
v 0.012221 0.039068 -0.120560
v 0.014158 0.034631 -0.120235
v 0.013147 0.033729 -0.119243
v 0.011482 0.032841 -0.119140
v 0.010245 0.034886 -0.123550
v 0.012025 0.035464 -0.123250
v 0.013504 0.035628 -0.122440
v 0.014288 0.035327 -0.121336
v 0.015015 0.030799 -0.120928
v 0.013855 0.030183 -0.119919
v 0.011209 0.031970 -0.124202
v 0.013070 0.032096 -0.123926
v 0.014554 0.031900 -0.123133
v 0.015270 0.031428 -0.122036
v 0.014952 0.026655 -0.121716
v 0.013702 0.026289 -0.120702
v 0.013266 0.028386 -0.124696
v 0.014691 0.027864 -0.123913
v 0.015314 0.027233 -0.122822
v 0.014062 0.022652 -0.122475
v 0.012769 0.022578 -0.121460
v 0.011060 0.025329 -0.125735
v 0.012794 0.024659 -0.125467
v 0.014067 0.023853 -0.124680
v 0.014538 0.023120 -0.123585
v 0.012262 0.019185 -0.123131
v 0.011000 0.019432 -0.122114
v 0.010039 0.022513 -0.126386
v 0.011543 0.021439 -0.126121
v 0.012567 0.020347 -0.125336
v 0.012836 0.019521 -0.124242
v 0.009502 0.016081 -0.123893
v 0.008334 0.016590 -0.122883
v 0.008154 0.019846 -0.127146
v 0.009353 0.018465 -0.126876
v 0.010081 0.017167 -0.126090
v 0.010142 0.016293 -0.124999
v 0.006238 0.013634 -0.124660
v 0.005232 0.014396 -0.123645
v 0.005737 0.017572 -0.127921
v 0.006592 0.015963 -0.127652
v 0.007015 0.014544 -0.126864
v 0.006891 0.013688 -0.125769
v 0.002674 0.012197 -0.125334
v 0.001903 0.013166 -0.124311
v 0.003133 0.016158 -0.128573
v 0.003561 0.014394 -0.128317
v 0.003626 0.012913 -0.127539
v 0.003306 0.012105 -0.126447
v -0.001327 0.011643 -0.126103
v -0.001881 0.012746 -0.125082
v 0.000015 0.015416 -0.129332
v 0.000047 0.013616 -0.129076
v -0.000218 0.012160 -0.128301
v -0.000717 0.011428 -0.127212
v -0.005305 0.011834 -0.126857
v -0.005595 0.013031 -0.125837
v -0.003228 0.015224 -0.130105
v -0.003582 0.013454 -0.129844
v -0.004145 0.012087 -0.129062
v -0.004774 0.011488 -0.127969
v -0.008914 0.012969 -0.127515
v -0.008895 0.014192 -0.126492
v -0.006079 0.015730 -0.130756
v -0.006858 0.014111 -0.130498
v -0.007737 0.012932 -0.129719
v -0.008489 0.012507 -0.128627
v -0.012306 0.015139 -0.128273
v -0.012020 0.016329 -0.127259
v -0.011176 0.017871 -0.127123
v -0.008906 0.017087 -0.131517
v -0.010030 0.015707 -0.131252
v -0.011156 0.014786 -0.130469
v -0.011990 0.014571 -0.129379
v -0.015173 0.017888 -0.129021
v -0.014614 0.018964 -0.128011
v -0.013431 0.020264 -0.127883
v -0.012875 0.017942 -0.132018
v -0.014164 0.017306 -0.131226
v -0.015008 0.017280 -0.130129
v -0.017119 0.021081 -0.129674
v -0.016307 0.021972 -0.128663
v -0.014840 0.022926 -0.128534
v -0.014899 0.020573 -0.132671
v -0.016299 0.020280 -0.131880
v -0.017116 0.020461 -0.130783
v -0.018257 0.024834 -0.130436
v -0.017275 0.025535 -0.129431
v -0.016226 0.023810 -0.133427
v -0.017644 0.023843 -0.132634
v -0.018392 0.024213 -0.131540
v -0.018699 0.028649 -0.131207
v -0.017602 0.029111 -0.130195
v -0.015885 0.029352 -0.130066
v -0.016893 0.027258 -0.134203
v -0.018279 0.027582 -0.133412
v -0.018947 0.028088 -0.132315
v -0.018220 0.032256 -0.131894
v -0.017070 0.032437 -0.130869
v -0.015081 0.029987 -0.135127
v -0.016748 0.030470 -0.134873
v -0.018025 0.031121 -0.134098
v -0.018570 0.031773 -0.133007
v -0.016742 0.035813 -0.132677
v -0.015589 0.035749 -0.131650
v -0.013974 0.035203 -0.131495
v -0.015716 0.033711 -0.135641
v -0.016806 0.034635 -0.134873
v -0.017189 0.035405 -0.133788
v -0.014572 0.038965 -0.133435
v -0.013485 0.038648 -0.132407
v -0.012059 0.037760 -0.132255
v -0.014045 0.036731 -0.136412
v -0.014891 0.037859 -0.135638
v -0.015089 0.038677 -0.134549
v -0.011859 0.041363 -0.134082
v -0.010894 0.040774 -0.133056
v -0.009743 0.039555 -0.132906
v -0.011901 0.039084 -0.137062
v -0.012433 0.040381 -0.136286
v -0.012424 0.041218 -0.135196
v -0.008454 0.043072 -0.134823
v -0.007630 0.042273 -0.133811
v -0.006781 0.040827 -0.133679
v -0.009071 0.040915 -0.137806
v -0.009279 0.042281 -0.137021
v -0.009058 0.043075 -0.135929
v -0.004850 0.044044 -0.135559
v -0.004238 0.043072 -0.134556
v -0.003741 0.041475 -0.134438
v -0.005905 0.042159 -0.138563
v -0.005808 0.043510 -0.137764
v -0.005426 0.044205 -0.136665
v -0.001333 0.044139 -0.136207
v -0.000990 0.043042 -0.135205
v -0.000911 0.041372 -0.135090
v -0.002808 0.042567 -0.139213
v -0.002381 0.043854 -0.138412
v -0.001843 0.044436 -0.137311
v 0.002276 0.043293 -0.136962
v 0.002375 0.042139 -0.135970
v 0.002084 0.040497 -0.135864
v -0.000104 0.040597 -0.140260
v 0.000468 0.042146 -0.139965
v 0.001175 0.043287 -0.139160
v 0.001836 0.043714 -0.138061
v 0.005584 0.041769 -0.137718
v 0.005419 0.040628 -0.136726
v 0.004775 0.039104 -0.136623
v 0.003617 0.041057 -0.140734
v 0.004543 0.042005 -0.139924
v 0.005264 0.042272 -0.138820
v 0.008288 0.039599 -0.138388
v 0.007857 0.038560 -0.137388
v 0.006182 0.039366 -0.141396
v 0.007315 0.040055 -0.140593
v 0.008089 0.040148 -0.139492
v 0.010482 0.036675 -0.139163
v 0.009841 0.035753 -0.138164
v 0.008591 0.034711 -0.138049
v 0.006951 0.036155 -0.142445
v 0.008359 0.036952 -0.142159
v 0.009619 0.037360 -0.141361
v 0.010400 0.037264 -0.140264
v 0.012004 0.033428 -0.139934
v 0.011182 0.032688 -0.138929
v 0.009743 0.031959 -0.138809
v 0.008474 0.033667 -0.143219
v 0.010012 0.034130 -0.142936
v 0.011321 0.034255 -0.142139
v 0.012055 0.034003 -0.141040
v 0.012611 0.030105 -0.140608
v 0.011658 0.029601 -0.139594
v 0.010102 0.029254 -0.139461
v 0.010834 0.031252 -0.143601
v 0.012130 0.031055 -0.142813
v 0.012786 0.030639 -0.141717
v 0.012414 0.026559 -0.141377
v 0.011374 0.026263 -0.140366
v 0.009354 0.028382 -0.144630
v 0.010919 0.028100 -0.144361
v 0.012140 0.027618 -0.143575
v 0.012695 0.027056 -0.142483
v 0.011531 0.023175 -0.142134
v 0.010458 0.023123 -0.141122
v 0.008917 0.023470 -0.140994
v 0.010419 0.024961 -0.145130
v 0.011498 0.024236 -0.144339
v 0.011912 0.023583 -0.143242
v 0.009907 0.020279 -0.142795
v 0.008866 0.020491 -0.141780
v 0.009270 0.022275 -0.145787
v 0.010131 0.021311 -0.144999
v 0.010371 0.020581 -0.143904
v 0.007472 0.017728 -0.143557
v 0.006509 0.018157 -0.142548
v 0.007348 0.019830 -0.146542
v 0.007948 0.018699 -0.145754
v 0.008000 0.017927 -0.144661
v 0.004630 0.015756 -0.144309
v 0.003801 0.016400 -0.143303
v 0.002883 0.017640 -0.143181
v 0.004284 0.019161 -0.147591
v 0.004967 0.017783 -0.147310
v 0.005296 0.016561 -0.146514
v 0.005177 0.015815 -0.145416
v 0.001569 0.014650 -0.144963
v 0.000938 0.015477 -0.143956
v 0.002068 0.018005 -0.148243
v 0.002383 0.016510 -0.147964
v 0.002398 0.015254 -0.147169
v 0.002104 0.014568 -0.146070
v -0.001827 0.014305 -0.145714
v -0.002271 0.015253 -0.144717
v -0.000571 0.017426 -0.149002
v -0.000595 0.015914 -0.148713
v -0.000862 0.014698 -0.147913
v -0.001310 0.014101 -0.146815
v -0.005164 0.014587 -0.146460
v -0.005381 0.015612 -0.145467
v -0.005293 0.017135 -0.145363
v -0.003308 0.017329 -0.149775
v -0.003655 0.015860 -0.149476
v -0.004169 0.014740 -0.148666
v -0.004720 0.014267 -0.147562
v -0.008161 0.015636 -0.147120
v -0.008113 0.016671 -0.146124
v -0.006397 0.016498 -0.150132
v -0.007169 0.015545 -0.149325
v -0.007815 0.015222 -0.148223
v -0.010943 0.017529 -0.147890
v -0.010674 0.018528 -0.146898
v -0.009914 0.019813 -0.146791
v -0.008039 0.019046 -0.151186
v -0.009014 0.017924 -0.150892
v -0.009980 0.017188 -0.150088
v -0.010688 0.017037 -0.148989
v -0.013267 0.019892 -0.148656
v -0.012783 0.020783 -0.147660
v -0.010129 0.020739 -0.151962
v -0.011321 0.019875 -0.151668
v -0.012418 0.019376 -0.150862
v -0.013133 0.019376 -0.149759
v -0.014820 0.022596 -0.149327
v -0.014138 0.023324 -0.148322
v -0.012885 0.024094 -0.148202
v -0.011568 0.022664 -0.152614
v -0.012932 0.022125 -0.152331
v -0.014116 0.021909 -0.151533
v -0.014812 0.022077 -0.150433
v -0.015688 0.025752 -0.150097
v -0.014873 0.026322 -0.149095
v -0.013496 0.026802 -0.148976
v -0.013960 0.024850 -0.153091
v -0.015154 0.024906 -0.152296
v -0.015791 0.025232 -0.151200
v -0.015966 0.028947 -0.150862
v -0.015055 0.029318 -0.149856
v -0.013612 0.029485 -0.149735
v -0.013015 0.027644 -0.154146
v -0.014460 0.027730 -0.153864
v -0.015614 0.028032 -0.153067
v -0.016171 0.028475 -0.151968
v -0.015475 0.031946 -0.151534
v -0.014515 0.032079 -0.150521
v -0.013088 0.031887 -0.150388
v -0.012917 0.029969 -0.154797
v -0.014292 0.030406 -0.154527
v -0.015338 0.030979 -0.153739
v -0.015777 0.031542 -0.152644
v -0.014158 0.034879 -0.152305
v -0.013192 0.034803 -0.151294
v -0.011853 0.034302 -0.151163
v -0.013385 0.033098 -0.155287
v -0.014261 0.033893 -0.154502
v -0.014550 0.034546 -0.153410
v -0.012292 0.037446 -0.153058
v -0.011381 0.037154 -0.152048
v -0.010204 0.036372 -0.151922
v -0.011949 0.035585 -0.156056
v -0.012616 0.036540 -0.155263
v -0.012746 0.037222 -0.154165
v -0.009992 0.039375 -0.153709
v -0.009192 0.038860 -0.152700
v -0.008256 0.037810 -0.152573
v -0.010115 0.037501 -0.156708
v -0.010519 0.038585 -0.155915
v -0.010479 0.039274 -0.154817
v -0.007142 0.040728 -0.154461
v -0.006465 0.040044 -0.153462
v -0.005787 0.038818 -0.153347
v -0.007726 0.038963 -0.157458
v -0.007865 0.040097 -0.156659
v -0.007655 0.040747 -0.155563
v -0.004147 0.041480 -0.155212
v -0.003649 0.040663 -0.154215
v -0.003265 0.039323 -0.154106
v -0.005078 0.039930 -0.158223
v -0.004969 0.041049 -0.157417
v -0.004630 0.041620 -0.156315
v -0.001236 0.041500 -0.155877
v -0.000960 0.040594 -0.154875
v -0.000920 0.039207 -0.154759
v -0.002508 0.040204 -0.158883
v -0.002129 0.041267 -0.158082
v -0.001664 0.041747 -0.156982
v 0.001741 0.040748 -0.156651
v 0.001819 0.039805 -0.155650
v 0.001558 0.038452 -0.155533
v 0.000189 0.039787 -0.159645
v 0.000799 0.040730 -0.158849
v 0.001367 0.041088 -0.157753
v 0.004464 0.039445 -0.157422
v 0.004330 0.038521 -0.156415
v 0.003782 0.037274 -0.156292
v 0.002772 0.038833 -0.160423
v 0.003562 0.039618 -0.159627
v 0.004183 0.039847 -0.158529
v 0.006671 0.037615 -0.158096
v 0.006326 0.036769 -0.157080
v 0.005496 0.035706 -0.156944
v 0.004861 0.037413 -0.161087
v 0.005821 0.037981 -0.160301
v 0.006485 0.038060 -0.159207
v 0.008444 0.035151 -0.158857
v 0.007919 0.034395 -0.157848
v 0.006877 0.033547 -0.157719
v 0.005468 0.034757 -0.162113
v 0.006646 0.035405 -0.161842
v 0.007703 0.035728 -0.161055
v 0.008365 0.035639 -0.159962
v 0.009654 0.032421 -0.159590
v 0.008957 0.031810 -0.158590
v 0.009114 0.033142 -0.161797
v 0.009712 0.032909 -0.160695
v 0.010112 0.029645 -0.160220
v 0.009276 0.029234 -0.159223
v 0.007959 0.028976 -0.159118
v 0.009800 0.030472 -0.162438
v 0.010305 0.030099 -0.161328
v 0.009915 0.026697 -0.160961
v 0.008991 0.026469 -0.159962
v 0.007635 0.026506 -0.159863
v 0.009810 0.027604 -0.163199
v 0.010215 0.027112 -0.162077
v 0.009205 0.023875 -0.161717
v 0.008248 0.023854 -0.160688
v 0.009272 0.024788 -0.164016
v 0.009580 0.024217 -0.162866
v 0.007902 0.021422 -0.162386
v 0.008532 0.028186 -0.164031
v 0.008146 0.022341 -0.164755
v 0.008333 0.021684 -0.163578
v 0.005875 0.019216 -0.163137
v 0.006357 0.020125 -0.165574
v 0.006378 0.019402 -0.164366
v 0.003420 0.017540 -0.163831
v 0.004139 0.018270 -0.166358
v 0.003973 0.017571 -0.165099
v 0.000807 0.016677 -0.164325
v 0.001707 0.017064 -0.166935
v 0.001368 0.016488 -0.165615
v -0.001998 0.016401 -0.164785
v -0.000990 0.016318 -0.167426
v -0.001451 0.015954 -0.166049
v -0.004943 0.016516 -0.165261
v -0.003989 0.015864 -0.167857
v -0.004498 0.015785 -0.166452
v -0.007664 0.017233 -0.165712
v -0.007002 0.016067 -0.168214
v -0.007468 0.016276 -0.166816
v -0.010259 0.018688 -0.166335
v -0.010047 0.017220 -0.168747
v -0.010377 0.017639 -0.167368
v -0.012678 0.020687 -0.167069
v -0.012928 0.019198 -0.169454
v -0.013088 0.019695 -0.168076
v -0.014426 0.023012 -0.167702
v -0.015071 0.021672 -0.170103
v -0.015086 0.022176 -0.168716
v -0.015648 0.025898 -0.168420
v -0.016583 0.024729 -0.170837
v -0.016482 0.025227 -0.169440
v -0.016373 0.029187 -0.169154
v -0.017588 0.028277 -0.171601
v -0.017359 0.028727 -0.170182
v -0.016256 0.032345 -0.169722
v -0.017710 0.031802 -0.172229
v -0.017357 0.032166 -0.170773
v -0.015293 0.035641 -0.170357
v -0.016904 0.035442 -0.172954
v -0.016451 0.035723 -0.171443
v -0.013641 0.038919 -0.171021
v -0.015287 0.039111 -0.173783
v -0.014783 0.039280 -0.172182
v -0.011386 0.041537 -0.171556
v -0.012927 0.042128 -0.174513
v -0.012414 0.042185 -0.172812
v -0.008271 0.043642 -0.172200
v -0.009693 0.044565 -0.175296
v -0.009164 0.044519 -0.173521
v -0.004568 0.045128 -0.172910
v -0.005744 0.046396 -0.176074
v -0.005244 0.046212 -0.174258
v -0.000859 0.045550 -0.173512
v -0.001645 0.047124 -0.176691
v -0.001223 0.046795 -0.174861
v 0.003115 0.044957 -0.174223
v 0.002716 0.046737 -0.177373
v 0.003047 0.046281 -0.175550
v 0.007101 0.043555 -0.174986
v 0.006904 0.045076 -0.178046
v 0.007354 0.044872 -0.176300
v 0.010373 0.041379 -0.175634
v 0.001929 0.036063 -0.182268
v 0.004058 0.037129 -0.182612
v 0.006594 0.038199 -0.183176
v 0.010040 0.039095 -0.183923
v 0.012056 0.040210 -0.182935
v 0.010862 0.042723 -0.178861
v 0.010960 0.042577 -0.176953
v 0.013233 0.038245 -0.176390
v 0.001539 0.033092 -0.181975
v 0.005331 0.034433 -0.182456
v 0.008173 0.035913 -0.183002
v 0.010876 0.037441 -0.183341
v 0.012623 0.038522 -0.182760
v 0.013506 0.039375 -0.181379
v 0.013954 0.039511 -0.179557
v 0.014086 0.039262 -0.177721
v 0.015479 0.034419 -0.177116
v 0.003728 0.028589 -0.182054
v 0.007167 0.031086 -0.182677
v 0.010060 0.032904 -0.183342
v 0.013070 0.034605 -0.183981
v 0.014801 0.035316 -0.183496
v 0.016151 0.035691 -0.182154
v 0.016784 0.035639 -0.180315
v 0.016545 0.035177 -0.178471
v 0.016592 0.030385 -0.177711
v 0.006681 0.026255 -0.182574
v 0.009042 0.028164 -0.183217
v 0.011514 0.029720 -0.183947
v 0.014252 0.031230 -0.184538
v 0.016101 0.031537 -0.184066
v 0.017506 0.031581 -0.182737
v 0.018117 0.031354 -0.180908
v 0.017789 0.030918 -0.179068
v 0.016918 0.025785 -0.178623
v 0.008173 0.023847 -0.183171
v 0.010311 0.025432 -0.183958
v 0.012417 0.026449 -0.184829
v 0.014926 0.027400 -0.185408
v 0.016793 0.027271 -0.184923
v 0.018159 0.026950 -0.183594
v 0.018673 0.026521 -0.181775
v 0.018225 0.026095 -0.179956
v 0.015728 0.020697 -0.179881
v 0.008980 0.021413 -0.183902
v 0.011288 0.023189 -0.184789
v 0.012742 0.023174 -0.186085
v 0.014610 0.022832 -0.186522
v 0.016390 0.022252 -0.185982
v 0.017606 0.021592 -0.184611
v 0.017933 0.021026 -0.182775
v 0.017312 0.020696 -0.180966
v 0.014192 0.016030 -0.181110
v 0.009344 0.014220 -0.182937
v 0.008202 0.016234 -0.183930
v 0.008954 0.018279 -0.185065
v 0.009956 0.019518 -0.186244
v 0.011639 0.019634 -0.187414
v 0.013647 0.019297 -0.187678
v 0.015441 0.018598 -0.186967
v 0.016541 0.017724 -0.185470
v 0.016652 0.016908 -0.183589
v 0.015753 0.016365 -0.181828
v 0.018228 0.005227 -0.187438
v 0.015363 0.003776 -0.188675
v 0.012603 0.003907 -0.190726
v 0.010688 0.005583 -0.193041
v 0.010130 0.008356 -0.195001
v 0.011080 0.011482 -0.196080
v 0.013283 0.014125 -0.195989
v 0.016148 0.015575 -0.194752
v 0.018907 0.015445 -0.192701
v 0.020823 0.013768 -0.190385
v 0.021380 0.010995 -0.188425
v 0.020430 0.007869 -0.187346
v 0.022521 0.052082 -0.192608
v 0.021940 0.050014 -0.187456
v 0.023486 0.052712 -0.191297
v 0.024046 0.052946 -0.190069
v 0.024165 0.052767 -0.189007
v 0.023834 0.052189 -0.188183
v 0.023075 0.051250 -0.187654
v 0.023439 0.046638 -0.188732
v 0.023777 0.049686 -0.193271
v 0.024898 0.047389 -0.188976
v 0.025842 0.048101 -0.189486
v 0.026206 0.048724 -0.190226
v 0.025965 0.049216 -0.191147
v 0.025137 0.049544 -0.192186
v 0.023254 0.043511 -0.190945
v 0.023841 0.047323 -0.194744
v 0.024797 0.043732 -0.191451
v 0.025813 0.044169 -0.192067
v 0.026232 0.044795 -0.192752
v 0.026027 0.045565 -0.193458
v 0.025212 0.046427 -0.194138
v 0.021493 0.041343 -0.193532
v 0.022695 0.045625 -0.196632
v 0.022842 0.041163 -0.194439
v 0.023784 0.041385 -0.195252
v 0.024255 0.041996 -0.195917
v 0.024224 0.042953 -0.196387
v 0.023691 0.044191 -0.196631
v 0.020646 0.045049 -0.198429
v 0.018561 0.040637 -0.195901
v 0.020982 0.043432 -0.199001
v 0.021029 0.042070 -0.199162
v 0.020785 0.041054 -0.198902
v 0.020266 0.040455 -0.198237
v 0.019507 0.040313 -0.197213
v 0.018244 0.045748 -0.199654
v 0.015128 0.041636 -0.197476
v 0.017804 0.044357 -0.200615
v 0.017283 0.043159 -0.201048
v 0.016717 0.042238 -0.200924
v 0.016143 0.041654 -0.200251
v 0.015601 0.041449 -0.199075
v 0.016132 0.047534 -0.199978
v 0.012071 0.044193 -0.197795
v 0.015009 0.046720 -0.201039
v 0.013985 0.045946 -0.201534
v 0.013128 0.045265 -0.201431
v 0.012498 0.044723 -0.200735
v 0.012138 0.044357 -0.199495
v 0.014876 0.049930 -0.199314
v 0.010274 0.047688 -0.196681
v 0.013348 0.049892 -0.200156
v 0.012026 0.049691 -0.200478
v 0.011001 0.049343 -0.200259
v 0.010341 0.048871 -0.199514
v 0.010093 0.048306 -0.198293
v 0.014813 0.052294 -0.197842
v 0.010321 0.051135 -0.194380
v 0.013269 0.053020 -0.198201
v 0.011946 0.053386 -0.198155
v 0.010933 0.053366 -0.197707
v 0.010301 0.052962 -0.196888
v 0.010092 0.052201 -0.195753
v 0.012242 0.053503 -0.191543
v 0.015959 0.053991 -0.195954
v 0.012167 0.054918 -0.192580
v 0.012410 0.055846 -0.193578
v 0.012958 0.056223 -0.194469
v 0.013771 0.056024 -0.195193
v 0.014794 0.055263 -0.195699
v 0.015472 0.054090 -0.189012
v 0.018007 0.054567 -0.194157
v 0.015722 0.055680 -0.189686
v 0.016078 0.056717 -0.190513
v 0.016515 0.057130 -0.191437
v 0.017005 0.056891 -0.192396
v 0.017514 0.056017 -0.193323
v 0.020409 0.053868 -0.192932
v 0.019042 0.052772 -0.187525
v 0.020696 0.055082 -0.191713
v 0.020769 0.055759 -0.190521
v 0.020624 0.055853 -0.189440
v 0.020269 0.055358 -0.188542
v 0.019730 0.054307 -0.187889
v -0.027101 0.005048 -0.192608
v -0.026519 0.007116 -0.187456
v -0.028065 0.004418 -0.191297
v -0.028626 0.004184 -0.190069
v -0.028745 0.004363 -0.189006
v -0.028413 0.004941 -0.188183
v -0.027654 0.005880 -0.187654
v -0.028357 0.007444 -0.193271
v -0.028018 0.010492 -0.188732
v -0.029717 0.007586 -0.192186
v -0.030545 0.007914 -0.191147
v -0.030785 0.008406 -0.190226
v -0.030421 0.009029 -0.189486
v -0.029477 0.009741 -0.188976
v -0.028420 0.009807 -0.194744
v -0.027834 0.013619 -0.190945
v -0.029791 0.010703 -0.194138
v -0.030607 0.011565 -0.193458
v -0.030812 0.012335 -0.192752
v -0.030392 0.012961 -0.192067
v -0.029376 0.013398 -0.191451
v -0.027274 0.011505 -0.196632
v -0.026072 0.015787 -0.193532
v -0.028271 0.012939 -0.196631
v -0.028803 0.014177 -0.196387
v -0.028835 0.015134 -0.195917
v -0.028363 0.015745 -0.195252
v -0.027421 0.015967 -0.194439
v -0.025226 0.012081 -0.198429
v -0.023140 0.016493 -0.195901
v -0.025561 0.013698 -0.199001
v -0.025608 0.015060 -0.199162
v -0.025364 0.016076 -0.198902
v -0.024845 0.016675 -0.198237
v -0.024087 0.016817 -0.197213
v -0.019708 0.015494 -0.197476
v -0.022824 0.011382 -0.199654
v -0.020181 0.015681 -0.199075
v -0.020722 0.015476 -0.200251
v -0.021296 0.014892 -0.200924
v -0.021863 0.013971 -0.201048
v -0.022384 0.012773 -0.200615
v -0.016650 0.012937 -0.197795
v -0.020712 0.009596 -0.199978
v -0.016717 0.012773 -0.199495
v -0.017078 0.012407 -0.200735
v -0.017708 0.011865 -0.201431
v -0.018564 0.011184 -0.201534
v -0.019589 0.010410 -0.201039
v -0.014853 0.009442 -0.196681
v -0.019456 0.007200 -0.199314
v -0.014673 0.008824 -0.198293
v -0.014921 0.008259 -0.199514
v -0.015580 0.007787 -0.200259
v -0.016606 0.007439 -0.200478
v -0.017927 0.007238 -0.200156
v -0.019392 0.004836 -0.197842
v -0.014900 0.005995 -0.194380
v -0.017848 0.004110 -0.198201
v -0.016525 0.003744 -0.198155
v -0.015513 0.003764 -0.197707
v -0.014881 0.004168 -0.196888
v -0.014672 0.004929 -0.195753
v -0.020538 0.003139 -0.195954
v -0.016822 0.003627 -0.191543
v -0.019374 0.001867 -0.195699
v -0.018350 0.001106 -0.195193
v -0.017537 0.000907 -0.194469
v -0.016990 0.001284 -0.193578
v -0.016746 0.002212 -0.192580
v -0.022587 0.002563 -0.194157
v -0.020052 0.003040 -0.189012
v -0.022094 0.001113 -0.193323
v -0.021585 0.000239 -0.192396
v -0.021095 0.000000 -0.191437
v -0.020657 0.000413 -0.190513
v -0.020301 0.001450 -0.189686
v -0.024989 0.003262 -0.192932
v -0.023622 0.004358 -0.187525
v -0.025276 0.002048 -0.191713
v -0.025349 0.001371 -0.190521
v -0.025203 0.001277 -0.189440
v -0.024849 0.001772 -0.188542
v -0.024309 0.002823 -0.187889
v -0.025806 0.053376 -0.192608
v -0.023739 0.052794 -0.187456
v -0.026437 0.054341 -0.191297
v -0.026670 0.054901 -0.190069
v -0.026492 0.055020 -0.189006
v -0.025913 0.054688 -0.188183
v -0.024974 0.053929 -0.187654
v -0.020363 0.054294 -0.188732
v -0.023411 0.054632 -0.193271
v -0.021114 0.055753 -0.188976
v -0.021825 0.056696 -0.189486
v -0.022448 0.057060 -0.190226
v -0.022941 0.056820 -0.191147
v -0.023269 0.055992 -0.192186
v -0.017236 0.054109 -0.190945
v -0.021047 0.054695 -0.194744
v -0.017456 0.055652 -0.191451
v -0.017894 0.056668 -0.192067
v -0.018519 0.057087 -0.192752
v -0.019289 0.056882 -0.193458
v -0.020152 0.056066 -0.194138
v -0.015068 0.052347 -0.193532
v -0.019350 0.053549 -0.196632
v -0.014887 0.053696 -0.194439
v -0.015110 0.054639 -0.195252
v -0.015721 0.055110 -0.195917
v -0.016678 0.055078 -0.196387
v -0.017916 0.054546 -0.196631
v -0.018774 0.051501 -0.198429
v -0.014362 0.049416 -0.195901
v -0.017157 0.051836 -0.199001
v -0.015794 0.051884 -0.199162
v -0.014779 0.051639 -0.198902
v -0.014180 0.051120 -0.198237
v -0.014037 0.050362 -0.197213
v -0.019473 0.049099 -0.199654
v -0.015360 0.045983 -0.197476
v -0.018081 0.048659 -0.200615
v -0.016884 0.048138 -0.201048
v -0.015962 0.047571 -0.200924
v -0.015379 0.046998 -0.200251
v -0.015174 0.046456 -0.199075
v -0.021259 0.046987 -0.199978
v -0.017918 0.042926 -0.197795
v -0.020445 0.045864 -0.201039
v -0.019671 0.044840 -0.201534
v -0.018989 0.043983 -0.201431
v -0.018448 0.043353 -0.200735
v -0.018082 0.042992 -0.199495
v -0.023655 0.045731 -0.199314
v -0.021413 0.041128 -0.196681
v -0.023616 0.044203 -0.200156
v -0.023416 0.042881 -0.200478
v -0.023068 0.041855 -0.200259
v -0.022595 0.041196 -0.199514
v -0.022031 0.040948 -0.198293
v -0.026018 0.045667 -0.197842
v -0.024860 0.041175 -0.194380
v -0.026745 0.044123 -0.198201
v -0.027110 0.042800 -0.198155
v -0.027090 0.041788 -0.197707
v -0.026686 0.041156 -0.196888
v -0.025925 0.040947 -0.195753
v -0.027228 0.043097 -0.191543
v -0.027715 0.046813 -0.195954
v -0.028643 0.043021 -0.192580
v -0.029571 0.043265 -0.193578
v -0.029948 0.043812 -0.194469
v -0.029749 0.044625 -0.195193
v -0.028988 0.045649 -0.195699
v -0.027814 0.046327 -0.189012
v -0.028292 0.048862 -0.194157
v -0.029404 0.046576 -0.189686
v -0.030441 0.046932 -0.190513
v -0.030855 0.047370 -0.191437
v -0.030616 0.047860 -0.192396
v -0.029742 0.048369 -0.193323
v -0.027593 0.051264 -0.192932
v -0.026496 0.049897 -0.187525
v -0.028807 0.051551 -0.191713
v -0.029484 0.051624 -0.190521
v -0.029578 0.051478 -0.189440
v -0.029082 0.051124 -0.188542
v -0.028031 0.050584 -0.187889
v 0.021227 0.003754 -0.192608
v 0.019159 0.004336 -0.187456
v 0.021857 0.002789 -0.191297
v 0.022091 0.002229 -0.190069
v 0.021912 0.002110 -0.189007
v 0.021334 0.002442 -0.188183
v 0.020395 0.003201 -0.187654
v 0.018831 0.002498 -0.193271
v 0.015783 0.002836 -0.188732
v 0.018690 0.001138 -0.192186
v 0.018361 0.000310 -0.191147
v 0.017869 0.000070 -0.190226
v 0.017246 0.000434 -0.189486
v 0.016535 0.001377 -0.188976
v 0.016468 0.002435 -0.194744
v 0.012656 0.003021 -0.190945
v 0.015572 0.001064 -0.194138
v 0.014710 0.000248 -0.193458
v 0.013940 0.000043 -0.192752
v 0.013315 0.000462 -0.192067
v 0.012877 0.001478 -0.191451
v 0.014771 0.003581 -0.196632
v 0.010488 0.004783 -0.193532
v 0.013336 0.002584 -0.196631
v 0.012098 0.002052 -0.196387
v 0.011141 0.002020 -0.195917
v 0.010530 0.002491 -0.195252
v 0.010308 0.003434 -0.194439
v 0.014194 0.005629 -0.198429
v 0.009782 0.007714 -0.195901
v 0.012578 0.005294 -0.199001
v 0.011215 0.005246 -0.199162
v 0.010199 0.005491 -0.198902
v 0.009600 0.006010 -0.198237
v 0.009458 0.006768 -0.197213
v 0.010781 0.011147 -0.197476
v 0.014893 0.008031 -0.199654
v 0.010594 0.010674 -0.199075
v 0.010799 0.010132 -0.200251
v 0.011383 0.009559 -0.200924
v 0.012305 0.008992 -0.201048
v 0.013502 0.008471 -0.200615
v 0.013339 0.014204 -0.197795
v 0.016680 0.010143 -0.199978
v 0.013503 0.014138 -0.199495
v 0.013868 0.013777 -0.200735
v 0.014410 0.013147 -0.201431
v 0.015091 0.012290 -0.201534
v 0.015865 0.011266 -0.201039
v 0.016833 0.016002 -0.196681
v 0.019076 0.011399 -0.199315
v 0.017451 0.016182 -0.198293
v 0.018016 0.015934 -0.199514
v 0.018488 0.015275 -0.200259
v 0.018837 0.014249 -0.200478
v 0.019037 0.012927 -0.200156
v 0.021439 0.011463 -0.197842
v 0.020280 0.015955 -0.194380
v 0.022165 0.013007 -0.198201
v 0.022531 0.014330 -0.198155
v 0.022511 0.015342 -0.197707
v 0.022107 0.015974 -0.196888
v 0.021346 0.016183 -0.195753
v 0.023136 0.010317 -0.195954
v 0.022649 0.014033 -0.191543
v 0.024408 0.011481 -0.195699
v 0.025170 0.012505 -0.195193
v 0.025368 0.013318 -0.194469
v 0.024991 0.013865 -0.193578
v 0.024063 0.014109 -0.192580
v 0.023712 0.008268 -0.194157
v 0.023235 0.010803 -0.189012
v 0.025163 0.008761 -0.193323
v 0.026037 0.009270 -0.192396
v 0.026275 0.009760 -0.191437
v 0.025862 0.010198 -0.190513
v 0.024825 0.010553 -0.189686
v 0.023014 0.005866 -0.192932
v 0.021917 0.007233 -0.187525
v 0.024227 0.005579 -0.191713
v 0.024904 0.005506 -0.190521
v 0.024998 0.005651 -0.189440
v 0.024503 0.006006 -0.188542
v 0.023452 0.006545 -0.187889
v -0.003267 0.025873 -0.181715
v 0.000410 0.027614 -0.181715
v -0.005001 0.029522 -0.181714
v -0.001321 0.031266 -0.181714
v 0.004670 0.021679 -0.009520
v 0.005130 0.021325 -0.009082
v 0.004703 0.021679 -0.009352
v 0.004802 0.021612 -0.009210
v 0.004952 0.021488 -0.009115
v -0.009553 0.021163 -0.009082
v -0.009249 0.021539 -0.009500
v -0.009399 0.021328 -0.009114
v -0.009287 0.021458 -0.009205
v -0.009234 0.021532 -0.009340
v -0.009700 0.035809 -0.009082
v -0.009241 0.035456 -0.009519
v -0.009521 0.035647 -0.009115
v -0.009372 0.035523 -0.009210
v -0.009273 0.035456 -0.009352
v 0.004956 0.035983 -0.009082
v 0.004603 0.035524 -0.009520
v 0.004794 0.035805 -0.009115
v 0.004670 0.035655 -0.009210
v 0.004603 0.035556 -0.009352
v 0.015649 0.020280 -0.008516
v -0.002291 0.019583 -0.008516
v 0.015645 0.020445 0.010145
v 0.015645 0.020944 0.009645
v 0.015647 0.020800 -0.005845
v 0.015647 0.020294 -0.006345
v -0.002291 0.020109 -0.005845
v -0.002291 0.019602 -0.006345
v 0.025719 0.023324 0.009645
v 0.025719 0.022823 0.010145
v 0.015647 0.036310 -0.005845
v 0.015647 0.036816 -0.006345
v -0.002291 0.037508 -0.006345
v -0.002291 0.037000 -0.005845
v -0.002291 0.021805 -0.005326
v -0.002291 0.021299 -0.005845
v 0.015647 0.022326 -0.005326
v 0.015647 0.021820 -0.005845
v 0.015647 0.034784 -0.005326
v 0.015647 0.035289 -0.005845
v -0.002291 0.035810 -0.005845
v -0.002291 0.035305 -0.005326
v 0.015175 0.045027 -0.183271
v 0.013923 0.044867 -0.182680
v 0.014429 0.042565 -0.182908
v 0.015633 0.042711 -0.183610
v 0.014198 0.040489 -0.184168
v 0.015381 0.040666 -0.184905
v 0.012954 0.039378 -0.185705
v 0.014093 0.039492 -0.186502
v 0.012437 0.039525 -0.188161
v 0.011360 0.039550 -0.187294
v 0.010162 0.040313 -0.188670
v 0.011157 0.040319 -0.189627
v 0.009307 0.042291 -0.189444
v 0.010215 0.042390 -0.190477
v 0.009103 0.044555 -0.189277
v 0.009926 0.044830 -0.190327
v 0.009594 0.046506 -0.188224
v 0.010417 0.046987 -0.189172
v 0.010650 0.047642 -0.186564
v 0.011605 0.048202 -0.187335
v 0.011999 0.047658 -0.184723
v 0.013111 0.048128 -0.185370
v 0.014483 0.046850 -0.183801
v 0.013282 0.046534 -0.183190
v 0.019109 0.046670 -0.185506
v 0.018124 0.046010 -0.184818
v 0.019037 0.043509 -0.185604
v 0.020072 0.044026 -0.186362
v 0.018754 0.041235 -0.187180
v 0.019784 0.041634 -0.188030
v 0.017353 0.039826 -0.189110
v 0.018326 0.040123 -0.190070
v 0.015219 0.039660 -0.190869
v 0.016083 0.039889 -0.191946
v 0.012962 0.040704 -0.191974
v 0.013640 0.040997 -0.193162
v 0.011164 0.042776 -0.192128
v 0.011636 0.043164 -0.193387
v 0.010339 0.045234 -0.191305
v 0.010612 0.045825 -0.192545
v 0.010872 0.048264 -0.190851
v 0.010666 0.047417 -0.189757
v 0.012015 0.048801 -0.187883
v 0.012363 0.049806 -0.188773
v 0.014073 0.049036 -0.186137
v 0.014666 0.050023 -0.186885
v 0.017137 0.048868 -0.185694
v 0.016336 0.048009 -0.184995
v -0.019755 0.012103 -0.183271
v -0.018503 0.012263 -0.182680
v -0.019008 0.014566 -0.182908
v -0.020212 0.014419 -0.183610
v -0.018778 0.016645 -0.184169
v -0.019961 0.016467 -0.184906
v -0.017534 0.017764 -0.185706
v -0.018674 0.017644 -0.186503
v -0.015939 0.017584 -0.187295
v -0.017017 0.017606 -0.188161
v -0.014741 0.016817 -0.188670
v -0.015737 0.016811 -0.189627
v -0.013886 0.014839 -0.189444
v -0.014794 0.014740 -0.190477
v -0.013682 0.012575 -0.189277
v -0.014506 0.012300 -0.190327
v -0.014996 0.010143 -0.189172
v -0.014174 0.010624 -0.188224
v -0.015229 0.009488 -0.186564
v -0.016184 0.008928 -0.187335
v -0.016578 0.009472 -0.184723
v -0.017691 0.009002 -0.185370
v -0.019062 0.010280 -0.183801
v -0.017862 0.010596 -0.183190
v -0.023689 0.010460 -0.185506
v -0.022704 0.011120 -0.184818
v -0.023616 0.013621 -0.185604
v -0.024652 0.013104 -0.186362
v -0.023334 0.015896 -0.187180
v -0.024363 0.015496 -0.188030
v -0.021933 0.017305 -0.189110
v -0.022905 0.017007 -0.190070
v -0.020662 0.017241 -0.191946
v -0.019799 0.017470 -0.190869
v -0.017542 0.016427 -0.191974
v -0.018219 0.016133 -0.193162
v -0.015743 0.014354 -0.192128
v -0.016215 0.013966 -0.193387
v -0.014919 0.011896 -0.191305
v -0.015192 0.011306 -0.192545
v -0.015246 0.009713 -0.189757
v -0.015452 0.008866 -0.190851
v -0.016594 0.008329 -0.187883
v -0.016942 0.007324 -0.188773
v -0.018652 0.008094 -0.186137
v -0.019246 0.007107 -0.186885
v -0.021716 0.008262 -0.185694
v -0.020915 0.009121 -0.184994
v -0.018591 0.044778 -0.182680
v -0.018752 0.046030 -0.183271
v -0.016289 0.045283 -0.182908
v -0.016436 0.046487 -0.183610
v -0.014214 0.045052 -0.184168
v -0.014390 0.046236 -0.184905
v -0.013103 0.043807 -0.185705
v -0.013217 0.044947 -0.186502
v -0.013250 0.043292 -0.188161
v -0.013275 0.042214 -0.187294
v -0.014038 0.041016 -0.188670
v -0.014044 0.042012 -0.189627
v -0.016016 0.040162 -0.189444
v -0.016115 0.041069 -0.190477
v -0.018280 0.039958 -0.189277
v -0.018554 0.040781 -0.190327
v -0.020231 0.040449 -0.188224
v -0.020711 0.041271 -0.189172
v -0.021366 0.041505 -0.186564
v -0.021927 0.042459 -0.187335
v -0.021383 0.042854 -0.184723
v -0.021852 0.043966 -0.185370
v -0.020574 0.045338 -0.183801
v -0.020259 0.044137 -0.183190
v -0.019735 0.048979 -0.184818
v -0.020395 0.049964 -0.185506
v -0.017234 0.049891 -0.185604
v -0.017751 0.050927 -0.186362
v -0.014959 0.049609 -0.187180
v -0.015359 0.050638 -0.188030
v -0.013550 0.048208 -0.189110
v -0.013848 0.049181 -0.190070
v -0.013385 0.046074 -0.190869
v -0.013614 0.046938 -0.191946
v -0.014428 0.043817 -0.191974
v -0.014722 0.044494 -0.193162
v -0.016501 0.042019 -0.192128
v -0.016889 0.042490 -0.193387
v -0.018958 0.041194 -0.191305
v -0.019549 0.041467 -0.192545
v -0.021988 0.041727 -0.190851
v -0.021141 0.041521 -0.189757
v -0.022526 0.042869 -0.187883
v -0.023531 0.043218 -0.188773
v -0.022761 0.044928 -0.186137
v -0.023748 0.045521 -0.186885
v -0.022592 0.047992 -0.185694
v -0.021734 0.047190 -0.184994
v 0.014012 0.012352 -0.182680
v 0.014173 0.011100 -0.183271
v 0.011709 0.011846 -0.182908
v 0.011856 0.010643 -0.183610
v 0.009630 0.012077 -0.184169
v 0.009809 0.010894 -0.184906
v 0.008512 0.013321 -0.185707
v 0.008631 0.012182 -0.186503
v 0.008691 0.014916 -0.187295
v 0.008669 0.013838 -0.188161
v 0.009458 0.016114 -0.188670
v 0.009464 0.015118 -0.189627
v 0.011436 0.016968 -0.189444
v 0.011535 0.016061 -0.190477
v 0.013700 0.017172 -0.189277
v 0.013975 0.016349 -0.190327
v 0.016132 0.015859 -0.189172
v 0.015651 0.016681 -0.188224
v 0.016787 0.015625 -0.186564
v 0.017348 0.014671 -0.187335
v 0.016803 0.014276 -0.184723
v 0.017273 0.013164 -0.185370
v 0.015995 0.011792 -0.183801
v 0.015679 0.012993 -0.183190
v 0.015155 0.008151 -0.184818
v 0.015816 0.007166 -0.185506
v 0.012654 0.007239 -0.185604
v 0.013171 0.006203 -0.186362
v 0.010380 0.007521 -0.187180
v 0.010779 0.006492 -0.188030
v 0.008970 0.008922 -0.189111
v 0.009268 0.007949 -0.190070
v 0.009034 0.010192 -0.191946
v 0.008805 0.011056 -0.190869
v 0.009849 0.013313 -0.191974
v 0.010143 0.012636 -0.193162
v 0.011921 0.015111 -0.192128
v 0.012309 0.014640 -0.193387
v 0.014379 0.015936 -0.191305
v 0.014970 0.015663 -0.192545
v 0.016562 0.015609 -0.189757
v 0.017409 0.015403 -0.190851
v 0.017946 0.014261 -0.187883
v 0.018951 0.013912 -0.188773
v 0.018181 0.012202 -0.186137
v 0.019168 0.011609 -0.186885
v 0.018013 0.009138 -0.185694
v 0.017155 0.009940 -0.184995
v 0.019327 0.049808 -0.196293
v -0.023533 0.050181 -0.196293
v -0.023906 0.007322 -0.196293
v 0.018953 0.006949 -0.196293
vn -0.4009 -0.3164 0.8597
vn -0.3559 0.3976 0.8457
vn -0.6601 0.1153 0.7423
vn -0.6751 0.0227 0.7374
vn 0.3627 -0.3639 0.8579
vn -0.0035 -0.6868 0.7268
vn 0.1580 -0.6218 0.7671
vn 0.6515 -0.1133 0.7502
vn 0.0261 -0.6933 -0.7202
vn 0.3917 0.3477 0.8519
vn 0.6761 -0.0079 0.7368
vn 0.7074 -0.0562 0.7046
vn 0.7430 -0.1487 0.6526
vn 0.9007 -0.2202 0.3745
vn 0.7782 -0.1149 0.6174
vn -0.6266 -0.1729 0.7599
vn -0.1090 -0.6662 0.7378
vn 0.7596 -0.0150 -0.6502
vn 0.6806 -0.0915 -0.7269
vn 0.4357 0.0413 -0.8992
vn 0.9906 -0.0808 -0.1107
vn 0.9449 -0.2374 -0.2255
vn 0.4079 -0.7195 0.5621
vn 0.6505 -0.7522 0.1050
vn 0.5700 -0.2242 -0.7905
vn 0.4276 -0.0200 -0.9037
vn 0.7168 -0.5716 -0.3993
vn 0.2366 -0.7948 0.5588
vn 0.4672 -0.8786 0.0993
vn -0.0310 -0.5567 0.8301
vn -0.0541 -0.7259 0.6857
vn 0.5007 -0.3306 -0.8000
vn 0.4046 -0.0921 -0.9098
vn 0.5703 -0.7125 -0.4088
vn 0.0401 -0.8268 0.5611
vn 0.2442 -0.9649 0.0967
vn -0.1550 -0.4943 0.8554
vn -0.1148 -0.7782 0.6174
vn 0.3984 -0.4246 -0.8130
vn 0.3596 -0.1714 -0.9172
vn 0.3831 -0.8193 -0.4265
vn -0.2122 -0.8054 0.5535
vn -0.0590 -0.9943 0.0883
vn -0.2973 -0.4438 0.8454
vn -0.3138 -0.2126 0.9254
vn 0.2554 -0.5032 -0.8256
vn 0.2924 -0.2542 -0.9219
vn 0.1241 -0.8838 -0.4510
vn -0.4034 -0.7341 0.5462
vn -0.3058 -0.9480 0.0882
vn -0.4007 -0.3715 0.8375
vn -0.3642 -0.1451 0.9199
vn 0.1203 -0.5537 -0.8240
vn 0.2200 -0.3188 -0.9219
vn -0.1033 -0.8878 -0.4485
vn -0.5365 -0.6338 0.5572
vn -0.4919 -0.8642 0.1061
vn -0.4575 -0.2816 0.8434
vn -0.3746 -0.0664 0.9248
vn -0.0091 -0.5718 -0.8204
vn 0.1372 -0.3575 -0.9238
vn -0.2928 -0.8535 -0.4310
vn -0.6671 -0.4858 0.5648
vn -0.6816 -0.7223 0.1171
vn -0.5060 -0.1604 0.8475
vn -0.3743 0.0298 0.9268
vn -0.1488 -0.5552 -0.8183
vn 0.0468 -0.3796 -0.9240
vn -0.4915 -0.7621 -0.4214
vn -0.7470 -0.3406 0.5709
vn -0.8096 -0.5738 0.1238
vn -0.5237 -0.0485 0.8505
vn -0.3579 0.1135 0.9268
vn -0.2518 -0.5199 -0.8163
vn -0.0279 -0.3888 -0.9209
vn -0.6309 -0.6538 -0.4178
vn -0.7975 -0.1930 0.5717
vn -0.9064 -0.4067 0.1145
vn -0.5159 0.0489 0.8553
vn -0.3183 0.1757 0.9316
vn -0.3416 -0.4499 -0.8251
vn -0.0974 -0.3657 -0.9256
vn -0.7396 -0.5125 -0.4361
vn -0.8288 0.0224 0.5592
vn -0.9825 -0.1634 0.0889
vn -0.4984 0.1809 0.8479
vn -0.2798 0.2472 0.9277
vn -0.4246 -0.3448 -0.8371
vn -0.1668 -0.3227 -0.9317
vn -0.8259 -0.3108 -0.4705
vn -0.8007 0.2329 0.5520
vn -0.9927 0.0893 0.0813
vn -0.4565 0.3032 0.8365
vn -0.2398 0.3136 0.9188
vn -0.4821 -0.2332 -0.8445
vn -0.2244 -0.2745 -0.9351
vn -0.8675 -0.1004 -0.4871
vn -0.7239 0.4030 0.5600
vn -0.9429 0.3196 0.0935
vn -0.3823 0.3897 0.8379
vn -0.1730 0.3526 0.9196
vn -0.5150 -0.1030 -0.8510
vn -0.2694 -0.2022 -0.9416
vn -0.8678 0.1151 -0.4834
vn -0.5983 0.5627 0.5704
vn -0.8344 0.5399 0.1105
vn -0.2687 0.4656 0.8432
vn -0.0734 0.3784 0.9227
vn -0.5216 0.0258 -0.8528
vn -0.3078 -0.1297 -0.9426
vn -0.8191 0.3312 -0.4683
vn -0.4601 0.6691 0.5836
vn -0.7020 0.7003 0.1298
vn -0.1543 0.5048 0.8494
vn 0.0193 0.3798 0.9249
vn -0.5153 0.1327 -0.8467
vn -0.3396 -0.0657 -0.9383
vn -0.7402 0.4986 -0.4511
vn -0.3112 0.7410 0.5951
vn -0.5409 0.8296 0.1384
vn -0.0484 0.5121 0.8575
vn 0.0940 0.3531 0.9309
vn -0.4724 0.2464 -0.8462
vn -0.3422 0.0168 -0.9395
vn -0.6174 0.6449 -0.4504
vn -0.1236 0.7915 0.5986
vn -0.3268 0.9358 0.1327
vn 0.0867 0.4922 0.8662
vn 0.1910 0.2980 0.9353
vn -0.3929 0.3515 -0.8497
vn -0.3235 0.1031 -0.9406
vn -0.4409 0.7691 -0.4627
vn 0.0712 0.7915 0.6070
vn -0.1006 0.9850 0.1404
vn 0.2050 0.4422 0.8732
vn 0.2551 0.2324 0.9386
vn -0.3086 0.4305 -0.8482
vn -0.2963 0.1759 -0.9387
vn -0.2592 0.8479 -0.4624
vn 0.2605 0.7377 0.6229
vn 0.1483 0.9750 0.1655
vn 0.2969 0.3756 0.8779
vn 0.2909 0.1628 0.9428
vn -0.1865 0.4926 -0.8500
vn -0.2333 0.2452 -0.9410
vn -0.0373 0.8926 -0.4494
vn 0.4373 0.6348 0.6370
vn 0.3989 0.8971 0.1898
vn 0.3810 0.2773 0.8820
vn 0.3229 0.0681 0.9440
vn -0.0472 0.5218 -0.8518
vn -0.1565 0.2965 -0.9421
vn 0.2081 0.8786 -0.4298
vn 0.5608 0.5190 0.6451
vn 0.5812 0.7877 0.2042
vn 0.4278 0.1832 0.8851
vn 0.3252 -0.0061 0.9456
vn 0.0606 0.5248 -0.8491
vn -0.0975 0.3257 -0.9404
vn 0.3936 0.8197 -0.4161
vn 0.6542 0.3908 0.6476
vn 0.7353 0.6472 0.2010
vn 0.4533 0.0935 0.8864
vn 0.3161 -0.0681 0.9463
vn 0.1711 0.4921 -0.8535
vn -0.0256 0.3331 -0.9425
vn 0.5584 0.7118 -0.4261
vn 0.7349 0.2261 0.6394
vn 0.8729 0.4542 0.1783
vn 0.4666 -0.0135 0.8844
vn 0.2964 -0.1345 0.9455
vn 0.2801 0.4263 -0.8601
vn 0.0559 0.3232 -0.9447
vn 0.7026 0.5481 -0.4538
vn 0.7633 0.0689 0.6424
vn 0.9475 0.2690 0.1729
vn 0.4493 -0.1128 0.8862
vn 0.2594 -0.1962 0.9456
vn 0.3660 0.3633 -0.8568
vn 0.1260 0.3087 -0.9428
vn 0.7918 0.3959 -0.4651
vn 0.7481 -0.1076 0.6548
vn 0.9823 0.0435 0.1823
vn 0.4035 -0.2061 0.8915
vn 0.2032 -0.2408 0.9491
vn 0.4423 0.2634 -0.8573
vn 0.1980 0.2617 -0.9446
vn 0.8599 0.2034 -0.4681
vn 0.6838 -0.3097 0.6607
vn 0.9531 -0.2318 0.1948
vn 0.3331 -0.3068 0.8916
vn 0.1343 -0.2833 0.9496
vn 0.4924 0.1308 -0.8605
vn 0.2620 0.1937 -0.9454
vn 0.8867 -0.0449 -0.4602
vn 0.5902 -0.4522 0.6687
vn 0.8735 -0.4383 0.2120
vn 0.2496 -0.3765 0.8922
vn 0.0605 -0.3145 0.9473
vn 0.5108 0.0228 -0.8594
vn 0.3037 0.1355 -0.9431
vn 0.8613 -0.2447 -0.4454
vn 0.4781 -0.5658 0.6719
vn 0.7563 -0.6191 0.2116
vn 0.1602 -0.4121 0.8969
vn -0.0136 -0.3065 0.9518
vn 0.4937 -0.0914 -0.8648
vn 0.3167 0.0628 -0.9464
vn 0.7820 -0.4293 -0.4519
vn 0.3291 -0.6732 0.6622
vn 0.5837 -0.7903 0.1865
vn 0.0529 -0.4387 0.8971
vn -0.0908 -0.2899 0.9527
vn 0.4418 -0.2010 -0.8743
vn 0.3110 -0.0101 -0.9504
vn 0.6413 -0.5995 -0.4789
vn 0.1865 -0.7327 0.6544
vn 0.4129 -0.8957 0.1651
vn -0.0424 -0.4375 0.8982
vn -0.1512 -0.2639 0.9526
vn 0.3884 -0.2738 -0.8799
vn 0.3018 -0.0636 -0.9512
vn 0.5025 -0.7054 -0.4999
vn 0.0340 -0.7572 0.6523
vn 0.2205 -0.9638 0.1499
vn -0.1243 -0.4167 0.9005
vn -0.1903 -0.2266 0.9552
vn 0.3135 -0.3377 -0.8875
vn 0.2717 -0.1172 -0.9552
vn 0.3411 -0.7830 -0.5201
vn -0.1675 -0.7430 0.6480
vn -0.0386 -0.9902 0.1341
vn -0.2291 -0.3800 0.8962
vn -0.2418 -0.1809 0.9533
vn 0.2129 -0.3948 -0.8937
vn 0.2295 -0.1746 -0.9575
vn 0.1261 -0.8323 -0.5397
vn -0.3352 -0.6785 0.6536
vn -0.2678 -0.9528 0.1428
vn -0.3130 -0.3156 0.8958
vn -0.2812 -0.1206 0.9521
vn 0.1194 -0.4367 -0.8916
vn 0.1866 -0.2273 -0.9558
vn -0.0688 -0.8424 -0.5345
vn -0.4691 -0.5751 0.6702
vn -0.4759 -0.8633 0.1681
vn -0.3628 -0.2316 0.9026
vn -0.2871 -0.0497 0.9566
vn 0.0050 -0.4590 -0.8884
vn 0.1177 -0.2687 -0.9560
vn -0.2680 -0.8120 -0.5185
vn -0.5959 -0.4251 0.6813
vn -0.6838 -0.7057 0.1857
vn -0.4045 -0.1248 0.9060
vn -0.2840 0.0301 0.9584
vn -0.1263 -0.4516 -0.8832
vn 0.0338 -0.2960 -0.9546
vn -0.4791 -0.7182 -0.5046
vn -0.6691 -0.2783 0.6891
vn -0.8199 -0.5373 0.1976
vn -0.4160 -0.0218 0.9091
vn -0.2679 0.1044 0.9578
vn -0.2279 -0.4226 -0.8772
vn -0.0374 -0.3066 -0.9511
vn -0.6282 -0.6011 -0.4939
vn -0.7116 -0.1325 0.6900
vn -0.9174 -0.3508 0.1881
vn -0.3999 0.0662 0.9142
vn -0.2268 0.1576 0.9611
vn -0.3134 -0.3576 -0.8797
vn -0.1031 -0.2861 -0.9526
vn -0.7378 -0.4469 -0.5058
vn -0.7356 0.0477 0.6757
vn -0.9817 -0.1156 0.1516
vn -0.3801 0.1601 0.9110
vn -0.1896 0.2014 0.9610
vn -0.3807 -0.2642 -0.8861
vn -0.1610 -0.2474 -0.9555
vn -0.8070 -0.2483 -0.5359
vn -0.7165 0.2101 0.6652
vn -0.9871 0.0979 0.1264
vn -0.3526 0.2437 0.9035
vn -0.1633 0.2431 0.9562
vn -0.4156 -0.1809 -0.8914
vn -0.2021 -0.2108 -0.9564
vn -0.8274 -0.0744 -0.5567
vn -0.6576 0.3611 0.6612
vn -0.9431 0.3138 0.1099
vn -0.3008 0.3128 0.9009
vn -0.1191 0.2717 0.9550
vn -0.4270 -0.0831 -0.9004
vn -0.2269 -0.1573 -0.9611
vn -0.8110 0.1099 -0.5747
vn -0.5490 0.5227 0.6522
vn -0.8325 0.5470 0.0878
vn -0.2150 0.3830 0.8984
vn -0.0499 0.2961 0.9538
vn -0.4197 0.0244 -0.9073
vn -0.2455 -0.0996 -0.9643
vn -0.7438 0.3104 -0.5920
vn -0.4203 0.6375 0.6457
vn -0.6902 0.7199 0.0734
vn -0.1234 0.4260 0.8963
vn 0.0181 0.3050 0.9522
vn -0.4057 0.1126 -0.9070
vn -0.2644 -0.0497 -0.9631
vn -0.6526 0.4628 -0.6000
vn -0.2748 0.7153 0.6425
vn -0.5161 0.8545 0.0592
vn -0.0325 0.4399 0.8974
vn 0.0784 0.2895 0.9540
vn -0.3656 0.2043 -0.9081
vn -0.2640 0.0152 -0.9644
vn -0.5273 0.5912 -0.6103
vn -0.0866 0.7679 0.6346
vn -0.2835 0.9582 0.0376
vn 0.0793 0.4353 0.8968
vn 0.1483 0.2604 0.9541
vn -0.2977 0.2909 -0.9093
vn -0.2491 0.0859 -0.9647
vn -0.3550 0.6974 -0.6226
vn 0.0823 0.7651 0.6387
vn -0.0722 0.9965 0.0419
vn 0.1749 0.4005 0.8995
vn 0.2051 0.2145 0.9549
vn -0.2339 0.3580 -0.9039
vn -0.2305 0.1481 -0.9617
vn -0.2008 0.7626 -0.6149
vn 0.2412 0.7145 0.6567
vn 0.1452 0.9872 0.0660
vn 0.2502 0.3324 0.9094
vn 0.2387 0.1417 0.9607
vn -0.1445 0.4070 -0.9019
vn -0.1830 0.2011 -0.9623
vn -0.0276 0.7997 -0.5997
vn 0.4197 0.6149 0.6676
vn 0.4026 0.9116 0.0828
vn 0.3231 0.2363 0.9164
vn 0.2588 0.0519 0.9645
vn -0.0347 0.4263 -0.9039
vn -0.1248 0.2398 -0.9628
vn 0.1891 0.7862 -0.5884
vn 0.5522 0.4966 0.6697
vn 0.6038 0.7920 0.0909
vn 0.3671 0.1443 0.9189
vn 0.2605 -0.0209 0.9652
vn 0.0577 0.4268 -0.9025
vn -0.0754 0.2665 -0.9609
vn 0.3669 0.7268 -0.5807
vn 0.6537 0.3657 0.6625
vn 0.7680 0.6359 0.0766
vn 0.3925 0.0686 0.9172
vn 0.2517 -0.0648 0.9656
vn 0.1538 0.3974 -0.9047
vn -0.0113 0.2736 -0.9618
vn 0.5182 0.6174 -0.5919
vn 0.7393 0.1963 0.6441
vn 0.9040 0.4254 0.0429
vn 0.4193 -0.0220 0.9076
vn 0.2514 -0.1145 0.9611
vn 0.2435 0.3400 -0.9084
vn 0.0556 0.2635 -0.9631
vn 0.6416 0.4597 -0.6140
vn 0.7697 0.0367 0.6374
vn 0.9736 0.2261 0.0325
vn 0.4108 -0.1148 0.9045
vn 0.2280 -0.1737 0.9581
vn 0.3129 0.2847 -0.9061
vn 0.1108 0.2493 -0.9621
vn 0.7191 0.3156 -0.6191
vn 0.7536 -0.1186 0.6465
vn 0.9988 0.0201 0.0451
vn 0.3665 -0.1886 0.9111
vn 0.1736 -0.2061 0.9630
vn 0.3726 0.2071 -0.9046
vn 0.1657 0.2125 -0.9630
vn 0.7755 0.1566 -0.6116
vn 0.6891 -0.3057 0.6570
vn 0.9704 -0.2337 0.0602
vn 0.3016 -0.2741 0.9132
vn 0.1132 -0.2407 0.9640
vn 0.4109 0.1065 -0.9054
vn 0.2146 0.1622 -0.9631
vn 0.7958 -0.0456 -0.6039
vn 0.5910 -0.4583 0.6639
vn 0.8875 -0.4550 0.0731
vn 0.2241 -0.3418 0.9126
vn 0.0497 -0.2692 0.9618
vn 0.4279 0.0149 -0.9037
vn 0.2526 0.1155 -0.9607
vn 0.7688 -0.2291 -0.5970
vn 0.4713 -0.5809 0.6636
vn 0.7578 -0.6488 0.0692
vn 0.1445 -0.3808 0.9133
vn -0.0090 -0.2674 0.9636
vn 0.4150 -0.0871 -0.9057
vn 0.2698 0.0494 -0.9617
vn 0.6897 -0.4008 -0.6031
vn 0.3136 -0.6913 0.6510
vn 0.5687 -0.8214 0.0448
vn 0.0427 -0.4104 0.9109
vn -0.0791 -0.2599 0.9624
vn 0.3702 -0.1846 -0.9104
vn 0.2668 -0.0187 -0.9636
vn 0.5557 -0.5546 -0.6194
vn 0.1589 -0.7478 0.6446
vn 0.3814 -0.9238 0.0343
vn -0.0482 -0.4117 0.9100
vn -0.1332 -0.2405 0.9615
vn 0.3252 -0.2519 -0.9115
vn 0.2605 -0.0687 -0.9630
vn 0.4260 -0.6536 -0.6255
vn 0.0020 -0.7637 0.6455
vn 0.1777 -0.9836 0.0325
vn -0.1254 -0.3930 0.9109
vn -0.1712 -0.2075 0.9631
vn 0.2594 -0.3149 -0.9130
vn 0.2344 -0.1219 -0.9645
vn 0.2743 -0.7281 -0.6282
vn -0.1852 -0.7416 0.6448
vn -0.0673 -0.9973 0.0279
vn -0.2196 -0.3530 0.9095
vn -0.2196 -0.1616 0.9621
vn 0.1726 -0.3725 -0.9118
vn 0.1965 -0.1770 -0.9644
vn 0.0873 -0.7720 -0.6296
vn -0.3479 -0.6770 0.6486
vn -0.2867 -0.9574 0.0344
vn -0.2961 -0.2927 0.9092
vn -0.2537 -0.1086 0.9612
vn 0.0898 -0.4079 -0.9086
vn 0.1560 -0.2220 -0.9625
vn -0.0818 -0.7758 -0.6257
vn -0.4900 -0.5773 0.6532
vn -0.5004 -0.8650 0.0377
vn -0.3508 -0.2197 0.9103
vn -0.2687 -0.0527 0.9618
vn -0.0098 -0.4114 -0.9114
vn 0.0966 -0.2448 -0.9648
vn -0.2608 -0.7332 -0.6280
vn -0.6288 -0.4315 0.6468
vn -0.7106 -0.7032 0.0256
vn -0.3999 -0.1220 0.9084
vn -0.2766 0.0175 0.9608
vn -0.1136 -0.3878 -0.9147
vn 0.0344 -0.2541 -0.9666
vn -0.4414 -0.6335 -0.6355
vn -0.7108 -0.2840 0.6435
vn -0.8461 -0.5326 0.0223
vn -0.4211 -0.0297 0.9065
vn -0.2714 0.0801 0.9591
vn -0.1915 -0.3581 -0.9138
vn -0.0185 -0.2614 -0.9651
vn -0.5661 -0.5247 -0.6358
vn -0.7562 -0.1267 0.6419
vn -0.9414 -0.3370 0.0161
vn -0.4129 0.0606 0.9088
vn -0.2403 0.1367 0.9610
vn -0.2643 -0.3041 -0.9152
vn -0.0752 -0.2477 -0.9659
vn -0.6620 -0.3858 -0.6426
vn -0.7715 0.0630 0.6331
vn -0.9956 -0.0936 0.0003
vn -0.3861 0.1592 0.9086
vn -0.1976 0.1887 0.9620
vn -0.3345 -0.2262 -0.9148
vn -0.1364 -0.2194 -0.9661
vn -0.7298 -0.2069 -0.6516
vn -0.7379 0.2257 0.6361
vn -0.9931 0.1168 0.0032
vn -0.3452 0.2388 0.9077
vn -0.1571 0.2275 0.9610
vn -0.3858 -0.1534 -0.9097
vn -0.1904 -0.1888 -0.9634
vn -0.7598 -0.0520 -0.6481
vn -0.6614 0.3805 0.6464
vn -0.9413 0.3371 0.0147
vn -0.2821 0.3053 0.9095
vn -0.1039 0.2537 0.9617
vn -0.4115 -0.0571 -0.9096
vn -0.2283 -0.1328 -0.9645
vn -0.7548 0.1226 -0.6444
vn -0.5327 0.5414 0.6505
vn -0.8170 0.5763 0.0205
vn -0.1871 0.3678 0.9109
vn -0.0295 0.2707 0.9622
vn -0.4064 0.0521 -0.9122
vn -0.2510 -0.0684 -0.9656
vn -0.6957 0.3212 -0.6425
vn -0.3930 0.6484 0.6520
vn -0.6647 0.7467 0.0252
vn -0.0947 0.4026 0.9105
vn 0.0370 0.2736 0.9611
vn -0.3881 0.1382 -0.9112
vn -0.2647 -0.0162 -0.9642
vn -0.6086 0.4706 -0.6389
vn -0.2455 0.7198 0.6494
vn -0.4859 0.8739 0.0161
vn -0.0099 0.4136 0.9104
vn 0.0899 0.2583 0.9619
vn -0.3429 0.2187 -0.9136
vn -0.2555 0.0409 -0.9659
vn -0.4861 0.5884 -0.6461
vn -0.0587 0.7722 0.6326
vn -0.2501 0.9681 -0.0131
vn 0.0986 0.4057 0.9087
vn 0.1588 0.2257 0.9612
vn -0.2722 0.2863 -0.9187
vn -0.2332 0.0939 -0.9679
vn -0.3175 0.6789 -0.6620
vn 0.1030 0.7736 0.6252
vn -0.0451 0.9988 -0.0214
vn 0.1815 0.3733 0.9098
vn 0.2011 0.1842 0.9621
vn -0.2109 0.3377 -0.9173
vn -0.2143 0.1401 -0.9667
vn -0.1717 0.7277 -0.6641
vn 0.2581 0.7305 0.6323
vn 0.1633 0.9864 -0.0175
vn 0.2481 0.3244 0.9128
vn 0.2262 0.1361 0.9645
vn -0.1294 0.3779 -0.9168
vn -0.1724 0.1853 -0.9674
vn -0.0140 0.7470 -0.6646
vn 0.4421 0.6336 0.6349
vn 0.4180 0.9082 -0.0183
vn 0.3270 0.2481 0.9119
vn 0.2570 0.0729 0.9637
vn -0.0268 0.3926 -0.9193
vn -0.1154 0.2231 -0.9680
vn 0.1827 0.7226 -0.6666
vn 0.5767 0.5069 0.6407
vn 0.6194 0.7850 -0.0054
vn 0.3762 0.1585 0.9129
vn 0.2680 0.0042 0.9634
vn 0.0577 0.3889 -0.9195
vn -0.0659 0.2481 -0.9665
vn 0.3476 0.6668 -0.6592
vn 0.6699 0.3618 0.6483
vn 0.7822 0.6230 0.0053
vn 0.3959 0.0715 0.9155
vn 0.2563 -0.0532 0.9651
vn 0.1469 0.3615 -0.9207
vn -0.0052 0.2525 -0.9676
vn 0.4955 0.5697 -0.6557
vn 0.7404 0.1789 0.6479
vn 0.9149 0.4037 0.0018
vn 0.3990 -0.0342 0.9163
vn 0.2305 -0.1201 0.9656
vn 0.2341 0.3104 -0.9213
vn 0.0578 0.2428 -0.9683
vn 0.6224 0.4235 -0.6582
vn 0.7621 0.0132 0.6473
vn 0.9805 0.1964 0.0023
vn 0.3812 -0.1225 0.9164
vn 0.2003 -0.1700 0.9649
vn 0.2969 0.2584 -0.9193
vn 0.1086 0.2312 -0.9668
vn 0.7000 0.2821 -0.6560
vn 0.7476 -0.1398 0.6493
vn 1.0000 -0.0089 0.0031
vn 0.3449 -0.1922 0.9188
vn 0.1571 -0.2007 0.9670
vn 0.3482 0.1876 -0.9185
vn 0.1567 0.2000 -0.9672
vn 0.7444 0.1291 -0.6552
vn 0.6911 -0.3248 0.6456
vn 0.9664 -0.2569 -0.0062
vn 0.2813 -0.2763 0.9190
vn 0.0949 -0.2381 0.9666
vn 0.3812 0.0946 -0.9196
vn 0.2012 0.1525 -0.9676
vn 0.7479 -0.0579 -0.6613
vn 0.5945 -0.4788 0.6460
vn 0.8797 -0.4755 -0.0046
vn 0.2038 -0.3333 0.9205
vn 0.0327 -0.2514 0.9673
vn 0.3913 0.0097 -0.9202
vn 0.2330 0.1066 -0.9666
vn 0.7148 -0.2277 -0.6612
vn 0.4651 -0.5992 0.6516
vn 0.7432 -0.6691 0.0031
vn 0.1252 -0.3668 0.9218
vn -0.0208 -0.2473 0.9687
vn 0.3787 -0.0851 -0.9216
vn 0.2470 0.0456 -0.9679
vn 0.6409 -0.3931 -0.6594
vn 0.2946 -0.6966 0.6542
vn 0.5465 -0.8374 0.0079
vn 0.0280 -0.3891 0.9208
vn -0.0838 -0.2348 0.9684
vn 0.3440 -0.1831 -0.9210
vn 0.2506 -0.0229 -0.9678
vn 0.5187 -0.5477 -0.6565
vn 0.1333 -0.7402 0.6590
vn 0.3537 -0.9352 0.0174
vn -0.0634 -0.3835 0.9214
vn -0.1403 -0.2105 0.9675
vn 0.3036 -0.2531 -0.9186
vn 0.2474 -0.0770 -0.9659
vn 0.3945 -0.6482 -0.6514
vn -0.0247 -0.7527 0.6578
vn 0.1441 -0.9895 0.0114
vn -0.1383 -0.3594 0.9229
vn -0.1756 -0.1744 0.9689
vn 0.2375 -0.3101 -0.9206
vn 0.2202 -0.1259 -0.9673
vn 0.2420 -0.7145 -0.6565
vn -0.2084 -0.7349 0.6453
vn -0.0988 -0.9950 -0.0131
vn -0.2239 -0.3211 0.9202
vn -0.2148 -0.1305 0.9679
vn 0.1540 -0.3540 -0.9225
vn 0.1829 -0.1692 -0.9685
vn 0.0615 -0.7417 -0.6680
vn -0.3693 -0.6744 0.6394
vn -0.3131 -0.9495 -0.0230
vn -0.2943 -0.2710 0.9165
vn -0.2430 -0.0904 0.9658
vn 0.0781 -0.3791 -0.9220
vn 0.1466 -0.2048 -0.9678
vn -0.0959 -0.7336 -0.6728
vn -0.5112 -0.5721 0.6414
vn -0.5240 -0.8514 -0.0236
vn -0.3468 -0.2035 0.9156
vn -0.2567 -0.0408 0.9656
vn -0.0145 -0.3814 -0.9243
vn 0.0921 -0.2267 -0.9696
vn -0.2640 -0.6873 -0.6767
vn -0.6435 -0.4184 0.6409
vn -0.7291 -0.6839 -0.0260
vn -0.3883 -0.1022 0.9159
vn -0.2581 0.0343 0.9655
vn -0.1168 -0.3631 -0.9244
vn 0.0283 -0.2409 -0.9701
vn -0.4357 -0.5916 -0.6783
vn -0.7151 -0.2630 0.6476
vn -0.8607 -0.5090 -0.0122
vn -0.3975 -0.0118 0.9175
vn -0.2411 0.0906 0.9663
vn -0.1958 -0.3373 -0.9208
vn -0.0291 -0.2504 -0.9677
vn -0.5580 -0.4900 -0.6697
vn -0.7485 -0.0992 0.6557
vn -0.9518 -0.3066 -0.0003
vn -0.3878 0.0732 0.9188
vn -0.2151 0.1387 0.9667
vn -0.2645 -0.2829 -0.9220
vn -0.0837 -0.2336 -0.9687
vn -0.6558 -0.3551 -0.6662
vn -0.7519 0.0926 0.6528
vn -0.9985 -0.0551 -0.0056
vn -0.3597 0.1686 0.9177
vn -0.1761 0.1887 0.9661
vn -0.3239 -0.2044 -0.9237
vn -0.1348 -0.2034 -0.9698
vn -0.7226 -0.1746 -0.6688
vn -0.7143 0.2516 0.6530
vn -0.9877 0.1566 -0.0045
vn -0.3184 0.2435 0.9161
vn -0.1365 0.2241 0.9650
vn -0.3649 -0.1363 -0.9210
vn -0.1779 -0.1766 -0.9681
vn -0.7457 -0.0211 -0.6660
vn -0.6403 0.4009 0.6552
vn -0.9286 0.3710 -0.0046
vn -0.2611 0.3060 0.9155
vn -0.0896 0.2480 0.9646
vn -0.3852 -0.0480 -0.9216
vn -0.2108 -0.1277 -0.9692
vn -0.7295 0.1450 -0.6684
vn -0.5143 0.5584 0.6509
vn -0.7976 0.6031 -0.0136
vn -0.1731 0.3668 0.9141
vn -0.0230 0.2652 0.9639
vn -0.3794 0.0544 -0.9236
vn -0.2339 -0.0674 -0.9699
vn -0.6605 0.3305 -0.6742
vn -0.3741 0.6586 0.6529
vn -0.6431 0.7657 -0.0072
vn -0.0833 0.3976 0.9138
vn 0.0407 0.2664 0.9630
vn -0.3639 0.1376 -0.9212
vn -0.2497 -0.0144 -0.9682
vn -0.5744 0.4702 -0.6700
vn -0.2205 0.7172 0.6611
vn -0.4595 0.8882 0.0025
vn 0.0035 0.3987 0.9171
vn 0.0951 0.2437 0.9652
vn -0.3215 0.2179 -0.9215
vn -0.2420 0.0454 -0.9692
vn -0.4566 0.5881 -0.6676
vn -0.0255 0.7504 0.6605
vn -0.2126 0.9771 0.0018
vn 0.1080 0.3842 0.9169
vn 0.1558 0.2106 0.9651
vn -0.2535 0.2879 -0.9235
vn -0.2225 0.1048 -0.9693
vn -0.2882 0.6856 -0.6684
vn 0.1367 0.7357 0.6634
vn 0.0018 0.9999 0.0119
vn 0.1907 0.3500 0.9171
vn 0.2015 0.1705 0.9645
vn -0.1911 0.3384 -0.9214
vn -0.2013 0.1530 -0.9675
vn -0.1368 0.7375 -0.6613
vn 0.2840 0.6875 0.6683
vn 0.2111 0.9773 0.0150
vn 0.2545 0.2935 0.9215
vn 0.2274 0.1135 0.9672
vn -0.1103 0.3725 -0.9215
vn -0.1587 0.1903 -0.9688
vn 0.0236 0.7499 -0.6612
vn 0.4571 0.5941 0.6619
vn 0.4572 0.8893 -0.0000
vn 0.3224 0.2170 0.9214
vn 0.2467 0.0502 0.9678
vn -0.0120 0.3831 -0.9236
vn -0.1061 0.2197 -0.9698
vn 0.2136 0.7113 -0.6696
vn 0.5839 0.4728 0.6599
vn 0.6492 0.7606 -0.0015
vn 0.3673 0.1350 0.9203
vn 0.2559 -0.0106 0.9666
vn 0.0725 0.3784 -0.9228
vn -0.0554 0.2436 -0.9683
vn 0.3687 0.6444 -0.6699
vn 0.6689 0.3314 0.6654
vn 0.8024 0.5967 0.0043
vn 0.3828 0.0534 0.9223
vn 0.2425 -0.0627 0.9681
vn 0.1585 0.3490 -0.9236
vn 0.0069 0.2474 -0.9689
vn 0.5059 0.5441 -0.6693
vn 0.7296 0.1489 0.6674
vn 0.9277 0.3733 0.0053
vn 0.3834 -0.0459 0.9224
vn 0.2172 -0.1222 0.9684
vn 0.2401 0.2954 -0.9247
vn 0.0682 0.2352 -0.9696
vn 0.6269 0.3975 -0.6701
vn 0.7409 -0.0175 0.6714
vn 0.9869 0.1603 0.0157
vn 0.3637 -0.1330 0.9220
vn 0.1868 -0.1721 0.9672
vn 0.3013 0.2420 -0.9223
vn 0.1189 0.2214 -0.9679
vn 0.7028 0.2546 -0.6643
vn 0.7169 -0.1696 0.6762
vn 0.9984 -0.0528 0.0218
vn 0.3274 -0.1995 0.9236
vn 0.1479 -0.1992 0.9687
vn 0.3486 0.1682 -0.9220
vn 0.1645 0.1869 -0.9685
vn 0.7432 0.0964 -0.6621
vn 0.6553 -0.3471 0.6709
vn 0.9535 -0.3011 0.0105
vn 0.2664 -0.2803 0.9222
vn 0.0906 -0.2364 0.9674
vn 0.3767 0.0754 -0.9233
vn 0.2049 0.1389 -0.9689
vn 0.7391 -0.0917 -0.6673
vn 0.5589 -0.4920 0.6675
vn 0.8593 -0.5114 0.0071
vn 0.1865 -0.3347 0.9237
vn 0.0240 -0.2504 0.9679
vn 0.3841 -0.0063 -0.9233
vn 0.2339 0.0940 -0.9677
vn 0.6988 -0.2545 -0.6685
vn 0.4338 -0.6025 0.6699
vn 0.7203 -0.6936 0.0081
vn 0.1084 -0.3605 0.9264
vn -0.0297 -0.2393 0.9705
vn 0.3683 -0.0975 -0.9246
vn 0.2432 0.0355 -0.9693
vn 0.6188 -0.4082 -0.6712
vn 0.2672 -0.6936 0.6690
vn 0.5211 -0.8535 0.0024
vn 0.0153 -0.3797 0.9250
vn -0.0883 -0.2265 0.9700
vn 0.3288 -0.1886 -0.9254
vn 0.2417 -0.0288 -0.9699
vn 0.4917 -0.5490 -0.6759
vn 0.1070 -0.7337 0.6710
vn 0.3240 -0.9461 0.0059
vn -0.0698 -0.3774 0.9234
vn -0.1369 -0.2082 0.9684
vn 0.2859 -0.2518 -0.9246
vn 0.2369 -0.0802 -0.9682
vn 0.3655 -0.6418 -0.6741
vn -0.0509 -0.7375 0.6734
vn 0.1119 -0.9937 0.0055
vn -0.1452 -0.3540 0.9239
vn -0.1746 -0.1768 0.9687
vn 0.2206 -0.3055 -0.9263
vn 0.2095 -0.1281 -0.9694
vn 0.2154 -0.7040 -0.6767
vn -0.2365 -0.7086 0.6648
vn -0.1413 -0.9899 -0.0140
vn -0.2325 -0.3076 0.9227
vn -0.2170 -0.1259 0.9680
vn 0.1355 -0.3478 -0.9277
vn 0.1705 -0.1717 -0.9703
vn 0.0309 -0.7274 -0.6855
vn -0.3920 -0.6430 0.6579
vn -0.3558 -0.9343 -0.0247
vn -0.2973 -0.2441 0.9230
vn -0.2406 -0.0688 0.9682
vn 0.0594 -0.3714 -0.9266
vn 0.1331 -0.2066 -0.9693
vn -0.1263 -0.7146 -0.6880
vn -0.5243 -0.5424 0.6565
vn -0.5552 -0.8311 -0.0317
vn -0.3403 -0.1790 0.9231
vn -0.2448 -0.0240 0.9693
vn -0.0270 -0.3687 -0.9291
vn 0.0795 -0.2261 -0.9709
vn -0.2831 -0.6630 -0.6930
vn -0.6500 -0.3926 0.6507
vn -0.7492 -0.6609 -0.0449
vn -0.3850 -0.0942 0.9181
vn -0.2545 0.0299 0.9666
vn -0.1179 -0.3449 -0.9312
vn 0.0222 -0.2346 -0.9718
vn -0.4401 -0.5632 -0.6994
vn -0.7206 -0.2393 0.6507
vn -0.8750 -0.4821 -0.0444
vn -0.4023 -0.0051 0.9155
vn -0.2516 0.0885 0.9638
vn -0.1930 -0.3181 -0.9282
vn -0.0279 -0.2397 -0.9704
vn -0.5516 -0.4574 -0.6975
vn -0.7530 -0.0775 0.6535
vn -0.9595 -0.2783 -0.0443
vn -0.3850 0.0827 0.9192
vn -0.2152 0.1421 0.9662
vn -0.2618 -0.2642 -0.9282
vn -0.0826 -0.2228 -0.9714
vn -0.6386 -0.3226 -0.6987
vn -0.7507 0.1186 0.6499
vn -0.9984 -0.0240 -0.0515
vn -0.3482 0.1784 0.9203
vn -0.1675 0.1906 0.9673
vn -0.3165 -0.1879 -0.9298
vn -0.1346 -0.1936 -0.9718
vn -0.6968 -0.1483 -0.7018
vn -0.7032 0.2829 0.6523
vn -0.9794 0.1969 -0.0437
vn -0.3028 0.2532 0.9188
vn -0.1255 0.2250 0.9662
vn -0.3533 -0.1191 -0.9279
vn -0.1795 -0.1650 -0.9698
vn -0.7175 0.0065 -0.6966
vn -0.6199 0.4265 0.6587
vn -0.9112 0.4104 -0.0352
vn -0.2416 0.3101 0.9195
vn -0.0758 0.2449 0.9666
vn -0.3716 -0.0321 -0.9279
vn -0.2120 -0.1149 -0.9705
vn -0.7003 0.1706 -0.6931
vn -0.4892 0.5727 0.6578
vn -0.7747 0.6312 -0.0378
vn -0.1518 0.3617 0.9198
vn -0.0080 0.2555 0.9668
vn -0.3679 0.0672 -0.9274
vn -0.2338 -0.0550 -0.9707
vn -0.6328 0.3468 -0.6923
vn -0.3462 0.6677 0.6590
vn -0.6153 0.7876 -0.0323
vn -0.0622 0.3877 0.9197
vn 0.0546 0.2529 0.9660
vn -0.3527 0.1485 -0.9239
vn -0.2487 -0.0026 -0.9686
vn -0.5460 0.4801 -0.6866
vn -0.1916 0.7255 0.6610
vn -0.4257 0.9043 -0.0321
vn 0.0216 0.3886 0.9211
vn 0.1053 0.2307 0.9673
vn -0.3073 0.2258 -0.9244
vn -0.2383 0.0558 -0.9696
vn -0.4237 0.5896 -0.6876
vn -0.0008 0.7567 0.6537
vn -0.1816 0.9822 -0.0479
vn 0.1205 0.3744 0.9194
vn 0.1611 0.1997 0.9665
vn -0.2369 0.2894 -0.9274
vn -0.2142 0.1094 -0.9706
vn -0.2570 0.6710 -0.6955
vn 0.1653 0.7411 0.6508
vn 0.0340 0.9981 -0.0512
vn 0.2030 0.3406 0.9180
vn 0.2056 0.1615 0.9652
vn -0.1753 0.3346 -0.9259
vn -0.1931 0.1532 -0.9691
vn -0.1102 0.7102 -0.6953
vn 0.3196 0.6881 0.6515
vn 0.2503 0.9667 -0.0529
vn 0.2675 0.2845 0.9206
vn 0.2306 0.1065 0.9672
vn -0.0938 0.3650 -0.9263
vn -0.1501 0.1908 -0.9701
vn 0.0490 0.7153 -0.6971
vn 0.4898 0.5888 0.6430
vn 0.4903 0.8689 -0.0678
vn 0.3317 0.2074 0.9203
vn 0.2476 0.0434 0.9679
vn 0.0031 0.3726 -0.9280
vn -0.0959 0.2203 -0.9707
vn 0.2310 0.6735 -0.7022
vn 0.6118 0.4659 0.6392
vn 0.6696 0.7395 -0.0692
vn 0.3733 0.1252 0.9192
vn 0.2547 -0.0174 0.9669
vn 0.0831 0.3691 -0.9257
vn -0.0483 0.2422 -0.9690
vn 0.3727 0.6101 -0.6992
vn 0.6994 0.3184 0.6399
vn 0.8189 0.5696 -0.0701
vn 0.3894 0.0420 0.9201
vn 0.2417 -0.0692 0.9679
vn 0.1663 0.3374 -0.9266
vn 0.0123 0.2438 -0.9698
vn 0.5013 0.5083 -0.7002
vn 0.7629 0.1275 0.6338
vn 0.9377 0.3381 -0.0805
vn 0.3902 -0.0605 0.9187
vn 0.2164 -0.1304 0.9676
vn 0.2428 0.2795 -0.9289
vn 0.0719 0.2300 -0.9705
vn 0.6129 0.3585 -0.7041
vn 0.7708 -0.0399 0.6358
vn 0.9885 0.1317 -0.0749
vn 0.3670 -0.1464 0.9186
vn 0.1840 -0.1784 0.9666
vn 0.2994 0.2277 -0.9265
vn 0.1214 0.2164 -0.9687
vn 0.6783 0.2241 -0.6998
vn 0.7414 -0.2009 0.6403
vn 0.9940 -0.0830 -0.0712
vn 0.3286 -0.2150 0.9197
vn 0.1446 -0.2056 0.9679
vn 0.3438 0.1553 -0.9261
vn 0.1665 0.1820 -0.9691
vn 0.7117 0.0720 -0.6988
vn 0.6682 -0.3901 0.6334
vn 0.9374 -0.3384 -0.0819
vn 0.2630 -0.2992 0.9173
vn 0.0849 -0.2437 0.9661
vn 0.3704 0.0606 -0.9269
vn 0.2076 0.1321 -0.9693
vn 0.7024 -0.1149 -0.7025
vn 0.5643 -0.5339 0.6297
vn 0.8368 -0.5412 -0.0826
vn 0.1795 -0.3498 0.9195
vn 0.0159 -0.2541 0.9670
vn 0.3790 -0.0206 -0.9252
vn 0.2385 0.0858 -0.9673
vn 0.6621 -0.2699 -0.6991
vn 0.4338 -0.6444 0.6298
vn 0.6954 -0.7139 -0.0821
vn 0.0987 -0.3731 0.9225
vn -0.0391 -0.2403 0.9699
vn 0.3631 -0.1090 -0.9253
vn 0.2492 0.0254 -0.9681
vn 0.5849 -0.4138 -0.6976
vn 0.2541 -0.7388 0.6242
vn 0.4881 -0.8680 -0.0913
vn -0.0001 -0.3917 0.9201
vn -0.1002 -0.2255 0.9691
vn 0.3202 -0.1981 -0.9264
vn 0.2436 -0.0373 -0.9692
vn 0.4566 -0.5486 -0.7004
vn 0.0855 -0.7782 0.6222
vn 0.2884 -0.9530 -0.0930
vn -0.0907 -0.3828 0.9194
vn -0.1534 -0.1997 0.9678
vn 0.2758 -0.2624 -0.9247
vn 0.2367 -0.0868 -0.9677
vn 0.3300 -0.6347 -0.6987
vn -0.0781 -0.7800 0.6209
vn 0.0811 -0.9919 -0.0975
vn -0.1648 -0.3541 0.9206
vn -0.1863 -0.1622 0.9690
vn 0.2117 -0.3149 -0.9252
vn 0.2106 -0.1366 -0.9680
vn 0.1869 -0.6882 -0.7010
vn -0.2775 -0.7422 0.6101
vn -0.1728 -0.9783 -0.1139
vn -0.2539 -0.3087 0.9166
vn -0.2251 -0.1155 0.9675
vn 0.1253 -0.3547 -0.9265
vn 0.1694 -0.1823 -0.9685
vn 0.0077 -0.7058 -0.7084
vn -0.4425 -0.6615 0.6056
vn -0.3916 -0.9130 -0.1148
vn -0.3230 -0.2491 0.9130
vn -0.2515 -0.0690 0.9654
vn 0.0442 -0.3785 -0.9246
vn 0.1277 -0.2197 -0.9672
vn -0.1515 -0.6910 -0.7068
vn -0.5723 -0.5474 0.6106
vn -0.5852 -0.8039 -0.1061
vn -0.3658 -0.1760 0.9139
vn -0.2571 -0.0162 0.9662
vn -0.0473 -0.3793 -0.9240
vn 0.0681 -0.2435 -0.9675
vn -0.3073 -0.6425 -0.7019
vn -0.6937 -0.3816 0.6109
vn -0.7713 -0.6280 -0.1038
vn -0.4005 -0.0749 0.9132
vn -0.2540 0.0528 0.9658
vn -0.1428 -0.3539 -0.9243
vn 0.0038 -0.2507 -0.9681
vn -0.4644 -0.5450 -0.6980
vn -0.7622 -0.2142 0.6109
vn -0.8919 -0.4413 -0.0993
vn -0.4067 0.0241 0.9132
vn -0.2356 0.1172 0.9648
vn -0.2166 -0.3211 -0.9220
vn -0.0480 -0.2533 -0.9662
vn -0.5760 -0.4337 -0.6929
vn -0.7930 -0.0484 0.6072
vn -0.9651 -0.2385 -0.1078
vn -0.3873 0.1092 0.9155
vn -0.1988 0.1637 0.9663
vn -0.2822 -0.2637 -0.9224
vn -0.1011 -0.2344 -0.9669
vn -0.6532 -0.2957 -0.6971
vn -0.7916 0.1527 0.5917
vn -0.9913 0.0085 -0.1317
vn -0.3576 0.2019 0.9118
vn -0.1600 0.2045 0.9657
vn -0.3362 -0.1836 -0.9237
vn -0.1533 -0.2001 -0.9677
vn -0.6960 -0.1238 -0.7073
vn -0.7401 0.3289 0.5866
vn -0.9644 0.2282 -0.1338
vn -0.3150 0.2842 0.9055
vn -0.1243 0.2444 0.9617
vn -0.3737 -0.1098 -0.9210
vn -0.1972 -0.1681 -0.9658
vn -0.7073 0.0298 -0.7063
vn -0.6448 0.4812 0.5939
vn -0.8885 0.4424 -0.1220
vn -0.2436 0.3427 0.9073
vn -0.0652 0.2624 0.9628
vn -0.3920 -0.0137 -0.9199
vn -0.2318 -0.1095 -0.9666
vn -0.6861 0.1958 -0.7006
vn -0.4980 0.6274 0.5986
vn -0.7471 0.6554 -0.1106
vn -0.1414 0.3883 0.9106
vn 0.0146 0.2611 0.9652
vn -0.3851 0.0896 -0.9185
vn -0.2550 -0.0435 -0.9660
vn -0.6197 0.3713 -0.6915
vn -0.3404 0.7213 0.6031
vn -0.5842 0.8057 -0.0976
vn -0.0452 0.4100 0.9110
vn 0.0783 0.2508 0.9649
vn -0.3665 0.1725 -0.9143
vn -0.2693 0.0119 -0.9630
vn -0.5313 0.5030 -0.6817
vn -0.1740 0.7816 0.5990
vn -0.3885 0.9155 -0.1042
vn 0.0415 0.4147 0.9090
vn 0.1247 0.2350 0.9640
vn -0.3155 0.2523 -0.9148
vn -0.2564 0.0731 -0.9638
vn -0.4017 0.6077 -0.6851
vn 0.0243 0.8139 0.5805
vn -0.1499 0.9800 -0.1307
vn 0.1445 0.4058 0.9025
vn 0.1813 0.2115 0.9604
vn -0.2405 0.3171 -0.9174
vn -0.2287 0.1297 -0.9648
vn -0.2356 0.6778 -0.6965
vn 0.2001 0.7969 0.5699
vn 0.0602 0.9879 -0.1427
vn 0.2334 0.3720 0.8984
vn 0.2286 0.1740 0.9578
vn -0.1739 0.3624 -0.9157
vn -0.2033 0.1763 -0.9631
vn -0.0911 0.7082 -0.7001
vn 0.3696 0.7358 0.5674
vn 0.2774 0.9496 -0.1460
vn 0.3061 0.3157 0.8981
vn 0.2565 0.1229 0.9587
vn -0.0851 0.3921 -0.9160
vn -0.1539 0.2159 -0.9642
vn 0.0692 0.7089 -0.7019
vn 0.5474 0.6204 0.5616
vn 0.5113 0.8462 -0.1501
vn 0.3791 0.2295 0.8964
vn 0.2812 0.0543 0.9581
vn 0.0186 0.3983 -0.9171
vn -0.0930 0.2462 -0.9648
vn 0.2505 0.6669 -0.7017
vn 0.6733 0.4834 0.5594
vn 0.6849 0.7136 -0.1473
vn 0.4218 0.1309 0.8972
vn 0.2873 -0.0216 0.9576
vn 0.1014 0.3895 -0.9154
vn -0.0403 0.2672 -0.9628
vn 0.3917 0.6013 -0.6964
vn 0.7667 0.3216 0.5556
vn 0.8279 0.5399 -0.1516
vn 0.4331 0.0309 0.9008
vn 0.2631 -0.0884 0.9607
vn 0.1829 0.3514 -0.9182
vn 0.0197 0.2646 -0.9642
vn 0.5171 0.4952 -0.6981
vn 0.8328 0.1154 0.5414
vn 0.9367 0.3072 -0.1680
vn 0.4347 -0.0776 0.8972
vn 0.2370 -0.1471 0.9603
vn 0.2618 0.2899 -0.9206
vn 0.0794 0.2488 -0.9653
vn 0.6227 0.3416 -0.7039
vn 0.8410 -0.0642 0.5372
vn 0.9802 0.1048 -0.1680
vn 0.4110 -0.1753 0.8946
vn 0.2035 -0.2047 0.9574
vn 0.3256 0.2352 -0.9158
vn 0.1329 0.2344 -0.9630
vn 0.6834 0.2074 -0.7000
vn 0.8067 -0.2386 0.5407
vn 0.9808 -0.1053 -0.1640
vn 0.3534 -0.2546 0.9002
vn 0.1432 -0.2389 0.9604
vn 0.3753 0.1563 -0.9136
vn 0.1854 0.1956 -0.9630
vn 0.7135 0.0565 -0.6984
vn 0.7188 -0.4448 0.5343
vn 0.9179 -0.3595 -0.1681
vn 0.2748 -0.3379 0.9002
vn 0.0739 -0.2637 0.9618
vn 0.3995 0.0540 -0.9152
vn 0.2306 0.1393 -0.9630
vn 0.7023 -0.1325 -0.6994
vn 0.5990 -0.5965 0.5342
vn 0.8142 -0.5583 -0.1594
vn 0.1896 -0.3958 0.8985
vn 0.0089 -0.2794 0.9601
vn 0.4050 -0.0315 -0.9138
vn 0.2621 0.0894 -0.9609
vn 0.6620 -0.2897 -0.6913
vn 0.4521 -0.7106 0.5392
vn 0.6703 -0.7263 -0.1525
vn 0.0989 -0.4221 0.9011
vn -0.0511 -0.2677 0.9621
vn 0.3870 -0.1254 -0.9135
vn 0.2736 0.0250 -0.9615
vn 0.5824 -0.4357 -0.6863
vn 0.2512 -0.8070 0.5345
vn 0.4583 -0.8750 -0.1559
vn -0.0152 -0.4383 0.8987
vn -0.1212 -0.2476 0.9613
vn 0.3422 -0.2242 -0.9125
vn 0.2705 -0.0473 -0.9615
vn 0.4496 -0.5725 -0.6857
vn 0.0691 -0.8434 0.5328
vn 0.2594 -0.9537 -0.1524
vn -0.1166 -0.4241 0.8981
vn -0.1805 -0.2158 0.9596
vn 0.2932 -0.2962 -0.9090
vn 0.2621 -0.1061 -0.9592
vn 0.3200 -0.6586 -0.6811
vn -0.1064 -0.8422 0.5286
vn 0.0544 -0.9858 -0.1590
vn -0.1985 -0.3902 0.8991
vn -0.2163 -0.1732 0.9609
vn 0.2216 -0.3497 -0.9103
vn 0.2308 -0.1557 -0.9605
vn 0.1731 -0.7086 -0.6840
vn -0.3212 -0.7986 0.5090
vn -0.1957 -0.9638 -0.1811
vn -0.2978 -0.3393 0.8923
vn -0.2588 -0.1220 0.9582
vn 0.1291 -0.3854 -0.9137
vn 0.1870 -0.2006 -0.9617
vn -0.0091 -0.7203 -0.6936
vn -0.4986 -0.7109 0.4960
vn -0.4081 -0.8933 -0.1884
vn -0.3760 -0.2775 0.8841
vn -0.2889 -0.0760 0.9543
vn 0.0468 -0.4038 -0.9136
vn 0.1456 -0.2391 -0.9600
vn -0.1684 -0.6997 -0.6943
vn -0.6397 -0.5882 0.4948
vn -0.5951 -0.7819 -0.1857
vn -0.4313 -0.2058 0.8784
vn -0.3030 -0.0292 0.9525
vn -0.0497 -0.4032 -0.9137
vn 0.0845 -0.2608 -0.9617
vn -0.3237 -0.6458 -0.6915
vn -0.7685 -0.4049 0.4954
vn -0.7747 -0.6054 -0.1828
vn -0.4780 -0.0896 0.8738
vn -0.3113 0.0505 0.9490
vn -0.1574 -0.3804 -0.9113
vn 0.0124 -0.2740 -0.9617
vn -0.4807 -0.5443 -0.6875
vn -0.8365 -0.2153 0.5039
vn -0.8939 -0.4161 -0.1668
vn -0.4831 0.0284 0.8751
vn -0.2902 0.1279 0.9484
vn -0.2447 -0.3472 -0.9053
vn -0.0556 -0.2831 -0.9575
vn -0.5981 -0.4307 -0.6759
vn -0.8552 -0.0297 0.5174
vn -0.9661 -0.2108 -0.1492
vn -0.4506 0.1325 0.8829
vn -0.2375 0.1893 0.9528
vn -0.3238 -0.2831 -0.9028
vn -0.1256 -0.2610 -0.9571
vn -0.6875 -0.2888 -0.6663
vn -0.8324 0.1892 0.5209
vn -0.9886 0.0403 -0.1451
vn -0.3941 0.2430 0.8864
vn -0.1722 0.2421 0.9549
vn -0.3874 -0.1921 -0.9017
vn -0.1887 -0.2209 -0.9569
vn -0.7413 -0.1056 -0.6628
vn -0.7655 0.3753 0.5226
vn -0.9552 0.2621 -0.1375
vn -0.3319 0.3310 0.8833
vn -0.1179 0.2804 0.9526
vn -0.4275 -0.1082 -0.8975
vn -0.2412 -0.1823 -0.9532
vn -0.7526 0.0602 -0.6557
vn -0.6651 0.5333 0.5227
vn -0.8723 0.4699 -0.1349
vn -0.2582 0.3953 0.8815
vn -0.0607 0.2999 0.9520
vn -0.4420 -0.0038 -0.8970
vn -0.2757 -0.1178 -0.9540
vn -0.7208 0.2316 -0.6533
vn -0.5150 0.6885 0.5107
vn -0.7257 0.6727 -0.1441
vn -0.1541 0.4540 0.8776
vn 0.0152 0.3104 0.9505
vn -0.4284 0.1093 -0.8970
vn -0.2941 -0.0452 -0.9547
vn -0.6382 0.4056 -0.6544
vn -0.3510 0.7896 0.5033
vn -0.5621 0.8141 -0.1456
vn -0.0475 0.4854 0.8730
vn 0.0872 0.3083 0.9473
vn -0.4031 0.1981 -0.8935
vn -0.3057 0.0149 -0.9520
vn -0.5395 0.5332 -0.6516
vn -0.1711 0.8505 0.4974
vn -0.3662 0.9181 -0.1513
vn 0.0549 0.4874 0.8715
vn 0.1472 0.2832 0.9477
vn -0.3444 0.2843 -0.8947
vn -0.2888 0.0827 -0.9538
vn -0.4041 0.6394 -0.6541
vn 0.0465 0.8731 0.4854
vn -0.1260 0.9786 -0.1625
vn 0.1791 0.4617 0.8688
vn 0.2191 0.2364 0.9466
vn -0.2619 0.3552 -0.8974
vn -0.2591 0.1491 -0.9543
vn -0.2305 0.7168 -0.6580
vn 0.2360 0.8433 0.4828
vn 0.0858 0.9833 -0.1607
vn 0.2790 0.4102 0.8683
vn 0.2690 0.1806 0.9461
vn -0.1885 0.4036 -0.8953
vn -0.2309 0.2021 -0.9518
vn -0.0767 0.7519 -0.6548
vn 0.4138 0.7714 0.4834
vn 0.3018 0.9401 -0.1582
vn 0.3575 0.3461 0.8674
vn 0.2957 0.1259 0.9470
vn -0.0902 0.4357 -0.8956
vn -0.1764 0.2435 -0.9537
vn 0.0937 0.7509 -0.6537
vn 0.5987 0.6435 0.4769
vn 0.5317 0.8315 -0.1609
vn 0.4400 0.2439 0.8643
vn 0.3252 0.0422 0.9447
vn 0.0246 0.4437 -0.8958
vn -0.1097 0.2785 -0.9542
vn 0.2842 0.7021 -0.6529
vn 0.7280 0.4930 0.4764
vn 0.7027 0.6944 -0.1551
vn 0.4793 0.1264 0.8685
vn 0.3199 -0.0480 0.9462
vn 0.1213 0.4373 -0.8911
vn -0.0485 0.3060 -0.9508
vn 0.4336 0.6287 -0.6455
vn 0.8187 0.3162 0.4794
vn 0.8428 0.5169 -0.1502
vn 0.4903 0.0213 0.8713
vn 0.2933 -0.1091 0.9498
vn 0.2234 0.3973 -0.8901
vn 0.0281 0.3059 -0.9516
vn 0.5688 0.5142 -0.6419
vn 0.8745 0.0929 0.4761
vn 0.9482 0.2799 -0.1505
vn 0.4881 -0.1074 0.8661
vn 0.2635 -0.1847 0.9468
vn 0.3190 0.3261 -0.8899
vn 0.1097 0.2905 -0.9506
vn 0.6852 0.3482 -0.6398
vn 0.8713 -0.0985 0.4808
vn 0.9877 0.0722 -0.1387
vn 0.4511 -0.2156 0.8661
vn 0.2165 -0.2449 0.9451
vn 0.3899 0.2594 -0.8835
vn 0.1780 0.2708 -0.9460
vn 0.7518 0.1991 -0.6286
vn 0.8269 -0.2787 0.4884
vn 0.9817 -0.1401 -0.1291
vn 0.3960 -0.2997 0.8680
vn 0.1624 -0.2768 0.9471
vn 0.4429 0.1651 -0.8812
vn 0.2350 0.2200 -0.9468
vn 0.7819 0.0323 -0.6226
vn 0.7284 -0.4873 0.4816
vn 0.9108 -0.3909 -0.1328
vn 0.3127 -0.4011 0.8610
vn 0.0933 -0.3206 0.9426
vn 0.4697 0.0471 -0.8816
vn 0.2846 0.1547 -0.9461
vn 0.7630 -0.1717 -0.6231
vn 0.6016 -0.6414 0.4762
vn 0.8002 -0.5854 -0.1307
vn 0.2094 -0.4668 0.8592
vn 0.0088 -0.3390 0.9407
vn 0.4755 -0.0553 -0.8780
vn 0.3225 0.0909 -0.9422
vn 0.7099 -0.3383 -0.6177
vn 0.4498 -0.7577 0.4728
vn 0.6513 -0.7471 -0.1326
vn 0.1021 -0.4945 0.8631
vn -0.0684 -0.3198 0.9450
vn 0.4485 -0.1646 -0.8785
vn 0.3280 0.0135 -0.9446
vn 0.6162 -0.4893 -0.6172
vn 0.2418 -0.8541 0.4605
vn 0.4378 -0.8877 -0.1427
vn -0.0271 -0.5108 0.8593
vn -0.1477 -0.2925 0.9448
vn 0.3901 -0.2705 -0.8802
vn 0.3188 -0.0654 -0.9456
vn 0.4690 -0.6281 -0.6209
vn 0.0514 -0.8885 0.4561
vn 0.2382 -0.9608 -0.1416
vn -0.1424 -0.4971 0.8559
vn -0.2156 -0.2587 0.9416
vn 0.3320 -0.3471 -0.8771
vn 0.3089 -0.1330 -0.9417
vn 0.3280 -0.7153 -0.6171
vn -0.1337 -0.8806 0.4546
vn 0.0308 -0.9893 -0.1427
vn -0.2366 -0.4615 0.8550
vn -0.2561 -0.2151 0.9424
vn 0.2474 -0.4112 -0.8773
vn 0.2688 -0.1976 -0.9427
vn 0.1683 -0.7686 -0.6172
vn -0.3567 -0.8226 0.4429
vn -0.2215 -0.9631 -0.1526
vn -0.3543 -0.3981 0.8461
vn -0.3121 -0.1543 0.9374
vn 0.1362 -0.4569 -0.8790
vn 0.2122 -0.2519 -0.9442
vn -0.0314 -0.7826 -0.6217
vn -0.5365 -0.7214 0.4379
vn -0.4336 -0.8885 -0.1504
vn -0.4422 -0.3040 0.8438
vn -0.3475 -0.0737 0.9348
vn 0.0354 -0.4819 -0.8755
vn 0.1586 -0.2973 -0.9415
vn -0.2050 -0.7597 -0.6172
vn -0.6786 -0.5876 0.4407
vn -0.6203 -0.7711 -0.1437
vn -0.4891 -0.2012 0.8487
vn -0.3411 0.0049 0.9400
vn -0.0802 -0.4793 -0.8740
vn 0.0824 -0.3243 -0.9424
vn -0.3741 -0.6968 -0.6120
vn -0.8063 -0.3954 0.4399
vn -0.7959 -0.5886 -0.1419
vn -0.5293 -0.0733 0.8453
vn -0.3339 0.0875 0.9385
vn -0.2043 -0.4451 -0.8719
vn -0.0088 -0.3370 -0.9414
vn -0.5417 -0.5802 -0.6083
vn -0.8733 -0.2019 0.4435
vn -0.9080 -0.3977 -0.1321
vn -0.5349 0.0555 0.8431
vn -0.3124 0.1712 0.9344
vn -0.2995 -0.3997 -0.8664
vn -0.0838 -0.3384 -0.9373
vn -0.6613 -0.4527 -0.5981
vn -0.8933 -0.0113 0.4493
vn -0.9736 -0.1919 -0.1238
vn -0.5017 0.1672 0.8487
vn -0.2567 0.2328 0.9380
vn -0.3847 -0.3224 -0.8649
vn -0.1596 -0.3083 -0.9378
vn -0.7491 -0.2972 -0.5921
vn -0.8697 0.2154 0.4440
vn -0.9900 0.0586 -0.1280
vn -0.4494 0.2881 0.8456
vn -0.1949 0.2872 0.9378
vn -0.4455 -0.2151 -0.8691
vn -0.2184 -0.2566 -0.9415
vn -0.7985 -0.0998 -0.5937
vn -0.8015 0.4066 0.4384
vn -0.9525 0.2760 -0.1284
vn -0.3859 0.3910 0.8356
vn -0.1426 0.3378 0.9304
vn -0.4736 -0.1224 -0.8722
vn -0.2416 -0.2176 -0.9457
vn -0.8031 0.0747 -0.5912
vn -0.6973 0.5708 0.4335
vn -0.8679 0.4792 -0.1308
vn -0.3026 0.4663 0.8312
vn -0.0781 0.3630 0.9285
vn -0.4757 -0.0181 -0.8794
vn -0.2413 -0.1771 -0.9542
vn -0.7653 0.2523 -0.5921
vn -0.5352 0.7315 0.4224
vn -0.7189 0.6814 -0.1375
vn -0.1803 0.5347 0.8256
vn 0.0125 0.3775 0.9259
vn -0.4502 0.0914 -0.8882
vn -0.2326 -0.1457 -0.9616
vn -0.6755 0.4371 -0.5938
vn -0.3578 0.8315 0.4251
vn -0.5529 0.8232 -0.1287
vn -0.0516 0.5640 0.8242
vn 0.1030 0.3692 0.9236
vn -0.4152 0.1632 -0.8950
vn -0.2358 -0.1395 -0.9617
vn -0.5704 0.5770 -0.5846
vn -0.1646 0.8836 0.4383
vn -0.3551 0.9279 -0.1138
vn 0.0710 0.5510 0.8315
vn 0.1780 0.3250 0.9288
vn -0.3638 0.2382 -0.9005
vn -0.2496 -0.1114 -0.9619
vn -0.4275 0.6984 -0.5740
vn 0.0630 0.8921 0.4474
vn -0.1112 0.9885 -0.1020
vn 0.2075 0.5075 0.8363
vn 0.2537 0.2607 0.9315
vn -0.2792 0.3472 -0.8953
vn -0.2688 -0.0714 -0.9605
vn -0.2325 0.7694 -0.5950
vn 0.2508 0.8552 0.4535
vn 0.0982 0.9910 -0.0905
vn 0.3119 0.4482 0.8378
vn 0.3052 0.1978 0.9315
vn -0.2006 0.4949 -0.8455
vn -0.0933 0.7865 -0.6106
vn 0.4205 0.7886 0.4488
vn 0.3033 0.9483 -0.0933
vn 0.3905 0.3838 0.8368
vn 0.3288 0.1399 0.9340
vn 0.0661 0.8001 -0.5963
vn -0.0776 0.6143 -0.7852
vn 0.6061 0.6691 0.4300
vn 0.5259 0.8435 -0.1090
vn 0.4778 0.2581 0.8397
vn 0.3455 0.0033 0.9384
vn 0.2853 0.7641 -0.5786
vn 0.1068 0.6222 -0.7755
vn 0.7471 0.4818 0.4580
vn 0.7025 0.7032 -0.1095
vn 0.5330 0.1306 0.8360
vn 0.2994 -0.1044 0.9484
vn 0.4599 0.6917 -0.5568
vn 0.2525 0.6034 -0.7564
vn 0.8119 0.2922 0.5055
vn 0.8509 0.5177 -0.0894
vn 0.5949 0.0902 0.7988
vn 0.6418 0.5715 -0.5114
vn 0.4414 0.5507 -0.7084
vn 0.8429 0.0916 0.5302
vn 0.9569 0.2889 -0.0307
vn 0.6680 -0.0139 0.7440
vn 0.8135 0.3929 -0.4288
vn 0.6666 0.4307 -0.6083
vn 0.7927 -0.0838 0.6038
vn 0.9907 0.1065 0.0843
vn 0.9228 0.2355 -0.3048
vn 0.8368 0.2952 -0.4611
vn 0.6700 -0.2095 0.7122
vn 0.9739 -0.0758 0.2138
vn 0.9792 0.0541 -0.1955
vn 0.9266 0.1151 -0.3579
vn 0.4928 -0.3605 0.7920
vn 0.8893 -0.3279 0.3187
vn 0.3975 -0.2491 0.8831
vn 0.1780 -0.3157 0.9320
vn 0.9686 -0.2088 -0.1351
vn 0.9341 -0.1371 -0.3295
vn 0.3037 -0.4394 0.8454
vn 0.7484 -0.5390 0.3866
vn -0.0053 -0.3002 0.9539
vn 0.8884 -0.4495 -0.0929
vn 0.8786 -0.3646 -0.3085
vn 0.1598 -0.4534 0.8769
vn 0.5923 -0.6865 0.4219
vn -0.1064 -0.2393 0.9651
vn 0.7603 -0.6469 -0.0589
vn 0.7761 -0.5631 -0.2839
vn 0.0332 -0.4579 0.8884
vn 0.3945 -0.8123 0.4295
vn -0.1597 -0.1869 0.9693
vn 0.5646 -0.8240 -0.0476
vn 0.6019 -0.7482 -0.2792
vn -0.0590 -0.4560 0.8880
vn 0.2080 -0.8759 0.4354
vn -0.1804 -0.1646 0.9697
vn 0.3683 -0.9291 -0.0337
vn 0.4219 -0.8661 -0.2681
vn -0.1273 -0.4494 0.8842
vn 0.0291 -0.8942 0.4468
vn -0.1809 -0.1578 0.9708
vn 0.1653 -0.9859 -0.0257
vn 0.2272 -0.9349 -0.2726
vn -0.2280 -0.4334 0.8719
vn -0.1941 -0.8697 0.4539
vn -0.2080 -0.1558 0.9656
vn -0.0871 -0.9951 -0.0478
vn -0.0121 -0.9463 -0.3230
vn -0.3248 -0.3877 0.8627
vn -0.3812 -0.8037 0.4568
vn -0.2511 -0.1274 0.9595
vn -0.2998 -0.9517 -0.0660
vn -0.2055 -0.9096 -0.3610
vn -0.3925 -0.3189 0.8627
vn -0.5401 -0.7115 0.4495
vn -0.2604 -0.0714 0.9628
vn -0.4915 -0.8664 -0.0884
vn -0.3795 -0.8324 -0.4039
vn -0.4810 -0.1987 0.8539
vn -0.7357 -0.5263 0.4263
vn -0.2616 0.0138 0.9651
vn -0.7210 -0.6814 -0.1259
vn -0.5779 -0.6694 -0.4668
vn -0.5094 -0.0943 0.8553
vn -0.8256 -0.3801 0.4170
vn -0.2469 0.0813 0.9656
vn -0.8338 -0.5327 -0.1449
vn -0.6831 -0.5407 -0.4909
vn -0.4982 0.0345 0.8664
vn -0.8908 -0.1669 0.4226
vn -0.1967 0.1388 0.9706
vn -0.9349 -0.3128 -0.1675
vn -0.7698 -0.3512 -0.5330
vn -0.4822 0.1553 0.8622
vn -0.9025 0.0574 0.4269
vn -0.1501 0.1837 0.9715
vn -0.9827 -0.0722 -0.1703
vn -0.8244 -0.1481 -0.5463
vn -0.4243 0.2657 0.8657
vn -0.8660 0.2739 0.4184
vn -0.0860 0.2182 0.9721
vn -0.9732 0.1753 -0.1492
vn -0.8848 0.0788 -0.4593
vn -0.3454 0.3402 0.8746
vn -0.8038 0.4567 0.3813
vn -0.0099 0.2115 0.9773
vn -0.9120 0.4006 -0.0880
vn -0.9090 0.3522 -0.2228
vn -0.2440 0.4124 0.8777
vn -0.6760 0.6397 0.3657
vn 0.0668 0.1840 0.9807
vn -0.7821 0.6223 -0.0329
vn -0.7320 0.6598 -0.1696
vn -0.1453 0.4527 0.8797
vn -0.5081 0.7644 0.3968
vn 0.1172 0.1413 0.9830
vn 0.2136 -0.0950 -0.9723
vn 0.0619 -0.1430 -0.9878
vn 0.0667 -0.0818 -0.9944
vn 0.1562 -0.0462 -0.9866
vn 0.3632 -0.1075 -0.9255
vn 0.0733 -0.1573 -0.9848
vn 0.7990 0.0577 -0.5986
vn -0.0258 -0.0038 -0.9997
vn -0.2462 0.6437 -0.7246
vn -0.3698 0.4621 -0.8060
vn -0.5892 0.7272 -0.3523
vn -0.6221 0.7821 -0.0356
vn -0.0542 0.4658 0.8832
vn -0.3176 0.8423 0.4356
vn 0.1368 0.0825 0.9872
vn 0.0101 -0.1947 -0.9808
vn 0.0145 -0.1363 -0.9906
vn -0.0274 -0.2232 -0.9744
vn -0.1377 -0.0726 -0.9878
vn -0.3571 0.3949 -0.8464
vn -0.4631 0.7440 -0.4817
vn -0.4496 0.8920 -0.0460
vn 0.0673 0.4784 0.8756
vn -0.0919 0.8862 0.4541
vn 0.1653 0.0632 0.9842
vn -0.0428 -0.2930 -0.9552
vn -0.0193 -0.2332 -0.9722
vn -0.0934 -0.2927 -0.9516
vn -0.1678 -0.0763 -0.9829
vn -0.2624 0.4637 -0.8462
vn -0.2693 0.8268 -0.4938
vn -0.2074 0.9779 -0.0283
vn 0.2081 0.4795 0.8525
vn 0.1323 0.8666 0.4811
vn 0.2191 0.1536 0.9635
vn -0.1132 -0.4220 -0.8995
vn -0.0771 -0.3690 -0.9262
vn -0.1858 -0.3534 -0.9168
vn -0.2249 -0.0226 -0.9741
vn -0.1845 0.5176 -0.8355
vn -0.0956 0.8723 -0.4795
vn 0.0165 0.9998 -0.0098
vn 0.3200 0.4230 0.8477
vn 0.3051 0.7905 0.5310
vn 0.3123 0.2394 0.9193
vn -0.2987 -0.5817 -0.7566
vn -0.1850 -0.5872 -0.7880
vn -0.3331 -0.3659 -0.8690
vn -0.2575 0.0790 -0.9631
vn -0.1003 0.5669 -0.8176
vn 0.0676 0.8886 -0.4536
vn 0.2126 0.9768 0.0241
vn 0.3886 0.3116 0.8671
vn 0.3340 0.7153 0.6138
vn 0.4452 -0.0184 0.8953
vn -0.4366 -0.6871 -0.5807
vn -0.2389 -0.8630 -0.4452
vn -0.5065 -0.3214 -0.8001
vn -0.4154 0.1835 -0.8909
vn -0.2198 0.6496 -0.7278
vn 0.0101 0.9392 -0.3432
vn 0.2078 0.9678 0.1417
vn 0.4347 0.1366 0.8902
vn 0.4546 0.1402 0.8796
vn 0.1581 0.5400 0.8267
vn 0.1775 0.5786 0.7960
vn 0.5231 -0.2983 0.7983
vn 0.5656 -0.2978 0.7690
vn 0.4590 -0.7092 0.5350
vn 0.5047 -0.7034 0.5005
vn 0.2138 -0.9625 0.1671
vn 0.2600 -0.9548 0.1441
vn -0.0903 -0.9831 -0.1595
vn -0.0643 -0.9812 -0.1819
vn -0.7353 -0.3496 -0.5805
vn -0.7719 -0.4068 -0.4885
vn -0.4386 -0.7875 -0.4329
vn -0.4433 -0.7765 -0.4477
vn -0.8621 0.1336 -0.4889
vn -0.9527 0.0183 -0.3033
vn -0.7917 0.5709 -0.2174
vn -0.9181 0.3959 0.0200
vn -0.3068 0.9463 -0.1016
vn -0.5541 0.6791 -0.4815
vn -0.5375 0.8276 0.1621
vn -0.6632 0.6597 0.3535
vn -0.1793 0.8302 0.5278
vn -0.2586 0.7299 0.6328
vn 0.4134 -0.6847 0.6002
vn 0.4214 -0.6911 0.5872
vn 0.4824 -0.1966 0.8536
vn 0.4170 0.2250 0.8806
vn 0.2526 0.6767 0.6916
vn 0.0580 -0.7997 -0.5976
vn 0.1128 -0.9890 0.0958
vn -0.1909 -0.9557 -0.2243
vn -0.4570 -0.7327 -0.5043
vn -0.6309 -0.2876 -0.7206
vn -0.6659 0.2245 -0.7115
vn -0.0030 0.9479 0.3185
vn 0.7377 -0.2195 0.6385
vn 0.6658 -0.2612 0.6989
vn 0.4389 0.1207 0.8904
vn 0.5324 0.1964 0.8234
vn 0.7103 -0.6185 0.3360
vn 0.6542 -0.6422 0.3995
vn 0.0470 0.3901 0.9196
vn 0.1452 0.5105 0.8475
vn 0.4568 -0.8896 -0.0016
vn 0.4074 -0.9096 0.0810
vn 0.0483 -0.9584 -0.2812
vn -0.0001 -0.9867 -0.1625
vn -0.4074 -0.8099 -0.4220
vn -0.4450 -0.8565 -0.2615
vn -0.7862 -0.4912 -0.3751
vn -0.7983 -0.5685 -0.1988
vn -0.9823 -0.0997 -0.1584
vn -0.9775 -0.2106 -0.0070
vn -0.9532 0.2637 0.1476
vn -0.9567 0.1295 0.2607
vn -0.7150 0.5276 0.4587
vn -0.7466 0.3786 0.5470
vn -0.3157 0.6273 0.7119
vn -0.3868 0.4780 0.7886
vn -0.5232 0.2982 0.7983
vn -0.5656 0.2978 0.7690
vn -0.4546 -0.1402 0.8796
vn -0.4347 -0.1366 0.8902
vn 0.3102 -0.3865 0.8686
vn 0.1722 -0.0498 0.9838
vn 0.2864 -0.6940 0.6606
vn 0.1174 -0.9045 0.4100
vn -0.1615 -0.9719 0.1711
vn -0.4918 -0.8707 0.0045
vn -0.7880 -0.6145 -0.0368
vn -0.9612 -0.2677 0.0670
vn -0.9545 0.0712 0.2894
vn -0.7667 0.3029 0.5661
vn -0.4525 0.3596 0.8161
vn -0.1058 0.2272 0.9681
vn -0.6658 0.2612 0.6989
vn -0.3102 0.3865 0.8686
vn -0.1722 0.0498 0.9838
vn -0.4389 -0.1207 0.8904
vn -0.6945 0.0683 0.7163
vn -0.7434 0.1487 0.6521
vn -0.9007 0.2201 0.3745
vn -0.7618 0.1257 0.6355
vn 0.1132 0.6515 0.7501
vn 0.0078 0.6762 0.7367
vn -0.8332 0.0605 -0.5497
vn -0.7250 0.1320 -0.6760
vn -0.4701 0.0059 -0.8826
vn -0.9937 0.0928 -0.0633
vn -0.9494 0.2460 -0.1952
vn -0.4079 0.7195 0.5621
vn -0.6505 0.7522 0.1050
vn -0.1577 0.6214 0.7675
vn -0.5821 0.2457 -0.7751
vn -0.4481 0.0497 -0.8926
vn -0.7168 0.5716 -0.3993
vn -0.2366 0.7948 0.5588
vn -0.4672 0.8786 0.0993
vn 0.0310 0.5564 0.8303
vn 0.0562 0.7074 0.7046
vn -0.5066 0.3461 -0.7896
vn -0.4178 0.1176 -0.9009
vn -0.5703 0.7125 -0.4088
vn -0.0401 0.8269 0.5610
vn -0.2443 0.9649 0.0964
vn 0.1550 0.4943 0.8554
vn 0.1149 0.7782 0.6174
vn -0.3981 0.4380 -0.8060
vn -0.3604 0.1922 -0.9128
vn -0.3831 0.8192 -0.4267
vn 0.2123 0.8055 0.5532
vn 0.0589 0.9944 0.0877
vn 0.2951 0.4503 0.8427
vn 0.3105 0.2201 0.9247
vn -0.2527 0.5043 -0.8257
vn -0.2875 0.2570 -0.9227
vn -0.1241 0.8836 -0.4515
vn 0.4036 0.7344 0.5457
vn 0.3058 0.9481 0.0873
vn 0.4031 0.3682 0.8378
vn 0.3675 0.1343 0.9203
vn -0.1237 0.5500 -0.8260
vn -0.2250 0.3143 -0.9223
vn 0.1033 0.8875 -0.4491
vn 0.5367 0.6341 0.5566
vn 0.4920 0.8642 0.1050
vn 0.4526 0.2626 0.8522
vn 0.3666 0.0410 0.9295
vn 0.0102 0.5739 -0.8189
vn -0.1364 0.3610 -0.9225
vn 0.2926 0.8531 -0.4319
vn 0.6674 0.4861 0.5641
vn 0.6817 0.7224 0.1158
vn 0.4981 0.1557 0.8530
vn 0.3603 -0.0340 0.9322
vn 0.1490 0.5545 -0.8188
vn -0.0407 0.3841 -0.9224
vn 0.4912 0.7617 -0.4225
vn 0.7475 0.3409 0.5702
vn 0.8097 0.5739 0.1223
vn 0.5272 0.0542 0.8480
vn 0.3586 -0.1090 0.9271
vn 0.2514 0.5209 -0.8158
vn 0.0287 0.3922 -0.9194
vn 0.6304 0.6535 -0.4190
vn 0.7979 0.1932 0.5710
vn 0.9065 0.4068 0.1130
vn 0.5234 -0.0425 0.8510
vn 0.3300 -0.1663 0.9292
vn 0.3425 0.4482 -0.8257
vn 0.1007 0.3633 -0.9262
vn 0.7391 0.5122 -0.4374
vn 0.8292 -0.0225 0.5585
vn 0.9827 0.1633 0.0874
vn 0.4989 -0.1844 0.8468
vn 0.2831 -0.2533 0.9250
vn 0.4077 0.3421 -0.8466
vn 0.1584 0.3181 -0.9347
vn 0.8253 0.3105 -0.4718
vn 0.8010 -0.2330 0.5514
vn 0.9928 -0.0894 0.0800
vn 0.4365 -0.3087 0.8451
vn 0.2114 -0.3209 0.9232
vn 0.4527 0.2392 -0.8590
vn 0.2063 0.2770 -0.9385
vn 0.8669 0.1002 -0.4883
vn 0.7241 -0.4031 0.5597
vn 0.9430 -0.3196 0.0924
vn 0.3559 -0.3843 0.8518
vn 0.1351 -0.3409 0.9303
vn 0.4915 0.1161 -0.8631
vn 0.2575 0.2114 -0.9429
vn 0.8672 -0.1151 -0.4844
vn 0.5984 -0.5628 0.5703
vn 0.8345 -0.5400 0.1099
vn 0.2509 -0.4564 0.8537
vn 0.0456 -0.3601 0.9318
vn 0.5138 -0.0170 -0.8578
vn 0.3100 0.1333 -0.9414
vn 0.8188 -0.3311 -0.4690
vn 0.4600 -0.6691 0.5837
vn 0.7020 -0.7003 0.1296
vn 0.1365 -0.4926 0.8595
vn -0.0464 -0.3577 0.9327
vn 0.5119 -0.1279 -0.8495
vn 0.3453 0.0611 -0.9365
vn 0.7400 -0.4985 -0.4515
vn 0.3111 -0.7407 0.5955
vn 0.5409 -0.8296 0.1387
vn 0.0291 -0.4921 0.8701
vn -0.1205 -0.3212 0.9393
vn 0.4680 -0.2382 -0.8510
vn 0.3440 -0.0202 -0.9388
vn 0.6174 -0.6449 -0.4505
vn 0.1235 -0.7910 0.5993
vn 0.3267 -0.9356 0.1337
vn -0.0852 -0.4813 0.8724
vn -0.1838 -0.2832 0.9413
vn 0.3903 -0.3399 -0.8556
vn 0.3234 -0.1022 -0.9407
vn 0.4410 -0.7693 -0.4622
vn -0.0711 -0.7908 0.6079
vn 0.1006 -0.9847 0.1419
vn -0.2044 -0.4434 0.8727
vn -0.2552 -0.2325 0.9385
vn 0.3093 -0.4162 -0.8551
vn 0.2974 -0.1730 -0.9390
vn 0.2593 -0.8484 -0.4616
vn -0.2602 -0.7368 0.6240
vn -0.1482 -0.9746 0.1677
vn -0.2984 -0.3738 0.8782
vn -0.2941 -0.1608 0.9421
vn 0.1900 -0.4801 -0.8564
vn 0.2355 -0.2357 -0.9429
vn 0.0373 -0.8933 -0.4480
vn -0.4366 -0.6339 0.6384
vn -0.3987 -0.8967 0.1925
vn -0.3780 -0.2806 0.8823
vn -0.3183 -0.0752 0.9450
vn 0.0497 -0.5211 -0.8520
vn 0.1606 -0.2951 -0.9419
vn -0.2082 -0.8795 -0.4279
vn -0.5600 -0.5181 0.6465
vn -0.5809 -0.7872 0.2071
vn -0.4300 -0.1795 0.8848
vn -0.3305 0.0120 0.9437
vn -0.0632 -0.5318 -0.8445
vn 0.0935 -0.3387 -0.9362
vn -0.3941 -0.8207 -0.4138
vn -0.6532 -0.3901 0.6489
vn -0.7349 -0.6467 0.2041
vn -0.4493 -0.0924 0.8886
vn -0.3096 0.0684 0.9484
vn -0.1793 -0.4970 -0.8490
vn 0.0139 -0.3401 -0.9403
vn -0.5591 -0.7126 -0.4237
vn -0.7339 -0.2257 0.6407
vn -0.8725 -0.4538 0.1814
vn -0.4653 0.0148 0.8850
vn -0.2933 0.1380 0.9460
vn -0.2813 -0.4255 -0.8601
vn -0.0581 -0.3213 -0.9452
vn -0.7037 -0.5488 -0.4513
vn -0.7623 -0.0689 0.6436
vn -0.9470 -0.2689 0.1759
vn -0.4474 0.1135 0.8871
vn -0.2579 0.1968 0.9459
vn -0.3530 -0.3612 -0.8631
vn -0.1205 -0.3071 -0.9440
vn -0.7929 -0.3965 -0.4627
vn -0.7473 0.1073 0.6557
vn -0.9818 -0.0437 0.1849
vn -0.4044 0.2040 0.8915
vn -0.2050 0.2371 0.9496
vn -0.4243 -0.2652 -0.8658
vn -0.1888 -0.2629 -0.9462
vn -0.8611 -0.2039 -0.4658
vn -0.6833 0.3095 0.6613
vn -0.9527 0.2315 0.1968
vn -0.3350 0.3090 0.8901
vn -0.1322 0.2875 0.9486
vn -0.4840 -0.1350 -0.8646
vn -0.2541 -0.1979 -0.9467
vn -0.8877 0.0448 -0.4583
vn -0.5901 0.4520 0.6690
vn -0.8732 0.4381 0.2133
vn -0.2512 0.3750 0.8924
vn -0.0580 0.3091 0.9492
vn -0.5113 -0.0226 -0.8591
vn -0.2974 -0.1381 -0.9447
vn -0.8620 0.2449 -0.4438
vn -0.4781 0.5658 0.6718
vn -0.7562 0.6189 0.2122
vn -0.1673 0.4145 0.8945
vn 0.0019 0.3106 0.9505
vn -0.4924 0.0916 -0.8656
vn -0.3069 -0.0677 -0.9493
vn -0.7824 0.4295 -0.4510
vn -0.3293 0.6735 0.6618
vn -0.5838 0.7903 0.1862
vn -0.0647 0.4494 0.8910
vn 0.0711 0.3096 0.9482
vn -0.4373 0.1949 -0.8779
vn -0.2999 -0.0030 -0.9540
vn -0.6414 0.5996 -0.4786
vn -0.1868 0.7333 0.6537
vn -0.4130 0.8958 0.1640
vn 0.0283 0.4581 0.8885
vn 0.1326 0.2949 0.9463
vn -0.3876 0.2699 -0.8814
vn -0.2965 0.0490 -0.9538
vn -0.5025 0.7053 -0.5001
vn -0.0340 0.7580 0.6513
vn -0.2206 0.9641 0.1481
vn 0.1161 0.4419 0.8895
vn 0.1815 0.2614 0.9480
vn -0.3146 0.3418 -0.8855
vn -0.2708 0.1094 -0.9564
vn -0.3410 0.7826 -0.5209
vn 0.1678 0.7442 0.6466
vn 0.0387 0.9906 0.1313
vn 0.2294 0.3994 0.8876
vn 0.2444 0.2094 0.9468
vn -0.2118 0.4031 -0.8903
vn -0.2294 0.1724 -0.9579
vn -0.1259 0.8315 -0.5411
vn 0.3359 0.6798 0.6520
vn 0.2680 0.9533 0.1394
vn 0.3164 0.3305 0.8892
vn 0.2878 0.1436 0.9468
vn -0.1146 0.4490 -0.8861
vn -0.1856 0.2292 -0.9555
vn 0.0688 0.8412 -0.5363
vn 0.4700 0.5763 0.6685
vn 0.4762 0.8639 0.1644
vn 0.3685 0.2423 0.8975
vn 0.2976 0.0672 0.9523
vn 0.0037 0.4700 -0.8827
vn -0.1135 0.2712 -0.9558
vn 0.2676 0.8107 -0.5208
vn 0.5971 0.4260 0.6797
vn 0.6842 0.7063 0.1817
vn 0.4088 0.1255 0.9040
vn 0.2926 -0.0283 0.9558
vn 0.1306 0.4541 -0.8813
vn -0.0305 0.2971 -0.9543
vn 0.4782 0.7169 -0.5073
vn 0.6704 0.2789 0.6876
vn 0.8205 0.5379 0.1936
vn 0.4170 0.0234 0.9086
vn 0.2687 -0.1016 0.9578
vn 0.2285 0.4236 -0.8766
vn 0.0376 0.3085 -0.9505
vn 0.6269 0.6001 -0.4968
vn 0.7128 0.1327 0.6886
vn 0.9180 0.3511 0.1844
vn 0.4089 -0.0583 0.9107
vn 0.2389 -0.1457 0.9601
vn 0.3140 0.3566 -0.8799
vn 0.1057 0.2853 -0.9526
vn 0.7364 0.4461 -0.5086
vn 0.7367 -0.0479 0.6745
vn 0.9822 0.1155 0.1482
vn 0.3875 -0.1626 0.9074
vn 0.1996 -0.2074 0.9577
vn 0.3729 0.2628 -0.8899
vn 0.1597 0.2460 -0.9560
vn 0.8055 0.2477 -0.5383
vn 0.7173 -0.2104 0.6642
vn 0.9875 -0.0981 0.1234
vn 0.3368 -0.2479 0.9083
vn 0.1414 -0.2495 0.9580
vn 0.4087 0.1824 -0.8943
vn 0.1972 0.2128 -0.9570
vn 0.8260 0.0741 -0.5588
vn 0.6580 -0.3614 0.6606
vn 0.9433 -0.3140 0.1077
vn 0.2775 -0.3068 0.9104
vn 0.0883 -0.2613 0.9612
vn 0.4278 0.0831 -0.9001
vn 0.2282 0.1580 -0.9607
vn 0.8098 -0.1099 -0.5764
vn 0.5490 -0.5229 0.6520
vn 0.8326 -0.5471 0.0865
vn 0.1999 -0.3738 0.9057
vn 0.0284 -0.2804 0.9595
vn 0.4216 -0.0253 -0.9064
vn 0.2534 0.0957 -0.9626
vn 0.7430 -0.3102 -0.5931
vn 0.4201 -0.6374 0.6459
vn 0.6901 -0.7200 0.0732
vn 0.1103 -0.4148 0.9032
vn -0.0366 -0.2873 0.9571
vn 0.4053 -0.1123 -0.9073
vn 0.2691 0.0444 -0.9621
vn 0.6522 -0.4626 -0.6006
vn 0.2745 -0.7149 0.6431
vn 0.5159 -0.8545 0.0598
vn 0.0257 -0.4280 0.9034
vn -0.0862 -0.2720 0.9584
vn 0.3632 -0.2012 -0.9097
vn 0.2642 -0.0182 -0.9643
vn 0.5272 -0.5912 -0.6104
vn 0.0864 -0.7671 0.6357
vn 0.2834 -0.9582 0.0393
vn -0.0792 -0.4305 0.8991
vn -0.1467 -0.2531 0.9563
vn 0.2959 -0.2819 -0.9127
vn 0.2491 -0.0849 -0.9647
vn 0.3550 -0.6978 -0.6221
vn -0.0821 -0.7639 0.6400
vn 0.0722 -0.9964 0.0444
vn -0.1778 -0.3928 0.9023
vn -0.2098 -0.2039 0.9563
vn 0.2350 -0.3459 -0.9084
vn 0.2321 -0.1456 -0.9617
vn 0.2010 -0.7634 -0.6139
vn -0.2407 -0.7132 0.6583
vn -0.1450 -0.9870 0.0693
vn -0.2489 -0.3202 0.9141
vn -0.2363 -0.1260 0.9635
vn 0.1476 -0.3995 -0.9048
vn 0.1857 -0.1995 -0.9621
vn 0.0277 -0.8008 -0.5982
vn -0.4188 -0.6137 0.6693
vn -0.4025 -0.9113 0.0867
vn -0.3190 -0.2358 0.9180
vn -0.2524 -0.0540 0.9661
vn 0.0343 -0.4311 -0.9016
vn 0.1248 -0.2476 -0.9608
vn -0.1894 -0.7875 -0.5864
vn -0.5511 -0.4955 0.6715
vn -0.6036 -0.7916 0.0951
vn -0.3708 -0.1504 0.9165
vn -0.2674 0.0117 0.9635
vn -0.0643 -0.4366 -0.8973
vn 0.0666 -0.2817 -0.9572
vn -0.3677 -0.7282 -0.5784
vn -0.6525 -0.3649 0.6642
vn -0.7678 -0.6355 0.0809
vn -0.3929 -0.0644 0.9173
vn -0.2539 0.0715 0.9646
vn -0.1628 -0.4023 -0.9009
vn -0.0006 -0.2796 -0.9601
vn -0.5194 -0.6186 -0.5895
vn -0.7379 -0.1959 0.6459
vn -0.9038 -0.4253 0.0472
vn -0.4085 0.0279 0.9123
vn -0.2377 0.1211 0.9638
vn -0.2452 -0.3396 -0.9080
vn -0.0581 -0.2622 -0.9633
vn -0.6431 -0.4607 -0.6117
vn -0.7684 -0.0367 0.6389
vn -0.9734 -0.2261 0.0365
vn -0.4096 0.1109 0.9055
vn -0.2267 0.1665 0.9596
vn -0.3077 -0.2852 -0.9078
vn -0.1081 -0.2507 -0.9620
vn -0.7207 -0.3163 -0.6169
vn -0.7527 0.1183 0.6477
vn -0.9986 -0.0203 0.0486
vn -0.3750 0.1882 0.9077
vn -0.1849 0.2067 0.9608
vn -0.3706 -0.2086 -0.9051
vn -0.1679 -0.2145 -0.9622
vn -0.7771 -0.1570 -0.6095
vn -0.6886 0.3052 0.6578
vn -0.9703 0.2335 0.0629
vn -0.3049 0.2761 0.9115
vn -0.1149 0.2442 0.9629
vn -0.4128 -0.1067 -0.9045
vn -0.2196 -0.1618 -0.9621
vn -0.7972 0.0455 -0.6021
vn -0.5908 0.4579 0.6643
vn -0.8875 0.4547 0.0748
vn -0.2258 0.3413 0.9124
vn -0.0505 0.2675 0.9622
vn -0.4286 -0.0138 -0.9034
vn -0.2513 -0.1143 -0.9611
vn -0.7698 0.2293 -0.5956
vn -0.4714 0.5808 0.6637
vn -0.7579 0.6486 0.0701
vn -0.1458 0.3821 0.9125
vn 0.0050 0.2711 0.9625
vn -0.4136 0.0863 -0.9063
vn -0.2627 -0.0542 -0.9633
vn -0.6903 0.4011 -0.6022
vn -0.3140 0.6915 0.6506
vn -0.5689 0.8212 0.0446
vn -0.0484 0.4154 0.9084
vn 0.0695 0.2691 0.9606
vn -0.3704 0.1840 -0.9105
vn -0.2624 0.0106 -0.9649
vn -0.5560 0.5546 -0.6192
vn -0.1592 0.7484 0.6439
vn -0.3816 0.9237 0.0332
vn 0.0430 0.4226 0.9053
vn 0.1269 0.2554 0.9585
vn -0.3282 0.2587 -0.9085
vn -0.2611 0.0661 -0.9631
vn -0.4261 0.6534 -0.6257
vn -0.0020 0.7646 0.6445
vn -0.1778 0.9836 0.0306
vn 0.1242 0.4031 0.9067
vn 0.1708 0.2211 0.9602
vn -0.2606 0.3285 -0.9078
vn -0.2351 0.1265 -0.9637
vn -0.2742 0.7276 -0.6289
vn 0.1856 0.7427 0.6434
vn 0.0674 0.9974 0.0251
vn 0.2207 0.3567 0.9077
vn 0.2215 0.1663 0.9609
vn -0.1704 0.3817 -0.9084
vn -0.1944 0.1822 -0.9639
vn -0.0872 0.7711 -0.6307
vn 0.3486 0.6781 0.6471
vn 0.2868 0.9575 0.0310
vn 0.2970 0.2922 0.9090
vn 0.2547 0.1063 0.9611
vn -0.0877 0.4124 -0.9068
vn -0.1553 0.2231 -0.9624
vn 0.0817 0.7746 -0.6271
vn 0.4909 0.5784 0.6516
vn 0.5004 0.8652 0.0340
vn 0.3498 0.2187 0.9110
vn 0.2657 0.0501 0.9628
vn 0.0126 0.4146 -0.9099
vn -0.0958 0.2447 -0.9649
vn 0.2603 0.7319 -0.6297
vn 0.6299 0.4324 0.6452
vn 0.7105 0.7034 0.0215
vn 0.3976 0.1162 0.9102
vn 0.2726 -0.0268 0.9618
vn 0.1148 0.3883 -0.9143
vn -0.0338 0.2541 -0.9666
vn 0.4404 0.6323 -0.6374
vn 0.7120 0.2846 0.6419
vn 0.8461 0.5327 0.0182
vn 0.4125 0.0231 0.9107
vn 0.2586 -0.0884 0.9619
vn 0.1940 0.3596 -0.9127
vn 0.0180 0.2619 -0.9649
vn 0.5648 0.5237 -0.6378
vn 0.7575 0.1269 0.6404
vn 0.9414 0.3370 0.0123
vn 0.4069 -0.0612 0.9114
vn 0.2317 -0.1360 0.9632
vn 0.2708 0.3052 -0.9130
vn 0.0780 0.2477 -0.9657
vn 0.6606 0.3850 -0.6445
vn 0.7725 -0.0632 0.6319
vn 0.9956 0.0936 -0.0031
vn 0.3803 -0.1623 0.9105
vn 0.1889 -0.1933 0.9628
vn 0.3319 0.2246 -0.9162
vn 0.1368 0.2167 -0.9666
vn 0.7284 0.2065 -0.6533
vn 0.7386 -0.2261 0.6351
vn 0.9931 -0.1171 0.0004
vn 0.3338 -0.2383 0.9120
vn 0.1423 -0.2260 0.9637
vn 0.3737 0.1558 -0.9144
vn 0.1828 0.1903 -0.9645
vn 0.7584 0.0518 -0.6497
vn 0.6617 -0.3809 0.6458
vn 0.9413 -0.3374 0.0126
vn 0.2716 -0.3016 0.9139
vn 0.0901 -0.2475 0.9647
vn 0.4018 0.0615 -0.9137
vn 0.2227 0.1360 -0.9654
vn 0.7537 -0.1226 -0.6457
vn 0.5327 -0.5416 0.6503
vn 0.8169 -0.5765 0.0192
vn 0.1752 -0.3620 0.9155
vn 0.0119 -0.2616 0.9651
vn 0.3999 -0.0469 -0.9154
vn 0.2499 0.0696 -0.9658
vn 0.6950 -0.3211 -0.6434
vn 0.3928 -0.6485 0.6521
vn 0.6645 -0.7469 0.0248
vn 0.0794 -0.3883 0.9181
vn -0.0573 -0.2527 0.9659
vn 0.3818 -0.1297 -0.9151
vn 0.2635 0.0183 -0.9645
vn 0.6081 -0.4705 -0.6394
vn 0.2452 -0.7195 0.6498
vn 0.4856 -0.8740 0.0165
vn -0.0044 -0.3922 0.9199
vn -0.1068 -0.2305 0.9672
vn 0.3396 -0.2103 -0.9168
vn 0.2552 -0.0371 -0.9662
vn 0.4859 -0.5884 -0.6463
vn 0.0586 -0.7717 0.6333
vn 0.2499 -0.9682 -0.0119
vn -0.1023 -0.3868 0.9165
vn -0.1605 -0.2026 0.9660
vn 0.2711 -0.2807 -0.9207
vn 0.2328 -0.0926 -0.9681
vn 0.3175 -0.6792 -0.6617
vn -0.1028 -0.7728 0.6262
vn 0.0452 -0.9988 -0.0197
vn -0.1835 -0.3573 0.9158
vn -0.2028 -0.1652 0.9652
vn 0.2111 -0.3253 -0.9217
vn 0.2136 -0.1368 -0.9673
vn 0.1718 -0.7283 -0.6634
vn -0.2576 -0.7296 0.6335
vn -0.1632 -0.9865 -0.0151
vn -0.2451 -0.3151 0.9168
vn -0.2214 -0.1269 0.9669
vn 0.1343 -0.3606 -0.9230
vn 0.1750 -0.1775 -0.9684
vn 0.0141 -0.7479 -0.6637
vn -0.4415 -0.6327 0.6362
vn -0.4180 -0.9083 -0.0154
vn -0.3255 -0.2528 0.9111
vn -0.2543 -0.0800 0.9638
vn 0.0326 -0.3853 -0.9222
vn 0.1212 -0.2176 -0.9685
vn -0.1830 -0.7237 -0.6654
vn -0.5760 -0.5061 0.6420
vn -0.6196 -0.7849 -0.0022
vn -0.3831 -0.1687 0.9082
vn -0.2784 -0.0177 0.9603
vn -0.0615 -0.3940 -0.9171
vn 0.0671 -0.2482 -0.9664
vn -0.3483 -0.6679 -0.6578
vn -0.6690 -0.3612 0.6496
vn -0.7823 -0.6229 0.0086
vn -0.4041 -0.0791 0.9113
vn -0.2677 0.0439 0.9625
vn -0.1566 -0.3669 -0.9170
vn 0.0019 -0.2520 -0.9677
vn -0.4965 -0.5706 -0.6542
vn -0.7394 -0.1787 0.6492
vn -0.9148 -0.4038 0.0051
vn -0.4041 0.0336 0.9141
vn -0.2384 0.1207 0.9636
vn -0.2377 -0.3118 -0.9199
vn -0.0591 -0.2432 -0.9682
vn -0.6236 -0.4242 -0.6567
vn -0.7612 -0.0132 0.6484
vn -0.9805 -0.1963 0.0053
vn -0.3810 0.1224 0.9165
vn -0.2003 0.1700 0.9649
vn -0.2983 -0.2595 -0.9185
vn -0.1096 -0.2328 -0.9663
vn -0.7013 -0.2825 -0.6546
vn -0.7469 0.1396 0.6501
vn -0.9999 0.0087 0.0056
vn -0.3526 0.1895 0.9164
vn -0.1674 0.1966 0.9661
vn -0.3494 -0.1871 -0.9181
vn -0.1586 -0.1987 -0.9671
vn -0.7456 -0.1293 -0.6537
vn -0.6907 0.3243 0.6463
vn -0.9665 0.2566 -0.0041
vn -0.3022 0.2784 0.9117
vn -0.1220 0.2412 0.9628
vn -0.3817 -0.0954 -0.9194
vn -0.2012 -0.1539 -0.9674
vn -0.7490 0.0577 -0.6600
vn -0.5944 0.4785 0.6463
vn -0.8798 0.4753 -0.0031
vn -0.2277 0.3447 0.9107
vn -0.0617 0.2675 0.9616
vn -0.3992 -0.0057 -0.9169
vn -0.2353 -0.1066 -0.9660
vn -0.7157 0.2278 -0.6602
vn -0.4653 0.5990 0.6517
vn -0.7433 0.6689 0.0039
vn -0.1427 0.3818 0.9132
vn 0.0001 0.2676 0.9635
vn -0.3876 0.0953 -0.9169
vn -0.2497 -0.0408 -0.9675
vn -0.6414 0.3933 -0.6587
vn -0.2949 0.6966 0.6541
vn -0.5467 0.8373 0.0079
vn -0.0377 0.4034 0.9142
vn 0.0710 0.2565 0.9639
vn -0.3470 0.1901 -0.9184
vn -0.2494 0.0242 -0.9681
vn -0.5190 0.5477 -0.6563
vn -0.1335 0.7405 0.6587
vn -0.3539 0.9351 0.0168
vn 0.0556 0.4004 0.9147
vn 0.1302 0.2351 0.9632
vn -0.3055 0.2595 -0.9162
vn -0.2466 0.0756 -0.9662
vn -0.3946 0.6480 -0.6514
vn 0.0247 0.7533 0.6573
vn -0.1442 0.9895 0.0102
vn 0.1339 0.3804 0.9151
vn 0.1711 0.2021 0.9643
vn -0.2378 0.3185 -0.9176
vn -0.2197 0.1259 -0.9674
vn -0.2420 0.7142 -0.6568
vn 0.2087 0.7356 0.6445
vn 0.0989 0.9950 -0.0149
vn 0.2248 0.3435 0.9118
vn 0.2174 0.1600 0.9629
vn -0.1525 0.3594 -0.9207
vn -0.1820 0.1700 -0.9685
vn -0.0615 0.7411 -0.6686
vn 0.3697 0.6750 0.6385
vn 0.3132 0.9494 -0.0250
vn 0.3008 0.2796 0.9118
vn 0.2538 0.0999 0.9621
vn -0.0763 0.3842 -0.9201
vn -0.1470 0.2057 -0.9675
vn 0.0959 0.7329 -0.6735
vn 0.5117 0.5728 0.6404
vn 0.5239 0.8514 -0.0260
vn 0.3475 0.2032 0.9154
vn 0.2577 0.0403 0.9654
vn 0.0181 0.3848 -0.9228
vn -0.0886 0.2291 -0.9694
vn 0.2636 0.6866 -0.6776
vn 0.6442 0.4190 0.6399
vn 0.7289 0.6840 -0.0284
vn 0.3892 0.1062 0.9150
vn 0.2585 -0.0283 0.9656
vn 0.1136 0.3601 -0.9260
vn -0.0264 0.2421 -0.9699
vn 0.4350 0.5910 -0.6794
vn 0.7159 0.2633 0.6467
vn 0.8605 0.5092 -0.0147
vn 0.4022 0.0128 0.9155
vn 0.2481 -0.0900 0.9646
vn 0.1903 0.3354 -0.9227
vn 0.0255 0.2504 -0.9678
vn 0.5573 0.4894 -0.6708
vn 0.7492 0.0993 0.6548
vn 0.9518 0.3066 -0.0028
vn 0.3928 -0.0697 0.9170
vn 0.2215 -0.1334 0.9660
vn 0.2649 0.2831 -0.9218
vn 0.0847 0.2345 -0.9684
vn 0.6550 0.3546 -0.6673
vn 0.7525 -0.0927 0.6520
vn 0.9985 0.0551 -0.0078
vn 0.3626 -0.1706 0.9162
vn 0.1788 -0.1927 0.9648
vn 0.3241 0.2048 -0.9236
vn 0.1407 0.2043 -0.9687
vn 0.7217 0.1744 -0.6699
vn 0.7148 -0.2520 0.6524
vn 0.9876 -0.1569 -0.0062
vn 0.3018 -0.2459 0.9211
vn 0.1154 -0.2281 0.9668
vn 0.3630 0.1367 -0.9217
vn 0.1820 0.1761 -0.9674
vn 0.7448 0.0210 -0.6669
vn 0.6405 -0.4012 0.6548
vn 0.9285 -0.3712 -0.0061
vn 0.2353 -0.2972 0.9254
vn 0.0586 -0.2354 0.9701
vn 0.3837 0.0484 -0.9222
vn 0.2115 0.1272 -0.9691
vn 0.7288 -0.1451 -0.6692
vn 0.5143 -0.5587 0.6506
vn 0.7975 -0.6032 -0.0146
vn 0.1529 -0.3525 0.9232
vn -0.0021 -0.2453 0.9695
vn 0.3779 -0.0534 -0.9243
vn 0.2348 0.0665 -0.9698
vn 0.6599 -0.3304 -0.6748
vn 0.3740 -0.6587 0.6529
vn 0.6430 -0.7658 -0.0077
vn 0.0667 -0.3797 0.9227
vn -0.0606 -0.2423 0.9683
vn 0.3601 -0.1321 -0.9235
vn 0.2506 0.0139 -0.9680
vn 0.5741 -0.4701 -0.6704
vn 0.2204 -0.7171 0.6612
vn 0.4594 -0.8882 0.0025
vn -0.0139 -0.3794 0.9251
vn -0.1067 -0.2185 0.9700
vn 0.3196 -0.2109 -0.9238
vn 0.2443 -0.0456 -0.9686
vn 0.4565 -0.5880 -0.6677
vn 0.0254 -0.7501 0.6608
vn 0.2126 -0.9771 0.0023
vn -0.1093 -0.3716 0.9219
vn -0.1560 -0.1926 0.9688
vn 0.2528 -0.2854 -0.9245
vn 0.2219 -0.1045 -0.9695
vn 0.2882 -0.6857 -0.6684
vn -0.1366 -0.7352 0.6639
vn -0.0018 -0.9999 0.0128
vn -0.1915 -0.3401 0.9207
vn -0.2023 -0.1563 0.9668
vn 0.1909 -0.3375 -0.9218
vn 0.2007 -0.1522 -0.9678
vn 0.1368 -0.7377 -0.6611
vn -0.2837 -0.6871 0.6689
vn -0.2110 -0.9773 0.0161
vn -0.2519 -0.2893 0.9235
vn -0.2230 -0.1086 0.9687
vn 0.1116 -0.3715 -0.9217
vn 0.1596 -0.1938 -0.9680
vn -0.0235 -0.7503 -0.6607
vn -0.4567 -0.5937 0.6625
vn -0.4572 -0.8894 0.0014
vn -0.3217 -0.2158 0.9219
vn -0.2453 -0.0475 0.9683
vn 0.0123 -0.3829 -0.9237
vn 0.1039 -0.2241 -0.9690
vn -0.2138 -0.7118 -0.6690
vn -0.5835 -0.4723 0.6606
vn -0.6493 -0.7605 0.0001
vn -0.3645 -0.1289 0.9222
vn -0.2532 0.0182 0.9672
vn -0.0740 -0.3797 -0.9221
vn 0.0550 -0.2435 -0.9683
vn -0.3690 -0.6449 -0.6693
vn -0.6683 -0.3311 0.6661
vn -0.8025 -0.5967 0.0060
vn -0.3769 -0.0510 0.9249
vn -0.2347 0.0643 0.9699
vn -0.1614 -0.3505 -0.9225
vn -0.0069 -0.2466 -0.9691
vn -0.5063 -0.5445 -0.6687
vn -0.7290 -0.1489 0.6681
vn -0.9277 -0.3734 0.0070
vn -0.3857 0.0436 0.9216
vn -0.2217 0.1182 0.9679
vn -0.2413 -0.2958 -0.9243
vn -0.0682 -0.2352 -0.9696
vn -0.6273 -0.3979 -0.6694
vn -0.7404 0.0175 0.6720
vn -0.9869 -0.1603 0.0173
vn -0.3654 0.1341 0.9212
vn -0.1906 0.1743 0.9661
vn -0.3023 -0.2420 -0.9220
vn -0.1170 -0.2208 -0.9683
vn -0.7033 -0.2548 -0.6636
vn -0.7165 0.1695 0.6767
vn -0.9983 0.0527 0.0233
vn -0.3193 0.2019 0.9259
vn -0.1364 0.2033 0.9696
vn -0.3499 -0.1680 -0.9216
vn -0.1647 -0.1866 -0.9685
vn -0.7437 -0.0965 -0.6615
vn -0.6550 0.3469 0.6713
vn -0.9535 0.3010 0.0117
vn -0.2620 0.2760 0.9247
vn -0.0847 0.2286 0.9698
vn -0.3772 -0.0756 -0.9230
vn -0.2051 -0.1394 -0.9688
vn -0.7396 0.0917 -0.6668
vn -0.5588 0.4918 0.6678
vn -0.8593 0.5113 0.0081
vn -0.1978 0.3375 0.9203
vn -0.0389 0.2533 0.9666
vn -0.3882 0.0094 -0.9215
vn -0.2331 -0.0940 -0.9679
vn -0.6992 0.2546 -0.6680
vn -0.4339 0.6023 0.6700
vn -0.7203 0.6936 0.0088
vn -0.1216 0.3725 0.9200
vn 0.0130 0.2565 0.9665
vn -0.3722 0.1025 -0.9225
vn -0.2430 -0.0341 -0.9694
vn -0.6190 0.4083 -0.6709
vn -0.2673 0.6936 0.6690
vn -0.5212 0.8534 0.0027
vn -0.0226 0.3914 0.9199
vn 0.0780 0.2453 0.9663
vn -0.3305 0.1919 -0.9241
vn -0.2417 0.0290 -0.9699
vn -0.4918 0.5492 -0.6757
vn -0.1070 0.7339 0.6708
vn -0.3240 0.9461 0.0059
vn 0.0674 0.3868 0.9197
vn 0.1340 0.2238 0.9654
vn -0.2882 0.2597 -0.9217
vn -0.2376 0.0812 -0.9680
vn -0.3655 0.6420 -0.6740
vn 0.0509 0.7377 0.6732
vn -0.1119 0.9937 0.0054
vn 0.1441 0.3620 0.9210
vn 0.1735 0.1883 0.9667
vn -0.2207 0.3172 -0.9223
vn -0.2091 0.1320 -0.9690
vn -0.2153 0.7041 -0.6767
vn 0.2366 0.7088 0.6646
vn 0.1414 0.9899 -0.0142
vn 0.2323 0.3187 0.9189
vn 0.2168 0.1424 0.9658
vn -0.1337 0.3529 -0.9261
vn -0.1685 0.1753 -0.9700
vn -0.0309 0.7274 -0.6855
vn 0.3922 0.6431 0.6577
vn 0.3558 0.9342 -0.0249
vn 0.3021 0.2545 0.9187
vn 0.2486 0.0832 0.9650
vn -0.0598 0.3715 -0.9265
vn -0.1338 0.2069 -0.9692
vn 0.1263 0.7146 -0.6880
vn 0.5244 0.5425 0.6563
vn 0.5553 0.8310 -0.0320
vn 0.3441 0.1823 0.9211
vn 0.2506 0.0275 0.9677
vn 0.0283 0.3705 -0.9284
vn -0.0798 0.2259 -0.9709
vn 0.2831 0.6630 -0.6930
vn 0.6502 0.3927 0.6504
vn 0.7492 0.6608 -0.0452
vn 0.3818 0.0885 0.9200
vn 0.2500 -0.0385 0.9675
vn 0.1198 0.3461 -0.9305
vn -0.0210 0.2350 -0.9718
vn 0.4400 0.5632 -0.6994
vn 0.7208 0.2394 0.6505
vn 0.8750 0.4821 -0.0447
vn 0.3876 -0.0063 0.9218
vn 0.2325 -0.1031 0.9671
vn 0.1930 0.3181 -0.9282
vn 0.0280 0.2397 -0.9704
vn 0.5516 0.4574 -0.6975
vn 0.7532 0.0775 0.6533
vn 0.9595 0.2783 -0.0445
vn 0.3727 -0.0832 0.9242
vn 0.2000 -0.1397 0.9698
vn 0.2606 0.2640 -0.9286
vn 0.0843 0.2231 -0.9711
vn 0.6386 0.3226 -0.6986
vn 0.7509 -0.1186 0.6497
vn 0.9984 0.0240 -0.0517
vn 0.3465 -0.1784 0.9209
vn 0.1639 -0.1904 0.9679
vn 0.3132 0.1886 -0.9308
vn 0.1377 0.1947 -0.9712
vn 0.6968 0.1483 -0.7018
vn 0.7033 -0.2829 0.6521
vn 0.9794 -0.1969 -0.0440
vn 0.2887 -0.2547 0.9229
vn 0.1073 -0.2281 0.9677
vn 0.3515 0.1201 -0.9285
vn 0.1800 0.1657 -0.9696
vn 0.7175 -0.0065 -0.6965
vn 0.6200 -0.4266 0.6585
vn 0.9112 -0.4104 -0.0354
vn 0.2199 -0.3012 0.9279
vn 0.0492 -0.2322 0.9714
vn 0.3723 0.0317 -0.9276
vn 0.2133 0.1143 -0.9703
vn 0.7003 -0.1706 -0.6932
vn 0.4892 -0.5729 0.6576
vn 0.7746 -0.6313 -0.0381
vn 0.1352 -0.3490 0.9273
vn -0.0134 -0.2371 0.9714
vn 0.3678 -0.0664 -0.9275
vn 0.2378 0.0528 -0.9699
vn 0.6327 -0.3468 -0.6923
vn 0.3462 -0.6679 0.6588
vn 0.6153 -0.7876 -0.0327
vn 0.0534 -0.3748 0.9255
vn -0.0648 -0.2346 0.9699
vn 0.3516 -0.1464 -0.9246
vn 0.2507 0.0006 -0.9681
vn 0.5459 -0.4801 -0.6867
vn 0.1917 -0.7257 0.6608
vn 0.4257 -0.9043 -0.0327
vn -0.0266 -0.3785 0.9252
vn -0.1109 -0.2172 0.9698
vn 0.3068 -0.2238 -0.9251
vn 0.2398 -0.0577 -0.9691
vn 0.4236 -0.5895 -0.6878
vn 0.0009 -0.7570 0.6535
vn 0.1816 -0.9822 -0.0486
vn -0.1225 -0.3657 0.9226
vn -0.1632 -0.1879 0.9685
vn 0.2373 -0.2881 -0.9277
vn 0.2160 -0.1139 -0.9697
vn 0.2569 -0.6707 -0.6958
vn -0.1653 -0.7413 0.6505
vn -0.0339 -0.9981 -0.0521
vn -0.2034 -0.3300 0.9218
vn -0.2056 -0.1468 0.9676
vn 0.1758 -0.3314 -0.9270
vn 0.1931 -0.1583 -0.9683
vn 0.1102 -0.7099 -0.6956
vn -0.3196 -0.6883 0.6512
vn -0.2503 -0.9667 -0.0539
vn -0.2653 -0.2745 0.9242
vn -0.2271 -0.0938 0.9693
vn 0.0960 -0.3600 -0.9280
vn 0.1500 -0.1942 -0.9694
vn -0.0489 -0.7150 -0.6974
vn -0.4903 -0.5888 0.6426
vn -0.4907 -0.8686 -0.0688
vn -0.3283 -0.2041 0.9223
vn -0.2416 -0.0394 0.9696
vn -0.0007 -0.3697 -0.9291
vn 0.0947 -0.2239 -0.9700
vn -0.2310 -0.6729 -0.7027
vn -0.6130 -0.4656 0.6383
vn -0.6707 -0.7383 -0.0709
vn -0.3765 -0.1309 0.9171
vn -0.2580 0.0095 0.9661
vn -0.0799 -0.3659 -0.9272
vn 0.0461 -0.2450 -0.9684
vn -0.3733 -0.6090 -0.6999
vn -0.7001 -0.3194 0.6387
vn -0.8186 -0.5697 -0.0726
vn -0.3945 -0.0444 0.9178
vn -0.2482 0.0678 0.9663
vn -0.1628 -0.3354 -0.9279
vn -0.0107 -0.2432 -0.9699
vn -0.5015 -0.5078 -0.7005
vn -0.7631 -0.1286 0.6333
vn -0.9368 -0.3399 -0.0835
vn -0.3921 0.0594 0.9180
vn -0.2197 0.1292 0.9670
vn -0.2428 -0.2801 -0.9288
vn -0.0716 -0.2303 -0.9705
vn -0.6120 -0.3593 -0.7046
vn -0.7711 0.0399 0.6354
vn -0.9882 -0.1322 -0.0770
vn -0.3667 0.1471 0.9187
vn -0.1830 0.1796 0.9666
vn -0.2997 -0.2285 -0.9263
vn -0.1217 -0.2176 -0.9684
vn -0.6775 -0.2245 -0.7004
vn -0.7416 0.2010 0.6400
vn -0.9939 0.0830 -0.0721
vn -0.3184 0.2176 0.9226
vn -0.1310 0.2100 0.9689
vn -0.3446 -0.1548 -0.9259
vn -0.1683 -0.1812 -0.9689
vn -0.7112 -0.0719 -0.6993
vn -0.6683 0.3902 0.6333
vn -0.9374 0.3384 -0.0826
vn -0.2565 0.2935 0.9209
vn -0.0774 0.2342 0.9691
vn -0.3699 -0.0608 -0.9271
vn -0.2071 -0.1323 -0.9693
vn -0.7020 0.1148 -0.7029
vn -0.5643 0.5339 0.6296
vn -0.8368 0.5412 -0.0831
vn -0.1907 0.3529 0.9160
vn -0.0308 0.2572 0.9659
vn -0.3800 0.0225 -0.9247
vn -0.2348 -0.0868 -0.9682
vn -0.6618 0.2698 -0.6994
vn -0.4337 0.6442 0.6300
vn -0.6954 0.7139 -0.0823
vn -0.1124 0.3865 0.9154
vn 0.0223 0.2588 0.9657
vn -0.3632 0.1109 -0.9251
vn -0.2433 -0.0286 -0.9695
vn -0.5847 0.4136 -0.6978
vn -0.2541 0.7384 0.6247
vn -0.4882 0.8680 -0.0907
vn -0.0080 0.4053 0.9141
vn 0.0894 0.2465 0.9650
vn -0.3204 0.1970 -0.9266
vn -0.2429 0.0337 -0.9695
vn -0.4566 0.5485 -0.7004
vn -0.0855 0.7777 0.6229
vn -0.2884 0.9531 -0.0919
vn 0.0846 0.3992 0.9130
vn 0.1458 0.2236 0.9637
vn -0.2767 0.2629 -0.9243
vn -0.2382 0.0869 -0.9673
vn -0.3301 0.6348 -0.6986
vn 0.0781 0.7794 0.6217
vn -0.0810 0.9921 -0.0961
vn 0.1626 0.3727 0.9136
vn 0.1849 0.1872 0.9648
vn -0.2112 0.3191 -0.9239
vn -0.2095 0.1367 -0.9682
vn -0.1870 0.6886 -0.7007
vn 0.2772 0.7415 0.6111
vn 0.1729 0.9785 -0.1120
vn 0.2563 0.3250 0.9103
vn 0.2301 0.1387 0.9632
vn -0.1244 0.3569 -0.9258
vn -0.1687 0.1826 -0.9686
vn -0.0076 0.7064 -0.7078
vn 0.4414 0.6615 0.6063
vn 0.3912 0.9133 -0.1134
vn 0.3274 0.2546 0.9099
vn 0.2602 0.0764 0.9625
vn -0.0452 0.3773 -0.9250
vn -0.1289 0.2183 -0.9673
vn 0.1516 0.6918 -0.7060
vn 0.5705 0.5481 0.6117
vn 0.5833 0.8055 -0.1044
vn 0.3649 0.1754 0.9144
vn 0.2572 0.0154 0.9662
vn 0.0463 0.3782 -0.9245
vn -0.0715 0.2374 -0.9688
vn 0.3065 0.6443 -0.7007
vn 0.6917 0.3809 0.6135
vn 0.7704 0.6295 -0.1010
vn 0.3975 0.0729 0.9147
vn 0.2505 -0.0549 0.9666
vn 0.1420 0.3550 -0.9240
vn -0.0069 0.2505 -0.9681
vn 0.4635 0.5463 -0.6976
vn 0.7611 0.2120 0.6131
vn 0.8931 0.4395 -0.0966
vn 0.4068 -0.0235 0.9132
vn 0.2365 -0.1154 0.9648
vn 0.2175 0.3217 -0.9215
vn 0.0485 0.2546 -0.9658
vn 0.5766 0.4331 -0.6928
vn 0.7924 0.0469 0.6082
vn 0.9660 0.2363 -0.1047
vn 0.3969 -0.1037 0.9120
vn 0.2109 -0.1553 0.9651
vn 0.2829 0.2624 -0.9225
vn 0.1035 0.2328 -0.9670
vn 0.6547 0.2947 -0.6961
vn 0.7909 -0.1526 0.5926
vn 0.9916 -0.0089 -0.1290
vn 0.3649 -0.2053 0.9081
vn 0.1691 -0.2114 0.9627
vn 0.3321 0.1845 -0.9250
vn 0.1538 0.2013 -0.9674
vn 0.6973 0.1234 -0.7061
vn 0.7396 -0.3287 0.5873
vn 0.9646 -0.2283 -0.1320
vn 0.3010 -0.2848 0.9101
vn 0.1066 -0.2461 0.9634
vn 0.3664 0.1126 -0.9236
vn 0.1978 0.1681 -0.9657
vn 0.7081 -0.0298 -0.7055
vn 0.6447 -0.4809 0.5943
vn 0.8887 -0.4422 -0.1209
vn 0.2321 -0.3342 0.9135
vn 0.0528 -0.2499 0.9668
vn 0.3851 0.0197 -0.9227
vn 0.2319 0.1123 -0.9662
vn 0.6868 -0.1959 -0.6999
vn 0.4980 -0.6273 0.5987
vn 0.7472 -0.6553 -0.1103
vn 0.1435 -0.3873 0.9107
vn -0.0082 -0.2614 0.9652
vn 0.3842 -0.0867 -0.9192
vn 0.2591 0.0427 -0.9649
vn 0.6201 -0.3714 -0.6910
vn 0.3405 -0.7217 0.6026
vn 0.5841 -0.8057 -0.0979
vn 0.0441 -0.4129 0.9097
vn -0.0781 -0.2589 0.9627
vn 0.3659 -0.1711 -0.9148
vn 0.2727 -0.0167 -0.9620
vn 0.5314 -0.5032 -0.6815
vn 0.1740 -0.7823 0.5981
vn 0.3883 -0.9155 -0.1052
vn -0.0477 -0.4078 0.9118
vn -0.1335 -0.2256 0.9650
vn 0.3140 -0.2478 -0.9165
vn 0.2571 -0.0759 -0.9634
vn 0.4015 -0.6078 -0.6851
vn -0.0244 -0.8147 0.5793
vn 0.1498 -0.9798 -0.1324
vn -0.1491 -0.3879 0.9095
vn -0.1866 -0.1852 0.9648
vn 0.2400 -0.3100 -0.9200
vn 0.2285 -0.1295 -0.9649
vn 0.2353 -0.6776 -0.6968
vn -0.2003 -0.7980 0.5685
vn -0.0601 -0.9876 -0.1449
vn -0.2338 -0.3471 0.9082
vn -0.2275 -0.1417 0.9634
vn 0.1758 -0.3499 -0.9201
vn 0.2035 -0.1717 -0.9639
vn 0.0910 -0.7076 -0.7007
vn -0.3702 -0.7369 0.5657
vn -0.2773 -0.9492 -0.1487
vn -0.2996 -0.2915 0.9085
vn -0.2461 -0.0933 0.9647
vn 0.0916 -0.3774 -0.9215
vn 0.1576 -0.2086 -0.9652
vn -0.0691 -0.7081 -0.7028
vn -0.5503 -0.6209 0.5583
vn -0.5131 -0.8443 -0.1546
vn -0.3707 -0.2144 0.9037
vn -0.2663 -0.0334 0.9633
vn -0.0121 -0.3900 -0.9207
vn 0.0982 -0.2416 -0.9654
vn -0.2517 -0.6649 -0.7032
vn -0.6766 -0.4841 0.5549
vn -0.6861 -0.7115 -0.1519
vn -0.4179 -0.1296 0.8992
vn -0.2775 0.0240 0.9604
vn -0.1016 -0.3896 -0.9153
vn 0.0430 -0.2665 -0.9629
vn -0.3928 -0.5996 -0.6973
vn -0.7688 -0.3235 0.5516
vn -0.8272 -0.5400 -0.1551
vn -0.4423 -0.0409 0.8959
vn -0.2730 0.0757 0.9590
vn -0.1902 -0.3549 -0.9153
vn -0.0210 -0.2648 -0.9641
vn -0.5172 -0.4952 -0.6981
vn -0.8342 -0.1179 0.5387
vn -0.9355 -0.3095 -0.1706
vn -0.4503 0.0731 0.8899
vn -0.2577 0.1438 0.9555
vn -0.2663 -0.2905 -0.9191
vn -0.0826 -0.2484 -0.9651
vn -0.6219 -0.3425 -0.7042
vn -0.8420 0.0626 0.5358
vn -0.9795 -0.1070 -0.1707
vn -0.4265 0.1714 0.8881
vn -0.2236 0.2009 0.9538
vn -0.3219 -0.2360 -0.9169
vn -0.1334 -0.2353 -0.9627
vn -0.6817 -0.2086 -0.7013
vn -0.8075 0.2388 0.5394
vn -0.9804 0.1051 -0.1669
vn -0.3789 0.2541 0.8899
vn -0.1738 0.2386 0.9554
vn -0.3683 -0.1577 -0.9163
vn -0.1835 -0.1954 -0.9634
vn -0.7119 -0.0569 -0.6999
vn -0.7190 0.4452 0.5336
vn -0.9175 0.3595 -0.1700
vn -0.3020 0.3482 0.8874
vn -0.1071 0.2788 0.9543
vn -0.3961 -0.0565 -0.9165
vn -0.2281 -0.1422 -0.9632
vn -0.7014 0.1324 -0.7004
vn -0.5988 0.5968 0.5341
vn -0.8139 0.5584 -0.1607
vn -0.2137 0.4110 0.8862
vn -0.0381 0.3001 0.9531
vn -0.4111 0.0364 -0.9109
vn -0.2642 -0.0894 -0.9603
vn -0.6612 0.2895 -0.6921
vn -0.4519 0.7105 0.5395
vn -0.6701 0.7263 -0.1531
vn -0.1182 0.4417 0.8894
vn 0.0290 0.2934 0.9556
vn -0.3945 0.1379 -0.9085
vn -0.2767 -0.0171 -0.9608
vn -0.5819 0.4355 -0.6869
vn -0.2511 0.8065 0.5353
vn -0.4584 0.8751 -0.1554
vn 0.0028 0.4597 0.8881
vn 0.1065 0.2772 0.9549
vn -0.3441 0.2317 -0.9099
vn -0.2703 0.0516 -0.9614
vn -0.4496 0.5724 -0.6857
vn -0.0692 0.8425 0.5342
vn -0.2597 0.9538 -0.1509
vn 0.1069 0.4506 0.8863
vn 0.1701 0.2506 0.9530
vn -0.2937 0.2999 -0.9076
vn -0.2618 0.1057 -0.9593
vn -0.3203 0.6588 -0.6808
vn 0.1061 0.8411 0.5303
vn -0.0545 0.9861 -0.1568
vn 0.1949 0.4210 0.8859
vn 0.2144 0.2108 0.9537
vn -0.2211 0.3537 -0.9088
vn -0.2298 0.1558 -0.9607
vn -0.1734 0.7092 -0.6834
vn 0.3208 0.7974 0.5111
vn 0.1959 0.9643 -0.1783
vn 0.3021 0.3689 0.8790
vn 0.2669 0.1589 0.9505
vn -0.1281 0.3875 -0.9129
vn -0.1868 0.1984 -0.9622
vn 0.0092 0.7211 -0.6927
vn 0.4958 0.7106 0.4992
vn 0.4063 0.8947 -0.1857
vn 0.3849 0.2980 0.8735
vn 0.3040 0.1001 0.9474
vn -0.0443 0.4076 -0.9121
vn -0.1468 0.2349 -0.9609
vn 0.1677 0.7007 -0.6935
vn 0.6364 0.5882 0.4990
vn 0.5926 0.7842 -0.1839
vn 0.4336 0.2038 0.8778
vn 0.3091 0.0241 0.9507
vn 0.0530 0.4075 -0.9117
vn -0.0830 0.2619 -0.9615
vn 0.3217 0.6473 -0.6910
vn 0.7665 0.4035 0.4996
vn 0.7745 0.6064 -0.1802
vn 0.4629 0.0748 0.8832
vn 0.2917 -0.0690 0.9540
vn 0.1561 0.3810 -0.9113
vn -0.0106 0.2764 -0.9610
vn 0.4797 0.5454 -0.6873
vn 0.8343 0.2136 0.5083
vn 0.8948 0.4157 -0.1630
vn 0.4644 -0.0357 0.8849
vn 0.2654 -0.1345 0.9547
vn 0.2448 0.3469 -0.9054
vn 0.0544 0.2822 -0.9578
vn 0.5984 0.4307 -0.6755
vn 0.8534 0.0271 0.5206
vn 0.9670 0.2083 -0.1464
vn 0.4477 -0.1298 0.8847
vn 0.2354 -0.1824 0.9546
vn 0.3265 0.2822 -0.9021
vn 0.1243 0.2598 -0.9576
vn 0.6883 0.2873 -0.6661
vn 0.8310 -0.1907 0.5225
vn 0.9888 -0.0425 -0.1428
vn 0.3971 -0.2454 0.8843
vn 0.1757 -0.2463 0.9531
vn 0.3892 0.1919 -0.9010
vn 0.1919 0.2216 -0.9561
vn 0.7422 0.1041 -0.6620
vn 0.7648 -0.3749 0.5239
vn 0.9555 -0.2622 -0.1349
vn 0.3243 -0.3310 0.8861
vn 0.1082 -0.2809 0.9536
vn 0.4291 0.1082 -0.8967
vn 0.2437 0.1822 -0.9526
vn 0.7538 -0.0603 -0.6544
vn 0.6650 -0.5327 0.5235
vn 0.8728 -0.4697 -0.1329
vn 0.2467 -0.3894 0.8874
vn 0.0456 -0.2910 0.9556
vn 0.4434 0.0030 -0.8963
vn 0.2777 0.1165 -0.9536
vn 0.7218 -0.2316 -0.6522
vn 0.5151 -0.6882 0.5109
vn 0.7260 -0.6726 -0.1431
vn 0.1460 -0.4472 0.8824
vn -0.0260 -0.3000 0.9536
vn 0.4288 -0.1079 -0.8969
vn 0.2986 0.0430 -0.9534
vn 0.6387 -0.4055 -0.6539
vn 0.3511 -0.7899 0.5028
vn 0.5620 -0.8142 -0.1457
vn 0.0402 -0.4764 0.8783
vn -0.0967 -0.2945 0.9508
vn 0.4026 -0.1963 -0.8941
vn 0.3081 -0.0181 -0.9512
vn 0.5397 -0.5333 -0.6514
vn 0.1710 -0.8513 0.4961
vn 0.3659 -0.9182 -0.1520
vn -0.0628 -0.4748 0.8778
vn -0.1574 -0.2647 0.9514
vn 0.3444 -0.2822 -0.8954
vn 0.2905 -0.0856 -0.9530
vn 0.4039 -0.6395 -0.6541
vn -0.0467 -0.8741 0.4835
vn 0.1255 -0.9784 -0.1640
vn -0.1774 -0.4546 0.8729
vn -0.2142 -0.2251 0.9505
vn 0.2621 -0.3543 -0.8976
vn 0.2599 -0.1524 -0.9535
vn 0.2301 -0.7167 -0.6584
vn -0.2363 -0.8445 0.4806
vn -0.0858 -0.9829 -0.1630
vn -0.2800 -0.4098 0.8681
vn -0.2703 -0.1789 0.9460
vn 0.1880 -0.4036 -0.8954
vn 0.2301 -0.2037 -0.9516
vn 0.0765 -0.7512 -0.6556
vn -0.4146 -0.7725 0.4811
vn -0.3017 -0.9397 -0.1614
vn -0.3584 -0.3409 0.8691
vn -0.2966 -0.1180 0.9477
vn 0.0906 -0.4357 -0.8955
vn 0.1760 -0.2471 -0.9529
vn -0.0936 -0.7499 -0.6549
vn -0.6020 -0.6434 0.4730
vn -0.5338 -0.8292 -0.1658
vn -0.4380 -0.2405 0.8662
vn -0.3190 -0.0374 0.9470
vn -0.0253 -0.4432 -0.8961
vn 0.1070 -0.2826 -0.9532
vn -0.2855 -0.6997 -0.6549
vn -0.7314 -0.4930 0.4712
vn -0.7041 -0.6919 -0.1601
vn -0.4848 -0.1332 0.8644
vn -0.3253 0.0388 0.9448
vn -0.1224 -0.4367 -0.8913
vn 0.0438 -0.3094 -0.9499
vn -0.4348 -0.6265 -0.6469
vn -0.8206 -0.3177 0.4750
vn -0.8421 -0.5169 -0.1539
vn -0.5017 -0.0286 0.8646
vn -0.3076 0.1010 0.9462
vn -0.2226 -0.3973 -0.8903
vn -0.0309 -0.3084 -0.9508
vn -0.5686 -0.5139 -0.6424
vn -0.8757 -0.0956 0.4732
vn -0.9469 -0.2825 -0.1535
vn -0.4996 0.1029 0.8601
vn -0.2808 0.1803 0.9427
vn -0.3182 -0.3253 -0.8905
vn -0.1079 -0.2882 -0.9515
vn -0.6837 -0.3493 -0.6407
vn -0.8724 0.0965 0.4792
vn -0.9870 -0.0749 -0.1419
vn -0.4618 0.2136 0.8609
vn -0.2323 0.2438 0.9416
vn -0.3884 -0.2596 -0.8842
vn -0.1722 -0.2702 -0.9473
vn -0.7496 -0.2009 -0.6307
vn -0.8278 0.2790 0.4868
vn -0.9813 0.1398 -0.1324
vn -0.3966 0.3035 0.8664
vn -0.1621 0.2834 0.9452
vn -0.4420 -0.1658 -0.8816
vn -0.2323 -0.2213 -0.9471
vn -0.7801 -0.0330 -0.6247
vn -0.7287 0.4878 0.4807
vn -0.9105 0.3909 -0.1350
vn -0.3049 0.3984 0.8651
vn -0.0813 0.3150 0.9456
vn -0.4681 -0.0468 -0.8825
vn -0.2805 -0.1550 -0.9473
vn -0.7620 0.1715 -0.6245
vn -0.6013 0.6418 0.4760
vn -0.7998 0.5856 -0.1322
vn -0.2125 0.4650 0.8594
vn -0.0137 0.3348 0.9422
vn -0.4742 0.0559 -0.8786
vn -0.3151 -0.0949 -0.9443
vn -0.7090 0.3382 -0.6188
vn -0.4495 0.7577 0.4730
vn -0.6510 0.7473 -0.1332
vn -0.1127 0.5030 0.8569
vn 0.0529 0.3338 0.9412
vn -0.4482 0.1652 -0.8785
vn -0.3237 -0.0181 -0.9460
vn -0.6158 0.4891 -0.6178
vn -0.2417 0.8536 0.4614
vn -0.4378 0.8877 -0.1422
vn 0.0198 0.5236 0.8518
vn 0.1369 0.3165 0.9387
vn -0.3892 0.2695 -0.8809
vn -0.3156 0.0601 -0.9470
vn -0.4690 0.6280 -0.6210
vn -0.0517 0.8877 0.4576
vn -0.2386 0.9610 -0.1402
vn 0.1366 0.5123 0.8479
vn 0.2083 0.2856 0.9354
vn -0.3313 0.3476 -0.8771
vn -0.3062 0.1249 -0.9438
vn -0.3284 0.7154 -0.6168
vn 0.1333 0.8796 0.4566
vn -0.0311 0.9896 -0.1406
vn 0.2364 0.4741 0.8481
vn 0.2584 0.2360 0.9368
vn -0.2468 0.4129 -0.8767
vn -0.2680 0.1887 -0.9448
vn -0.1686 0.7691 -0.6165
vn 0.3563 0.8215 0.4453
vn 0.2216 0.9635 -0.1499
vn 0.3552 0.4052 0.8424
vn 0.3155 0.1682 0.9339
vn -0.1361 0.4571 -0.8790
vn -0.2138 0.2457 -0.9455
vn 0.0314 0.7834 -0.6207
vn 0.5338 0.7215 0.4411
vn 0.4319 0.8897 -0.1477
vn 0.4436 0.3168 0.8384
vn 0.3532 0.0941 0.9308
vn -0.0354 0.4833 -0.8747
vn -0.1617 0.2936 -0.9421
vn 0.2043 0.7608 -0.6160
vn 0.6756 0.5883 0.4443
vn 0.6178 0.7734 -0.1418
vn 0.4965 0.2153 0.8409
vn 0.3577 0.0167 0.9337
vn 0.0824 0.4824 -0.8721
vn -0.0827 0.3232 -0.9427
vn 0.3722 0.6986 -0.6110
vn 0.8048 0.3945 0.4435
vn 0.7955 0.5897 -0.1395
vn 0.5368 0.0781 0.8401
vn 0.3510 -0.0790 0.9330
vn 0.2054 0.4462 -0.8710
vn 0.0065 0.3351 -0.9421
vn 0.5409 0.5816 -0.6076
vn 0.8716 0.2002 0.4475
vn 0.9086 0.3973 -0.1287
vn 0.5415 -0.0512 0.8392
vn 0.3263 -0.1640 0.9309
vn 0.3012 0.4001 -0.8656
vn 0.0842 0.3386 -0.9372
vn 0.6618 0.4529 -0.5974
vn 0.8917 0.0086 0.4525
vn 0.9744 0.1893 -0.1210
vn 0.5146 -0.1626 0.8419
vn 0.2783 -0.2260 0.9335
vn 0.3832 0.3200 -0.8665
vn 0.1561 0.3045 -0.9396
vn 0.7499 0.2957 -0.5918
vn 0.8685 -0.2168 0.4458
vn 0.9902 -0.0608 -0.1257
vn 0.4554 -0.2922 0.8410
vn 0.2051 -0.2955 0.9331
vn 0.4397 0.2150 -0.8720
vn 0.2063 0.2563 -0.9443
vn 0.7994 0.0982 -0.5928
vn 0.8010 -0.4062 0.4398
vn 0.9528 -0.2760 -0.1261
vn 0.3702 -0.3917 0.8423
vn 0.1206 -0.3389 0.9331
vn 0.4786 0.1271 -0.8688
vn 0.2580 0.2248 -0.9396
vn 0.8041 -0.0748 -0.5897
vn 0.6972 -0.5702 0.4345
vn 0.8683 -0.4789 -0.1292
vn 0.2794 -0.4560 0.8450
vn 0.0456 -0.3452 0.9374
vn 0.5273 0.0028 -0.8497
vn 0.3079 0.1918 -0.9319
vn 0.7648 -0.2518 -0.5930
vn 0.5354 -0.7312 0.4228
vn 0.7193 -0.6811 -0.1370
vn 0.1626 -0.5202 0.8384
vn -0.0382 -0.3520 0.9352
vn 0.5568 -0.2125 -0.8030
vn 0.6670 -0.4240 -0.6126
vn 0.3578 -0.8316 0.4246
vn 0.5530 -0.8232 -0.1288
vn 0.0379 -0.5471 0.8362
vn -0.1218 -0.3402 0.9324
vn 0.5766 -0.5557 -0.5989
vn 0.5408 -0.3904 -0.7451
vn 0.1644 -0.8842 0.4373
vn 0.3548 -0.9279 -0.1144
vn -0.0781 -0.5353 0.8411
vn -0.1870 -0.2967 0.9365
vn 0.4381 -0.7003 -0.5636
vn 0.4456 -0.5368 -0.7164
vn -0.0634 -0.8929 0.4459
vn 0.1108 -0.9885 -0.1031
vn -0.2073 -0.5001 0.8408
vn -0.2521 -0.2411 0.9372
vn 0.2345 -0.7957 -0.5585
vn 0.2708 -0.6362 -0.7224
vn -0.2510 -0.8561 0.4518
vn -0.0983 -0.9909 -0.0922
vn -0.3162 -0.4324 0.8444
vn -0.3099 -0.1621 0.9368
vn 0.0778 -0.8196 -0.5676
vn 0.1570 -0.6505 -0.7431
vn -0.4211 -0.7893 0.4469
vn -0.3033 -0.9481 -0.0956
vn -0.3882 -0.3381 0.8573
vn -0.3149 -0.0506 0.9478
vn -0.0902 -0.8124 -0.5761
vn 0.0359 -0.6448 -0.7635
vn -0.6087 -0.6686 0.4273
vn -0.5278 -0.8419 -0.1125
vn -0.4535 -0.2496 0.8556
vn -0.2955 0.0075 0.9553
vn -0.2865 -0.7622 -0.5804
vn -0.1076 -0.6210 -0.7764
vn -0.7491 -0.4863 0.4499
vn -0.7038 -0.7014 -0.1128
vn -0.5464 -0.1823 0.8174
vn -0.3253 0.0078 0.9456
vn -0.4610 -0.6899 -0.5581
vn -0.2535 -0.6023 -0.7570
vn -0.8189 -0.2971 0.4910
vn -0.8506 -0.5178 -0.0918
vn -0.6427 -0.1250 0.7559
vn -0.6416 -0.5712 -0.5119
vn -0.4416 -0.5507 -0.7084
vn -0.8547 -0.1043 0.5084
vn -0.9561 -0.2911 -0.0326
vn -0.6990 -0.0072 0.7151
vn -0.8123 -0.3941 -0.4300
vn -0.6657 -0.4312 -0.6091
vn -0.8131 0.0741 0.5773
vn -0.9907 -0.1087 0.0821
vn -0.6222 0.1635 0.7656
vn -0.9215 -0.2374 -0.3074
vn -0.8350 -0.2967 -0.4634
vn -0.6829 0.2143 0.6983
vn -0.9744 0.0757 0.2115
vn -0.4184 0.2619 0.8697
vn -0.9786 -0.0548 -0.1981
vn -0.9256 -0.1160 -0.3603
vn -0.4929 0.3607 0.7918
vn -0.8898 0.3280 0.3174
vn -0.1779 0.3157 0.9320
vn -0.9683 0.2088 -0.1369
vn -0.9336 0.1371 -0.3311
vn -0.3035 0.4396 0.8454
vn -0.7485 0.5394 0.3857
vn 0.0055 0.3001 0.9539
vn -0.8882 0.4497 -0.0943
vn -0.8781 0.3646 -0.3099
vn -0.1596 0.4533 0.8769
vn -0.5922 0.6867 0.4215
vn 0.1064 0.2392 0.9651
vn -0.7601 0.6471 -0.0597
vn -0.7758 0.5631 -0.2847
vn -0.0332 0.4577 0.8885
vn -0.3945 0.8122 0.4298
vn 0.1597 0.1867 0.9694
vn -0.5647 0.8239 -0.0476
vn -0.6019 0.7481 -0.2794
vn 0.0588 0.4557 0.8882
vn -0.2081 0.8756 0.4360
vn 0.1803 0.1644 0.9698
vn -0.3685 0.9290 -0.0332
vn -0.4221 0.8661 -0.2677
vn 0.1272 0.4491 0.8844
vn -0.0292 0.8937 0.4477
vn 0.1809 0.1577 0.9708
vn -0.1655 0.9859 -0.0249
vn -0.2273 0.9351 -0.2719
vn 0.2278 0.4331 0.8721
vn 0.1939 0.8692 0.4549
vn 0.2079 0.1557 0.9657
vn 0.0871 0.9951 -0.0466
vn 0.0121 0.9466 -0.3221
vn 0.3240 0.3878 0.8629
vn 0.3805 0.8037 0.4575
vn 0.2505 0.1276 0.9597
vn 0.2996 0.9519 -0.0649
vn 0.2055 0.9100 -0.3601
vn 0.3912 0.3196 0.8630
vn 0.5380 0.7128 0.4500
vn 0.2597 0.0718 0.9630
vn 0.4896 0.8676 -0.0869
vn 0.3783 0.8339 -0.4019
vn 0.4627 0.2114 0.8609
vn 0.7085 0.5590 0.4308
vn 0.2575 -0.0079 0.9662
vn 0.6890 0.7130 -0.1299
vn 0.5507 0.6916 -0.4674
vn 0.5037 0.0899 0.8592
vn 0.8254 0.3779 0.4194
vn 0.2415 -0.0838 0.9668
vn 0.8328 0.5322 -0.1523
vn 0.6756 0.5380 -0.5041
vn 0.5060 -0.0227 0.8623
vn 0.8884 0.1836 0.4207
vn 0.2012 -0.1347 0.9702
vn 0.9308 0.3268 -0.1638
vn 0.7638 0.3604 -0.5355
vn 0.4819 -0.1555 0.8623
vn 0.9019 -0.0580 0.4280
vn 0.1501 -0.1837 0.9715
vn 0.9830 0.0712 -0.1693
vn 0.8248 0.1472 -0.5459
vn 0.4241 -0.2656 0.8658
vn 0.8657 -0.2738 0.4192
vn 0.0861 -0.2182 0.9721
vn 0.9733 -0.1753 -0.1484
vn 0.8851 -0.0789 -0.4588
vn 0.3454 -0.3401 0.8746
vn 0.8036 -0.4566 0.3818
vn 0.0099 -0.2116 0.9773
vn 0.9121 -0.4006 -0.0876
vn 0.9091 -0.3522 -0.2225
vn 0.2440 -0.4125 0.8777
vn 0.6760 -0.6396 0.3659
vn -0.0668 -0.1840 0.9807
vn -0.1574 0.0488 -0.9863
vn -0.0675 0.0826 -0.9943
vn -0.1364 -0.0132 -0.9906
vn -0.2330 0.0226 -0.9722
vn 0.7821 -0.6222 -0.0328
vn 0.7321 -0.6596 -0.1700
vn 0.1454 -0.4528 0.8797
vn 0.5082 -0.7644 0.3968
vn -0.1173 -0.1413 0.9830
vn -0.0141 0.1367 -0.9905
vn 0.0217 0.2330 -0.9722
vn 0.0481 0.1578 -0.9863
vn 0.0822 0.0678 -0.9943
vn -0.2152 0.0981 -0.9716
vn -0.0635 0.1433 -0.9876
vn -0.3613 0.1056 -0.9265
vn -0.0747 0.1555 -0.9850
vn -0.7941 -0.0627 -0.6045
vn 0.0257 0.0010 -0.9997
vn 0.2463 -0.6445 -0.7239
vn 0.3699 -0.4622 -0.8059
vn 0.5893 -0.7269 -0.3526
vn 0.6222 -0.7821 -0.0357
vn 0.0542 -0.4659 0.8832
vn 0.3176 -0.8424 0.4353
vn -0.1368 -0.0825 0.9872
vn 0.1364 0.0146 -0.9906
vn 0.2333 -0.0197 -0.9722
vn -0.0101 0.1947 -0.9808
vn 0.0272 0.2226 -0.9745
vn 0.1378 0.0721 -0.9878
vn 0.3572 -0.3948 -0.8465
vn 0.4631 -0.7439 -0.4818
vn 0.4496 -0.8921 -0.0462
vn -0.0673 -0.4785 0.8755
vn 0.0919 -0.8864 0.4538
vn -0.1653 -0.0632 0.9842
vn -0.0457 -0.1564 -0.9866
vn -0.0816 -0.0665 -0.9944
vn 0.0440 0.2923 -0.9553
vn 0.0939 0.2921 -0.9518
vn 0.1679 0.0761 -0.9829
vn 0.2624 -0.4637 -0.8463
vn 0.2693 -0.8268 -0.4939
vn 0.2073 -0.9779 -0.0284
vn -0.2082 -0.4797 0.8524
vn -0.1323 -0.8667 0.4809
vn -0.2192 -0.1536 0.9635
vn 0.3691 -0.0778 -0.9261
vn 0.1149 0.4193 -0.9006
vn 0.0820 0.3653 -0.9273
vn 0.1858 0.3527 -0.9171
vn 0.2249 0.0225 -0.9741
vn 0.1845 -0.5176 -0.8355
vn 0.0957 -0.8723 -0.4795
vn -0.0165 -0.9998 -0.0100
vn -0.3201 -0.4230 0.8477
vn -0.3051 -0.7906 0.5308
vn -0.3124 -0.2392 0.9193
vn 0.5869 -0.1852 -0.7882
vn 0.2985 0.5768 -0.7604
vn 0.1856 0.5760 -0.7961
vn 0.3329 0.3655 -0.8693
vn 0.2574 -0.0790 -0.9631
vn 0.1003 -0.5669 -0.8176
vn -0.0676 -0.8886 -0.4536
vn -0.2126 -0.9768 0.0240
vn -0.3887 -0.3114 0.8672
vn -0.3340 -0.7154 0.6137
vn -0.4454 0.0186 0.8951
vn -0.0947 -0.2140 -0.9722
vn 0.4363 0.6841 -0.5845
vn 0.2381 0.8559 -0.4590
vn 0.5065 0.3214 -0.8001
vn 0.4154 -0.1835 -0.8909
vn 0.2198 -0.6496 -0.7278
vn -0.0101 -0.9392 -0.3432
vn -0.2078 -0.9679 0.1417
vn -0.1582 -0.5400 0.8267
vn -0.1775 -0.5786 0.7960
vn -0.4598 0.7087 0.5351
vn -0.5050 0.7031 0.5005
vn -0.2147 0.9624 0.1662
vn -0.2604 0.9547 0.1437
vn 0.0903 0.9828 -0.1610
vn 0.0644 0.9811 -0.1826
vn 0.4571 0.7316 -0.5058
vn 0.1915 0.9540 -0.2305
vn 0.4433 0.7764 -0.4480
vn 0.4387 0.7874 -0.4330
vn 0.7353 0.3497 -0.5805
vn 0.7719 0.4068 -0.4885
vn 0.8621 -0.1336 -0.4889
vn 0.9527 -0.0183 -0.3033
vn 0.7917 -0.5709 -0.2174
vn 0.9181 -0.3959 0.0200
vn 0.1793 -0.8302 0.5278
vn 0.2587 -0.7299 0.6328
vn 0.6632 -0.6597 0.3535
vn 0.5375 -0.8276 0.1621
vn -0.7377 0.2195 0.6385
vn -0.5324 -0.1964 0.8234
vn -0.4830 0.1964 0.8533
vn -0.4170 -0.2247 0.8807
vn -0.2526 -0.6767 0.6915
vn -0.4166 0.6823 0.6007
vn -0.4240 0.6892 0.5876
vn -0.0630 0.7949 -0.6035
vn -0.1156 0.9890 0.0919
vn 0.6309 0.2876 -0.7206
vn 0.6659 -0.2245 -0.7115
vn 0.5541 -0.6791 -0.4815
vn 0.3068 -0.9463 -0.1016
vn 0.0030 -0.9479 0.3185
vn -0.7104 0.6185 0.3360
vn -0.6542 0.6422 0.3995
vn -0.0470 -0.3901 0.9196
vn -0.1452 -0.5105 0.8475
vn -0.4568 0.8895 -0.0017
vn -0.4074 0.9096 0.0810
vn -0.0483 0.9584 -0.2812
vn 0.0001 0.9867 -0.1625
vn 0.4074 0.8099 -0.4220
vn 0.4450 0.8565 -0.2615
vn 0.7862 0.4912 -0.3751
vn 0.7983 0.5685 -0.1988
vn 0.9823 0.0997 -0.1584
vn 0.9775 0.2106 -0.0071
vn 0.9532 -0.2637 0.1476
vn 0.9567 -0.1295 0.2607
vn 0.7150 -0.5276 0.4587
vn 0.7466 -0.3786 0.5470
vn 0.3157 -0.6273 0.7119
vn 0.3868 -0.4780 0.7886
vn 0.0187 0.4451 0.8953
vn 0.1967 0.4827 0.8534
vn -0.2248 0.4170 0.8807
vn -0.3114 0.3887 0.8672
vn -0.2864 0.6940 0.6606
vn -0.5150 -0.4289 -0.7421
vn -0.5057 -0.4661 -0.7260
vn -0.5307 -0.4338 -0.7281
vn -0.1174 0.9045 0.4100
vn 0.1615 0.9719 0.1711
vn 0.4918 0.8707 0.0045
vn 0.7880 0.6145 -0.0368
vn 0.9612 0.2677 0.0670
vn 0.9545 -0.0712 0.2894
vn 0.7667 -0.3029 0.5661
vn 0.4525 -0.3596 0.8161
vn 0.1058 -0.2272 0.9681
vn -0.4836 0.5300 -0.6965
vn -0.4661 0.5057 -0.7260
vn -0.4983 0.5136 -0.6985
vn 0.1487 0.7430 0.6526
vn 0.2202 0.9007 0.3745
vn 0.6214 0.1577 0.7675
vn 0.0468 0.7981 -0.6006
vn 0.1087 0.6987 -0.7071
vn -0.0324 0.4278 -0.9033
vn 0.0929 0.9936 -0.0636
vn 0.2460 0.9494 -0.1955
vn 0.7195 0.4079 0.5621
vn 0.7522 0.6505 0.1049
vn 0.2291 0.5764 -0.7844
vn 0.0254 0.4392 -0.8980
vn 0.5715 0.7168 -0.3995
vn 0.7948 0.2366 0.5588
vn 0.8786 0.4672 0.0991
vn 0.5564 -0.0310 0.8303
vn 0.3432 0.5051 -0.7919
vn 0.1108 0.4137 -0.9037
vn 0.7124 0.5702 -0.4090
vn 0.8269 0.0401 0.5610
vn 0.9649 0.2443 0.0963
vn 0.4944 -0.1550 0.8553
vn 0.4337 0.3972 -0.8088
vn 0.1831 0.3579 -0.9156
vn 0.8191 0.3831 -0.4269
vn 0.8055 -0.2123 0.5533
vn 0.9944 -0.0589 0.0878
vn 0.4438 -0.2973 0.8453
vn 0.2126 -0.3138 0.9254
vn 0.5010 0.2542 -0.8273
vn 0.2513 0.2898 -0.9235
vn 0.8836 0.1241 -0.4516
vn 0.7343 -0.4036 0.5459
vn 0.9481 -0.3058 0.0876
vn 0.3576 -0.4024 0.8427
vn 0.1259 -0.3667 0.9218
vn 0.5446 0.1249 -0.8294
vn 0.3113 0.2234 -0.9237
vn 0.8875 -0.1033 -0.4490
vn 0.6340 -0.5366 0.5569
vn 0.8642 -0.4920 0.1054
vn 0.2587 -0.4504 0.8546
vn 0.0402 -0.3644 0.9304
vn 0.5652 -0.0031 -0.8249
vn 0.3540 0.1418 -0.9245
vn 0.8532 -0.2927 -0.4317
vn 0.4860 -0.6672 0.5645
vn 0.7224 -0.6816 0.1165
vn 0.1523 -0.4965 0.8546
vn -0.0363 -0.3600 0.9323
vn 0.5522 -0.1445 -0.8211
vn 0.3816 0.0461 -0.9232
vn 0.7619 -0.4913 -0.4221
vn 0.3408 -0.7472 0.5706
vn 0.5738 -0.8097 0.1231
vn 0.0503 -0.5237 0.8504
vn -0.1101 -0.3582 0.9271
vn 0.5181 -0.2477 -0.8187
vn 0.3901 -0.0286 -0.9203
vn 0.6537 -0.6307 -0.4183
vn 0.1931 -0.7976 0.5715
vn 0.4067 -0.9064 0.1140
vn -0.0479 -0.5178 0.8541
vn -0.1731 -0.3240 0.9301
vn 0.4462 -0.3344 -0.8301
vn 0.3622 -0.0963 -0.9271
vn 0.5124 -0.7395 -0.4366
vn -0.0225 -0.8288 0.5591
vn 0.1633 -0.9826 0.0886
vn -0.1814 -0.4991 0.8473
vn -0.2474 -0.2836 0.9265
vn 0.3442 -0.4116 -0.8439
vn 0.3217 -0.1582 -0.9335
vn 0.3106 -0.8257 -0.4709
vn -0.2329 -0.8006 0.5521
vn -0.0894 -0.9927 0.0813
vn -0.3065 -0.4472 0.8403
vn -0.3186 -0.2254 0.9207
vn 0.2356 -0.4686 -0.8514
vn 0.2748 -0.2161 -0.9369
vn 0.1003 -0.8674 -0.4874
vn -0.4028 -0.7236 0.5604
vn -0.3195 -0.9429 0.0939
vn -0.3871 -0.3681 0.8454
vn -0.3472 -0.1523 0.9254
vn 0.1095 -0.5019 -0.8579
vn 0.2059 -0.2621 -0.9428
vn -0.1151 -0.8678 -0.4833
vn -0.5625 -0.5980 0.5710
vn -0.5399 -0.8343 0.1113
vn -0.4603 -0.2642 0.8475
vn -0.3683 -0.0675 0.9273
vn -0.0203 -0.5173 -0.8556
vn 0.1333 -0.3081 -0.9420
vn -0.3313 -0.8193 -0.4679
vn -0.6688 -0.4598 0.5843
vn -0.7002 -0.7019 0.1309
vn -0.5014 -0.1455 0.8529
vn -0.3746 0.0330 0.9266
vn -0.1297 -0.5135 -0.8482
vn 0.0609 -0.3455 -0.9365
vn -0.4988 -0.7405 -0.4505
vn -0.7404 -0.3109 0.5959
vn -0.8295 -0.5407 0.1398
vn -0.5020 -0.0394 0.8640
vn -0.3371 0.1061 0.9355
vn -0.2408 -0.4701 -0.8491
vn -0.0188 -0.3443 -0.9387
vn -0.6453 -0.6177 -0.4496
vn -0.7908 -0.1234 0.5994
vn -0.9356 -0.3266 0.1343
vn -0.4955 0.0777 0.8651
vn -0.3034 0.1749 0.9367
vn -0.3463 -0.3916 -0.8525
vn -0.1036 -0.3231 -0.9407
vn -0.7697 -0.4412 -0.4615
vn -0.7908 0.0710 0.6080
vn -0.9847 -0.1007 0.1423
vn -0.4618 0.1997 0.8642
vn -0.2597 0.2504 0.9327
vn -0.4218 -0.3094 -0.8522
vn -0.1729 -0.2972 -0.9390
vn -0.8486 -0.2595 -0.4610
vn -0.7370 0.2602 0.6238
vn -0.9747 0.1481 0.1676
vn -0.3921 0.2986 0.8701
vn -0.1858 0.2964 0.9368
vn -0.4876 -0.1890 -0.8523
vn -0.2416 -0.2359 -0.9412
vn -0.8934 -0.0374 -0.4477
vn -0.6343 0.4369 0.6378
vn -0.8968 0.3987 0.1918
vn -0.2924 0.3835 0.8760
vn -0.0932 0.3289 0.9398
vn -0.5274 -0.0466 -0.8484
vn -0.3051 -0.1567 -0.9394
vn -0.8794 0.2083 -0.4282
vn -0.5186 0.5604 0.6457
vn -0.7874 0.5810 0.2060
vn -0.1941 0.4358 0.8788
vn -0.0112 0.3410 0.9400
vn -0.5319 0.0660 -0.8442
vn -0.3372 -0.0900 -0.9371
vn -0.8204 0.3940 -0.4144
vn -0.3905 0.6538 0.6481
vn -0.6470 0.7351 0.2026
vn -0.1029 0.4606 0.8816
vn 0.0541 0.3286 0.9429
vn -0.4943 0.1764 -0.8512
vn -0.3338 -0.0201 -0.9424
vn -0.7123 0.5588 -0.4246
vn -0.2260 0.7346 0.6398
vn -0.4540 0.8727 0.1795
vn 0.0067 0.4759 0.8794
vn 0.1258 0.3111 0.9420
vn -0.4265 0.2810 -0.8597
vn -0.3206 0.0520 -0.9458
vn -0.5485 0.7031 -0.4525
vn -0.0689 0.7631 0.6426
vn -0.2690 0.9473 0.1738
vn 0.1080 0.4607 0.8810
vn 0.1898 0.2778 0.9417
vn -0.3639 0.3658 -0.8566
vn -0.3089 0.1235 -0.9430
vn -0.3962 0.7922 -0.4642
vn 0.1076 0.7481 0.6548
vn -0.0435 0.9822 0.1827
vn 0.2056 0.4122 0.8876
vn 0.2414 0.2154 0.9462
vn -0.2636 0.4426 -0.8571
vn -0.2619 0.1981 -0.9446
vn -0.2035 0.8602 -0.4677
vn 0.3099 0.6840 0.6604
vn 0.2318 0.9531 0.1944
vn 0.3090 0.3351 0.8901
vn 0.2875 0.1344 0.9483
vn -0.1304 0.4932 -0.8601
vn -0.1940 0.2600 -0.9459
vn 0.0449 0.8867 -0.4602
vn 0.4525 0.5907 0.6681
vn 0.4384 0.8737 0.2111
vn 0.3756 0.2516 0.8920
vn 0.3116 0.0623 0.9482
vn -0.0211 0.5124 -0.8585
vn -0.1367 0.2984 -0.9446
vn 0.2446 0.8611 -0.4458
vn 0.5662 0.4785 0.6711
vn 0.6192 0.7566 0.2101
vn 0.4144 0.1630 0.8954
vn 0.3115 -0.0077 0.9502
vn 0.0915 0.4918 -0.8659
vn -0.0677 0.3067 -0.9494
vn 0.4290 0.7816 -0.4528
vn 0.6740 0.3296 0.6612
vn 0.7905 0.5840 0.1846
vn 0.4444 0.0600 0.8938
vn 0.3004 -0.0784 0.9506
vn 0.1958 0.4387 -0.8770
vn -0.0000 0.3042 -0.9526
vn 0.5989 0.6409 -0.4801
vn 0.7336 0.1868 0.6534
vn 0.8960 0.4131 0.1628
vn 0.4547 -0.0288 0.8902
vn 0.2883 -0.1327 0.9483
vn 0.2718 0.3885 -0.8805
vn 0.0560 0.3003 -0.9522
vn 0.7047 0.5021 -0.5013
vn 0.7581 0.0340 0.6512
vn 0.9642 0.2206 0.1473
vn 0.4418 -0.1160 0.8896
vn 0.2613 -0.1814 0.9481
vn 0.3424 0.3139 -0.8856
vn 0.1134 0.2705 -0.9560
vn 0.7821 0.3408 -0.5218
vn 0.7440 -0.1677 0.6468
vn 0.9906 -0.0387 0.1313
vn 0.3951 -0.2308 0.8891
vn 0.2022 -0.2467 0.9478
vn 0.3998 0.2117 -0.8918
vn 0.1733 0.2287 -0.9579
vn 0.8312 0.1259 -0.5415
vn 0.6794 -0.3357 0.6524
vn 0.9532 -0.2680 0.1400
vn 0.3193 -0.3154 0.8936
vn 0.1259 -0.2857 0.9500
vn 0.4380 0.1184 -0.8911
vn 0.2277 0.1860 -0.9558
vn 0.8412 -0.0688 -0.5364
vn 0.5758 -0.4697 0.6692
vn 0.8636 -0.4761 0.1656
vn 0.2318 -0.3630 0.9025
vn 0.0497 -0.2871 0.9566
vn 0.4584 0.0050 -0.8887
vn 0.2685 0.1176 -0.9561
vn 0.8109 -0.2677 -0.5204
vn 0.4255 -0.5965 0.6806
vn 0.7060 -0.6840 0.1835
vn 0.1220 -0.4037 0.9067
vn -0.0362 -0.2814 0.9589
vn 0.4506 -0.1254 -0.8839
vn 0.2972 0.0327 -0.9543
vn 0.7173 -0.4786 -0.5064
vn 0.2785 -0.6696 0.6886
vn 0.5375 -0.8202 0.1958
vn 0.0184 -0.4115 0.9112
vn -0.1101 -0.2589 0.9596
vn 0.4212 -0.2254 -0.8785
vn 0.3076 -0.0381 -0.9508
vn 0.6006 -0.6276 -0.4954
vn 0.1325 -0.7119 0.6897
vn 0.3508 -0.9176 0.1870
vn -0.0665 -0.3963 0.9157
vn -0.1574 -0.2204 0.9626
vn 0.3570 -0.3116 -0.8806
vn 0.2861 -0.1030 -0.9526
vn 0.4466 -0.7373 -0.5069
vn -0.0478 -0.7357 0.6756
vn 0.1154 -0.9818 0.1509
vn -0.1638 -0.3736 0.9130
vn -0.2068 -0.1801 0.9617
vn 0.2639 -0.3804 -0.8864
vn 0.2471 -0.1608 -0.9555
vn 0.2480 -0.8066 -0.5366
vn -0.2101 -0.7163 0.6654
vn -0.0980 -0.9871 0.1263
vn -0.2460 -0.3321 0.9106
vn -0.2457 -0.1357 0.9598
vn 0.1807 -0.4153 -0.8916
vn 0.2106 -0.2019 -0.9565
vn 0.0742 -0.8272 -0.5570
vn -0.3608 -0.6571 0.6618
vn -0.3138 -0.9430 0.1106
vn -0.3065 -0.2773 0.9106
vn -0.2612 -0.0882 0.9612
vn 0.0835 -0.4269 -0.9004
vn 0.1569 -0.2300 -0.9605
vn -0.1099 -0.8110 -0.5746
vn -0.5223 -0.5484 0.6531
vn -0.5470 -0.8324 0.0892
vn -0.3743 -0.2040 0.9046
vn -0.2816 -0.0353 0.9589
vn -0.0238 -0.4196 -0.9074
vn 0.0977 -0.2495 -0.9634
vn -0.3106 -0.7441 -0.5915
vn -0.6368 -0.4197 0.6468
vn -0.7199 -0.6900 0.0755
vn -0.4194 -0.1156 0.9004
vn -0.2950 0.0290 0.9551
vn -0.1113 -0.4042 -0.9079
vn 0.0465 -0.2664 -0.9628
vn -0.4632 -0.6530 -0.5992
vn -0.7144 -0.2743 0.6437
vn -0.8544 -0.5159 0.0617
vn -0.4320 -0.0269 0.9015
vn -0.2785 0.0854 0.9566
vn -0.1979 -0.3624 -0.9108
vn -0.0165 -0.2646 -0.9642
vn -0.5919 -0.5277 -0.6092
vn -0.7669 -0.0865 0.6359
vn -0.9581 -0.2834 0.0405
vn -0.4305 0.0791 0.8991
vn -0.2531 0.1471 0.9562
vn -0.2829 -0.2967 -0.9121
vn -0.0837 -0.2496 -0.9647
vn -0.6984 -0.3553 -0.6213
vn -0.7640 0.0820 0.6399
vn -0.9964 -0.0723 0.0450
vn -0.3930 0.1778 0.9022
vn -0.2040 0.2099 0.9562
vn -0.3551 -0.2346 -0.9049
vn -0.1461 -0.2313 -0.9619
vn -0.7638 -0.2012 -0.6133
vn -0.7136 0.2407 0.6580
vn -0.9870 0.1449 0.0692
vn -0.3250 0.2480 0.9126
vn -0.1331 0.2348 0.9629
vn -0.4105 -0.1454 -0.9002
vn -0.2073 -0.1846 -0.9607
vn -0.8011 -0.0278 -0.5979
vn -0.6141 0.4191 0.6687
vn -0.9114 0.4024 0.0857
vn -0.2429 0.3218 0.9151
vn -0.0643 0.2571 0.9642
vn -0.4322 -0.0321 -0.9012
vn -0.2489 -0.1212 -0.9609
vn -0.7874 0.1894 -0.5866
vn -0.4960 0.5516 0.6706
vn -0.7918 0.6036 0.0935
vn -0.1592 0.3762 0.9127
vn -0.0009 0.2758 0.9612
vn -0.4296 0.0612 -0.9009
vn -0.2700 -0.0703 -0.9603
vn -0.7279 0.3674 -0.5790
vn -0.3655 0.6532 0.6632
vn -0.6358 0.7678 0.0788
vn -0.0781 0.4043 0.9113
vn 0.0533 0.2691 0.9616
vn -0.3974 0.1541 -0.9046
vn -0.2712 -0.0132 -0.9624
vn -0.6182 0.5189 -0.5905
vn -0.1963 0.7389 0.6446
vn -0.4254 0.9039 0.0446
vn 0.0211 0.4246 0.9051
vn 0.1144 0.2596 0.9589
vn -0.3398 0.2433 -0.9085
vn -0.2611 0.0514 -0.9639
vn -0.4602 0.6423 -0.6129
vn -0.0366 0.7696 0.6375
vn -0.2260 0.9735 0.0336
vn 0.1112 0.4163 0.9024
vn 0.1683 0.2358 0.9571
vn -0.2852 0.3121 -0.9062
vn -0.2498 0.1080 -0.9623
vn -0.3159 0.7197 -0.6182
vn 0.1187 0.7537 0.6464
vn -0.0200 0.9988 0.0458
vn 0.1879 0.3765 0.9072
vn 0.2059 0.1876 0.9604
vn -0.2072 0.3729 -0.9044
vn -0.2127 0.1658 -0.9630
vn -0.1566 0.7760 -0.6110
vn 0.3058 0.6895 0.6566
vn 0.2337 0.9705 0.0600
vn 0.2769 0.3059 0.9109
vn 0.2459 0.1192 0.9619
vn -0.1068 0.4137 -0.9041
vn -0.1630 0.2197 -0.9618
vn 0.0456 0.7959 -0.6037
vn 0.4585 0.5915 0.6632
vn 0.4549 0.8876 0.0720
vn 0.3422 0.2260 0.9121
vn 0.2698 0.0530 0.9615
vn -0.0131 0.4305 -0.9025
vn -0.1130 0.2561 -0.9600
vn 0.2290 0.7686 -0.5973
vn 0.5814 0.4719 0.6628
vn 0.6487 0.7581 0.0675
vn 0.3809 0.1421 0.9136
vn 0.2691 -0.0110 0.9630
vn 0.0880 0.4140 -0.9060
vn -0.0505 0.2648 -0.9630
vn 0.4005 0.6893 -0.6037
vn 0.6920 0.3141 0.6499
vn 0.8213 0.5689 0.0425
vn 0.4108 0.0448 0.9106
vn 0.2610 -0.0748 0.9624
vn 0.1823 0.3692 -0.9113
vn 0.0118 0.2630 -0.9647
vn 0.5539 0.5553 -0.6204
vn 0.7488 0.1591 0.6435
vn 0.9238 0.3816 0.0317
vn 0.4195 -0.0432 0.9067
vn 0.2495 -0.1271 0.9600
vn 0.2542 0.3269 -0.9102
vn 0.0662 0.2617 -0.9629
vn 0.6528 0.4256 -0.6267
vn 0.7647 0.0021 0.6444
vn 0.9836 0.1778 0.0298
vn 0.4029 -0.1242 0.9068
vn 0.2210 -0.1707 0.9602
vn 0.3223 0.2596 -0.9103
vn 0.1255 0.2343 -0.9640
vn 0.7271 0.2741 -0.6295
vn 0.7425 -0.1855 0.6436
vn 0.9974 -0.0673 0.0250
vn 0.3579 -0.2200 0.9075
vn 0.1696 -0.2205 0.9605
vn 0.3732 0.1716 -0.9117
vn 0.1801 0.1948 -0.9642
vn 0.7708 0.0872 -0.6310
vn 0.6777 -0.3485 0.6475
vn 0.9574 -0.2869 0.0315
vn 0.2914 -0.2979 0.9090
vn 0.1071 -0.2571 0.9604
vn 0.4048 0.0912 -0.9098
vn 0.2202 0.1576 -0.9626
vn 0.7746 -0.0818 -0.6272
vn 0.5779 -0.4906 0.6522
vn 0.8650 -0.5005 0.0351
vn 0.2118 -0.3481 0.9132
vn 0.0396 -0.2635 0.9638
vn 0.4116 -0.0098 -0.9113
vn 0.2458 0.0966 -0.9645
vn 0.7321 -0.2605 -0.6294
vn 0.4319 -0.6294 0.6460
vn 0.7032 -0.7106 0.0233
vn 0.1110 -0.3912 0.9136
vn -0.0353 -0.2611 0.9647
vn 0.3877 -0.1131 -0.9148
vn 0.2585 0.0306 -0.9655
vn 0.6327 -0.4408 -0.6367
vn 0.2842 -0.7113 0.6429
vn 0.5325 -0.8462 0.0205
vn 0.0161 -0.4041 0.9146
vn -0.0980 -0.2468 0.9641
vn 0.3566 -0.1889 -0.9149
vn 0.2633 -0.0215 -0.9645
vn 0.5241 -0.5654 -0.6369
vn 0.1267 -0.7566 0.6415
vn 0.3369 -0.9414 0.0148
vn -0.0663 -0.3949 0.9163
vn -0.1414 -0.2172 0.9658
vn 0.3016 -0.2587 -0.9177
vn 0.2461 -0.0753 -0.9663
vn 0.3854 -0.6614 -0.6434
vn -0.0631 -0.7716 0.6330
vn 0.0934 -0.9956 -0.0004
vn -0.1579 -0.3798 0.9115
vn -0.1853 -0.1893 0.9643
vn 0.2254 -0.3209 -0.9199
vn 0.2179 -0.1302 -0.9672
vn 0.2066 -0.7294 -0.6521
vn -0.2257 -0.7377 0.6362
vn -0.1170 -0.9931 0.0031
vn -0.2402 -0.3382 0.9099
vn -0.2298 -0.1476 0.9620
vn 0.1575 -0.3650 -0.9176
vn 0.1906 -0.1778 -0.9654
vn 0.0519 -0.7596 -0.6484
vn -0.3804 -0.6610 0.6468
vn -0.3372 -0.9413 0.0153
vn -0.3020 -0.2716 0.9138
vn -0.2486 -0.0902 0.9644
vn 0.0658 -0.3953 -0.9162
vn 0.1404 -0.2169 -0.9660
vn -0.1227 -0.7548 -0.6444
vn -0.5411 -0.5322 0.6512
vn -0.5764 -0.8169 0.0217
vn -0.3633 -0.1837 0.9134
vn -0.2634 -0.0256 0.9643
vn -0.0481 -0.4027 -0.9141
vn 0.0727 -0.2479 -0.9661
vn -0.3215 -0.6959 -0.6421
vn -0.6479 -0.3925 0.6528
vn -0.7468 -0.6645 0.0268
vn -0.3984 -0.0876 0.9130
vn -0.2686 0.0469 0.9621
vn -0.1382 -0.3882 -0.9112
vn 0.0162 -0.2647 -0.9642
vn -0.4710 -0.6088 -0.6383
vn -0.7191 -0.2451 0.6503
vn -0.8739 -0.4857 0.0181
vn -0.4026 -0.0030 0.9154
vn -0.2442 0.0980 0.9648
vn -0.2188 -0.3430 -0.9135
vn -0.0409 -0.2555 -0.9659
vn -0.5890 -0.4864 -0.6453
vn -0.7714 -0.0587 0.6336
vn -0.9682 -0.2500 -0.0109
vn -0.4076 0.0924 0.9085
vn -0.2283 0.1482 0.9622
vn -0.2832 -0.2715 -0.9198
vn -0.0943 -0.2327 -0.9680
vn -0.6797 -0.3178 -0.6611
vn -0.7729 0.1027 0.6262
vn -0.9988 -0.0453 -0.0192
vn -0.3905 0.1792 0.9030
vn -0.2053 0.1996 0.9581
vn -0.3301 -0.2118 -0.9199
vn -0.1375 -0.2151 -0.9669
vn -0.7286 -0.1720 -0.6629
vn -0.7298 0.2576 0.6332
vn -0.9865 0.1630 -0.0151
vn -0.3403 0.2505 0.9063
vn -0.1557 0.2310 0.9604
vn -0.3735 -0.1316 -0.9182
vn -0.1823 -0.1748 -0.9676
vn -0.7481 -0.0142 -0.6634
vn -0.6331 0.4416 0.6358
vn -0.9083 0.4179 -0.0159
vn -0.2590 0.3312 0.9073
vn -0.0868 0.2635 0.9608
vn -0.3959 -0.0257 -0.9179
vn -0.2235 -0.1161 -0.9678
vn -0.7236 0.1829 -0.6655
vn -0.5065 0.5762 0.6414
vn -0.7851 0.6194 -0.0032
vn -0.1689 0.3833 0.9080
vn -0.0177 0.2785 0.9603
vn -0.3966 0.0646 -0.9157
vn -0.2501 -0.0643 -0.9661
vn -0.6677 0.3481 -0.6581
vn -0.3616 0.6695 0.6489
vn -0.6230 0.7822 0.0071
vn -0.0792 0.4044 0.9112
vn 0.0439 0.2678 0.9625
vn -0.3668 0.1565 -0.9170
vn -0.2520 -0.0019 -0.9677
vn -0.5703 0.4960 -0.6547
vn -0.1789 0.7400 0.6483
vn -0.4039 0.9148 0.0031
vn 0.0277 0.4107 0.9113
vn 0.1118 0.2475 0.9624
vn -0.3113 0.2377 -0.9201
vn -0.2413 0.0568 -0.9688
vn -0.4239 0.6229 -0.6574
vn -0.0132 0.7620 0.6475
vn -0.1963 0.9805 0.0031
vn 0.1187 0.3955 0.9108
vn 0.1663 0.2185 0.9616
vn -0.2591 0.2994 -0.9183
vn -0.2314 0.1061 -0.9670
vn -0.2822 0.7006 -0.6554
vn 0.1399 0.7476 0.6492
vn 0.0089 1.0000 0.0034
vn 0.1917 0.3609 0.9127
vn 0.2012 0.1770 0.9634
vn -0.1870 0.3527 -0.9169
vn -0.1994 0.1569 -0.9673
vn -0.1291 0.7448 -0.6547
vn 0.3248 0.6913 0.6455
vn 0.2568 0.9665 -0.0063
vn 0.2792 0.2943 0.9140
vn 0.2424 0.1102 0.9639
vn -0.0933 0.3859 -0.9178
vn -0.1528 0.2021 -0.9674
vn 0.0578 0.7481 -0.6611
vn 0.4789 0.5948 0.6456
vn 0.4754 0.8798 -0.0052
vn 0.3379 0.2085 0.9178
vn 0.2584 0.0373 0.9653
vn -0.0057 0.3971 -0.9178
vn -0.1046 0.2352 -0.9663
vn 0.2276 0.7148 -0.6613
vn 0.5995 0.4655 0.6511
vn 0.6689 0.7433 0.0021
vn 0.3670 0.1253 0.9218
vn 0.2473 -0.0207 0.9687
vn 0.0897 0.3823 -0.9197
vn -0.0437 0.2475 -0.9679
vn 0.3928 0.6407 -0.6597
vn 0.6970 0.2949 0.6536
vn 0.8373 0.5466 0.0064
vn 0.3920 0.0318 0.9194
vn 0.2392 -0.0778 0.9678
vn 0.1860 0.3452 -0.9199
vn 0.0229 0.2498 -0.9680
vn 0.5472 0.5185 -0.6571
vn 0.7408 0.1334 0.6583
vn 0.9352 0.3538 0.0157
vn 0.3914 -0.0602 0.9182
vn 0.2218 -0.1362 0.9655
vn 0.2564 0.3047 -0.9173
vn 0.0766 0.2475 -0.9658
vn 0.6476 0.3942 -0.6521
vn 0.7534 -0.0247 0.6572
vn 0.9895 0.1443 0.0096
vn 0.3700 -0.1360 0.9190
vn 0.1883 -0.1732 0.9667
vn 0.3163 0.2378 -0.9184
vn 0.1257 0.2200 -0.9674
vn 0.7138 0.2419 -0.6573
vn 0.7355 -0.2086 0.6446
vn 0.9950 -0.0988 -0.0150
vn 0.3312 -0.2245 0.9165
vn 0.1427 -0.2160 0.9659
vn 0.3568 0.1527 -0.9216
vn 0.1705 0.1816 -0.9685
vn 0.7409 0.0615 -0.6688
vn 0.6749 -0.3697 0.6386
vn 0.9493 -0.3132 -0.0249
vn 0.2670 -0.2973 0.9167
vn 0.0850 -0.2486 0.9649
vn 0.3751 0.0798 -0.9235
vn 0.2042 0.1471 -0.9678
vn 0.7328 -0.0960 -0.6736
vn 0.5725 -0.5116 0.6407
vn 0.8513 -0.5240 -0.0255
vn 0.1925 -0.3410 0.9201
vn 0.0279 -0.2490 0.9681
vn 0.3762 -0.0107 -0.9265
vn 0.2258 0.0930 -0.9697
vn 0.6866 -0.2637 -0.6775
vn 0.4187 -0.6440 0.6403
vn 0.6839 -0.7291 -0.0275
vn 0.0996 -0.3828 0.9184
vn -0.0363 -0.2499 0.9676
vn 0.3584 -0.1107 -0.9270
vn 0.2411 0.0289 -0.9701
vn 0.5911 -0.4353 -0.6791
vn 0.2631 -0.7155 0.6472
vn 0.5090 -0.8607 -0.0135
vn 0.0068 -0.3932 0.9194
vn -0.0976 -0.2358 0.9669
vn 0.3342 -0.1882 -0.9235
vn 0.2503 -0.0263 -0.9678
vn 0.4896 -0.5576 -0.6703
vn 0.0992 -0.7487 0.6554
vn 0.3065 -0.9519 -0.0013
vn -0.0768 -0.3784 0.9225
vn -0.1426 -0.2030 0.9687
vn 0.2824 -0.2601 -0.9234
vn 0.2349 -0.0834 -0.9684
vn 0.3548 -0.6555 -0.6667
vn -0.0927 -0.7519 0.6527
vn 0.0550 -0.9985 -0.0062
vn -0.1674 -0.3549 0.9198
vn -0.1859 -0.1693 0.9679
vn 0.2047 -0.3223 -0.9242
vn 0.2039 -0.1371 -0.9693
vn 0.1745 -0.7223 -0.6692
vn -0.2517 -0.7143 0.6530
vn -0.1567 -0.9876 -0.0047
vn -0.2449 -0.3098 0.9187
vn -0.2267 -0.1249 0.9659
vn 0.1366 -0.3627 -0.9218
vn 0.1759 -0.1804 -0.9677
vn 0.0210 -0.7455 -0.6662
vn -0.4008 -0.6401 0.6554
vn -0.3711 -0.9286 -0.0045
vn -0.3014 -0.2477 0.9208
vn -0.2415 -0.0734 0.9676
vn 0.0497 -0.3821 -0.9228
vn 0.1280 -0.2119 -0.9689
vn -0.1451 -0.7294 -0.6685
vn -0.5584 -0.5140 0.6512
vn -0.6032 -0.7975 -0.0131
vn -0.3610 -0.1689 0.9172
vn -0.2563 -0.0187 0.9664
vn -0.0525 -0.3772 -0.9246
vn 0.0666 -0.2349 -0.9697
vn -0.3307 -0.6605 -0.6741
vn -0.6583 -0.3739 0.6533
vn -0.7658 -0.6430 -0.0064
vn -0.3937 -0.0772 0.9160
vn -0.2616 0.0492 0.9639
vn -0.1322 -0.3603 -0.9234
vn 0.0139 -0.2506 -0.9680
vn -0.4704 -0.5745 -0.6698
vn -0.7168 -0.2203 0.6616
vn -0.8882 -0.4595 0.0036
vn -0.3891 0.0090 0.9212
vn -0.2311 0.1015 0.9676
vn -0.2112 -0.3194 -0.9238
vn -0.0435 -0.2426 -0.9692
vn -0.5884 -0.4568 -0.6672
vn -0.7499 -0.0254 0.6611
vn -0.9771 -0.2127 0.0030
vn -0.3788 0.1074 0.9192
vn -0.2028 0.1538 0.9671
vn -0.2854 -0.2526 -0.9245
vn -0.1008 -0.2207 -0.9701
vn -0.6860 -0.2884 -0.6680
vn -0.7352 0.1365 0.6640
vn -0.9999 0.0017 0.0131
vn -0.3499 0.1906 0.9172
vn -0.1705 0.2014 0.9646
vn -0.3370 -0.1913 -0.9219
vn -0.1501 -0.2015 -0.9679
vn -0.7380 -0.1369 -0.6608
vn -0.6872 0.2837 0.6688
vn -0.9774 0.2110 0.0163
vn -0.2994 0.2537 0.9198
vn -0.1220 0.2260 0.9665
vn -0.3716 -0.1117 -0.9217
vn -0.1938 -0.1597 -0.9679
vn -0.7504 0.0235 -0.6606
vn -0.5938 0.4568 0.6624
vn -0.8894 0.4571 0.0012
vn -0.2256 0.3262 0.9180
vn -0.0617 0.2527 0.9656
vn -0.3830 -0.0123 -0.9237
vn -0.2241 -0.1040 -0.9690
vn -0.7118 0.2137 -0.6690
vn -0.4726 0.5836 0.6604
vn -0.7606 0.6492 -0.0004
vn -0.1436 0.3737 0.9164
vn -0.0009 0.2655 0.9641
vn -0.3797 0.0740 -0.9221
vn -0.2436 -0.0550 -0.9683
vn -0.6448 0.3689 -0.6694
vn -0.3313 0.6686 0.6658
vn -0.5967 0.8024 0.0053
vn -0.0597 0.3904 0.9187
vn 0.0549 0.2530 0.9659
vn -0.3503 0.1617 -0.9226
vn -0.2444 0.0048 -0.9697
vn -0.5445 0.5061 -0.6689
vn -0.1490 0.7294 0.6677
vn -0.3733 0.9277 0.0061
vn 0.0456 0.3882 0.9204
vn 0.1229 0.2245 0.9667
vn -0.2955 0.2412 -0.9244
vn -0.2333 0.0649 -0.9702
vn -0.3977 0.6271 -0.6698
vn 0.0175 0.7408 0.6715
vn -0.1603 0.9869 0.0162
vn 0.1330 0.3637 0.9220
vn 0.1721 0.1868 0.9672
vn -0.2422 0.3016 -0.9222
vn -0.2212 0.1149 -0.9684
vn -0.2547 0.7030 -0.6640
vn 0.1697 0.7168 0.6763
vn 0.0528 0.9984 0.0222
vn 0.1995 0.3274 0.9236
vn 0.1992 0.1480 0.9687
vn -0.1677 0.3503 -0.9215
vn -0.1864 0.1624 -0.9689
vn -0.0964 0.7434 -0.6619
vn 0.3472 0.6553 0.6709
vn 0.3012 0.9535 0.0106
vn 0.2802 0.2716 0.9207
vn 0.2360 0.0989 0.9667
vn -0.0751 0.3776 -0.9229
vn -0.1397 0.2023 -0.9693
vn 0.0917 0.7392 -0.6672
vn 0.4920 0.5590 0.6675
vn 0.5114 0.8593 0.0071
vn 0.3390 0.1945 0.9205
vn 0.2568 0.0343 0.9659
vn 0.0080 0.3859 -0.9225
vn -0.0942 0.2324 -0.9680
vn 0.2545 0.6989 -0.6684
vn 0.6026 0.4340 0.6697
vn 0.6936 0.7203 0.0079
vn 0.3650 0.1111 0.9244
vn 0.2458 -0.0273 0.9689
vn 0.0989 0.3693 -0.9240
vn -0.0349 0.2430 -0.9694
vn 0.4082 0.6188 -0.6712
vn 0.6938 0.2673 0.6687
vn 0.8535 0.5211 0.0019
vn 0.3821 0.0183 0.9240
vn 0.2304 -0.0833 0.9695
vn 0.1886 0.3288 -0.9254
vn 0.0288 0.2417 -0.9699
vn 0.5490 0.4916 -0.6760
vn 0.7341 0.1070 0.6706
vn 0.9461 0.3239 0.0054
vn 0.3798 -0.0705 0.9224
vn 0.2128 -0.1383 0.9673
vn 0.2519 0.2859 -0.9246
vn 0.0802 0.2370 -0.9682
vn 0.6418 0.3654 -0.6742
vn 0.7378 -0.0509 0.6731
vn 0.9937 0.1119 0.0050
vn 0.3546 -0.1452 0.9237
vn 0.1776 -0.1746 0.9685
vn 0.3076 0.2210 -0.9255
vn 0.1274 0.2101 -0.9693
vn 0.7039 0.2153 -0.6769
vn 0.7089 -0.2366 0.6645
vn 0.9899 -0.1413 -0.0145
vn 0.3105 -0.2316 0.9219
vn 0.1296 -0.2152 0.9679
vn 0.3503 0.1346 -0.9269
vn 0.1735 0.1695 -0.9701
vn 0.7272 0.0309 -0.6857
vn 0.6432 -0.3922 0.6577
vn 0.9342 -0.3558 -0.0251
vn 0.2463 -0.2993 0.9218
vn 0.0723 -0.2442 0.9670
vn 0.3690 0.0607 -0.9275
vn 0.2073 0.1331 -0.9692
vn 0.7145 -0.1263 -0.6882
vn 0.5425 -0.5244 0.6563
vn 0.8311 -0.5552 -0.0321
vn 0.1790 -0.3403 0.9231
vn 0.0239 -0.2448 0.9693
vn 0.3667 -0.0249 -0.9300
vn 0.2255 0.0808 -0.9709
vn 0.6629 -0.2831 -0.6931
vn 0.3927 -0.6502 0.6505
vn 0.6608 -0.7492 -0.0453
vn 0.0885 -0.3818 0.9200
vn -0.0384 -0.2500 0.9675
vn 0.3443 -0.1169 -0.9315
vn 0.2359 0.0212 -0.9716
vn 0.5632 -0.4400 -0.6995
vn 0.2393 -0.7208 0.6505
vn 0.4821 -0.8750 -0.0447
vn -0.0064 -0.3876 0.9218
vn -0.1031 -0.2324 0.9671
vn 0.3170 -0.1896 -0.9293
vn 0.2408 -0.0285 -0.9701
vn 0.4573 -0.5515 -0.6976
vn 0.0775 -0.7531 0.6533
vn 0.2783 -0.9595 -0.0445
vn -0.0866 -0.3678 0.9259
vn -0.1446 -0.1940 0.9703
vn 0.2637 -0.2580 -0.9294
vn 0.2235 -0.0835 -0.9711
vn 0.3226 -0.6385 -0.6988
vn -0.1186 -0.7508 0.6498
vn 0.0240 -0.9984 -0.0518
vn -0.1768 -0.3428 0.9226
vn -0.1870 -0.1605 0.9692
vn 0.1884 -0.3138 -0.9306
vn 0.1942 -0.1358 -0.9715
vn 0.1483 -0.6967 -0.7019
vn -0.2829 -0.7033 0.6522
vn -0.1969 -0.9794 -0.0440
vn -0.2541 -0.2955 0.9209
vn -0.2268 -0.1155 0.9671
vn 0.1194 -0.3523 -0.9283
vn 0.1650 -0.1797 -0.9698
vn -0.0064 -0.7174 -0.6967
vn -0.4265 -0.6199 0.6586
vn -0.4104 -0.9112 -0.0355
vn -0.3051 -0.2246 0.9255
vn -0.2382 -0.0540 0.9697
vn 0.0326 -0.3710 -0.9281
vn 0.1143 -0.2140 -0.9701
vn -0.1706 -0.7002 -0.6933
vn -0.5728 -0.4893 0.6576
vn -0.6312 -0.7747 -0.0382
vn -0.3509 -0.1407 0.9258
vn -0.2397 0.0052 0.9708
vn -0.0659 -0.3670 -0.9279
vn 0.0541 -0.2359 -0.9703
vn -0.3467 -0.6327 -0.6925
vn -0.6678 -0.3463 0.6588
vn -0.7876 -0.6153 -0.0328
vn -0.3829 -0.0604 0.9218
vn -0.2454 0.0564 0.9678
vn -0.1482 -0.3523 -0.9241
vn 0.0017 -0.2490 -0.9685
vn -0.4800 -0.5459 -0.6867
vn -0.7256 -0.1917 0.6608
vn -0.9043 -0.4257 -0.0326
vn -0.3887 0.0216 0.9211
vn -0.2308 0.1052 0.9673
vn -0.2252 -0.3072 -0.9246
vn -0.0577 -0.2394 -0.9692
vn -0.5895 -0.4236 -0.6878
vn -0.7569 -0.0009 0.6535
vn -0.9822 -0.1816 -0.0485
vn -0.3744 0.1206 0.9194
vn -0.1996 0.1612 0.9665
vn -0.2883 -0.2370 -0.9278
vn -0.1119 -0.2150 -0.9702
vn -0.6707 -0.2569 -0.6958
vn -0.7412 0.1653 0.6506
vn -0.9981 0.0340 -0.0518
vn -0.3343 0.2049 0.9199
vn -0.1529 0.2085 0.9660
vn -0.3329 -0.1753 -0.9265
vn -0.1558 -0.1926 -0.9688
vn -0.7099 -0.1102 -0.6956
vn -0.6882 0.3196 0.6513
vn -0.9667 0.2503 -0.0535
vn -0.2794 0.2649 0.9229
vn -0.1007 0.2263 0.9688
vn -0.3611 -0.0955 -0.9276
vn -0.1936 -0.1501 -0.9695
vn -0.7150 0.0489 -0.6974
vn -0.5886 0.4902 0.6429
vn -0.8687 0.4907 -0.0682
vn -0.2111 0.3319 0.9194
vn -0.0489 0.2471 0.9678
vn -0.3702 0.0012 -0.9290
vn -0.2222 -0.0954 -0.9703
vn -0.6731 0.2310 -0.7025
vn -0.4655 0.6128 0.6386
vn -0.7384 0.6707 -0.0702
vn -0.1330 0.3800 0.9154
vn 0.0069 0.2641 0.9645
vn -0.3684 0.0830 -0.9260
vn -0.2426 -0.0476 -0.9690
vn -0.6092 0.3734 -0.6996
vn -0.3193 0.6998 0.6391
vn -0.5698 0.8187 -0.0718
vn -0.0481 0.3972 0.9165
vn 0.0623 0.2520 0.9657
vn -0.3375 0.1673 -0.9263
vn -0.2421 0.0106 -0.9702
vn -0.5080 0.5017 -0.7002
vn -0.1286 0.7628 0.6338
vn -0.3399 0.9368 -0.0824
vn 0.0568 0.3987 0.9153
vn 0.1258 0.2295 0.9651
vn -0.2800 0.2439 -0.9285
vn -0.2287 0.0692 -0.9710
vn -0.3595 0.6123 -0.7042
vn 0.0399 0.7708 0.6358
vn -0.1322 0.9883 -0.0760
vn 0.1449 0.3759 0.9152
vn 0.1770 0.1965 0.9644
vn -0.2283 0.3007 -0.9260
vn -0.2166 0.1183 -0.9691
vn -0.2246 0.6779 -0.7000
vn 0.2009 0.7413 0.6405
vn 0.0831 0.9940 -0.0710
vn 0.2168 0.3335 0.9175
vn 0.2092 0.1511 0.9661
vn -0.1545 0.3465 -0.9253
vn -0.1815 0.1655 -0.9694
vn -0.0719 0.7116 -0.6988
vn 0.3900 0.6680 0.6337
vn 0.3384 0.9375 -0.0814
vn 0.2992 0.2683 0.9157
vn 0.2437 0.0933 0.9654
vn -0.0599 0.3714 -0.9265
vn -0.1325 0.2052 -0.9697
vn 0.1149 0.7025 -0.7024
vn 0.5323 0.5643 0.6311
vn 0.5397 0.8380 -0.0807
vn 0.3556 0.1935 0.9144
vn 0.2628 0.0346 0.9642
vn 0.0215 0.3803 -0.9246
vn -0.0866 0.2365 -0.9678
vn 0.2689 0.6630 -0.6987
vn 0.6421 0.4332 0.6325
vn 0.7128 0.6968 -0.0800
vn 0.3832 0.1078 0.9174
vn 0.2553 -0.0287 0.9664
vn 0.1090 0.3626 -0.9255
vn -0.0275 0.2453 -0.9691
vn 0.4123 0.5855 -0.6980
vn 0.7380 0.2521 0.6259
vn 0.8690 0.4865 -0.0897
vn 0.3985 0.0035 0.9172
vn 0.2367 -0.0946 0.9670
vn 0.1964 0.3196 -0.9270
vn 0.0346 0.2428 -0.9695
vn 0.5485 0.4557 -0.7010
vn 0.7778 0.0842 0.6229
vn 0.9538 0.2864 -0.0904
vn 0.3904 -0.0885 0.9164
vn 0.2108 -0.1504 0.9659
vn 0.2625 0.2762 -0.9246
vn 0.0865 0.2380 -0.9674
vn 0.6356 0.3290 -0.6984
vn 0.7794 -0.0781 0.6216
vn 0.9922 0.0806 -0.0950
vn 0.3633 -0.1638 0.9172
vn 0.1746 -0.1858 0.9670
vn 0.3191 0.2109 -0.9240
vn 0.1366 0.2095 -0.9682
vn 0.6891 0.1865 -0.7003
vn 0.7416 -0.2773 0.6108
vn 0.9785 -0.1729 -0.1123
vn 0.3160 -0.2549 0.9139
vn 0.1253 -0.2271 0.9658
vn 0.3570 0.1244 -0.9258
vn 0.1827 0.1688 -0.9686
vn 0.7064 0.0077 -0.7078
vn 0.6611 -0.4421 0.6062
vn 0.9131 -0.3916 -0.1132
vn 0.2466 -0.3248 0.9131
vn 0.0656 -0.2555 0.9646
vn 0.3763 0.0459 -0.9254
vn 0.2200 0.1283 -0.9670
vn 0.6916 -0.1516 -0.7061
vn 0.5472 -0.5720 0.6111
vn 0.8041 -0.5852 -0.1045
vn 0.1693 -0.3611 0.9170
vn 0.0073 -0.2504 0.9681
vn 0.3762 -0.0448 -0.9254
vn 0.2388 0.0712 -0.9685
vn 0.6432 -0.3075 -0.7013
vn 0.3814 -0.6934 0.6113
vn 0.6281 -0.7714 -0.1024
vn 0.0735 -0.3967 0.9150
vn -0.0544 -0.2476 0.9673
vn 0.3524 -0.1407 -0.9252
vn 0.2464 0.0088 -0.9691
vn 0.5455 -0.4648 -0.6974
vn 0.2141 -0.7620 0.6111
vn 0.4412 -0.8920 -0.0984
vn -0.0241 -0.4068 0.9132
vn -0.1172 -0.2357 0.9647
vn 0.3211 -0.2146 -0.9224
vn 0.2531 -0.0439 -0.9665
vn 0.4339 -0.5765 -0.6923
vn 0.0483 -0.7930 0.6073
vn 0.2384 -0.9652 -0.1073
vn -0.1092 -0.3875 0.9154
vn -0.1637 -0.1990 0.9662
vn 0.2637 -0.2815 -0.9226
vn 0.2351 -0.1027 -0.9665
vn 0.2957 -0.6536 -0.6967
vn -0.1527 -0.7917 0.5916
vn -0.0085 -0.9913 -0.1316
vn -0.2019 -0.3578 0.9117
vn -0.2045 -0.1600 0.9657
vn 0.1843 -0.3328 -0.9248
vn 0.2005 -0.1560 -0.9672
vn 0.1238 -0.6963 -0.7070
vn -0.3290 -0.7403 0.5863
vn -0.2282 -0.9643 -0.1341
vn -0.2849 -0.3088 0.9075
vn -0.2455 -0.1156 0.9625
vn 0.1126 -0.3661 -0.9238
vn 0.1681 -0.1976 -0.9657
vn -0.0297 -0.7073 -0.7063
vn -0.4815 -0.6451 0.5933
vn -0.4424 -0.8884 -0.1228
vn -0.3387 -0.2345 0.9112
vn -0.2563 -0.0533 0.9651
vn 0.0197 -0.3847 -0.9229
vn 0.1123 -0.2317 -0.9663
vn -0.1958 -0.6860 -0.7008
vn -0.6279 -0.4984 0.5978
vn -0.6554 -0.7470 -0.1119
vn -0.3847 -0.1405 0.9123
vn -0.2559 0.0138 0.9666
vn -0.0866 -0.3837 -0.9194
vn 0.0427 -0.2589 -0.9650
vn -0.3711 -0.6193 -0.6919
vn -0.7220 -0.3408 0.6021
vn -0.8056 -0.5841 -0.0993
vn -0.4108 -0.0437 0.9107
vn -0.2540 0.0794 0.9639
vn -0.1721 -0.3664 -0.9144
vn -0.0157 -0.2721 -0.9621
vn -0.5027 -0.5309 -0.6822
vn -0.7825 -0.1741 0.5978
vn -0.9153 -0.3884 -0.1062
vn -0.4118 0.0441 0.9102
vn -0.2309 0.1283 0.9645
vn -0.2519 -0.3152 -0.9150
vn -0.0744 -0.2567 -0.9636
vn -0.6072 -0.4013 -0.6858
vn -0.8148 0.0242 0.5793
vn -0.9797 -0.1499 -0.1329
vn -0.4030 0.1439 0.9038
vn -0.2059 0.1798 0.9619
vn -0.3169 -0.2403 -0.9175
vn -0.1297 -0.2286 -0.9648
vn -0.6771 -0.2354 -0.6973
vn -0.7978 0.2003 0.5687
vn -0.9876 0.0601 -0.1451
vn -0.3722 0.2336 0.8983
vn -0.1741 0.2287 0.9578
vn -0.3620 -0.1738 -0.9158
vn -0.1761 -0.2033 -0.9631
vn -0.7074 -0.0910 -0.7010
vn -0.7366 0.3701 0.5661
vn -0.9493 0.2773 -0.1483
vn -0.3156 0.3064 0.8981
vn -0.1227 0.2566 0.9587
vn -0.3917 -0.0850 -0.9162
vn -0.2158 -0.1538 -0.9643
vn -0.7080 0.0691 -0.7028
vn -0.6205 0.5499 0.5591
vn -0.8444 0.5132 -0.1536
vn -0.2293 0.3802 0.8961
vn -0.0540 0.2815 0.9580
vn -0.3976 0.0193 -0.9174
vn -0.2459 -0.0927 -0.9648
vn -0.6651 0.2517 -0.7030
vn -0.4837 0.6760 0.5560
vn -0.7117 0.6862 -0.1504
vn -0.1367 0.4260 0.8943
vn 0.0138 0.2912 0.9565
vn -0.3914 0.1044 -0.9143
vn -0.2676 -0.0405 -0.9627
vn -0.6000 0.3930 -0.6968
vn -0.3231 0.7680 0.5529
vn -0.5402 0.8275 -0.1532
vn -0.0422 0.4460 0.8940
vn 0.0745 0.2794 0.9573
vn -0.3550 0.1903 -0.9153
vn -0.2648 0.0210 -0.9641
vn -0.4956 0.5176 -0.6975
vn -0.1178 0.8332 0.5402
vn -0.3096 0.9358 -0.1684
vn 0.0730 0.4498 0.8901
vn 0.1437 0.2575 0.9555
vn -0.2911 0.2682 -0.9184
vn -0.2481 0.0812 -0.9653
vn -0.3429 0.6225 -0.7035
vn 0.0626 0.8410 0.5374
vn -0.1070 0.9799 -0.1683
vn 0.1713 0.4260 0.8883
vn 0.2008 0.2235 0.9538
vn -0.2357 0.3270 -0.9152
vn -0.2345 0.1336 -0.9629
vn -0.2088 0.6825 -0.7004
vn 0.2386 0.8065 0.5409
vn 0.1052 0.9808 -0.1643
vn 0.2538 0.3785 0.8901
vn 0.2385 0.1737 0.9555
vn -0.1565 0.3750 -0.9137
vn -0.1956 0.1855 -0.9630
vn -0.0569 0.7129 -0.6989
vn 0.4440 0.7193 0.5343
vn 0.3591 0.9180 -0.1682
vn 0.3473 0.3021 0.8878
vn 0.2782 0.1070 0.9545
vn -0.0528 0.4026 -0.9138
vn -0.1399 0.2315 -0.9627
vn 0.1326 0.7024 -0.6993
vn 0.5947 0.6003 0.5348
vn 0.5561 0.8158 -0.1587
vn 0.4071 0.2054 0.8900
vn 0.2963 0.0265 0.9547
vn 0.0385 0.4143 -0.9093
vn -0.0867 0.2666 -0.9599
vn 0.2884 0.6632 -0.6907
vn 0.7087 0.4521 0.5417
vn 0.7250 0.6721 -0.1508
vn 0.4274 0.1019 0.8983
vn 0.2758 -0.0490 0.9600
vn 0.1355 0.3934 -0.9093
vn -0.0163 0.2770 -0.9607
vn 0.4342 0.5835 -0.6863
vn 0.8052 0.2496 0.5379
vn 0.8756 0.4579 -0.1539
vn 0.4419 -0.0104 0.8970
vn 0.2539 -0.1134 0.9606
vn 0.2258 0.3421 -0.9121
vn 0.0518 0.2712 -0.9611
vn 0.5720 0.4492 -0.6863
vn 0.8420 0.0669 0.5354
vn 0.9545 0.2572 -0.1508
vn 0.4439 -0.1078 0.8896
vn 0.2415 -0.1690 0.9556
vn 0.2944 0.2927 -0.9098
vn 0.1051 0.2626 -0.9592
vn 0.6587 0.3186 -0.6816
vn 0.8411 -0.1078 0.5301
vn 0.9862 0.0524 -0.1571
vn 0.4210 -0.1956 0.8857
vn 0.2108 -0.2146 0.9537
vn 0.3516 0.2209 -0.9097
vn 0.1555 0.2302 -0.9607
vn 0.7093 0.1719 -0.6837
vn 0.7976 -0.3208 0.5107
vn 0.9643 -0.1958 -0.1783
vn 0.3595 -0.3034 0.8824
vn 0.1455 -0.2690 0.9521
vn 0.3873 0.1286 -0.9130
vn 0.2012 0.1867 -0.9616
vn 0.7213 -0.0092 -0.6926
vn 0.7104 -0.4978 0.4975
vn 0.8938 -0.4081 -0.1860
vn 0.2729 -0.3790 0.8842
vn 0.0693 -0.2952 0.9529
vn 0.4057 0.0459 -0.9129
vn 0.2375 0.1465 -0.9603
vn 0.7008 -0.1686 -0.6932
vn 0.5880 -0.6389 0.4960
vn 0.7824 -0.5950 -0.1837
vn 0.1857 -0.4197 0.8885
vn 0.0051 -0.2889 0.9573
vn 0.4059 -0.0521 -0.9124
vn 0.2621 0.0831 -0.9615
vn 0.6469 -0.3239 -0.6903
vn 0.4046 -0.7680 0.4964
vn 0.6057 -0.7748 -0.1809
vn 0.0789 -0.4611 0.8838
vn -0.0618 -0.2878 0.9557
vn 0.3811 -0.1572 -0.9111
vn 0.2766 0.0103 -0.9609
vn 0.5451 -0.4812 -0.6865
vn 0.2151 -0.8360 0.5048
vn 0.4162 -0.8942 -0.1651
vn -0.0347 -0.4712 0.8813
vn -0.1354 -0.2735 0.9523
vn 0.3472 -0.2442 -0.9055
vn 0.2834 -0.0565 -0.9573
vn 0.4311 -0.5988 -0.6750
vn 0.0293 -0.8549 0.5180
vn 0.2106 -0.9663 -0.1482
vn -0.1326 -0.4442 0.8861
vn -0.1876 -0.2297 0.9550
vn 0.2836 -0.3240 -0.9026
vn 0.2624 -0.1283 -0.9564
vn 0.2888 -0.6881 -0.6657
vn -0.1894 -0.8323 0.5209
vn -0.0406 -0.9886 -0.1449
vn -0.2430 -0.3922 0.8872
vn -0.2417 -0.1683 0.9556
vn 0.1924 -0.3877 -0.9015
vn 0.2213 -0.1928 -0.9560
vn 0.1054 -0.7416 -0.6625
vn -0.3754 -0.7658 0.5221
vn -0.2621 -0.9552 -0.1378
vn -0.3318 -0.3167 0.8886
vn -0.2820 -0.0976 0.9544
vn 0.1077 -0.4283 -0.8972
vn 0.1811 -0.2432 -0.9529
vn -0.0601 -0.7527 -0.6557
vn -0.5337 -0.6655 0.5218
vn -0.4699 -0.8722 -0.1358
vn -0.3854 -0.2414 0.8906
vn -0.2845 -0.0402 0.9578
vn 0.0038 -0.4421 -0.8970
vn 0.1182 -0.2758 -0.9539
vn -0.2315 -0.7206 -0.6535
vn -0.6891 -0.5155 0.5093
vn -0.6726 -0.7255 -0.1456
vn -0.4488 -0.1509 0.8808
vn -0.3013 0.0186 0.9533
vn -0.1087 -0.4282 -0.8971
vn 0.0439 -0.2961 -0.9542
vn -0.4054 -0.6379 -0.6548
vn -0.7904 -0.3514 0.5017
vn -0.8139 -0.5620 -0.1477
vn -0.4819 -0.0420 0.8752
vn -0.3030 0.0952 0.9482
vn -0.1958 -0.4023 -0.8943
vn -0.0164 -0.3074 -0.9514
vn -0.5328 -0.5391 -0.6523
vn -0.8515 -0.1713 0.4955
vn -0.9178 -0.3661 -0.1537
vn -0.4783 0.0596 0.8762
vn -0.2696 0.1526 0.9508
vn -0.2824 -0.3440 -0.8955
vn -0.0828 -0.2892 -0.9537
vn -0.6388 -0.4036 -0.6550
vn -0.8742 0.0465 0.4834
vn -0.9782 -0.1260 -0.1652
vn -0.4613 0.1760 0.8696
vn -0.2358 0.2130 0.9482
vn -0.3547 -0.2611 -0.8978
vn -0.1457 -0.2577 -0.9552
vn -0.7159 -0.2303 -0.6591
vn -0.8444 0.2363 0.4808
vn -0.9828 0.0857 -0.1635
vn -0.4127 0.2813 0.8663
vn -0.1845 0.2732 0.9441
vn -0.4039 -0.1877 -0.8953
vn -0.1974 -0.2308 -0.9528
vn -0.7508 -0.0767 -0.6561
vn -0.7722 0.4144 0.4817
vn -0.9397 0.3017 -0.1610
vn -0.3407 0.3581 0.8693
vn -0.1180 0.2964 0.9477
vn -0.4363 -0.0902 -0.8952
vn -0.2456 -0.1765 -0.9532
vn -0.7498 0.0936 -0.6550
vn -0.6430 0.6015 0.4740
vn -0.8294 0.5338 -0.1648
vn -0.2464 0.4389 0.8641
vn -0.0472 0.3211 0.9459
vn -0.4431 0.0253 -0.8961
vn -0.2825 -0.1070 -0.9533
vn -0.6999 0.2856 -0.6547
vn -0.4926 0.7307 0.4727
vn -0.6921 0.7042 -0.1584
vn -0.1413 0.4917 0.8592
vn 0.0278 0.3366 0.9412
vn -0.4368 0.1231 -0.8911
vn -0.3070 -0.0456 -0.9506
vn -0.6269 0.4351 -0.6464
vn -0.3174 0.8198 0.4767
vn -0.5171 0.8424 -0.1518
vn -0.0304 0.5071 0.8613
vn 0.0997 0.3166 0.9433
vn -0.3976 0.2240 -0.8898
vn -0.3062 0.0283 -0.9515
vn -0.5143 0.5690 -0.6416
vn -0.0955 0.8747 0.4751
vn -0.2826 0.9473 -0.1510
vn 0.1064 0.4943 0.8628
vn 0.1859 0.2725 0.9440
vn -0.3257 0.3184 -0.8903
vn -0.2883 0.1063 -0.9516
vn -0.3497 0.6845 -0.6397
vn 0.0964 0.8713 0.4812
vn -0.0749 0.9874 -0.1392
vn 0.2147 0.4510 0.8663
vn 0.2444 0.2165 0.9452
vn -0.2599 0.3887 -0.8839
vn -0.2703 0.1724 -0.9472
vn -0.2011 0.7505 -0.6295
vn 0.2787 0.8267 0.4887
vn 0.1399 0.9816 -0.1296
vn 0.2996 0.3958 0.8681
vn 0.2766 0.1623 0.9472
vn -0.1660 0.4424 -0.8813
vn -0.2214 0.2324 -0.9471
vn -0.0330 0.7812 -0.6234
vn 0.4863 0.7291 0.4816
vn 0.3905 0.9110 -0.1330
vn 0.4001 0.3128 0.8614
vn 0.3198 0.0932 0.9429
vn -0.0469 0.4686 -0.8822
vn -0.1551 0.2807 -0.9472
vn 0.1717 0.7631 -0.6231
vn 0.6394 0.6033 0.4766
vn 0.5831 0.8019 -0.1302
vn 0.4668 0.2154 0.8577
vn 0.3404 0.0177 0.9401
vn 0.0551 0.4753 -0.8781
vn -0.0953 0.3156 -0.9441
vn 0.3370 0.7112 -0.6169
vn 0.7561 0.4502 0.4750
vn 0.7458 0.6532 -0.1310
vn 0.5017 0.1123 0.8577
vn 0.3331 -0.0531 0.9414
vn 0.1642 0.4489 -0.8784
vn -0.0188 0.3240 -0.9459
vn 0.4879 0.6176 -0.6169
vn 0.8527 0.2406 0.4638
vn 0.8881 0.4375 -0.1408
vn 0.5193 -0.0239 0.8543
vn 0.3099 -0.1430 0.9399
vn 0.2690 0.3889 -0.8812
vn 0.0597 0.3154 -0.9471
vn 0.6279 0.4688 -0.6213
vn 0.8874 0.0492 0.4584
vn 0.9616 0.2359 -0.1401
vn 0.5040 -0.1403 0.8523
vn 0.2719 -0.2118 0.9387
vn 0.3475 0.3305 -0.8775
vn 0.1249 0.3058 -0.9439
vn 0.7156 0.3265 -0.6175
vn 0.8795 -0.1353 0.4562
vn 0.9896 0.0287 -0.1409
vn 0.4694 -0.2363 0.8508
vn 0.2283 -0.2560 0.9393
vn 0.4134 0.2459 -0.8767
vn 0.1891 0.2676 -0.9448
vn 0.7693 0.1668 -0.6168
vn 0.8217 -0.3563 0.4448
vn 0.9635 -0.2216 -0.1500
vn 0.4011 -0.3561 0.8440
vn 0.1604 -0.3165 0.9349
vn 0.4577 0.1365 -0.8785
vn 0.2497 0.2137 -0.9444
vn 0.7836 -0.0314 -0.6204
vn 0.7210 -0.5357 0.4396
vn 0.8889 -0.4335 -0.1480
vn 0.3039 -0.4416 0.8442
vn 0.0737 -0.3472 0.9349
vn 0.4814 0.0373 -0.8757
vn 0.2996 0.1595 -0.9406
vn 0.7607 -0.2052 -0.6158
vn 0.5876 -0.6778 0.4420
vn 0.7716 -0.6200 -0.1419
vn 0.2057 -0.4898 0.8472
vn 0.0025 -0.3432 0.9392
vn 0.4786 -0.0785 -0.8745
vn 0.3274 0.0797 -0.9415
vn 0.6979 -0.3743 -0.6106
vn 0.3953 -0.8058 0.4409
vn 0.5890 -0.7959 -0.1402
vn 0.0732 -0.5317 0.8437
vn -0.0882 -0.3387 0.9368
vn 0.4450 -0.2020 -0.8725
vn 0.3392 -0.0100 -0.9407
vn 0.5810 -0.5421 -0.6071
vn 0.2015 -0.8729 0.4444
vn 0.3976 -0.9082 -0.1304
vn -0.0596 -0.5302 0.8458
vn -0.1766 -0.3059 0.9355
vn 0.4002 -0.2987 -0.8664
vn 0.3408 -0.0873 -0.9361
vn 0.4531 -0.6619 -0.5971
vn 0.0108 -0.8929 0.4500
vn 0.1915 -0.9738 -0.1224
vn -0.1670 -0.4964 0.8519
vn -0.2310 -0.2483 0.9407
vn 0.3229 -0.3847 -0.8647
vn 0.3098 -0.1639 -0.9366
vn 0.2971 -0.7496 -0.5915
vn -0.2155 -0.8697 0.4441
vn -0.0589 -0.9901 -0.1275
vn -0.2882 -0.4496 0.8455
vn -0.2874 -0.1950 0.9378
vn 0.2146 -0.4464 -0.8687
vn 0.2555 -0.2210 -0.9412
vn 0.0996 -0.7988 -0.5933
vn -0.4067 -0.8017 0.4380
vn -0.2760 -0.9525 -0.1286
vn -0.3921 -0.3778 0.8388
vn -0.3392 -0.1304 0.9316
vn 0.1237 -0.4817 -0.8676
vn 0.2188 -0.2653 -0.9390
vn -0.0747 -0.8032 -0.5910
vn -0.5711 -0.6976 0.4327
vn -0.4791 -0.8678 -0.1315
vn -0.4616 -0.2910 0.8380
vn -0.3542 -0.0615 0.9332
vn 0.0110 -0.4989 -0.8666
vn 0.1518 -0.3127 -0.9377
vn -0.2523 -0.7652 -0.5923
vn -0.7319 -0.5356 0.4212
vn -0.6813 -0.7188 -0.1386
vn -0.5274 -0.1711 0.8322
vn -0.3632 0.0268 0.9313
vn -0.1136 -0.4671 -0.8769
vn 0.0798 -0.2949 -0.9522
vn -0.4369 -0.6753 -0.5942
vn -0.8321 -0.3581 0.4235
vn -0.8231 -0.5528 -0.1303
vn -0.5557 -0.0444 0.8302
vn -0.3546 0.1130 0.9282
vn -0.2199 -0.4350 -0.8732
vn 0.0992 -0.2602 -0.9604
vn -0.5690 -0.5625 -0.5999
vn -0.8844 -0.1648 0.4367
vn -0.9277 -0.3550 -0.1157
vn -0.5430 0.0742 0.8364
vn -0.3098 0.1819 0.9332
vn -0.4077 -0.4180 -0.8118
vn -0.6777 -0.4325 -0.5948
vn -0.8929 0.0631 0.4457
vn -0.9883 -0.1113 -0.1041
vn -0.5039 0.2080 0.8383
vn -0.2488 0.2543 0.9346
vn -0.7800 -0.2511 -0.5732
vn -0.6106 -0.2973 -0.7340
vn -0.8561 0.2510 0.4518
vn -0.9909 0.0981 -0.0926
vn -0.4467 0.3108 0.8390
vn -0.1910 0.3020 0.9340
vn -0.8215 -0.0748 -0.5653
vn -0.6577 -0.1507 -0.7380
vn -0.7891 0.4209 0.4474
vn -0.9481 0.3033 -0.0954
vn -0.3837 0.3910 0.8366
vn -0.1396 0.3292 0.9339
vn -0.8123 0.0902 -0.5762
vn -0.6446 -0.0359 -0.7636
vn -0.6683 0.6084 0.4281
vn -0.8420 0.5278 -0.1118
vn -0.2888 0.4827 0.8268
vn -0.0673 0.3611 0.9301
vn -0.7623 0.2865 -0.5803
vn -0.6209 0.1076 -0.7764
vn -0.5131 0.7477 0.4214
vn -0.7015 0.7039 -0.1117
vn -0.1605 0.5406 0.8258
vn 0.0337 0.3715 0.9278
vn -0.6902 0.4612 -0.5577
vn -0.6024 0.2535 -0.7569
vn -0.3215 0.8382 0.4405
vn -0.5178 0.8507 -0.0903
vn -0.0276 0.5455 0.8377
vn 0.1239 0.3264 0.9371
vn -0.5715 0.6419 -0.5112
vn -0.5509 0.4418 -0.7081
vn -0.0819 0.8525 0.5163
vn -0.2911 0.9562 -0.0309
vn 0.0980 0.5311 0.8416
vn 0.1785 0.2661 0.9473
vn -0.3943 0.8128 -0.4289
vn -0.4314 0.6661 -0.6084
vn 0.0846 0.7735 0.6281
vn -0.1086 0.9905 0.0839
vn 0.1781 0.5029 0.8458
vn -0.2375 0.9219 -0.3060
vn -0.2969 0.8355 -0.4624
vn 0.2082 0.6637 0.7185
vn 0.0756 0.9741 0.2133
vn 0.2444 0.3950 0.8856
vn -0.0548 0.9790 -0.1965
vn -0.1161 0.9261 -0.3589
vn 0.3601 0.4930 0.7920
vn 0.3277 0.8895 0.3186
vn 0.3153 0.1782 0.9321
vn 0.2088 0.9686 -0.1351
vn 0.1371 0.9341 -0.3297
vn 0.4383 0.3044 0.8457
vn 0.5372 0.7494 0.3872
vn 0.2996 -0.0051 0.9541
vn 0.4478 0.8894 -0.0917
vn 0.3631 0.8795 -0.3076
vn 0.4521 0.1599 0.8775
vn 0.6848 0.5932 0.4234
vn 0.2389 -0.1063 0.9652
vn 0.6454 0.7617 -0.0578
vn 0.5616 0.7774 -0.2833
vn 0.4569 0.0327 0.8889
vn 0.8118 0.3940 0.4310
vn 0.1864 -0.1597 0.9694
vn 0.8240 0.5646 -0.0473
vn 0.7480 0.6019 -0.2797
vn 0.4555 -0.0599 0.8882
vn 0.8759 0.2060 0.4363
vn 0.1641 -0.1806 0.9698
vn 0.9298 0.3666 -0.0340
vn 0.8665 0.4204 -0.2692
vn 0.4491 -0.1281 0.8842
vn 0.8939 0.0274 0.4475
vn 0.1578 -0.1811 0.9707
vn 0.9862 0.1635 -0.0255
vn 0.9352 0.2256 -0.2729
vn 0.4331 -0.2278 0.8721
vn 0.8691 -0.1940 0.4550
vn 0.1558 -0.2080 0.9656
vn 0.9951 -0.0871 -0.0464
vn 0.9467 -0.0121 -0.3219
vn 0.3875 -0.3246 0.8628
vn 0.8033 -0.3810 0.4578
vn 0.1274 -0.2510 0.9596
vn -0.1075 -0.3640 -0.9252
vn 0.9518 -0.2998 -0.0647
vn 0.9100 -0.2055 -0.3600
vn 0.3188 -0.3923 0.8628
vn 0.7112 -0.5397 0.4504
vn 0.0715 -0.2604 0.9629
vn -0.3653 0.0828 -0.9272
vn 0.8666 -0.4914 -0.0872
vn 0.8328 -0.3795 -0.4029
vn 0.2114 -0.4636 0.8604
vn 0.5579 -0.7095 0.4305
vn -0.0078 -0.2581 0.9661
vn -0.5755 0.1857 -0.7964
vn 0.7117 -0.6904 -0.1298
vn 0.6906 -0.5519 -0.4674
vn 0.0910 -0.5041 0.8588
vn 0.3793 -0.8251 0.4187
vn -0.0836 -0.2417 0.9668
vn 0.0978 0.2158 -0.9715
vn 0.5330 -0.8324 -0.1517
vn 0.5387 -0.6757 -0.5032
vn -0.0217 -0.5063 0.8621
vn 0.1856 -0.8884 0.4198
vn -0.1344 -0.2013 0.9703
vn 0.1056 0.3622 -0.9261
vn 0.3285 -0.9301 -0.1640
vn 0.3617 -0.7634 -0.5352
vn -0.1553 -0.4822 0.8622
vn -0.0574 -0.9024 0.4270
vn -0.1837 -0.1501 0.9714
vn 0.8628 -0.2389 -0.4455
vn 0.0721 -0.9828 -0.1700
vn 0.1481 -0.8246 -0.5460
vn -0.2657 -0.4244 0.8656
vn -0.2739 -0.8660 0.4184
vn -0.2182 -0.0861 0.9721
vn -0.1753 -0.9731 -0.1492
vn -0.0789 -0.8848 -0.4592
vn -0.3402 -0.3455 0.8746
vn -0.4568 -0.8038 0.3811
vn -0.2116 -0.0099 0.9773
vn -0.8557 0.2381 -0.4595
vn -0.4006 -0.9120 -0.0882
vn -0.3522 -0.9090 -0.2231
vn -0.4072 -0.2351 0.8826
vn -0.6398 -0.6761 0.3654
vn -0.1828 0.0701 0.9806
vn -0.6223 -0.7821 -0.0333
vn -0.6596 -0.7321 -0.1702
vn -0.4498 -0.1424 0.8817
vn -0.7646 -0.5082 0.3964
vn -0.1408 0.1181 0.9830
vn 0.1436 0.0638 -0.9876
vn 0.1561 0.0753 -0.9849
vn 0.0008 -0.0257 -0.9997
vn -0.6450 -0.2465 -0.7233
vn -0.4625 -0.3700 -0.8057
vn -0.7270 -0.5892 -0.3526
vn -0.7821 -0.6221 -0.0359
vn -0.4696 -0.0567 0.8810
vn -0.8424 -0.3177 0.4352
vn -0.0791 0.1374 0.9874
vn 0.1952 0.0107 -0.9807
vn 0.2236 -0.0268 -0.9743
vn 0.0722 -0.1379 -0.9878
vn -0.3949 -0.3572 -0.8465
vn -0.7439 -0.4631 -0.4818
vn -0.8920 -0.4496 -0.0464
vn -0.4785 0.0673 0.8755
vn -0.8864 -0.0920 0.4537
vn -0.0632 0.1653 0.9842
vn 0.2935 -0.0430 -0.9550
vn 0.2933 -0.0936 -0.9514
vn 0.0760 -0.1680 -0.9829
vn -0.4637 -0.2624 -0.8462
vn -0.8268 -0.2693 -0.4939
vn -0.9778 -0.2074 -0.0285
vn -0.4797 0.2082 0.8524
vn -0.8668 0.1323 0.4809
vn -0.1536 0.2192 0.9635
vn 0.4226 -0.1140 -0.8991
vn 0.3539 -0.1861 -0.9166
vn 0.0223 -0.2250 -0.9741
vn -0.5176 -0.1845 -0.8355
vn -0.8723 -0.0957 -0.4795
vn -0.9998 0.0165 -0.0100
vn -0.4230 0.3201 0.8477
vn -0.7906 0.3051 0.5308
vn -0.2392 0.3124 0.9193
vn 0.5816 -0.2989 -0.7566
vn 0.3660 -0.3333 -0.8689
vn -0.0791 -0.2575 -0.9630
vn -0.5669 -0.1003 -0.8176
vn -0.8886 0.0676 -0.4536
vn -0.9768 0.2126 0.0240
vn -0.7154 0.3340 0.6137
vn 0.6870 -0.4367 -0.5809
vn 0.3214 -0.5065 -0.8001
vn -0.1835 -0.4154 -0.8909
vn -0.6496 -0.2198 -0.7278
vn -0.9392 0.0101 -0.3432
vn -0.9679 0.2078 0.1417
vn 0.2983 0.5231 0.7984
vn 0.2978 0.5656 0.7690
vn -0.1402 0.4546 0.8796
vn -0.1366 0.4347 0.8902
vn -0.5400 0.1581 0.8267
vn -0.5786 0.1775 0.7960
vn 0.7093 0.4590 0.5350
vn 0.7034 0.5046 0.5005
vn 0.9625 0.2138 0.1671
vn 0.9548 0.2600 0.1442
vn 0.7765 -0.4433 -0.4477
vn 0.7875 -0.4386 -0.4329
vn 0.9812 -0.0643 -0.1819
vn 0.9831 -0.0903 -0.1595
vn 0.3496 -0.7353 -0.5805
vn 0.4068 -0.7719 -0.4885
vn -0.1336 -0.8621 -0.4889
vn -0.0183 -0.9527 -0.3033
vn -0.5709 -0.7917 -0.2174
vn -0.3959 -0.9181 0.0200
vn -0.9463 -0.3068 -0.1016
vn -0.6791 -0.5541 -0.4815
vn -0.8276 -0.5375 0.1621
vn -0.6597 -0.6632 0.3535
vn -0.8302 -0.1793 0.5278
vn -0.7299 -0.2586 0.6328
vn -0.6767 0.2526 0.6915
vn 0.6850 0.4132 0.6001
vn 0.6913 0.4212 0.5872
vn 0.9890 0.1126 0.0958
vn 0.9557 -0.1909 -0.2242
vn 0.7327 -0.4570 -0.5043
vn 0.2876 -0.6309 -0.7206
vn -0.2245 -0.6659 -0.7115
vn -0.9479 -0.0030 0.3185
vn 0.2195 0.7377 0.6385
vn 0.2612 0.6658 0.6989
vn -0.1207 0.4389 0.8904
vn -0.1964 0.5324 0.8234
vn 0.6185 0.7103 0.3360
vn 0.6422 0.6541 0.3995
vn -0.3901 0.0470 0.9196
vn -0.5105 0.1452 0.8475
vn 0.8896 0.4568 -0.0016
vn 0.9096 0.4074 0.0810
vn 0.9584 0.0483 -0.2812
vn 0.9867 -0.0001 -0.1625
vn 0.8099 -0.4074 -0.4220
vn 0.8565 -0.4450 -0.2615
vn 0.4912 -0.7862 -0.3751
vn 0.5685 -0.7983 -0.1988
vn 0.0997 -0.9823 -0.1584
vn 0.2106 -0.9775 -0.0071
vn -0.2637 -0.9532 0.1476
vn -0.1295 -0.9567 0.2607
vn -0.5276 -0.7150 0.4587
vn -0.3787 -0.7466 0.5469
vn -0.6273 -0.3157 0.7119
vn -0.4780 -0.3868 0.7886
vn -0.2982 -0.5232 0.7983
vn -0.2978 -0.5656 0.7690
vn 0.1402 -0.4546 0.8796
vn 0.1366 -0.4347 0.8902
vn 0.3865 0.3102 0.8686
vn 0.0498 0.1722 0.9838
vn 0.6940 0.2864 0.6606
vn 0.9045 0.1174 0.4100
vn 0.9719 -0.1615 0.1711
vn 0.8707 -0.4918 0.0045
vn 0.6145 -0.7880 -0.0368
vn 0.2677 -0.9612 0.0670
vn -0.0712 -0.9545 0.2894
vn -0.3029 -0.7667 0.5661
vn -0.3596 -0.4525 0.8161
vn -0.2272 -0.1058 0.9681
vn -0.2612 -0.6658 0.6989
vn -0.3865 -0.3102 0.8686
vn -0.0498 -0.1722 0.9838
vn 0.1207 -0.4389 0.8904
vn -0.1519 -0.7630 0.6283
vn -0.2202 -0.9007 0.3744
vn -0.0272 -0.7938 -0.6075
vn -0.1137 -0.7061 -0.6990
vn 0.0030 -0.4791 -0.8777
vn -0.0807 -0.9906 -0.1108
vn -0.2373 -0.9449 -0.2256
vn -0.7315 -0.4283 0.5306
vn -0.7522 -0.6505 0.1051
vn -0.2404 -0.5756 -0.7816
vn -0.0431 -0.4358 -0.8990
vn -0.5716 -0.7169 -0.3992
vn -0.8103 -0.2535 0.5283
vn -0.8786 -0.4671 0.0995
vn -0.5615 0.0226 0.8271
vn -0.3332 -0.5022 -0.7980
vn -0.0983 -0.4087 -0.9074
vn -0.7126 -0.5703 -0.4087
vn -0.8457 -0.0516 0.5311
vn -0.9649 -0.2443 0.0968
vn -0.5004 0.1509 0.8526
vn -0.4287 -0.3992 -0.8105
vn -0.1799 -0.3620 -0.9146
vn -0.8193 -0.3832 -0.4264
vn -0.8258 0.2074 0.5244
vn -0.9943 0.0589 0.0883
vn -0.4559 0.2942 0.8400
vn -0.0840 0.3036 0.9491
vn -0.5065 -0.2539 -0.8240
vn -0.2601 -0.2900 -0.9210
vn -0.8838 -0.1242 -0.4511
vn -0.7543 0.4034 0.5180
vn -0.9480 0.3058 0.0880
vn -0.3884 0.4017 0.8293
vn -0.0205 0.3247 0.9456
vn -0.5593 -0.1191 -0.8204
vn -0.3222 -0.2217 -0.9203
vn -0.8878 0.1033 -0.4485
vn -0.6534 0.5413 0.5291
vn -0.8642 0.4920 0.1058
vn -0.2931 0.4605 0.8379
vn 0.0512 0.3081 0.9500
vn -0.5807 0.0164 -0.8139
vn -0.3651 -0.1318 -0.9216
vn -0.8535 0.2928 -0.4311
vn -0.5041 0.6765 0.5368
vn -0.7224 0.6816 0.1166
vn -0.1695 0.5106 0.8429
vn 0.1278 0.2828 0.9506
vn -0.5576 0.1534 -0.8158
vn -0.3822 -0.0414 -0.9231
vn -0.7620 0.4914 -0.4218
vn -0.3577 0.7595 0.5433
vn -0.5739 0.8097 0.1230
vn -0.0573 0.5302 0.8459
vn 0.1950 0.2475 0.9491
vn -0.5227 0.2556 -0.8133
vn -0.3908 0.0280 -0.9200
vn -0.6537 0.6307 -0.4183
vn -0.2071 0.8127 0.5446
vn -0.4068 0.9065 0.1136
vn 0.0390 0.5254 0.8500
vn 0.2262 0.2029 0.9527
vn -0.4520 0.3504 -0.8203
vn -0.3671 0.1022 -0.9246
vn -0.5124 0.7394 -0.4368
vn 0.0141 0.8461 0.5329
vn -0.1633 0.9827 0.0877
vn 0.1800 0.5036 0.8450
vn 0.2719 0.1586 0.9492
vn -0.3425 0.4203 -0.8403
vn -0.3185 0.1667 -0.9331
vn -0.3106 0.8255 -0.4713
vn 0.2298 0.8185 0.5265
vn 0.0894 0.9928 0.0799
vn 0.3040 0.4507 0.8393
vn 0.3060 0.1081 0.9459
vn -0.2368 0.4649 -0.8531
vn -0.2764 0.2128 -0.9372
vn -0.1002 0.8669 -0.4882
vn 0.4047 0.7417 0.5348
vn 0.3196 0.9431 0.0920
vn 0.3869 0.3755 0.8422
vn 0.3086 0.0421 0.9502
vn -0.1098 0.5036 -0.8569
vn -0.2077 0.2638 -0.9420
vn 0.1151 0.8672 -0.4845
vn 0.5691 0.6155 0.5453
vn 0.5400 0.8346 0.1091
vn 0.4622 0.2615 0.8473
vn 0.3032 -0.0491 0.9517
vn 0.0221 0.5185 -0.8548
vn -0.1283 0.3139 -0.9407
vn 0.3310 0.8186 -0.4694
vn 0.6788 0.4766 0.5586
vn 0.7004 0.7021 0.1285
vn 0.4985 0.1500 0.8538
vn 0.2793 -0.1200 0.9527
vn 0.1296 0.5132 -0.8484
vn -0.0626 0.3440 -0.9369
vn 0.4982 0.7398 -0.4522
vn 0.7542 0.3256 0.5703
vn 0.8297 0.5410 0.1373
vn 0.5052 0.0430 0.8619
vn 0.2377 -0.1741 0.9556
vn 0.2424 0.4695 -0.8490
vn 0.0199 0.3427 -0.9392
vn 0.6445 0.6171 -0.4514
vn 0.8078 0.1342 0.5739
vn 0.9359 0.3267 0.1320
vn 0.4828 -0.0885 0.8712
vn 0.1744 -0.2325 0.9568
vn 0.3447 0.3915 -0.8532
vn 0.1016 0.3237 -0.9407
vn 0.7688 0.4407 -0.4634
vn 0.8101 -0.0651 0.5827
vn 0.9850 0.1006 0.1401
vn 0.4304 -0.2065 0.8787
vn 0.1059 -0.2678 0.9576
vn 0.4244 0.3086 -0.8513
vn 0.1758 0.2964 -0.9387
vn 0.8477 0.2591 -0.4629
vn 0.7575 -0.2601 0.5988
vn 0.9750 -0.1483 0.1658
vn 0.3641 -0.2965 0.8829
vn 0.0369 -0.2726 0.9614
vn 0.4849 0.1875 -0.8542
vn 0.2390 0.2329 -0.9427
vn 0.8925 0.0373 -0.4495
vn 0.6548 -0.4417 0.6133
vn 0.8970 -0.3989 0.1906
vn 0.2768 -0.3768 0.8840
vn -0.0406 -0.2688 0.9624
vn 0.5155 0.0504 -0.8554
vn 0.2867 0.1605 -0.9445
vn 0.8787 -0.2081 -0.4295
vn 0.5384 -0.5688 0.6218
vn 0.7875 -0.5811 0.2054
vn 0.1817 -0.4278 0.8854
vn -0.1085 -0.2577 0.9601
vn 0.5246 -0.0577 -0.8494
vn 0.3272 0.1011 -0.9395
vn 0.8200 -0.3938 -0.4154
vn 0.4080 -0.6658 0.6247
vn 0.6469 -0.7351 0.2026
vn 0.0908 -0.4493 0.8888
vn -0.1535 -0.2240 0.9624
vn 0.4948 -0.1741 -0.8514
vn 0.3391 0.0196 -0.9406
vn 0.7121 -0.5587 -0.4251
vn 0.2396 -0.7497 0.6168
vn 0.4539 -0.8726 0.1802
vn -0.0167 -0.4605 0.8875
vn -0.1970 -0.1855 0.9627
vn 0.4253 -0.2806 -0.8605
vn 0.3236 -0.0619 -0.9442
vn 0.5485 -0.7032 -0.4524
vn 0.0787 -0.7807 0.6199
vn 0.2689 -0.9471 0.1752
vn -0.1151 -0.4408 0.8902
vn -0.2316 -0.1407 0.9626
vn 0.3605 -0.3533 -0.8632
vn 0.3067 -0.1228 -0.9438
vn 0.3963 -0.7925 -0.4635
vn -0.1031 -0.7679 0.6323
vn 0.0435 -0.9818 0.1848
vn -0.2034 -0.4012 0.8931
vn -0.2415 -0.0879 0.9664
vn 0.2649 -0.4240 -0.8661
vn 0.2626 -0.1887 -0.9463
vn 0.2037 -0.8608 -0.4665
vn -0.3109 -0.7043 0.6382
vn -0.2316 -0.9526 0.1973
vn -0.3069 -0.3387 0.8894
vn -0.2578 -0.0237 0.9659
vn 0.1352 -0.4833 -0.8649
vn 0.1976 -0.2561 -0.9462
vn -0.0449 -0.8876 -0.4584
vn -0.4574 -0.6109 0.6463
vn -0.4380 -0.8730 0.2143
vn -0.3763 -0.2545 0.8909
vn -0.2622 0.0464 0.9639
vn 0.0243 -0.5098 -0.8600
vn 0.1369 -0.3028 -0.9432
vn -0.2449 -0.8622 -0.4434
vn -0.5753 -0.4972 0.6495
vn -0.6188 -0.7560 0.2136
vn -0.4141 -0.1697 0.8943
vn -0.2359 0.0964 0.9670
vn -0.0915 -0.4943 -0.8645
vn 0.0629 -0.3170 -0.9463
vn -0.4297 -0.7827 -0.4502
vn -0.6868 -0.3451 0.6397
vn -0.7900 -0.5835 0.1882
vn -0.4464 -0.0625 0.8926
vn -0.2132 0.1485 0.9656
vn -0.2001 -0.4404 -0.8752
vn -0.0072 -0.3069 -0.9517
vn -0.6001 -0.6418 -0.4775
vn -0.7490 -0.1995 0.6318
vn -0.8955 -0.4128 0.1663
vn -0.4438 0.0381 0.8953
vn -0.1792 0.1941 0.9645
vn -0.2719 -0.3877 -0.8808
vn -0.0568 -0.2983 -0.9528
vn -0.7060 -0.5028 -0.4987
vn -0.7759 -0.0426 0.6294
vn -0.9636 -0.2206 0.1508
vn -0.4211 0.1219 0.8988
vn -0.1320 0.2128 0.9681
vn -0.3371 -0.3143 -0.8875
vn -0.1133 -0.2722 -0.9555
vn -0.7834 -0.3415 -0.5193
vn -0.7633 0.1648 0.6247
vn -0.9902 0.0385 0.1342
vn -0.3891 0.2268 0.8929
vn -0.0883 0.2355 0.9679
vn -0.3978 -0.2131 -0.8924
vn -0.1738 -0.2301 -0.9575
vn -0.8325 -0.1263 -0.5394
vn -0.6994 0.3378 0.6299
vn -0.9529 0.2678 0.1422
vn -0.3316 0.3139 0.8897
vn -0.0391 0.2550 0.9661
vn -0.4474 -0.1158 -0.8868
vn -0.2288 -0.1864 -0.9555
vn -0.8424 0.0688 -0.5345
vn -0.5957 0.4773 0.6460
vn -0.8635 0.4759 0.1670
vn -0.2477 0.3691 0.8958
vn 0.0230 0.2453 0.9692
vn -0.4706 0.0037 -0.8823
vn -0.2714 -0.1136 -0.9557
vn -0.8117 0.2679 -0.5189
vn -0.4438 0.6098 0.6567
vn -0.7060 0.6839 0.1839
vn -0.1337 0.4117 0.9015
vn 0.0961 0.2208 0.9706
vn -0.4551 0.1315 -0.8806
vn -0.2959 -0.0316 -0.9547
vn -0.7178 0.4788 -0.5056
vn -0.2949 0.6869 0.6642
vn -0.5377 0.8202 0.1954
vn -0.0310 0.4245 0.9049
vn 0.1531 0.1909 0.9696
vn -0.4250 0.2312 -0.8752
vn -0.3075 0.0369 -0.9508
vn -0.6007 0.6276 -0.4953
vn -0.1453 0.7327 0.6649
vn -0.3510 0.9178 0.1856
vn 0.0547 0.4168 0.9074
vn 0.1841 0.1495 0.9715
vn -0.3589 0.3188 -0.8772
vn -0.2866 0.1057 -0.9522
vn -0.4465 0.7370 -0.5074
vn 0.0409 0.7586 0.6503
vn -0.1155 0.9821 0.1487
vn 0.1567 0.3991 0.9034
vn 0.2140 0.1092 0.9707
vn -0.2636 0.3822 -0.8857
vn -0.2468 0.1624 -0.9554
vn -0.2478 0.8059 -0.5377
vn 0.2085 0.7399 0.6397
vn 0.0982 0.9875 0.1233
vn 0.2449 0.3623 0.8993
vn 0.2376 0.0698 0.9688
vn -0.1803 0.4182 -0.8903
vn -0.2113 0.2013 -0.9565
vn -0.0741 0.8262 -0.5585
vn 0.3650 0.6802 0.6357
vn 0.3140 0.9434 0.1069
vn 0.3132 0.3061 0.8990
vn 0.2395 0.0243 0.9706
vn -0.0809 0.4317 -0.8984
vn -0.1560 0.2304 -0.9605
vn 0.1098 0.8097 -0.5765
vn 0.5321 0.5693 0.6267
vn 0.5471 0.8327 0.0851
vn 0.3834 0.2158 0.8980
vn 0.2385 -0.0388 0.9704
vn 0.0253 0.4217 -0.9064
vn -0.0958 0.2535 -0.9626
vn 0.3099 0.7426 -0.5937
vn 0.6506 0.4381 0.6202
vn 0.7200 0.6903 0.0711
vn 0.4233 0.1218 0.8978
vn 0.2256 -0.0932 0.9697
vn 0.1107 0.4038 -0.9081
vn -0.0433 0.2700 -0.9619
vn 0.4621 0.6517 -0.6014
vn 0.7321 0.2890 0.6169
vn 0.8546 0.5161 0.0574
vn 0.4352 0.0301 0.8998
vn 0.1938 -0.1347 0.9717
vn 0.1991 0.3630 -0.9103
vn 0.0169 0.2653 -0.9640
vn 0.5905 0.5267 -0.6115
vn 0.7877 0.0959 0.6086
vn 0.9583 0.2834 0.0364
vn 0.4244 -0.0838 0.9016
vn 0.1473 -0.1823 0.9722
vn 0.2886 0.2971 -0.9102
vn 0.0852 0.2490 -0.9648
vn 0.6968 0.3546 -0.6235
vn 0.7868 -0.0774 0.6123
vn 0.9965 0.0722 0.0414
vn 0.3878 -0.1743 0.9051
vn 0.0968 -0.2083 0.9733
vn 0.3559 0.2338 -0.9048
vn 0.1499 0.2305 -0.9615
vn 0.7622 0.2007 -0.6154
vn 0.7378 -0.2419 0.6301
vn 0.9872 -0.1451 0.0663
vn 0.3310 -0.2466 0.9108
vn 0.0397 -0.2149 0.9758
vn 0.4035 0.1456 -0.9033
vn 0.2021 0.1835 -0.9620
vn 0.7996 0.0276 -0.5999
vn 0.6380 -0.4266 0.6411
vn 0.9115 -0.4027 0.0838
vn 0.2418 -0.3230 0.9150
vn -0.0346 -0.2145 0.9761
vn 0.4253 0.0351 -0.9044
vn 0.2399 0.1246 -0.9628
vn 0.7863 -0.1892 -0.5882
vn 0.5183 -0.5635 0.6433
vn 0.7918 -0.6038 0.0925
vn 0.1549 -0.3706 0.9158
vn -0.0877 -0.2027 0.9753
vn 0.4290 -0.0584 -0.9014
vn 0.2711 0.0740 -0.9597
vn 0.7271 -0.3672 -0.5800
vn 0.3844 -0.6692 0.6359
vn 0.6356 -0.7680 0.0787
vn 0.0739 -0.3989 0.9140
vn -0.1241 -0.1827 0.9753
vn 0.4000 -0.1576 -0.9028
vn 0.2765 0.0072 -0.9610
vn 0.6178 -0.5187 -0.5910
vn 0.2100 -0.7581 0.6174
vn 0.4252 -0.9039 0.0456
vn -0.0289 -0.4118 0.9108
vn -0.1660 -0.1527 0.9742
vn 0.3393 -0.2450 -0.9082
vn 0.2620 -0.0580 -0.9633
vn 0.4602 -0.6425 -0.6128
vn 0.0458 -0.7907 0.6105
vn 0.2259 -0.9735 0.0355
vn -0.1166 -0.3953 0.9111
vn -0.1944 -0.1138 0.9743
vn 0.2849 -0.3074 -0.9079
vn 0.2504 -0.1081 -0.9621
vn 0.3160 -0.7202 -0.6176
vn -0.1147 -0.7767 0.6193
vn 0.0201 -0.9986 0.0484
vn -0.1860 -0.3634 0.9129
vn -0.2011 -0.0711 0.9770
vn 0.2083 -0.3703 -0.9053
vn 0.2143 -0.1678 -0.9623
vn 0.1567 -0.7768 -0.6099
vn -0.3080 -0.7132 0.6297
vn -0.2335 -0.9703 0.0633
vn -0.2741 -0.3081 0.9110
vn -0.2135 -0.0177 0.9768
vn 0.1066 -0.4126 -0.9047
vn 0.1617 -0.2194 -0.9621
vn -0.0456 -0.7971 -0.6022
vn -0.4658 -0.6146 0.6366
vn -0.4548 -0.8874 0.0759
vn -0.3426 -0.2305 0.9108
vn -0.2183 0.0410 0.9750
vn 0.0137 -0.4285 -0.9035
vn 0.1142 -0.2512 -0.9612
vn -0.2294 -0.7700 -0.5953
vn -0.5937 -0.4925 0.6363
vn -0.6486 -0.7577 0.0717
vn -0.3825 -0.1498 0.9117
vn -0.1977 0.0846 0.9766
vn -0.0863 -0.4136 -0.9063
vn 0.0542 -0.2627 -0.9634
vn -0.4014 -0.6906 -0.6016
vn -0.7085 -0.3306 0.6234
vn -0.8213 -0.5686 0.0468
vn -0.4133 -0.0474 0.9094
vn -0.1784 0.1308 0.9752
vn -0.1841 -0.3705 -0.9104
vn -0.0107 -0.2624 -0.9649
vn -0.5552 -0.5564 -0.6182
vn -0.7681 -0.1718 0.6168
vn -0.9237 -0.3814 0.0357
vn -0.4151 0.0455 0.9086
vn -0.1527 0.1670 0.9741
vn -0.2590 -0.3284 -0.9083
vn -0.0661 -0.2611 -0.9630
vn -0.6543 -0.4265 -0.6246
vn -0.7866 -0.0099 0.6173
vn -0.9835 -0.1778 0.0335
vn -0.3975 0.1237 0.9092
vn -0.1136 0.1860 0.9760
vn -0.3258 -0.2600 -0.9090
vn -0.1269 -0.2340 -0.9639
vn -0.7286 -0.2747 -0.6275
vn -0.7660 0.1834 0.6161
vn -0.9973 0.0671 0.0281
vn -0.3580 0.2184 0.9078
vn -0.0652 0.2090 0.9757
vn -0.3760 -0.1718 -0.9106
vn -0.1798 -0.1953 -0.9641
vn -0.7723 -0.0875 -0.6292
vn -0.7017 0.3516 0.6197
vn -0.9574 0.2866 0.0339
vn -0.2978 0.2962 0.9075
vn -0.0171 0.2226 0.9748
vn -0.4104 -0.0892 -0.9075
vn -0.2214 -0.1569 -0.9625
vn -0.7759 0.0818 -0.6255
vn -0.6007 0.4997 0.6241
vn -0.8651 0.5003 0.0367
vn -0.2248 0.3522 0.9085
vn 0.0288 0.2174 0.9757
vn -0.4152 0.0127 -0.9096
vn -0.2449 -0.0959 -0.9648
vn -0.7331 0.2607 -0.6282
vn -0.4516 0.6441 0.6174
vn -0.7034 0.7104 0.0238
vn -0.1266 0.4025 0.9066
vn 0.0827 0.2056 0.9751
vn -0.3888 0.1149 -0.9141
vn -0.2543 -0.0338 -0.9665
vn -0.6332 0.4410 -0.6361
vn -0.3006 0.7298 0.6140
vn -0.5328 0.8460 0.0202
vn -0.0332 0.4244 0.9049
vn 0.1290 0.1886 0.9735
vn -0.3600 0.1942 -0.9125
vn -0.2621 0.0180 -0.9649
vn -0.5243 0.5654 -0.6367
vn -0.1385 0.7785 0.6122
vn -0.3371 0.9414 0.0136
vn 0.0534 0.4228 0.9047
vn 0.1599 0.1564 0.9747
vn -0.3055 0.2710 -0.9128
vn -0.2479 0.0781 -0.9656
vn -0.3855 0.6612 -0.6436
vn 0.0575 0.7955 0.6032
vn -0.0936 0.9956 -0.0025
vn 0.1558 0.4020 0.9023
vn 0.1928 0.1159 0.9744
vn -0.2247 0.3321 -0.9161
vn -0.2169 0.1369 -0.9666
vn -0.2065 0.7288 -0.6528
vn 0.2256 0.7628 0.6061
vn 0.1171 0.9931 0.0004
vn 0.2402 0.3551 0.9034
vn 0.2167 0.0693 0.9738
vn -0.1559 0.3740 -0.9142
vn -0.1904 0.1829 -0.9645
vn -0.0518 0.7587 -0.6494
vn 0.3866 0.6860 0.6164
vn 0.3372 0.9413 0.0121
vn 0.3057 0.2874 0.9077
vn 0.2167 0.0158 0.9761
vn -0.0616 0.4019 -0.9136
vn -0.1360 0.2228 -0.9653
vn 0.1225 0.7536 -0.6458
vn 0.5538 0.5551 0.6207
vn 0.5763 0.8170 0.0181
vn 0.3693 0.1920 0.9092
vn 0.2115 -0.0457 0.9763
vn 0.0478 0.4012 -0.9147
vn -0.0703 0.2493 -0.9659
vn 0.3208 0.6948 -0.6437
vn 0.6651 0.4126 0.6225
vn 0.7468 0.6647 0.0232
vn 0.4051 0.0986 0.9090
vn 0.2003 -0.0980 0.9748
vn 0.1333 0.3841 -0.9136
vn -0.0177 0.2633 -0.9646
vn 0.4700 0.6078 -0.6400
vn 0.7399 0.2608 0.6201
vn 0.8740 0.4858 0.0144
vn 0.4173 0.0133 0.9087
vn 0.1740 -0.1336 0.9756
vn 0.2130 0.3403 -0.9159
vn 0.0389 0.2549 -0.9662
vn 0.5878 0.4855 -0.6471
vn 0.7944 0.0683 0.6035
vn 0.9681 0.2501 -0.0143
vn 0.4099 -0.0952 0.9072
vn 0.1358 -0.1770 0.9748
vn 0.2804 0.2709 -0.9208
vn 0.0926 0.2327 -0.9681
vn 0.6784 0.3172 -0.6627
vn 0.7968 -0.0981 0.5962
vn 0.9987 0.0452 -0.0221
vn 0.3772 -0.1800 0.9085
vn 0.0950 -0.2018 0.9748
vn 0.3296 0.2115 -0.9201
vn 0.1374 0.2148 -0.9669
vn 0.7273 0.1717 -0.6645
vn 0.7543 -0.2590 0.6033
vn 0.9864 -0.1633 -0.0177
vn 0.3291 -0.2477 0.9112
vn 0.0490 -0.2074 0.9770
vn 0.3692 0.1314 -0.9200
vn 0.1818 0.1731 -0.9680
vn 0.7469 0.0140 -0.6648
vn 0.6562 -0.4495 0.6061
vn 0.9082 -0.4182 -0.0177
vn 0.2473 -0.3264 0.9123
vn -0.0142 -0.2131 0.9769
vn 0.3860 0.0308 -0.9220
vn 0.2201 0.1177 -0.9683
vn 0.7227 -0.1829 -0.6666
vn 0.5275 -0.5891 0.6121
vn 0.7849 -0.6196 -0.0044
vn 0.1544 -0.3717 0.9154
vn -0.0716 -0.2018 0.9768
vn 0.3865 -0.0549 -0.9206
vn 0.2466 0.0684 -0.9667
vn 0.6670 -0.3479 -0.6588
vn 0.3792 -0.6869 0.6199
vn 0.6228 -0.7823 0.0068
vn 0.0726 -0.3934 0.9165
vn -0.1074 -0.1770 0.9783
vn 0.3616 -0.1470 -0.9207
vn 0.2525 0.0054 -0.9676
vn 0.5699 -0.4959 -0.6552
vn 0.1916 -0.7612 0.6196
vn 0.4037 -0.9149 0.0037
vn -0.0305 -0.4028 0.9148
vn -0.1516 -0.1467 0.9775
vn 0.3109 -0.2341 -0.9211
vn 0.2446 -0.0600 -0.9678
vn 0.4238 -0.6231 -0.6574
vn 0.0217 -0.7850 0.6191
vn 0.1962 -0.9806 0.0044
vn -0.1245 -0.3765 0.9180
vn -0.1892 -0.1045 0.9764
vn 0.2587 -0.2959 -0.9195
vn 0.2324 -0.1118 -0.9662
vn 0.2822 -0.7009 -0.6551
vn -0.1364 -0.7719 0.6209
vn -0.0089 -0.9999 0.0052
vn -0.1919 -0.3341 0.9228
vn -0.1969 -0.0565 0.9788
vn 0.1876 -0.3451 -0.9196
vn 0.1992 -0.1584 -0.9671
vn 0.1292 -0.7453 -0.6541
vn -0.3276 -0.7153 0.6173
vn -0.2567 -0.9665 -0.0040
vn -0.2721 -0.2870 0.9185
vn -0.2048 -0.0159 0.9787
vn 0.0965 -0.3773 -0.9210
vn 0.1535 -0.2004 -0.9676
vn -0.0578 -0.7489 -0.6601
vn -0.4872 -0.6175 0.6175
vn -0.4754 -0.8798 -0.0025
vn -0.3413 -0.2267 0.9122
vn -0.2138 0.0225 0.9766
vn 0.0097 -0.3934 -0.9193
vn 0.1085 -0.2331 -0.9664
vn -0.2279 -0.7157 -0.6602
vn -0.6134 -0.4854 0.6230
vn -0.6691 -0.7432 0.0049
vn -0.3839 -0.1472 0.9116
vn -0.2015 0.0663 0.9772
vn -0.0906 -0.3836 -0.9190
vn 0.0428 -0.2490 -0.9676
vn -0.3935 -0.6416 -0.6584
vn -0.7157 -0.3109 0.6253
vn -0.8373 -0.5466 0.0094
vn -0.4034 -0.0380 0.9143
vn -0.1711 0.1234 0.9775
vn -0.1862 -0.3453 -0.9198
vn -0.0256 -0.2513 -0.9676
vn -0.5482 -0.5192 -0.6557
vn -0.7626 -0.1458 0.6302
vn -0.9351 -0.3538 0.0185
vn -0.3957 0.0563 0.9166
vn -0.1365 0.1635 0.9770
vn -0.2555 -0.3048 -0.9175
vn -0.0765 -0.2477 -0.9658
vn -0.6486 -0.3948 -0.6507
vn -0.7773 0.0172 0.6289
vn -0.9895 -0.1442 0.0122
vn -0.3737 0.1343 0.9178
vn -0.0975 0.1836 0.9781
vn -0.3147 -0.2376 -0.9189
vn -0.1268 -0.2198 -0.9673
vn -0.7149 -0.2422 -0.6560
vn -0.7601 0.2071 0.6160
vn -0.9950 0.0987 -0.0129
vn -0.3374 0.2233 0.9145
vn -0.0575 0.2035 0.9774
vn -0.3558 -0.1536 -0.9219
vn -0.1701 -0.1826 -0.9684
vn -0.7419 -0.0617 -0.6677
vn -0.6989 0.3737 0.6098
vn -0.9495 0.3128 -0.0231
vn -0.2879 0.2983 0.9100
vn -0.0201 0.2165 0.9761
vn -0.3830 -0.0772 -0.9205
vn -0.2053 -0.1476 -0.9675
vn -0.7337 0.0959 -0.6726
vn -0.5948 0.5216 0.6116
vn -0.8515 0.5238 -0.0242
vn -0.2194 0.3549 0.9088
vn 0.0221 0.2136 0.9767
vn -0.3875 0.0193 -0.9217
vn -0.2290 -0.0898 -0.9693
vn -0.6873 0.2639 -0.6768
vn -0.4377 0.6597 0.6109
vn -0.6841 0.7289 -0.0269
vn -0.1182 0.3998 0.9089
vn 0.0778 0.1999 0.9767
vn -0.3650 0.1199 -0.9232
vn -0.2421 -0.0257 -0.9699
vn -0.5915 0.4354 -0.6786
vn -0.2788 0.7355 0.6176
vn -0.5095 0.8604 -0.0134
vn -0.0215 0.4131 0.9104
vn 0.1266 0.1777 0.9759
vn -0.3386 0.1980 -0.9198
vn -0.2505 0.0284 -0.9677
vn -0.4898 0.5577 -0.6702
vn -0.1100 0.7723 0.6257
vn -0.3067 0.9518 -0.0018
vn 0.0666 0.4024 0.9130
vn 0.1583 0.1400 0.9774
vn -0.2838 0.2694 -0.9203
vn -0.2334 0.0849 -0.9687
vn -0.3549 0.6554 -0.6667
vn 0.0881 0.7776 0.6226
vn -0.0550 0.9985 -0.0073
vn 0.1661 0.3741 0.9124
vn 0.1891 0.0961 0.9772
vn -0.2041 0.3258 -0.9232
vn -0.2029 0.1359 -0.9697
vn -0.1745 0.7220 -0.6696
vn 0.2525 0.7405 0.6228
vn 0.1569 0.9876 -0.0061
vn 0.2452 0.3274 0.9125
vn 0.2102 0.0519 0.9763
vn -0.1362 0.3646 -0.9211
vn -0.1766 0.1778 -0.9681
vn -0.0209 0.7450 -0.6668
vn 0.4078 0.6655 0.6251
vn 0.3711 0.9286 -0.0062
vn 0.3057 0.2591 0.9162
vn 0.2092 -0.0020 0.9779
vn -0.0484 0.3836 -0.9222
vn -0.1268 0.2123 -0.9690
vn 0.1450 0.7288 -0.6692
vn 0.5717 0.5366 0.6207
vn 0.6031 0.7975 -0.0151
vn 0.3594 0.1619 0.9191
vn 0.1965 -0.0638 0.9784
vn 0.0521 0.3771 -0.9247
vn -0.0672 0.2351 -0.9696
vn 0.3303 0.6599 -0.6749
vn 0.6763 0.3932 0.6229
vn 0.7657 0.6431 -0.0084
vn 0.3862 0.0760 0.9193
vn 0.1783 -0.1058 0.9783
vn 0.1348 0.3616 -0.9225
vn -0.0135 0.2501 -0.9681
vn 0.4698 0.5740 -0.6707
vn 0.7391 0.2350 0.6312
vn 0.8882 0.4594 0.0014
vn 0.3924 -0.0054 0.9198
vn 0.1498 -0.1374 0.9791
vn 0.2138 0.3199 -0.9230
vn 0.0449 0.2423 -0.9692
vn 0.5877 0.4563 -0.6681
vn 0.7752 0.0339 0.6308
vn 0.9771 0.2126 0.0010
vn 0.3774 -0.1096 0.9195
vn 0.1057 -0.1756 0.9788
vn 0.2862 0.2532 -0.9241
vn 0.1042 0.2225 -0.9693
vn 0.6853 0.2881 -0.6689
vn 0.7619 -0.1331 0.6338
vn 0.9999 -0.0017 0.0113
vn 0.3422 -0.1890 0.9204
vn 0.0636 -0.1956 0.9786
vn 0.3383 0.1911 -0.9214
vn 0.1530 0.2013 -0.9675
vn 0.7372 0.1368 -0.6617
vn 0.7141 -0.2863 0.6388
vn 0.9773 -0.2111 0.0147
vn 0.2996 -0.2516 0.9203
vn 0.0285 -0.1996 0.9795
vn 0.3724 0.1103 -0.9215
vn 0.1902 0.1587 -0.9688
vn 0.7497 -0.0236 -0.6614
vn 0.6186 -0.4662 0.6324
vn 0.8893 -0.4573 0.0001
vn 0.2246 -0.3259 0.9183
vn -0.0250 -0.2056 0.9783
vn 0.3826 0.0125 -0.9238
vn 0.2216 0.1055 -0.9694
vn 0.7113 -0.2137 -0.6696
vn 0.4944 -0.5981 0.6307
vn 0.7605 -0.6493 -0.0012
vn 0.1334 -0.3661 0.9210
vn -0.0804 -0.1934 0.9778
vn 0.3769 -0.0706 -0.9236
vn 0.2452 0.0548 -0.9679
vn 0.6444 -0.3688 -0.6698
vn 0.3492 -0.6879 0.6363
vn 0.5966 -0.8025 0.0049
vn 0.0513 -0.3779 0.9244
vn -0.1167 -0.1610 0.9800
vn 0.3481 -0.1569 -0.9242
vn 0.2476 -0.0066 -0.9688
vn 0.5442 -0.5060 -0.6691
vn 0.1614 -0.7526 0.6384
vn 0.3733 -0.9277 0.0062
vn -0.0432 -0.3845 0.9221
vn -0.1504 -0.1300 0.9800
vn 0.2961 -0.2406 -0.9243
vn 0.2372 -0.0706 -0.9689
vn 0.3976 -0.6271 -0.6699
vn -0.0099 -0.7662 0.6425
vn 0.1603 -0.9869 0.0166
vn -0.1316 -0.3665 0.9211
vn -0.1833 -0.0965 0.9783
vn 0.2423 -0.3024 -0.9219
vn 0.2221 -0.1212 -0.9675
vn 0.2547 -0.7031 -0.6639
vn -0.1676 -0.7435 0.6474
vn -0.0528 -0.9983 0.0228
vn -0.2007 -0.3240 0.9245
vn -0.1945 -0.0486 0.9797
vn 0.1678 -0.3496 -0.9217
vn 0.1861 -0.1664 -0.9683
vn 0.0964 -0.7435 -0.6617
vn -0.3518 -0.6813 0.6420
vn -0.3011 -0.9535 0.0116
vn -0.2763 -0.2669 0.9233
vn -0.1983 -0.0017 0.9801
vn 0.0760 -0.3765 -0.9233
vn 0.1391 -0.2067 -0.9685
vn -0.0917 -0.7395 -0.6669
vn -0.5023 -0.5830 0.6386
vn -0.5113 -0.8593 0.0082
vn -0.3389 -0.2022 0.9189
vn -0.2044 0.0364 0.9782
vn -0.0066 -0.3843 -0.9232
vn 0.0929 -0.2349 -0.9676
vn -0.2546 -0.6992 -0.6681
vn -0.6183 -0.4548 0.6410
vn -0.6936 -0.7203 0.0091
vn -0.3729 -0.1223 0.9198
vn -0.1884 0.0799 0.9788
vn -0.0975 -0.3684 -0.9246
vn 0.0352 -0.2431 -0.9694
vn -0.4084 -0.6190 -0.6708
vn -0.7142 -0.2835 0.6399
vn -0.8535 -0.5211 0.0033
vn -0.3893 -0.0229 0.9208
vn -0.1586 0.1251 0.9794
vn -0.1903 -0.3299 -0.9246
vn -0.0281 -0.2415 -0.9700
vn -0.5492 -0.4919 -0.6756
vn -0.7574 -0.1187 0.6420
vn -0.9460 -0.3240 0.0065
vn -0.3873 0.0650 0.9197
vn -0.1324 0.1593 0.9783
vn -0.2597 -0.2882 -0.9217
vn -0.0812 -0.2376 -0.9680
vn -0.6420 -0.3656 -0.6739
vn -0.7634 0.0448 0.6444
vn -0.9937 -0.1119 0.0060
vn -0.3625 0.1439 0.9208
vn -0.0941 0.1821 0.9788
vn -0.3149 -0.2202 -0.9232
vn -0.1326 -0.2083 -0.9690
vn -0.7042 -0.2154 -0.6765
vn -0.7348 0.2369 0.6356
vn -0.9899 0.1413 -0.0137
vn -0.3170 0.2309 0.9199
vn -0.0463 0.1990 0.9789
vn -0.3504 -0.1346 -0.9269
vn -0.1736 -0.1694 -0.9701
vn -0.7275 -0.0309 -0.6854
vn -0.6682 0.3979 0.6286
vn -0.9343 0.3558 -0.0245
vn -0.2632 0.3010 0.9166
vn -0.0065 0.2100 0.9777
vn -0.3739 -0.0586 -0.9256
vn -0.2062 -0.1340 -0.9693
vn -0.7147 0.1263 -0.6879
vn -0.5653 0.5360 0.6270
vn -0.8311 0.5552 -0.0316
vn -0.1958 0.3510 0.9157
vn 0.0333 0.2048 0.9782
vn -0.3739 0.0314 -0.9270
vn -0.2253 -0.0795 -0.9711
vn -0.6631 0.2831 -0.6929
vn -0.4116 0.6671 0.6210
vn -0.6609 0.7491 -0.0448
vn -0.1004 0.3922 0.9144
vn 0.0835 0.1914 0.9780
vn -0.3477 0.1225 -0.9296
vn -0.2338 -0.0216 -0.9721
vn -0.5633 0.4401 -0.6993
vn -0.2545 0.7414 0.6210
vn -0.4821 0.8750 -0.0444
vn -0.0082 0.4054 0.9141
vn 0.1281 0.1710 0.9769
vn -0.3187 0.1943 -0.9277
vn -0.2396 0.0279 -0.9705
vn -0.4574 0.5517 -0.6974
vn -0.0875 0.7769 0.6235
vn -0.2783 0.9595 -0.0442
vn 0.0767 0.3944 0.9157
vn 0.1572 0.1351 0.9783
vn -0.2643 0.2619 -0.9282
vn -0.2227 0.0826 -0.9714
vn -0.3227 0.6386 -0.6986
vn 0.1151 0.7764 0.6197
vn -0.0240 0.9984 -0.0514
vn 0.1780 0.3568 0.9171
vn 0.1899 0.0834 0.9783
vn -0.1879 0.3165 -0.9298
vn -0.1936 0.1346 -0.9718
vn -0.1482 0.6969 -0.7017
vn 0.2849 0.7293 0.6220
vn 0.1969 0.9794 -0.0437
vn 0.2535 0.3003 0.9195
vn 0.2048 0.0332 0.9782
vn -0.1186 0.3550 -0.9273
vn -0.1654 0.1781 -0.9700
vn 0.0065 0.7175 -0.6965
vn 0.4349 0.6453 0.6281
vn 0.4106 0.9112 -0.0351
vn 0.3062 0.2353 0.9224
vn 0.1980 -0.0147 0.9801
vn -0.0305 0.3740 -0.9269
vn -0.1137 0.2134 -0.9703
vn 0.1708 0.7004 -0.6930
vn 0.5870 0.5117 0.6274
vn 0.6308 0.7751 -0.0364
vn 0.3575 0.1483 0.9221
vn 0.1876 -0.0665 0.9800
vn 0.0666 0.3681 -0.9274
vn -0.0538 0.2361 -0.9702
vn 0.3466 0.6336 -0.6917
vn 0.6863 0.3650 0.6290
vn 0.7877 0.6153 -0.0301
vn 0.3857 0.0636 0.9204
vn 0.1734 -0.1079 0.9789
vn 0.1463 0.3513 -0.9248
vn -0.0011 0.2494 -0.9684
vn 0.4802 0.5465 -0.6861
vn 0.7485 0.2056 0.6304
vn 0.9048 0.4247 -0.0306
vn 0.3882 -0.0219 0.9213
vn 0.1430 -0.1436 0.9792
vn 0.2225 0.3060 -0.9257
vn 0.0556 0.2387 -0.9695
vn 0.5903 0.4231 -0.6874
vn 0.7824 0.0089 0.6226
vn 0.9823 0.1813 -0.0475
vn 0.3654 -0.1227 0.9227
vn 0.0953 -0.1775 0.9795
vn 0.2880 0.2369 -0.9279
vn 0.1115 0.2152 -0.9702
vn 0.6713 0.2566 -0.6954
vn 0.7679 -0.1627 0.6196
vn 0.9981 -0.0340 -0.0514
vn 0.3307 -0.2010 0.9221
vn 0.0565 -0.1953 0.9791
vn 0.3331 0.1759 -0.9263
vn 0.1558 0.1937 -0.9686
vn 0.7102 0.1102 -0.6953
vn 0.7149 -0.3232 0.6201
vn 0.9667 -0.2503 -0.0532
vn 0.2842 -0.2647 0.9215
vn 0.0173 -0.1993 0.9798
vn 0.3638 0.0943 -0.9267
vn 0.1915 0.1500 -0.9700
vn 0.7153 -0.0490 -0.6971
vn 0.6132 -0.5004 0.6112
vn 0.8687 -0.4907 -0.0681
vn 0.2078 -0.3322 0.9201
vn -0.0369 -0.1986 0.9794
vn 0.3721 -0.0026 -0.9282
vn 0.2221 0.0951 -0.9704
vn 0.6732 -0.2311 -0.7024
vn 0.4874 -0.6280 0.6067
vn 0.7383 -0.6708 -0.0703
vn 0.1281 -0.3733 0.9188
vn -0.0804 -0.1878 0.9789
vn 0.3665 -0.0803 -0.9269
vn 0.2448 0.0465 -0.9685
vn 0.6092 -0.3734 -0.6995
vn 0.3371 -0.7198 0.6068
vn 0.5697 -0.8187 -0.0722
vn 0.0464 -0.3928 0.9185
vn -0.1154 -0.1654 0.9795
vn 0.3357 -0.1626 -0.9278
vn 0.2451 -0.0124 -0.9694
vn 0.5080 -0.5017 -0.7002
vn 0.1406 -0.7867 0.6011
vn 0.3399 -0.9368 -0.0832
vn -0.0592 -0.3923 0.9179
vn -0.1580 -0.1286 0.9790
vn 0.2804 -0.2424 -0.9288
vn 0.2319 -0.0745 -0.9699
vn 0.3594 -0.6122 -0.7043
vn -0.0329 -0.7971 0.6030
vn 0.1322 -0.9882 -0.0770
vn -0.1465 -0.3621 0.9205
vn -0.1867 -0.0846 0.9788
vn 0.2283 -0.2987 -0.9266
vn 0.2175 -0.1247 -0.9681
vn 0.2245 -0.6776 -0.7003
vn -0.1999 -0.7689 0.6074
vn -0.0829 -0.9939 -0.0723
vn -0.2150 -0.3183 0.9233
vn -0.1940 -0.0401 0.9802
vn 0.1556 -0.3419 -0.9267
vn 0.1816 -0.1694 -0.9687
vn 0.0720 -0.7112 -0.6993
vn -0.3963 -0.6947 0.6002
vn -0.3384 -0.9373 -0.0831
vn -0.2941 -0.2566 0.9207
vn -0.1995 0.0097 0.9799
vn 0.0615 -0.3689 -0.9274
vn 0.1320 -0.2092 -0.9689
vn -0.1148 -0.7019 -0.7030
vn -0.5455 -0.5889 0.5964
vn -0.5412 -0.8367 -0.0838
vn -0.3480 -0.1814 0.9198
vn -0.1972 0.0574 0.9787
vn -0.0211 -0.3788 -0.9252
vn 0.0861 -0.2369 -0.9677
vn -0.2697 -0.6616 -0.6997
vn -0.6614 -0.4550 0.5963
vn -0.7138 -0.6953 -0.0833
vn -0.3781 -0.1066 0.9196
vn -0.1764 0.0914 0.9801
vn -0.1101 -0.3634 -0.9251
vn 0.0267 -0.2470 -0.9686
vn -0.4134 -0.5845 -0.6982
vn -0.7603 -0.2702 0.5907
vn -0.8679 -0.4882 -0.0920
vn -0.4014 -0.0072 0.9159
vn -0.1526 0.1346 0.9791
vn -0.1979 -0.3203 -0.9264
vn -0.0361 -0.2432 -0.9693
vn -0.5482 -0.4564 -0.7009
vn -0.8025 -0.0970 0.5887
vn -0.9529 -0.2884 -0.0935
vn -0.3949 0.0850 0.9148
vn -0.1234 0.1705 0.9776
vn -0.2622 -0.2757 -0.9248
vn -0.0868 -0.2365 -0.9677
vn -0.6344 -0.3299 -0.6991
vn -0.8061 0.0722 0.5874
vn -0.9919 -0.0811 -0.0977
vn -0.3679 0.1621 0.9156
vn -0.0836 0.1876 0.9787
vn -0.3147 -0.2117 -0.9253
vn -0.1363 -0.2107 -0.9680
vn -0.6880 -0.1869 -0.7013
vn -0.7682 0.2784 0.5765
vn -0.9784 0.1728 -0.1136
vn -0.3223 0.2547 0.9117
vn -0.0395 0.2060 0.9778
vn -0.3546 -0.1253 -0.9266
vn -0.1822 -0.1694 -0.9686
vn -0.7057 -0.0077 -0.7084
vn -0.6863 0.4490 0.5721
vn -0.9130 0.3916 -0.1142
vn -0.2617 0.3269 0.9081
vn 0.0034 0.2149 0.9766
vn -0.3796 -0.0435 -0.9241
vn -0.2180 -0.1284 -0.9675
vn -0.6911 0.1515 -0.7067
vn -0.5702 0.5847 0.5771
vn -0.8040 0.5852 -0.1052
vn -0.1872 0.3725 0.9089
vn 0.0478 0.2041 0.9778
vn -0.3812 0.0495 -0.9232
vn -0.2422 -0.0681 -0.9678
vn -0.6428 0.3074 -0.7017
vn -0.4006 0.7115 0.5773
vn -0.6281 0.7714 -0.1024
vn -0.0794 0.4052 0.9108
vn 0.1070 0.1797 0.9779
vn -0.3568 0.1451 -0.9229
vn -0.2550 -0.0014 -0.9669
vn -0.5453 0.4647 -0.6976
vn -0.2295 0.7835 0.5774
vn -0.4414 0.8920 -0.0977
vn 0.0195 0.4108 0.9115
vn 0.1516 0.1501 0.9770
vn -0.3224 0.2203 -0.9206
vn -0.2552 0.0530 -0.9654
vn -0.4341 0.5764 -0.6923
vn -0.0587 0.8169 0.5738
vn -0.2385 0.9654 -0.1059
vn 0.1011 0.4014 0.9103
vn 0.1732 0.1182 0.9778
vn -0.2630 0.2840 -0.9220
vn -0.2327 0.1018 -0.9672
vn -0.2959 0.6538 -0.6964
vn 0.1488 0.8163 0.5581
vn 0.0086 0.9915 -0.1297
vn 0.2033 0.3699 0.9065
vn 0.2036 0.0759 0.9761
vn -0.1841 0.3357 -0.9238
vn -0.2011 0.1511 -0.9679
vn -0.1239 0.6967 -0.7065
vn 0.3307 0.7648 0.5529
vn 0.2283 0.9646 -0.1318
vn 0.2839 0.3119 0.9067
vn 0.2175 0.0271 0.9757
vn -0.1098 0.3740 -0.9209
vn -0.1682 0.1973 -0.9658
vn 0.0298 0.7081 -0.7055
vn 0.4875 0.6691 0.5609
vn 0.4405 0.8899 -0.1190
vn 0.3389 0.2459 0.9081
vn 0.2084 -0.0171 0.9779
vn -0.0143 0.3926 -0.9196
vn -0.1098 0.2320 -0.9665
vn 0.1947 0.6876 -0.6995
vn 0.6396 0.5196 0.5665
vn 0.6539 0.7489 -0.1079
vn 0.3918 0.1488 0.9079
vn 0.1965 -0.0775 0.9774
vn 0.0887 0.3853 -0.9185
vn -0.0440 0.2549 -0.9660
vn 0.3698 0.6208 -0.6913
vn 0.7392 0.3580 0.5705
vn 0.8060 0.5840 -0.0960
vn 0.4140 0.0486 0.9090
vn 0.1725 -0.1294 0.9765
vn 0.1705 0.3652 -0.9152
vn 0.0125 0.2695 -0.9629
vn 0.5025 0.5310 -0.6823
vn 0.8038 0.1861 0.5651
vn 0.9165 0.3864 -0.1031
vn 0.4140 -0.0427 0.9093
vn 0.1383 -0.1622 0.9770
vn 0.2475 0.3136 -0.9167
vn 0.0739 0.2565 -0.9637
vn 0.6080 0.4007 -0.6854
vn 0.8382 -0.0175 0.5451
vn 0.9805 0.1476 -0.1295
vn 0.3953 -0.1475 0.9066
vn 0.0972 -0.1955 0.9759
vn 0.3125 0.2399 -0.9191
vn 0.1291 0.2289 -0.9649
vn 0.6787 0.2341 -0.6961
vn 0.8220 -0.1971 0.5343
vn 0.9880 -0.0605 -0.1420
vn 0.3515 -0.2324 0.9069
vn 0.0517 -0.2155 0.9751
vn 0.3566 0.1740 -0.9179
vn 0.1743 0.2023 -0.9637
vn 0.7087 0.0905 -0.6996
vn 0.7607 -0.3729 0.5313
vn 0.9496 -0.2774 -0.1463
vn 0.2962 -0.2998 0.9069
vn 0.0077 -0.2145 0.9767
vn 0.3814 0.0894 -0.9201
vn 0.2111 0.1553 -0.9650
vn 0.7089 -0.0692 -0.7019
vn 0.6431 -0.5587 0.5237
vn 0.8448 -0.5130 -0.1522
vn 0.2195 -0.3723 0.9018
vn -0.0441 -0.2115 0.9764
vn 0.3887 -0.0109 -0.9213
vn 0.2421 0.0977 -0.9653
vn 0.6659 -0.2518 -0.7022
vn 0.5042 -0.6894 0.5201
vn 0.7118 -0.6862 -0.1497
vn 0.1287 -0.4173 0.8996
vn -0.0957 -0.2026 0.9746
vn 0.3848 -0.0952 -0.9181
vn 0.2658 0.0441 -0.9630
vn 0.6004 -0.3932 -0.6963
vn 0.3398 -0.7861 0.5163
vn 0.5401 -0.8275 -0.1534
vn 0.0346 -0.4339 0.9003
vn -0.1351 -0.1738 0.9755
vn 0.3509 -0.1803 -0.9189
vn 0.2649 -0.0174 -0.9641
vn 0.4956 -0.5178 -0.6973
vn 0.1291 -0.8546 0.5030
vn 0.3093 -0.9357 -0.1696
vn -0.0786 -0.4335 0.8977
vn -0.1767 -0.1367 0.9747
vn 0.2902 -0.2607 -0.9208
vn 0.2496 -0.0812 -0.9650
vn 0.3427 -0.6225 -0.7036
vn -0.0557 -0.8644 0.4998
vn 0.1068 -0.9796 -0.1702
vn -0.1748 -0.4012 0.8992
vn -0.2086 -0.0942 0.9735
vn 0.2357 -0.3174 -0.9185
vn 0.2345 -0.1331 -0.9630
vn 0.2086 -0.6822 -0.7007
vn -0.2372 -0.8312 0.5028
vn -0.1050 -0.9804 -0.1668
vn -0.2510 -0.3511 0.9021
vn -0.2167 -0.0458 0.9752
vn 0.1597 -0.3616 -0.9186
vn 0.1969 -0.1805 -0.9637
vn 0.0569 -0.7122 -0.6996
vn -0.4500 -0.7422 0.4966
vn -0.3594 -0.9174 -0.1706
vn -0.3399 -0.2875 0.8954
vn -0.2235 0.0019 0.9747
vn 0.0595 -0.3906 -0.9187
vn 0.1437 -0.2252 -0.9636
vn -0.1324 -0.7014 -0.7004
vn -0.6065 -0.6208 0.4967
vn -0.5583 -0.8137 -0.1619
vn -0.4079 -0.2137 0.8877
vn -0.2295 0.0470 0.9722
vn -0.0309 -0.4055 -0.9136
vn 0.0926 -0.2613 -0.9608
vn -0.2895 -0.6609 -0.6924
vn -0.7255 -0.4713 0.5015
vn -0.7261 -0.6699 -0.1548
vn -0.4450 -0.1232 0.8870
vn -0.2118 0.0940 0.9728
vn -0.1332 -0.3921 -0.9102
vn 0.0220 -0.2753 -0.9611
vn -0.4352 -0.5815 -0.6873
vn -0.8260 -0.2660 0.4970
vn -0.8748 -0.4582 -0.1576
vn -0.4583 0.0041 0.8888
vn -0.1744 0.1546 0.9725
vn -0.2316 -0.3439 -0.9100
vn -0.0516 -0.2703 -0.9614
vn -0.5718 -0.4492 -0.6865
vn -0.8647 -0.0804 0.4959
vn -0.9535 -0.2596 -0.1534
vn -0.4416 0.1089 0.8906
vn -0.1342 0.1950 0.9716
vn -0.2997 -0.2935 -0.9078
vn -0.1058 -0.2617 -0.9593
vn -0.6580 -0.3199 -0.6817
vn -0.8649 0.0998 0.4919
vn -0.9857 -0.0546 -0.1595
vn -0.4103 0.1950 0.8909
vn -0.0905 0.2143 0.9726
vn -0.3524 -0.2211 -0.9094
vn -0.1578 -0.2299 -0.9603
vn -0.7083 -0.1732 -0.6844
vn -0.8207 0.3207 0.4729
vn -0.9638 0.1957 -0.1809
vn -0.3598 0.2996 0.8836
vn -0.0441 0.2360 0.9708
vn -0.3851 -0.1289 -0.9138
vn -0.2005 -0.1867 -0.9617
vn -0.7201 0.0091 -0.6938
vn -0.7317 0.5024 0.4606
vn -0.8934 0.4081 -0.1877
vn -0.2969 0.3830 0.8747
vn -0.0011 0.2486 0.9686
vn -0.4064 -0.0444 -0.9126
vn -0.2354 -0.1461 -0.9609
vn -0.6998 0.1685 -0.6942
vn -0.6070 0.6483 0.4596
vn -0.7821 0.5953 -0.1844
vn -0.2167 0.4402 0.8713
vn 0.0465 0.2419 0.9692
vn -0.4071 0.0544 -0.9118
vn -0.2591 -0.0843 -0.9622
vn -0.6461 0.3238 -0.6911
vn -0.4207 0.7817 0.4603
vn -0.6056 0.7749 -0.1809
vn -0.0942 0.4804 0.8720
vn 0.1102 0.2198 0.9693
vn -0.3813 0.1590 -0.9107
vn -0.2740 -0.0121 -0.9617
vn -0.5447 0.4811 -0.6869
vn -0.2285 0.8532 0.4689
vn -0.4163 0.8942 -0.1645
vn 0.0248 0.4862 0.8735
vn 0.1663 0.1876 0.9681
vn -0.3477 0.2461 -0.9048
vn -0.2823 0.0538 -0.9578
vn -0.4311 0.5987 -0.6751
vn -0.0389 0.8753 0.4821
vn -0.2109 0.9664 -0.1466
vn 0.1262 0.4605 0.8786
vn 0.1995 0.1365 0.9703
vn -0.2831 0.3269 -0.9016
vn -0.2602 0.1245 -0.9575
vn -0.2891 0.6883 -0.6653
vn 0.1853 0.8544 0.4855
vn 0.0404 0.9890 -0.1423
vn 0.2411 0.4091 0.8801
vn 0.2300 0.0767 0.9702
vn -0.1926 0.3891 -0.9008
vn -0.2218 0.1920 -0.9560
vn -0.1057 0.7423 -0.6617
vn 0.3758 0.7883 0.4872
vn 0.2622 0.9556 -0.1346
vn 0.3332 0.3412 0.8790
vn 0.2494 0.0199 0.9682
vn -0.1081 0.4289 -0.8968
vn -0.1821 0.2435 -0.9527
vn 0.0603 0.7537 -0.6545
vn 0.5367 0.6881 0.4884
vn 0.4676 0.8742 -0.1309
vn 0.3937 0.2577 0.8824
vn 0.2397 -0.0411 0.9700
vn -0.0033 0.4437 -0.8962
vn -0.1176 0.2751 -0.9542
vn 0.2301 0.7228 -0.6517
vn 0.6968 0.5352 0.4775
vn 0.6710 0.7280 -0.1406
vn 0.4476 0.1507 0.8814
vn 0.2201 -0.1009 0.9703
vn 0.1075 0.4290 -0.8969
vn -0.0454 0.2957 -0.9542
vn 0.4037 0.6399 -0.6539
vn 0.8032 0.3669 0.4693
vn 0.8145 0.5621 -0.1438
vn 0.4823 0.0488 0.8747
vn 0.2046 -0.1470 0.9678
vn 0.1936 0.4013 -0.8953
vn 0.0171 0.3077 -0.9513
vn 0.5328 0.5395 -0.6520
vn 0.8677 0.1814 0.4627
vn 0.9192 0.3645 -0.1489
vn 0.4913 -0.0528 0.8694
vn 0.1755 -0.1830 0.9673
vn 0.2785 0.3433 -0.8970
vn 0.0825 0.2897 -0.9536
vn 0.6396 0.4036 -0.6543
vn 0.8921 -0.0411 0.4500
vn 0.9795 0.1228 -0.1597
vn 0.4670 -0.1774 0.8663
vn 0.1234 -0.2257 0.9664
vn 0.3535 0.2610 -0.8983
vn 0.1487 0.2587 -0.9544
vn 0.7173 0.2286 -0.6582
vn 0.8639 -0.2326 0.4467
vn 0.9833 -0.0873 -0.1594
vn 0.4154 -0.2780 0.8661
vn 0.0692 -0.2520 0.9653
vn 0.4036 0.1878 -0.8955
vn 0.2020 0.2307 -0.9518
vn 0.7521 0.0753 -0.6548
vn 0.7926 -0.4153 0.4464
vn 0.9401 -0.3018 -0.1586
vn 0.3460 -0.3580 0.8672
vn 0.0126 -0.2542 0.9671
vn 0.4358 0.0903 -0.8955
vn 0.2437 0.1764 -0.9537
vn 0.7510 -0.0937 -0.6537
vn 0.6626 -0.6074 0.4382
vn 0.8298 -0.5336 -0.1631
vn 0.2423 -0.4383 0.8656
vn -0.0581 -0.2501 0.9665
vn 0.4435 -0.0254 -0.8959
vn 0.2785 0.1095 -0.9542
vn 0.7009 -0.2856 -0.6536
vn 0.5107 -0.7408 0.4364
vn 0.6924 -0.7041 -0.1575
vn 0.1362 -0.4836 0.8646
vn -0.1153 -0.2328 0.9657
vn 0.4372 -0.1217 -0.8911
vn 0.3086 0.0463 -0.9501
vn 0.6275 -0.4352 -0.6456
vn 0.3325 -0.8345 0.4393
vn 0.5170 -0.8424 -0.1520
vn 0.0285 -0.5019 0.8645
vn -0.1605 -0.2004 0.9665
vn 0.3985 -0.2231 -0.8896
vn 0.3115 -0.0339 -0.9497
vn 0.5144 -0.5693 -0.6413
vn 0.1061 -0.8932 0.4369
vn 0.2822 -0.9472 -0.1523
vn -0.1055 -0.4918 0.8643
vn -0.2130 -0.1475 0.9659
vn 0.3270 -0.3206 -0.8890
vn 0.2927 -0.1172 -0.9490
vn 0.3494 -0.6845 -0.6399
vn -0.0894 -0.8924 0.4424
vn 0.0746 -0.9872 -0.1413
vn -0.2122 -0.4527 0.8660
vn -0.2435 -0.0943 0.9653
vn 0.2598 -0.3906 -0.8831
vn 0.2707 -0.1845 -0.9448
vn 0.2007 -0.7503 -0.6299
vn -0.2765 -0.8495 0.4494
vn -0.1398 -0.9813 -0.1322
vn -0.3004 -0.3970 0.8672
vn -0.2544 -0.0402 0.9663
vn 0.1661 -0.4417 -0.8816
vn 0.2204 -0.2384 -0.9458
vn 0.0329 -0.7805 -0.6243
vn -0.4908 -0.7502 0.4430
vn -0.3908 -0.9104 -0.1356
vn -0.3993 -0.3111 0.8625
vn -0.2609 0.0243 0.9651
vn 0.0466 -0.4694 -0.8818
vn 0.1532 -0.2857 -0.9460
vn -0.1715 -0.7620 -0.6245
vn -0.6491 -0.6218 0.4382
vn -0.5855 -0.7996 -0.1334
vn -0.4656 -0.2122 0.8592
vn -0.2565 0.0869 0.9626
vn -0.0554 -0.4748 -0.8783
vn 0.0908 -0.3222 -0.9423
vn -0.3381 -0.7088 -0.6191
vn -0.7695 -0.4676 0.4350
vn -0.7471 -0.6509 -0.1349
vn -0.5002 -0.1113 0.8587
vn -0.2284 0.1351 0.9641
vn -0.1646 -0.4486 -0.8784
vn 0.0106 -0.3309 -0.9436
vn -0.4889 -0.6152 -0.6185
vn -0.8691 -0.2557 0.4233
vn -0.8875 -0.4377 -0.1443
vn -0.5242 0.0165 0.8514
vn -0.1962 0.1846 0.9630
vn -0.2709 -0.3896 -0.8802
vn -0.0678 -0.3188 -0.9454
vn -0.6275 -0.4685 -0.6219
vn -0.9055 -0.0626 0.4196
vn -0.9606 -0.2385 -0.1426
vn -0.5174 0.1339 0.8452
vn -0.1644 0.2320 0.9587
vn -0.3480 -0.3310 -0.8771
vn -0.1313 -0.3066 -0.9427
vn -0.7147 -0.3280 -0.6178
vn -0.8993 0.1266 0.4186
vn -0.9892 -0.0311 -0.1432
vn -0.4803 0.2347 0.8451
vn -0.1122 0.2557 0.9602
vn -0.4111 -0.2476 -0.8773
vn -0.1954 -0.2690 -0.9431
vn -0.7682 -0.1684 -0.6177
vn -0.8414 0.3549 0.4076
vn -0.9631 0.2215 -0.1526
vn -0.4115 0.3549 0.8395
vn -0.0486 0.2802 0.9587
vn -0.4567 -0.1362 -0.8791
vn -0.2517 -0.2121 -0.9443
vn -0.7824 0.0313 -0.6219
vn -0.7398 0.5385 0.4034
vn -0.8886 0.4336 -0.1497
vn -0.3222 0.4459 0.8351
vn 0.0157 0.2927 0.9561
vn -0.4831 -0.0344 -0.8749
vn -0.2953 -0.1595 -0.9420
vn -0.7597 0.2050 -0.6171
vn -0.6048 0.6849 0.4064
vn -0.7712 0.6204 -0.1426
vn -0.2212 0.5008 0.8368
vn 0.0770 0.2737 0.9587
vn -0.4814 0.0833 -0.8725
vn -0.3228 -0.0823 -0.9429
vn -0.6971 0.3742 -0.6116
vn -0.4103 0.8167 0.4059
vn -0.5888 0.7961 -0.1402
vn -0.0841 0.5413 0.8366
vn 0.1476 0.2441 0.9584
vn -0.4457 0.2063 -0.8711
vn -0.3350 0.0070 -0.9422
vn -0.5805 0.5420 -0.6076
vn -0.2147 0.8866 0.4098
vn -0.3978 0.9082 -0.1300
vn 0.0465 0.5465 0.8362
vn 0.2084 0.2066 0.9560
vn -0.4000 0.3020 -0.8653
vn -0.3368 0.0815 -0.9380
vn -0.4531 0.6619 -0.5972
vn -0.0209 0.9093 0.4156
vn -0.1920 0.9739 -0.1214
vn 0.1584 0.5205 0.8390
vn 0.2433 0.1510 0.9581
vn -0.3207 0.3836 -0.8660
vn -0.3038 0.1515 -0.9406
vn -0.2975 0.7498 -0.5910
vn 0.2100 0.8873 0.4105
vn 0.0587 0.9903 -0.1256
vn 0.2877 0.4671 0.8361
vn 0.2771 0.0869 0.9569
vn -0.2164 0.4390 -0.8721
vn -0.2578 0.2037 -0.9445
vn -0.0999 0.7994 -0.5925
vn 0.4046 0.8198 0.4054
vn 0.2761 0.9529 -0.1260
vn 0.3924 0.3944 0.8309
vn 0.3007 0.0260 0.9534
vn -0.1258 0.4703 -0.8735
vn -0.2235 0.2344 -0.9461
vn 0.0748 0.8040 -0.5899
vn 0.5709 0.7161 0.4016
vn 0.4771 0.8695 -0.1279
vn 0.4659 0.3089 0.8291
vn 0.2944 -0.0330 0.9551
vn -0.0187 0.4764 -0.8790
vn -0.1770 0.2415 -0.9541
vn 0.2510 0.7669 -0.5907
vn 0.7360 0.5523 0.3914
vn 0.6796 0.7210 -0.1354
vn 0.5351 0.1860 0.8240
vn 0.2813 -0.1030 0.9541
vn 0.0994 0.4710 -0.8765
vn -0.1167 0.2915 -0.9494
vn 0.4353 0.6771 -0.5934
vn 0.8412 0.3715 0.3929
vn 0.8233 0.5530 -0.1277
vn 0.5627 0.0512 0.8251
vn 0.2499 -0.1769 0.9520
vn 0.2332 0.4711 -0.8507
vn -0.0570 0.3555 -0.9329
vn 0.5712 0.5662 -0.5942
vn 0.8976 0.1739 0.4051
vn 0.9286 0.3536 -0.1123
vn 0.5478 -0.0715 0.8335
vn 0.1860 -0.2215 0.9573
vn 0.4341 0.4336 -0.7897
vn 0.6837 0.4340 -0.5867
vn 0.9088 -0.0575 0.4133
vn 0.9890 0.1084 -0.1001
vn 0.5095 -0.2045 0.8358
vn 0.1206 -0.2576 0.9587
vn 0.7740 0.2433 -0.5846
vn 0.6031 0.2817 -0.7462
vn 0.8738 -0.2464 0.4193
vn 0.9910 -0.0995 -0.0895
vn 0.4399 -0.3152 0.8409
vn 0.0400 -0.2917 0.9557
vn 0.8054 0.0812 -0.5872
vn 0.7827 -0.4361 0.4440
vn 0.9483 -0.3033 -0.0935
vn 0.3861 -0.4093 0.8267
vn -0.0327 -0.2710 0.9620
vn 0.8074 -0.0793 -0.5847
vn 0.6160 -0.6196 0.4865
vn 0.8423 -0.5276 -0.1104
vn 0.3574 -0.5386 0.7630
vn 0.7632 -0.2865 -0.5792
vn 0.6218 -0.1075 -0.7758
vn 0.6320 0.0547 -0.7730
vn 0.4757 -0.7248 0.4983
vn 0.7018 -0.7037 -0.1109
vn 0.3112 -0.6301 0.7114
vn 0.6907 -0.4612 -0.5569
vn 0.6030 -0.2536 -0.7564
vn 0.3246 -0.8239 0.4646
vn 0.5178 -0.8507 -0.0904
vn 0.2070 -0.7127 0.6702
vn 0.5716 -0.6421 -0.5109
vn 0.5511 -0.4420 -0.7078
vn 0.1006 -0.8793 0.4655
vn 0.2908 -0.9563 -0.0318
vn -0.0002 -0.7592 0.6508
vn 0.3940 -0.8127 -0.4292
vn 0.4312 -0.6662 -0.6085
vn -0.0763 -0.8168 0.5718
vn 0.1084 -0.9907 0.0826
vn -0.1667 -0.6348 0.7545
vn 0.2372 -0.9218 -0.3067
vn 0.2966 -0.8355 -0.4626
vn -0.2143 -0.6830 0.6983
vn -0.0756 -0.9744 0.2117
vn -0.2619 -0.4186 0.8696
vn 0.0547 -0.9788 -0.1976
vn 0.1160 -0.9258 -0.3597
vn -0.3608 -0.4931 0.7916
vn -0.3281 -0.8898 0.3171
vn -0.3159 -0.1780 0.9320
vn -0.2088 -0.9683 -0.1368
vn -0.1371 -0.9336 -0.3310
vn -0.4398 -0.3037 0.8452
vn -0.5396 -0.7487 0.3851
vn -0.3002 0.0054 0.9538
vn -0.4496 -0.8882 -0.0947
vn -0.3646 -0.8780 -0.3101
vn -0.4537 -0.1598 0.8767
vn -0.6870 -0.5925 0.4208
vn -0.2393 0.1065 0.9651
vn -0.6470 -0.7601 -0.0604
vn -0.5630 -0.7757 -0.2852
vn -0.4581 -0.0332 0.8883
vn -0.8126 -0.3948 0.4288
vn -0.1867 0.1598 0.9693
vn -0.8243 -0.5630 -0.0603
vn -0.7482 -0.5947 -0.2942
vn -0.4561 0.0588 0.8880
vn -0.8761 -0.2082 0.4349
vn -0.1646 0.1803 0.9697
vn -0.9283 -0.3695 -0.0404
vn -0.8617 -0.4229 -0.2804
vn -0.4494 0.1272 0.8842
vn -0.8943 -0.0293 0.4466
vn -0.1579 0.1804 0.9708
vn -0.9867 -0.1611 -0.0204
vn -0.9372 -0.2208 -0.2701
vn -0.4334 0.2279 0.8719
vn -0.8697 0.1940 0.4538
vn -0.1558 0.2080 0.9656
vn -0.9950 0.0871 -0.0480
vn -0.9462 0.0121 -0.3232
vn -0.3876 0.3247 0.8627
vn -0.8036 0.3812 0.4570
vn -0.1273 0.2510 0.9596
vn -0.9517 0.2998 -0.0659
vn -0.9096 0.2055 -0.3611
vn -0.3187 0.3924 0.8628
vn -0.7113 0.5400 0.4499
vn -0.0714 0.2603 0.9629
vn -0.8664 0.4915 -0.0881
vn -0.8325 0.3795 -0.4037
vn -0.2112 0.4636 0.8605
vn -0.5578 0.7097 0.4304
vn 0.0079 0.2579 0.9661
vn -0.7116 0.6905 -0.1302
vn -0.6904 0.5519 -0.4677
vn -0.0910 0.5039 0.8590
vn -0.3793 0.8250 0.4190
vn 0.0835 0.2415 0.9668
vn -0.5331 0.8324 -0.1517
vn -0.5387 0.6756 -0.5033
vn 0.0216 0.5059 0.8623
vn -0.1857 0.8882 0.4203
vn 0.1343 0.2011 0.9703
vn -0.3286 0.9301 -0.1638
vn -0.3618 0.7633 -0.5352
vn 0.1553 0.4819 0.8623
vn 0.0574 0.9021 0.4277
vn 0.1837 0.1500 0.9715
vn -0.0722 0.9829 -0.1695
vn -0.1482 0.8247 -0.5459
vn 0.2656 0.4241 0.8658
vn 0.2738 0.8657 0.4192
vn 0.2182 0.0860 0.9721
vn 0.1753 0.9733 -0.1484
vn 0.0789 0.8850 -0.4588
vn 0.3396 0.3456 0.8748
vn 0.4559 0.8040 0.3817
vn 0.2113 0.0100 0.9774
vn 0.4001 0.9123 -0.0875
vn 0.3518 0.9093 -0.2223
vn 0.4116 0.2446 0.8779
vn 0.6386 0.6773 0.3654
vn 0.1837 -0.0667 0.9807
vn 0.6213 0.7828 -0.0334
vn 0.6591 0.7325 -0.1703
vn 0.4525 0.1455 0.8798
vn 0.7644 0.5090 0.3958
vn 0.1412 -0.1172 0.9830
vn -0.1432 -0.0616 -0.9878
vn -0.1579 -0.0735 -0.9847
vn -0.0036 0.0259 -0.9997
vn 0.6434 0.2465 -0.7248
vn 0.4619 0.3696 -0.8062
vn 0.7265 0.5891 -0.3538
vn 0.7816 0.6226 -0.0374
vn 0.4661 0.0535 0.8831
vn 0.8431 0.3167 0.4346
vn 0.0826 -0.1368 0.9872
vn -0.1950 -0.0092 -0.9808
vn -0.2238 0.0276 -0.9742
vn -0.0726 0.1379 -0.9878
vn 0.3948 0.3569 -0.8466
vn 0.7435 0.4624 -0.4831
vn 0.8923 0.4488 -0.0480
vn 0.4788 -0.0679 0.8753
vn 0.8866 0.0909 0.4536
vn 0.0633 -0.1653 0.9842
vn -0.2928 0.0447 -0.9551
vn -0.2929 0.0940 -0.9515
vn -0.0761 0.1681 -0.9828
vn 0.4636 0.2623 -0.8463
vn 0.8267 0.2689 -0.4943
vn 0.9780 0.2066 -0.0289
vn 0.4795 -0.2082 0.8525
vn 0.8666 -0.1323 0.4812
vn 0.1536 -0.2192 0.9635
vn -0.4197 0.1156 -0.9003
vn -0.3531 0.1860 -0.9169
vn -0.0222 0.2249 -0.9741
vn 0.5176 0.1845 -0.8355
vn 0.8723 0.0956 -0.4794
vn 0.9998 -0.0165 -0.0098
vn 0.4229 -0.3201 0.8478
vn 0.7905 -0.3051 0.5310
vn 0.2391 -0.3124 0.9194
vn -0.5766 0.2986 -0.7605
vn -0.3656 0.3329 -0.8692
vn 0.0791 0.2574 -0.9631
vn 0.5669 0.1003 -0.8176
vn 0.8886 -0.0676 -0.4536
vn 0.9768 -0.2126 0.0241
vn 0.3113 -0.3887 0.8672
vn 0.7153 -0.3340 0.6138
vn -0.0187 -0.4453 0.8952
vn -0.6839 0.4363 -0.5847
vn -0.3214 0.5065 -0.8001
vn 0.1835 0.4154 -0.8909
vn 0.6496 0.2198 -0.7278
vn 0.9392 -0.0101 -0.3432
vn 0.9678 -0.2078 0.1417
vn -0.7088 -0.4597 0.5350
vn -0.7032 -0.5050 0.5005
vn 0.5400 -0.1582 0.8267
vn 0.5786 -0.1775 0.7960
vn -0.9624 -0.2147 0.1662
vn -0.9547 -0.2604 0.1437
vn -0.9828 0.0904 -0.1609
vn -0.9811 0.0644 -0.1826
vn -0.7315 0.4572 -0.5058
vn -0.9540 0.1915 -0.2305
vn -0.7764 0.4433 -0.4480
vn -0.7874 0.4386 -0.4330
vn -0.3496 0.7353 -0.5805
vn -0.4068 0.7719 -0.4885
vn 0.1336 0.8621 -0.4889
vn 0.0183 0.9527 -0.3033
vn 0.5709 0.7917 -0.2174
vn 0.3959 0.9181 0.0200
vn 0.8302 0.1793 0.5278
vn 0.7299 0.2586 0.6328
vn 0.6597 0.6632 0.3535
vn 0.8276 0.5375 0.1621
vn 0.1964 -0.5324 0.8234
vn 0.3901 -0.0470 0.9196
vn 0.5105 -0.1452 0.8475
vn 0.2247 -0.4170 0.8807
vn 0.6767 -0.2526 0.6916
vn -0.1964 -0.4830 0.8533
vn -0.6826 -0.4163 0.6006
vn -0.6894 -0.4238 0.5875
vn -0.9890 -0.1155 0.0919
vn -0.2876 0.6309 -0.7206
vn 0.2245 0.6659 -0.7115
vn 0.6791 0.5541 -0.4815
vn 0.9463 0.3068 -0.1016
vn 0.9479 0.0030 0.3185
vn -0.2195 -0.7377 0.6385
vn -0.6185 -0.7104 0.3360
vn -0.6422 -0.6541 0.3995
vn -0.8895 -0.4568 -0.0017
vn -0.9096 -0.4074 0.0810
vn -0.9584 -0.0483 -0.2812
vn -0.9867 0.0001 -0.1624
vn -0.8099 0.4074 -0.4220
vn -0.8565 0.4450 -0.2615
vn -0.4912 0.7862 -0.3751
vn -0.5685 0.7983 -0.1988
vn -0.0997 0.9823 -0.1584
vn -0.2106 0.9775 -0.0070
vn 0.2637 0.9532 0.1476
vn 0.1295 0.9567 0.2607
vn 0.5276 0.7150 0.4587
vn 0.3787 0.7466 0.5470
vn 0.6273 0.3157 0.7119
vn 0.4780 0.3868 0.7886
vn 0.4289 -0.5150 -0.7421
vn 0.4661 -0.5057 -0.7260
vn 0.4338 -0.5307 -0.7281
vn 0.2272 0.1058 0.9681
vn -0.9045 -0.1174 0.4100
vn -0.6940 -0.2864 0.6606
vn -0.9719 0.1615 0.1711
vn -0.8707 0.4918 0.0045
vn -0.6146 0.7880 -0.0368
vn -0.2677 0.9612 0.0670
vn 0.0712 0.9545 0.2894
vn 0.3029 0.7667 0.5661
vn 0.3596 0.4525 0.8161
vn -0.8837 0.4350 -0.1726
vn -0.9981 0.0570 0.0222
vn -0.8080 0.2810 -0.5179
vn -0.9402 -0.1601 -0.3006
vn -0.4859 -0.0181 -0.8739
vn -0.5974 -0.4280 -0.6782
vn -0.0311 -0.3014 -0.9530
vn -0.0938 -0.5515 -0.8289
vn 0.2776 -0.4422 -0.8529
vn 0.2515 -0.5463 -0.7990
vn 0.4337 -0.4963 -0.7521
vn -0.7680 0.4511 0.4547
vn -0.9726 0.1847 0.1412
vn -0.6811 0.7032 0.2042
vn -0.9054 0.3974 -0.1491
vn -0.3775 0.9031 -0.2047
vn -0.5820 0.6151 -0.5319
vn 0.0485 0.8341 -0.5494
vn -0.0783 0.6522 -0.7540
vn 0.3365 0.6432 -0.6878
vn 0.2834 0.5665 -0.7738
vn 0.4772 0.5002 -0.7225
vn 0.4677 0.4863 -0.7381
vn 0.4350 0.8837 -0.1727
vn 0.0570 0.9981 0.0222
vn 0.2810 0.8080 -0.5179
vn -0.1601 0.9402 -0.3007
vn -0.0181 0.4859 -0.8739
vn -0.4280 0.5974 -0.6782
vn -0.3014 0.0310 -0.9530
vn -0.5515 0.0938 -0.8289
vn -0.4422 -0.2776 -0.8529
vn -0.5463 -0.2515 -0.7990
vn -0.4963 -0.4337 -0.7521
vn 0.4653 -0.3116 0.8285
vn 0.2964 0.0726 0.9523
vn 0.7558 -0.1251 0.6428
vn 0.5407 0.3140 0.7804
vn 0.9687 0.1628 0.1872
vn 0.7631 0.5623 0.3186
vn 0.8758 0.3745 -0.3044
vn 0.7527 0.6191 -0.2239
vn 0.6801 0.4488 -0.5797
vn 0.6292 0.5517 -0.5475
vn 0.5392 0.4649 -0.7022
vn 0.5300 0.4836 -0.6965
vn 0.5136 0.4983 -0.6985
vn 0.5386 0.6323 -0.5569
vn 0.5341 0.8099 -0.2427
vn 0.4043 0.8685 0.2868
vn 0.1585 0.6529 0.7407
vn -0.0260 0.3817 0.9239
vn 0.3116 0.4653 0.8285
vn -0.0726 0.2964 0.9523
vn 0.1251 0.7558 0.6428
vn -0.3140 0.5407 0.7804
vn -0.1628 0.9687 0.1872
vn -0.5623 0.7631 0.3186
vn -0.3745 0.8758 -0.3044
vn -0.6192 0.7527 -0.2238
vn -0.4488 0.6801 -0.5797
vn -0.5517 0.6292 -0.5475
vn -0.4649 0.5392 -0.7022
vn -0.4511 -0.7680 0.4547
vn -0.1847 -0.9726 0.1412
vn -0.7032 -0.6811 0.2042
vn -0.3974 -0.9054 -0.1491
vn -0.9031 -0.3775 -0.2047
vn -0.6151 -0.5820 -0.5319
vn -0.8341 0.0485 -0.5494
vn -0.6522 -0.0783 -0.7540
vn -0.6432 0.3365 -0.6878
vn -0.5665 0.2834 -0.7738
vn -0.5002 0.4773 -0.7225
vn -0.4863 0.4677 -0.7381
vn -0.6323 0.5386 -0.5569
vn -0.8099 0.5341 -0.2427
vn -0.8685 0.4043 0.2868
vn -0.6529 0.1585 0.7407
vn -0.3817 -0.0260 0.9239
vn -0.4184 0.5231 0.7425
vn -0.2900 0.7967 0.5303
vn -0.0144 0.9953 0.0960
vn 0.2751 0.8910 -0.3611
vn 0.4309 0.6669 -0.6079
vn 0.4942 0.5045 -0.7080
vn -0.5231 -0.4184 0.7425
vn -0.7967 -0.2900 0.5303
vn -0.9953 -0.0144 0.0960
vn -0.8910 0.2751 -0.3611
vn -0.6669 0.4310 -0.6079
vn -0.5045 0.4942 -0.7079
vn 0.7739 0.5927 -0.2232
vn 0.6708 0.4778 -0.5672
vn 0.3482 0.1909 -0.9178
vn -0.0733 -0.1475 -0.9863
vn -0.3470 -0.3529 -0.8689
vn -0.4791 -0.4475 -0.7551
vn 0.4493 -0.6689 0.5922
vn 0.7527 -0.5469 0.3665
vn 0.9720 -0.2246 -0.0696
vn 0.8773 0.1392 -0.4594
vn 0.6807 0.3500 -0.6435
vn 0.5394 0.4469 -0.7137
vn 0.6689 0.4493 0.5922
vn 0.5469 0.7527 0.3665
vn 0.2246 0.9720 -0.0696
vn -0.1392 0.8773 -0.4594
vn -0.3500 0.6807 -0.6435
vn -0.4469 0.5394 -0.7137
vn -0.5927 0.7739 -0.2232
vn -0.4778 0.6708 -0.5672
vn -0.1909 0.3482 -0.9178
vn 0.1475 -0.0733 -0.9863
vn 0.3529 -0.3470 -0.8689
vn 0.4475 -0.4791 -0.7551
vn 0.9738 0.1999 -0.1084
vn 0.9010 0.0360 -0.4323
vn 0.5701 -0.2127 -0.7936
vn 0.0681 -0.3985 -0.9146
vn -0.2877 -0.4591 -0.8405
vn -0.4684 -0.4668 -0.7501
vn 0.2615 -0.9170 0.3012
vn 0.5360 -0.8439 0.0228
vn 0.7750 -0.5013 -0.3848
vn 0.7599 -0.0306 -0.6494
vn 0.6324 0.2785 -0.7228
vn 0.5307 0.4338 -0.7281
vn -0.1999 0.9738 -0.1084
vn -0.0360 0.9010 -0.4323
vn 0.2127 0.5701 -0.7936
vn 0.3985 0.0681 -0.9146
vn 0.4591 -0.2877 -0.8405
vn 0.4668 -0.4684 -0.7501
vn 0.9170 0.2615 0.3012
vn 0.8439 0.5360 0.0228
vn 0.5013 0.7750 -0.3848
vn 0.0306 0.7599 -0.6494
vn -0.2785 0.6324 -0.7228
vn -0.4338 0.5307 -0.7281
vn 0.9726 -0.1847 0.1412
vn 0.9054 -0.3974 -0.1491
vn 0.5820 -0.6151 -0.5319
vn 0.0783 -0.6522 -0.7540
vn -0.2834 -0.5665 -0.7738
vn -0.4677 -0.4863 -0.7381
vn 0.1847 0.9726 0.1412
vn 0.3974 0.9054 -0.1491
vn 0.6151 0.5820 -0.5319
vn 0.6522 0.0783 -0.7540
vn 0.5665 -0.2834 -0.7738
vn 0.4863 -0.4677 -0.7381
vn -0.0570 -0.9981 0.0222
vn 0.1601 -0.9402 -0.3007
vn 0.4280 -0.5974 -0.6782
vn 0.5515 -0.0938 -0.8289
vn 0.5463 0.2515 -0.7990
vn 0.5151 0.4289 -0.7421
vn 0.9981 -0.0570 0.0222
vn 0.9402 0.1601 -0.3007
vn 0.5975 0.4280 -0.6781
vn 0.0938 0.5515 -0.8289
vn -0.2515 0.5463 -0.7990
vn -0.4289 0.5151 -0.7421
vn 0.7680 -0.4511 0.4547
vn 0.6811 -0.7032 0.2042
vn 0.3775 -0.9031 -0.2047
vn -0.0485 -0.8341 -0.5494
vn -0.3365 -0.6432 -0.6878
vn -0.4773 -0.5002 -0.7225
vn 0.4836 -0.5300 -0.6965
vn 0.4983 -0.5136 -0.6985
vn 0.6323 -0.5386 -0.5569
vn 0.5517 -0.6292 -0.5475
vn 0.8099 -0.5341 -0.2427
vn 0.6192 -0.7527 -0.2238
vn 0.8685 -0.4043 0.2868
vn 0.5623 -0.7631 0.3186
vn 0.6529 -0.1585 0.7407
vn 0.3140 -0.5407 0.7804
vn 0.3817 0.0260 0.9239
vn 0.0726 -0.2964 0.9523
vn 0.8837 -0.4350 -0.1727
vn 0.8080 -0.2810 -0.5179
vn 0.4859 0.0181 -0.8739
vn 0.0311 0.3014 -0.9530
vn -0.2776 0.4422 -0.8529
vn -0.4337 0.4963 -0.7521
vn -0.4350 -0.8837 -0.1726
vn -0.2810 -0.8080 -0.5179
vn 0.0181 -0.4859 -0.8739
vn 0.3014 -0.0311 -0.9530
vn 0.4422 0.2776 -0.8529
vn 0.4963 0.4337 -0.7521
vn 0.4511 0.7680 0.4547
vn 0.7032 0.6811 0.2042
vn 0.9031 0.3775 -0.2047
vn 0.8341 -0.0485 -0.5494
vn 0.6432 -0.3365 -0.6878
vn 0.5002 -0.4773 -0.7225
vn -0.3116 -0.4653 0.8285
vn -0.1251 -0.7558 0.6428
vn 0.1628 -0.9687 0.1872
vn 0.3745 -0.8758 -0.3044
vn 0.4488 -0.6801 -0.5797
vn 0.4649 -0.5392 -0.7022
vn -0.4653 0.3116 0.8285
vn -0.2964 -0.0726 0.9523
vn -0.7558 0.1251 0.6428
vn -0.5407 -0.3140 0.7804
vn -0.9687 -0.1628 0.1872
vn -0.7631 -0.5623 0.3186
vn -0.8758 -0.3745 -0.3044
vn -0.7527 -0.6192 -0.2238
vn -0.6801 -0.4488 -0.5797
vn -0.6292 -0.5517 -0.5475
vn -0.5392 -0.4649 -0.7022
vn -0.5300 -0.4836 -0.6965
vn -0.5136 -0.4983 -0.6985
vn -0.5386 -0.6323 -0.5569
vn -0.5341 -0.8099 -0.2427
vn -0.4043 -0.8685 0.2868
vn -0.1585 -0.6529 0.7407
vn 0.0260 -0.3817 0.9239
vn 0.5927 -0.7739 -0.2232
vn 0.4778 -0.6708 -0.5672
vn 0.1908 -0.3482 -0.9178
vn -0.1475 0.0733 -0.9863
vn -0.3529 0.3470 -0.8689
vn -0.4475 0.4791 -0.7551
vn 0.4184 -0.5231 0.7425
vn 0.2900 -0.7967 0.5303
vn 0.0144 -0.9953 0.0960
vn -0.2751 -0.8910 -0.3611
vn -0.4310 -0.6669 -0.6079
vn -0.4942 -0.5045 -0.7080
vn 0.5231 0.4184 0.7425
vn 0.7967 0.2900 0.5303
vn 0.9953 0.0144 0.0960
vn 0.8910 -0.2751 -0.3611
vn 0.6669 -0.4309 -0.6079
vn 0.5045 -0.4942 -0.7080
vn -0.7739 -0.5927 -0.2232
vn -0.6708 -0.4778 -0.5672
vn -0.3482 -0.1908 -0.9178
vn 0.0733 0.1475 -0.9863
vn 0.3470 0.3529 -0.8689
vn 0.4791 0.4475 -0.7551
vn -0.6689 -0.4493 0.5922
vn -0.5469 -0.7527 0.3665
vn -0.2246 -0.9720 -0.0696
vn 0.1392 -0.8773 -0.4594
vn 0.3500 -0.6807 -0.6435
vn 0.4469 -0.5394 -0.7137
vn -0.4493 0.6689 0.5922
vn -0.7527 0.5469 0.3665
vn -0.9720 0.2246 -0.0696
vn -0.8773 -0.1392 -0.4594
vn -0.6807 -0.3500 -0.6435
vn -0.5394 -0.4469 -0.7137
vn -0.9170 -0.2615 0.3012
vn -0.8439 -0.5360 0.0228
vn -0.5013 -0.7750 -0.3848
vn -0.0306 -0.7599 -0.6494
vn 0.2785 -0.6324 -0.7228
vn 0.1999 -0.9738 -0.1084
vn 0.0360 -0.9010 -0.4323
vn -0.2127 -0.5701 -0.7936
vn -0.3985 -0.0681 -0.9146
vn -0.4591 0.2877 -0.8405
vn -0.4668 0.4684 -0.7501
vn -0.9738 -0.1999 -0.1084
vn -0.9010 -0.0360 -0.4323
vn -0.5701 0.2127 -0.7936
vn -0.0681 0.3985 -0.9146
vn 0.2877 0.4591 -0.8405
vn 0.4685 0.4668 -0.7501
vn -0.2615 0.9170 0.3012
vn -0.5360 0.8439 0.0228
vn -0.7750 0.5013 -0.3848
vn -0.7599 0.0306 -0.6494
vn -0.6324 -0.2785 -0.7228
vn 0.5057 0.4661 -0.7260
vn 0.5812 -0.1739 0.7949
vn 0.6266 0.1586 -0.7630
vn -0.0448 0.0182 -0.9988
vn -0.0176 -0.0445 -0.9989
vn 0.0447 -0.0175 -0.9988
vn 0.0175 0.0451 -0.9988
vn 0.0103 -0.9996 -0.0248
vn 0.0101 -0.9704 -0.2413
vn 0.4466 -0.4297 -0.7848
vn -0.4395 -0.4477 -0.7787
vn 0.2059 -0.1976 -0.9584
vn -0.2006 -0.2049 -0.9580
vn 0.0258 -0.0248 -0.9994
vn -0.0248 -0.0254 -0.9994
vn -0.9986 -0.0012 -0.0530
vn -0.9633 -0.0027 -0.2685
vn -0.4322 0.4345 -0.7902
vn -0.1999 0.2004 -0.9591
vn -0.0970 0.0971 -0.9905
vn -0.0060 0.9954 -0.0960
vn -0.0068 0.9521 -0.3058
vn 0.4232 0.4309 -0.7970
vn 0.1966 0.2008 -0.9597
vn 0.0957 0.0979 -0.9906
vn 0.9952 0.0060 -0.0975
vn 0.9517 0.0067 -0.3070
vn 0.9517 0.0067 -0.3069
vn 0.0114 -0.2963 0.9550
vn 0.0089 -0.3067 0.9518
vn 0.0089 -0.3067 0.9517
vn 0.0114 0.2963 0.9550
vn 0.0089 0.3067 0.9517
vn 0.0089 0.3067 0.9518
vn 0.0271 -0.7021 0.7116
vn 0.1647 -0.6972 -0.6977
vn 0.0271 0.7021 0.7116
vn 0.0208 -0.7163 0.6975
vn 0.0208 0.7163 0.6975
vn -0.0000 -0.0000 -1.0000
vt 0.902854 0.512368
vt 0.903085 0.482067
vt 0.904762 0.481755
vt 0.906135 0.507684
vt 0.926126 0.198378
vt 0.925822 0.203391
vt 0.923676 0.202135
vt 0.924124 0.198261
vt 0.033210 0.147721
vt 0.033221 0.202777
vt 0.031475 0.202769
vt 0.031465 0.147932
vt 0.793925 0.349618
vt 0.793984 0.380196
vt 0.792223 0.380347
vt 0.790537 0.354114
vt 0.787399 0.358172
vt 0.789221 0.381266
vt 0.786274 0.381218
vt 0.784820 0.362845
vt 0.907470 0.509624
vt 0.903463 0.512910
vt 0.201034 0.957757
vt 0.194736 0.958053
vt 0.196054 0.955517
vt 0.206371 0.958547
vt 0.193600 0.960268
vt 0.784174 0.380209
vt 0.783645 0.367447
vt 0.921140 0.197375
vt 0.920819 0.201287
vt 0.917260 0.201367
vt 0.917561 0.197549
vt 0.793888 0.383809
vt 0.791014 0.385025
vt 0.190017 0.955889
vt 0.191619 0.953529
vt 0.188731 0.957876
vt 0.913954 0.202353
vt 0.914348 0.198737
vt 0.920524 0.206825
vt 0.916985 0.206972
vt 0.923272 0.207334
vt 0.924495 0.208368
vt 0.185149 0.952141
vt 0.187389 0.950020
vt 0.183581 0.953729
vt 0.913602 0.207734
vt 0.920569 0.213100
vt 0.917064 0.213437
vt 0.923193 0.213142
vt 0.251656 0.958590
vt 0.256837 0.956974
vt 0.258028 0.959222
vt 0.252141 0.960859
vt 0.181031 0.947159
vt 0.183638 0.945872
vt 0.913619 0.214065
vt 0.911158 0.214821
vt 0.911287 0.208917
vt 0.920915 0.219287
vt 0.917475 0.219825
vt 0.923381 0.218823
vt 0.261032 0.954288
vt 0.262874 0.956349
vt 0.178321 0.941955
vt 0.181108 0.941197
vt 0.913981 0.220286
vt 0.911372 0.220556
vt 0.921087 0.225804
vt 0.917753 0.226574
vt 0.923360 0.224864
vt 0.264774 0.950123
vt 0.267048 0.951824
vt 0.177347 0.935707
vt 0.179720 0.935623
vt 0.914245 0.226953
vt 0.911502 0.226836
vt 0.921181 0.231883
vt 0.917979 0.232973
vt 0.270308 0.946773
vt 0.272792 0.947428
vt 0.269144 0.952760
vt 0.267688 0.945500
vt 0.177422 0.929285
vt 0.179958 0.929739
vt 0.914470 0.233389
vt 0.911588 0.233006
vt 0.921176 0.236942
vt 0.918118 0.238362
vt 0.272211 0.941523
vt 0.275012 0.941787
vt 0.269330 0.940807
vt 0.178745 0.923541
vt 0.180766 0.924670
vt 0.914630 0.238828
vt 0.911635 0.238191
vt 0.815333 0.957043
vt 0.813447 0.952615
vt 0.816728 0.952218
vt 0.818731 0.956602
vt 0.273234 0.935418
vt 0.276228 0.935291
vt 0.270231 0.935236
vt 0.181421 0.917809
vt 0.183135 0.919265
vt 0.914215 0.243820
vt 0.911158 0.243020
vt 0.917660 0.243284
vt 0.811558 0.947492
vt 0.814702 0.947012
vt 0.273464 0.929208
vt 0.276558 0.928597
vt 0.270467 0.929486
vt 0.185073 0.912483
vt 0.186467 0.914463
vt 0.819970 0.950867
vt 0.817983 0.945796
vt 0.820523 0.944139
vt 0.822299 0.948891
vt 0.809673 0.941877
vt 0.812680 0.941270
vt 0.272468 0.923377
vt 0.275554 0.922216
vt 0.269388 0.924425
vt 0.189401 0.908450
vt 0.189960 0.910578
vt 0.816006 0.940231
vt 0.818765 0.939018
vt 0.808148 0.935132
vt 0.810952 0.934416
vt 0.269774 0.917563
vt 0.272790 0.915880
vt 0.267078 0.919284
vt 0.194787 0.905254
vt 0.194892 0.907360
vt 0.814258 0.933583
vt 0.817190 0.932839
vt 0.807064 0.928298
vt 0.809642 0.927331
vt 0.266138 0.912564
vt 0.268863 0.910385
vt 0.263897 0.914795
vt 0.200762 0.903403
vt 0.200202 0.905573
vt 0.812889 0.926565
vt 0.815959 0.926201
vt 0.264223 0.906261
vt 0.266606 0.904386
vt 0.271354 0.908864
vt 0.261918 0.908909
vt 0.260289 0.911600
vt 0.206371 0.902996
vt 0.205127 0.905218
vt 0.812030 0.920107
vt 0.815194 0.920145
vt 0.808874 0.920814
vt 0.258856 0.902983
vt 0.261072 0.900800
vt 0.257008 0.905978
vt 0.255998 0.908972
vt 0.815281 0.913878
vt 0.817587 0.915039
vt 0.817298 0.920934
vt 0.812097 0.913552
vt 0.809063 0.914266
vt 0.955229 0.086456
vt 0.955615 0.080805
vt 0.959335 0.080976
vt 0.958968 0.086716
vt 0.252009 0.903940
vt 0.253322 0.900665
vt 0.251656 0.907151
vt 0.816083 0.907889
vt 0.818380 0.909552
vt 0.812936 0.907355
vt 0.962690 0.080395
vt 0.962241 0.085959
vt 0.955512 0.074652
vt 0.959184 0.074664
vt 0.952537 0.079948
vt 0.952576 0.074250
vt 0.577992 0.898890
vt 0.572777 0.900090
vt 0.571404 0.897477
vt 0.577321 0.896316
vt 0.817590 0.903183
vt 0.819773 0.905198
vt 0.814562 0.902432
vt 0.962603 0.074275
vt 0.955280 0.067465
vt 0.958873 0.067308
vt 0.952537 0.067513
vt 0.567690 0.903213
vt 0.565339 0.900172
vt 0.820224 0.899059
vt 0.822299 0.901154
vt 0.962356 0.067091
vt 0.964789 0.066855
vt 0.964843 0.073561
vt 0.954853 0.060118
vt 0.958318 0.059627
vt 0.560327 0.904390
vt 0.557741 0.902765
vt 0.563328 0.898487
vt 0.562815 0.906665
vt 0.460541 0.564144
vt 0.461442 0.569660
vt 0.458509 0.568687
vt 0.457651 0.563920
vt 0.961852 0.059441
vt 0.964506 0.059608
vt 0.954348 0.053464
vt 0.957649 0.052574
vt 0.556753 0.909369
vt 0.553687 0.908060
vt 0.559818 0.911340
vt 0.460465 0.574906
vt 0.457559 0.573198
vt 0.961198 0.052381
vt 0.964050 0.052956
vt 0.954275 0.046910
vt 0.957407 0.045637
vt 0.553941 0.915604
vt 0.550540 0.914692
vt 0.557263 0.916814
vt 0.457714 0.580029
vt 0.455085 0.577723
vt 0.960932 0.045377
vt 0.963920 0.046240
vt 0.548415 0.921844
vt 0.545482 0.921725
vt 0.547854 0.914295
vt 0.552061 0.922213
vt 0.555440 0.922761
vt 0.453618 0.584628
vt 0.451688 0.581798
vt 0.961021 0.038947
vt 0.964080 0.040018
vt 0.957536 0.039329
vt 0.547917 0.929011
vt 0.544836 0.929211
vt 0.551675 0.928737
vt 0.555325 0.928562
vt 0.448563 0.587935
vt 0.447255 0.584718
vt 0.454413 0.587462
vt 0.448868 0.590958
vt 0.957964 0.034531
vt 0.961399 0.034074
vt 0.548824 0.936764
vt 0.545657 0.937256
vt 0.552569 0.935915
vt 0.555896 0.934966
vt 0.442188 0.590190
vt 0.441642 0.587082
vt 0.441997 0.593300
vt 0.543975 0.937223
vt 0.543329 0.929264
vt 0.551041 0.944314
vt 0.547773 0.945245
vt 0.554705 0.942772
vt 0.557942 0.941045
vt 0.435043 0.591590
vt 0.435358 0.588416
vt 0.434348 0.594648
vt 0.545855 0.945248
vt 0.554913 0.950477
vt 0.551678 0.951898
vt 0.558222 0.948243
vt 0.560736 0.945827
vt 0.427971 0.591243
vt 0.429115 0.588063
vt 0.426703 0.593993
vt 0.549422 0.952048
vt 0.559903 0.955939
vt 0.556814 0.957791
vt 0.562764 0.953140
vt 0.564658 0.950172
vt 0.420546 0.588877
vt 0.422360 0.585684
vt 0.418841 0.591268
vt 0.554343 0.958113
vt 0.565370 0.960300
vt 0.562563 0.962559
vt 0.567678 0.957013
vt 0.568918 0.953674
vt 0.413435 0.585001
vt 0.415912 0.582233
vt 0.411418 0.587021
vt 0.560004 0.963090
vt 0.878491 0.331047
vt 0.878056 0.336725
vt 0.874250 0.335916
vt 0.874664 0.330107
vt 0.572669 0.959184
vt 0.570984 0.962822
vt 0.893378 0.466994
vt 0.899482 0.467730
vt 0.899233 0.470777
vt 0.892297 0.469553
vt 0.407839 0.579972
vt 0.410936 0.577832
vt 0.405509 0.581512
vt 0.870799 0.336184
vt 0.871255 0.330576
vt 0.877770 0.343971
vt 0.874016 0.343325
vt 0.577992 0.960033
vt 0.576877 0.963856
vt 0.906256 0.467108
vt 0.907003 0.470547
vt 0.403246 0.573315
vt 0.406755 0.571822
vt 0.400725 0.574376
vt 0.870536 0.343415
vt 0.877748 0.351935
vt 0.874060 0.351559
vt 0.880785 0.345159
vt 0.880617 0.352553
vt 0.913183 0.465567
vt 0.914651 0.469126
vt 0.399702 0.565780
vt 0.403497 0.564996
vt 0.397105 0.566360
vt 0.870542 0.351525
vt 0.878108 0.360068
vt 0.874511 0.360004
vt 0.880785 0.359979
vt 0.918895 0.462806
vt 0.921212 0.466030
vt 0.398013 0.558242
vt 0.401907 0.558371
vt 0.395479 0.558186
vt 0.870951 0.359785
vt 0.878381 0.368763
vt 0.874914 0.369053
vt 0.927171 0.460829
vt 0.929801 0.462620
vt 0.923217 0.467987
vt 0.924112 0.458169
vt 0.398393 0.549870
vt 0.402084 0.550819
vt 0.871326 0.368734
vt 0.868576 0.367884
vt 0.868384 0.359482
vt 0.878618 0.377019
vt 0.875315 0.377811
vt 0.931898 0.454577
vt 0.935135 0.456037
vt 0.928409 0.452375
vt 0.400385 0.541422
vt 0.403663 0.543106
vt 0.871717 0.377569
vt 0.868778 0.376331
vt 0.878735 0.383853
vt 0.875615 0.385179
vt 0.934645 0.447733
vt 0.938380 0.448664
vt 0.930825 0.446339
vt 0.404092 0.534230
vt 0.406694 0.536626
vt 0.872038 0.385061
vt 0.868949 0.383481
vt 0.940035 0.440006
vt 0.942926 0.440128
vt 0.940931 0.449022
vt 0.936007 0.439645
vt 0.931930 0.439111
vt 0.409850 0.527640
vt 0.411604 0.530371
vt 0.871727 0.391695
vt 0.868549 0.389943
vt 0.940750 0.589152
vt 0.938179 0.582816
vt 0.941800 0.582428
vt 0.944319 0.588458
vt 0.940295 0.431061
vt 0.943396 0.430792
vt 0.936126 0.431405
vt 0.931803 0.431628
vt 0.416918 0.522114
vt 0.418006 0.525361
vt 0.939398 0.575052
vt 0.942522 0.573891
vt 0.944689 0.580783
vt 0.935779 0.575281
vt 0.938622 0.422564
vt 0.941781 0.421888
vt 0.934530 0.423696
vt 0.930344 0.424960
vt 0.424439 0.518704
vt 0.424345 0.521968
vt 0.937353 0.566958
vt 0.940682 0.566435
vt 0.933738 0.566997
vt 0.934904 0.413956
vt 0.938104 0.412900
vt 0.930986 0.415788
vt 0.927404 0.417867
vt 0.432978 0.516933
vt 0.432252 0.520070
vt 0.935919 0.557614
vt 0.939392 0.557706
vt 0.932342 0.557463
vt 0.929705 0.406189
vt 0.932819 0.404678
vt 0.926160 0.408726
vt 0.923129 0.411567
vt 0.441781 0.516817
vt 0.440091 0.520170
vt 0.935076 0.547885
vt 0.938634 0.548522
vt 0.931575 0.547664
vt 0.923301 0.400240
vt 0.926244 0.398294
vt 0.920314 0.403438
vt 0.918070 0.406989
vt 0.449528 0.518651
vt 0.446924 0.521413
vt 0.935034 0.538986
vt 0.938606 0.540234
vt 0.931637 0.538670
vt 0.915626 0.395636
vt 0.918353 0.393331
vt 0.913243 0.399311
vt 0.911816 0.403333
vt 0.456778 0.522454
vt 0.453643 0.524718
vt 0.936270 0.530349
vt 0.939781 0.532052
vt 0.933006 0.530005
vt 0.939453 0.690950
vt 0.940013 0.683092
vt 0.943807 0.684174
vt 0.943267 0.692187
vt 0.905947 0.396707
vt 0.907609 0.392666
vt 0.905422 0.401045
vt 0.463007 0.527671
vt 0.459355 0.529020
vt 0.938496 0.522637
vt 0.941883 0.524635
vt 0.947227 0.684158
vt 0.946614 0.691917
vt 0.940042 0.674493
vt 0.943793 0.675362
vt 0.899082 0.396254
vt 0.899938 0.391994
vt 0.869266 0.814535
vt 0.862181 0.815113
vt 0.861053 0.811135
vt 0.869083 0.810718
vt 0.467125 0.533746
vt 0.463169 0.534189
vt 0.941521 0.516984
vt 0.944689 0.519232
vt 0.947283 0.675651
vt 0.939980 0.664623
vt 0.943656 0.665258
vt 0.892297 0.397741
vt 0.892419 0.393455
vt 0.854659 0.817690
vt 0.852740 0.813764
vt 0.469485 0.541030
vt 0.465573 0.540750
vt 0.947220 0.665818
vt 0.949713 0.666146
vt 0.949571 0.675262
vt 0.939766 0.654638
vt 0.943336 0.654869
vt 0.845295 0.818128
vt 0.842734 0.815304
vt 0.850897 0.810928
vt 0.847971 0.821799
vt 0.470320 0.548892
vt 0.466316 0.547578
vt 0.946971 0.655545
vt 0.949699 0.656484
vt 0.939453 0.645561
vt 0.942886 0.645295
vt 0.839636 0.824017
vt 0.836366 0.821474
vt 0.843098 0.827319
vt 0.468908 0.556282
vt 0.464890 0.553877
vt 0.946561 0.646043
vt 0.949496 0.647613
vt 0.939617 0.636844
vt 0.942910 0.636104
vt 0.834956 0.831884
vt 0.831165 0.829787
vt 0.839031 0.834273
vt 0.464909 0.563448
vt 0.461299 0.560271
vt 0.471253 0.559198
vt 0.466652 0.566830
vt 0.946582 0.636824
vt 0.827486 0.839043
vt 0.824505 0.838061
vt 0.828532 0.828538
vt 0.831659 0.840472
vt 0.836176 0.842176
vt 0.458987 0.569702
vt 0.456400 0.565847
vt 0.460147 0.573384
vt 0.943369 0.628101
vt 0.947016 0.628698
vt 0.826045 0.848543
vt 0.822834 0.847897
vt 0.830447 0.849167
vt 0.834871 0.849620
vt 0.451859 0.573976
vt 0.450196 0.569719
vt 0.452313 0.577912
vt 0.944128 0.622366
vt 0.947737 0.622897
vt 0.826560 0.858895
vt 0.823155 0.858552
vt 0.831044 0.858794
vt 0.835398 0.858302
vt 0.443138 0.576721
vt 0.442471 0.572592
vt 0.442873 0.580724
vt 0.451453 0.580461
vt 0.441709 0.583099
vt 0.828779 0.868995
vt 0.825226 0.869105
vt 0.833187 0.868071
vt 0.837512 0.866588
vt 0.433606 0.578124
vt 0.434077 0.573918
vt 0.432643 0.581986
vt 0.431280 0.584060
vt 0.832898 0.877766
vt 0.829253 0.878414
vt 0.837052 0.875915
vt 0.840620 0.873364
vt 0.424411 0.577580
vt 0.426013 0.573269
vt 0.422656 0.581101
vt 0.421101 0.582760
vt 0.838802 0.885699
vt 0.835177 0.886862
vt 0.842555 0.883058
vt 0.845451 0.879650
vt 0.414854 0.574486
vt 0.417285 0.570413
vt 0.412473 0.577525
vt 0.410837 0.578753
vt 0.845589 0.892076
vt 0.842172 0.893764
vt 0.848764 0.888733
vt 0.850893 0.884785
vt 0.405858 0.569353
vt 0.409182 0.565889
vt 0.403035 0.571861
vt 0.921822 0.718747
vt 0.920856 0.724846
vt 0.917453 0.725223
vt 0.918508 0.719465
vt 0.924666 0.726311
vt 0.924323 0.733991
vt 0.920522 0.732640
vt 0.855284 0.892035
vt 0.852812 0.895909
vt 0.794162 0.593525
vt 0.801949 0.594820
vt 0.801617 0.598677
vt 0.792610 0.596871
vt 0.398980 0.562755
vt 0.403061 0.560148
vt 0.395761 0.564576
vt 0.917058 0.732675
vt 0.924123 0.743595
vt 0.920361 0.742382
vt 0.862417 0.893483
vt 0.860604 0.897688
vt 0.810798 0.593994
vt 0.811565 0.598493
vt 0.393554 0.554187
vt 0.398126 0.552439
vt 0.390113 0.555334
vt 0.916842 0.742097
vt 0.924172 0.753963
vt 0.920468 0.753034
vt 0.869266 0.893053
vt 0.868204 0.897434
vt 0.819512 0.592488
vt 0.821113 0.596553
vt 0.389566 0.544648
vt 0.394384 0.543842
vt 0.386149 0.545117
vt 0.916883 0.752510
vt 0.924520 0.764284
vt 0.920902 0.763718
vt 0.829267 0.592705
vt 0.831379 0.595326
vt 0.822342 0.599209
vt 0.826700 0.588692
vt 0.388016 0.535239
vt 0.392828 0.535582
vt 0.384797 0.534894
vt 0.917259 0.762926
vt 0.924666 0.775155
vt 0.921157 0.774975
vt 0.836761 0.586385
vt 0.839628 0.588843
vt 0.833256 0.582983
vt 0.388893 0.524982
vt 0.392999 0.526214
vt 0.386069 0.523945
vt 0.917479 0.773999
vt 0.924657 0.785382
vt 0.921266 0.785737
vt 0.842742 0.578703
vt 0.846319 0.580756
vt 0.838532 0.575967
vt 0.391923 0.514812
vt 0.395972 0.517094
vt 0.389631 0.513240
vt 0.917574 0.784760
vt 0.924478 0.793731
vt 0.921207 0.794628
vt 0.846255 0.570191
vt 0.850402 0.571599
vt 0.841513 0.568404
vt 0.397037 0.506383
vt 0.399998 0.509548
vt 0.395472 0.504299
vt 0.917529 0.793673
vt 0.852338 0.560832
vt 0.855118 0.561297
vt 0.852848 0.572272
vt 0.847854 0.560082
vt 0.842862 0.559230
vt 0.404566 0.498928
vt 0.406756 0.502433
vt 0.884572 0.593965
vt 0.881668 0.585987
vt 0.884804 0.584191
vt 0.887389 0.591461
vt 0.880829 0.594643
vt 0.877853 0.586260
vt 0.852399 0.549774
vt 0.855473 0.549874
vt 0.847726 0.549829
vt 0.842698 0.550005
vt 0.413469 0.492790
vt 0.414803 0.497030
vt 0.878966 0.576570
vt 0.882369 0.575463
vt 0.875127 0.576554
vt 0.849886 0.539394
vt 0.853152 0.539074
vt 0.845281 0.540354
vt 0.840120 0.541689
vt 0.422740 0.489188
vt 0.422574 0.493124
vt 0.876797 0.566467
vt 0.880430 0.566254
vt 0.872962 0.566090
vt 0.845014 0.528977
vt 0.848389 0.528268
vt 0.840578 0.530746
vt 0.836254 0.533086
vt 0.433147 0.487605
vt 0.432190 0.491265
vt 0.875425 0.555064
vt 0.879213 0.555670
vt 0.871630 0.554380
vt 0.838392 0.519645
vt 0.841787 0.518382
vt 0.834339 0.522277
vt 0.830694 0.525563
vt 0.443822 0.487867
vt 0.441716 0.491226
vt 0.874758 0.543350
vt 0.878622 0.544649
vt 0.871076 0.542539
vt 0.830344 0.512598
vt 0.833616 0.510762
vt 0.826930 0.516066
vt 0.824270 0.520231
vt 0.453174 0.490490
vt 0.449986 0.493478
vt 0.875111 0.532769
vt 0.878940 0.534786
vt 0.871593 0.531860
vt 0.820831 0.507304
vt 0.823892 0.504986
vt 0.818124 0.511376
vt 0.816474 0.516115
vt 0.461763 0.495593
vt 0.457973 0.497996
vt 0.877055 0.522798
vt 0.880750 0.525306
vt 0.873729 0.521904
vt 0.049229 0.567745
vt 0.049689 0.558062
vt 0.053488 0.559566
vt 0.053044 0.569429
vt 0.809196 0.508440
vt 0.811066 0.503921
vt 0.808617 0.513559
vt 0.468895 0.502389
vt 0.464486 0.503788
vt 0.880194 0.514181
vt 0.883706 0.517028
vt 0.056963 0.559809
vt 0.056447 0.569366
vt 0.049702 0.547626
vt 0.053470 0.548868
vt 0.800860 0.508009
vt 0.801815 0.503239
vt 0.813071 0.126542
vt 0.804714 0.126929
vt 0.803639 0.122031
vt 0.813130 0.121820
vt 0.473432 0.510011
vt 0.468622 0.510433
vt 0.884200 0.508158
vt 0.887389 0.511264
vt 0.057003 0.549482
vt 0.049676 0.535802
vt 0.053387 0.536779
vt 0.792610 0.509931
vt 0.792782 0.505146
vt 0.796157 0.130409
vt 0.793768 0.124878
vt 0.475668 0.518965
vt 0.471008 0.518598
vt 0.477398 0.511039
vt 0.479545 0.520794
vt 0.056974 0.537727
vt 0.049519 0.523916
vt 0.053151 0.524467
vt 0.784765 0.129657
vt 0.782180 0.126240
vt 0.791988 0.121417
vt 0.787703 0.134157
vt 0.476069 0.528429
vt 0.471669 0.526925
vt 0.479649 0.531000
vt 0.056797 0.525598
vt 0.049229 0.513140
vt 0.052756 0.513189
vt 0.777808 0.136450
vt 0.774411 0.133334
vt 0.781894 0.140772
vt 0.473956 0.537152
vt 0.469890 0.534583
vt 0.476960 0.540522
vt 0.056447 0.514497
vt 0.049348 0.502950
vt 0.052745 0.502480
vt 0.772139 0.145786
vt 0.768105 0.143123
vt 0.776617 0.148821
vt 0.468894 0.545614
vt 0.464884 0.541919
vt 0.471149 0.549583
vt 0.056449 0.503819
vt 0.763775 0.154143
vt 0.760791 0.152758
vt 0.765600 0.141529
vt 0.768330 0.156086
vt 0.773607 0.158381
vt 0.461673 0.553078
vt 0.458606 0.548610
vt 0.463115 0.557412
vt 0.053067 0.493320
vt 0.056760 0.494489
vt 0.762088 0.165458
vt 0.758738 0.164402
vt 0.766993 0.166482
vt 0.772139 0.167218
vt 0.453118 0.558237
vt 0.451251 0.553141
vt 0.453610 0.562850
vt 0.462565 0.560444
vt 0.452613 0.565739
vt 0.762707 0.177743
vt 0.759070 0.177026
vt 0.767747 0.177909
vt 0.773337 0.177260
vt 0.442637 0.561421
vt 0.441941 0.556366
vt 0.442216 0.566056
vt 0.440814 0.568687
vt 0.765172 0.189699
vt 0.761397 0.189469
vt 0.770123 0.188915
vt 0.774937 0.187342
vt 0.431275 0.562652
vt 0.431770 0.557229
vt 0.430034 0.567125
vt 0.428395 0.569462
vt 0.769738 0.200188
vt 0.765878 0.200495
vt 0.774429 0.198366
vt 0.779118 0.195231
vt 0.420542 0.561577
vt 0.422473 0.556904
vt 0.418353 0.565696
vt 0.416442 0.567645
vt 0.776589 0.209697
vt 0.772711 0.210517
vt 0.780874 0.206988
vt 0.784597 0.202588
vt 0.409540 0.557613
vt 0.412584 0.552912
vt 0.406568 0.561173
vt 0.404478 0.562649
vt 0.784737 0.217237
vt 0.781021 0.218688
vt 0.788387 0.213670
vt 0.791199 0.208548
vt 0.399166 0.551461
vt 0.403213 0.547507
vt 0.395657 0.554319
vt 0.393636 0.555331
vt 0.898602 0.123212
vt 0.898461 0.132627
vt 0.894660 0.130890
vt 0.894786 0.121417
vt 0.796308 0.217385
vt 0.793482 0.221647
vt 0.001626 0.788602
vt 0.010962 0.789538
vt 0.010750 0.794498
vt -0.000000 0.793259
vt 0.391252 0.543697
vt 0.396150 0.540813
vt 0.387339 0.545645
vt 0.891185 0.130725
vt 0.891417 0.121778
vt 0.898382 0.144136
vt 0.894624 0.142512
vt 0.804917 0.218936
vt 0.802877 0.223653
vt 0.021028 0.788198
vt 0.022278 0.793358
vt 0.385112 0.533648
vt 0.390542 0.531808
vt 0.381002 0.534754
vt 0.891068 0.141908
vt 0.898394 0.156383
vt 0.894692 0.155095
vt 0.813130 0.218374
vt 0.811945 0.223311
vt 0.030814 0.785001
vt 0.033114 0.790258
vt 0.380962 0.522443
vt 0.386633 0.521718
vt 0.376892 0.522745
vt 0.891073 0.154204
vt 0.898602 0.168433
vt 0.894966 0.167553
vt 0.042189 0.785124
vt 0.044703 0.788089
vt 0.034678 0.793439
vt 0.038596 0.780328
vt 0.379849 0.511538
vt 0.385473 0.512149
vt 0.375977 0.510882
vt 0.891303 0.166330
vt 0.898591 0.181002
vt 0.895038 0.180509
vt 0.050262 0.777174
vt 0.053573 0.779851
vt 0.045402 0.773116
vt 0.381475 0.499871
vt 0.386195 0.501445
vt 0.378027 0.498377
vt 0.891343 0.179013
vt 0.898479 0.192722
vt 0.895026 0.192791
vt 0.056341 0.767667
vt 0.060404 0.769825
vt 0.051271 0.764815
vt 0.385476 0.488416
vt 0.390162 0.491282
vt 0.382675 0.486264
vt 0.891308 0.191231
vt 0.898233 0.202091
vt 0.894899 0.202771
vt 0.059350 0.757387
vt 0.064015 0.758780
vt 0.053425 0.755408
vt 0.391730 0.479010
vt 0.394859 0.482660
vt 0.389856 0.476273
vt 0.891186 0.201223
vt 0.064953 0.746154
vt 0.067860 0.746666
vt 0.066508 0.759507
vt 0.059934 0.745524
vt 0.053806 0.744974
vt 0.400726 0.470840
vt 0.403006 0.474887
vt 0.399807 0.467780
vt 0.864499 0.334356
vt 0.860924 0.324264
vt 0.864911 0.324094
vt 0.868384 0.333662
vt 0.063627 0.733442
vt 0.066891 0.733537
vt 0.058447 0.733747
vt 0.052736 0.734357
vt 0.411202 0.464181
vt 0.412552 0.469172
vt 0.861758 0.312956
vt 0.865467 0.311963
vt 0.868311 0.322215
vt 0.857749 0.312703
vt 0.059459 0.721836
vt 0.062937 0.721440
vt 0.054404 0.723195
vt 0.048746 0.725156
vt 0.422034 0.460542
vt 0.421726 0.465493
vt 0.859385 0.301134
vt 0.863333 0.301208
vt 0.855393 0.300439
vt 0.052630 0.710525
vt 0.056185 0.709701
vt 0.047902 0.712757
vt 0.043256 0.715792
vt 0.434012 0.459452
vt 0.432721 0.464196
vt 0.858100 0.288011
vt 0.862186 0.289034
vt 0.854161 0.286953
vt 0.044094 0.700604
vt 0.047610 0.699215
vt 0.039880 0.703743
vt 0.036087 0.707787
vt 0.446075 0.460465
vt 0.443424 0.464696
vt 0.857729 0.274760
vt 0.861855 0.276587
vt 0.853906 0.273531
vt 0.034181 0.693417
vt 0.037522 0.691468
vt 0.030751 0.697400
vt 0.028140 0.702348
vt 0.456439 0.464070
vt 0.452623 0.467602
vt 0.858550 0.262991
vt 0.862594 0.265663
vt 0.854898 0.261591
vt 0.022726 0.688529
vt 0.025835 0.686089
vt 0.020118 0.693111
vt 0.018698 0.698608
vt 0.465804 0.470408
vt 0.461410 0.473113
vt 0.861082 0.252138
vt 0.864938 0.255377
vt 0.857649 0.250718
vt 0.876407 0.326151
vt 0.876711 0.314780
vt 0.880503 0.316553
vt 0.880215 0.328069
vt 0.009532 0.690969
vt 0.011152 0.685930
vt 0.129475 0.578757
vt 0.119023 0.577814
vt 0.118642 0.572371
vt 0.130244 0.573747
vt 0.473609 0.478492
vt 0.468409 0.480048
vt 0.864756 0.242856
vt 0.868384 0.246439
vt 0.883982 0.316956
vt 0.883591 0.328036
vt 0.876539 0.302658
vt 0.880291 0.304174
vt -0.000000 0.691785
vt 0.000516 0.686508
vt 0.109788 0.579477
vt 0.108114 0.573939
vt 0.478489 0.487431
vt 0.472665 0.487810
vt 0.478075 0.478638
vt 0.483024 0.488632
vt 0.883864 0.305069
vt 0.876406 0.289193
vt 0.880091 0.290407
vt 0.097610 0.578564
vt 0.095388 0.574676
vt 0.106733 0.570086
vt 0.100322 0.583851
vt 0.480580 0.497824
vt 0.474566 0.497100
vt 0.484899 0.499975
vt 0.883736 0.291696
vt 0.876284 0.275898
vt 0.879891 0.276629
vt 0.088249 0.584997
vt 0.085164 0.581306
vt 0.091951 0.589817
vt 0.480318 0.508608
vt 0.474862 0.506623
vt 0.484267 0.511571
vt 0.883592 0.278116
vt 0.876115 0.263996
vt 0.879635 0.264195
vt 0.081321 0.593372
vt 0.077403 0.590157
vt 0.086180 0.597713
vt 0.477301 0.518310
vt 0.472422 0.515108
vt 0.480616 0.522138
vt 0.883371 0.265899
vt 0.876377 0.252915
vt 0.879791 0.252594
vt 0.076141 0.604472
vt 0.071609 0.601863
vt 0.081375 0.607409
vt 0.471011 0.527518
vt 0.466958 0.523590
vt 0.473494 0.532004
vt 0.883536 0.254380
vt 0.068186 0.614675
vt 0.065107 0.613346
vt 0.068993 0.600272
vt 0.073201 0.616432
vt 0.079177 0.618417
vt 0.462473 0.535497
vt 0.459229 0.530429
vt 0.464036 0.540391
vt 0.880240 0.242856
vt 0.883982 0.244508
vt 0.067754 0.627475
vt 0.064290 0.626511
vt 0.073047 0.628184
vt 0.078752 0.628456
vt 0.452713 0.540958
vt 0.450841 0.535237
vt 0.453165 0.546128
vt 0.463504 0.543796
vt 0.452079 0.549356
vt 0.070071 0.640994
vt 0.066304 0.640403
vt 0.075426 0.640749
vt 0.080995 0.639610
vt 0.440902 0.544088
vt 0.440337 0.538365
vt 0.440298 0.549232
vt 0.438718 0.552147
vt 0.074378 0.653801
vt 0.070474 0.653748
vt 0.079551 0.652516
vt 0.084590 0.650256
vt 0.428273 0.544976
vt 0.429055 0.539004
vt 0.426739 0.549900
vt 0.424869 0.552455
vt 0.080725 0.664661
vt 0.076801 0.665160
vt 0.085469 0.662304
vt 0.089765 0.658719
vt 0.416533 0.543257
vt 0.418928 0.537932
vt 0.413963 0.547726
vt 0.411775 0.549855
vt 0.089396 0.674127
vt 0.085483 0.675141
vt 0.093615 0.670878
vt 0.097033 0.665886
vt 0.404730 0.538406
vt 0.408258 0.533382
vt 0.401299 0.542230
vt 0.398884 0.543832
vt 0.099184 0.681231
vt 0.095486 0.682848
vt 0.102645 0.677168
vt 0.105091 0.671417
vt 0.393830 0.531187
vt 0.398408 0.527027
vt 0.389810 0.534221
vt 0.387423 0.535324
vt 0.255403 0.495270
vt 0.255310 0.505860
vt 0.251521 0.504019
vt 0.251605 0.493369
vt 0.111746 0.680262
vt 0.109209 0.684967
vt 0.486655 0.697774
vt 0.496913 0.698863
vt 0.496660 0.704275
vt 0.484899 0.702828
vt 0.385701 0.522425
vt 0.390909 0.519887
vt 0.381198 0.524469
vt 0.248055 0.503853
vt 0.248239 0.493772
vt 0.255309 0.518723
vt 0.251556 0.516984
vt 0.121360 0.680705
vt 0.119673 0.685775
vt 0.507914 0.697369
vt 0.509215 0.702952
vt 0.379648 0.511327
vt 0.385634 0.509528
vt 0.374967 0.512394
vt 0.248000 0.516280
vt 0.255415 0.532228
vt 0.251713 0.530806
vt 0.130244 0.678787
vt 0.129478 0.684000
vt 0.518487 0.694179
vt 0.520896 0.699401
vt 0.375774 0.499149
vt 0.381954 0.498580
vt 0.371186 0.499296
vt 0.248078 0.529725
vt 0.255694 0.545301
vt 0.252058 0.544281
vt 0.530525 0.693598
vt 0.533121 0.696842
vt 0.522466 0.702829
vt 0.526846 0.688535
vt 0.375084 0.487456
vt 0.381145 0.488333
vt 0.370787 0.486541
vt 0.248363 0.542794
vt 0.255685 0.558661
vt 0.252127 0.558015
vt 0.538974 0.684815
vt 0.542367 0.687727
vt 0.534018 0.680562
vt 0.377537 0.475148
vt 0.382610 0.477055
vt 0.373790 0.473330
vt 0.248391 0.556207
vt 0.255500 0.570944
vt 0.252029 0.570839
vt 0.545298 0.674457
vt 0.549451 0.676813
vt 0.539518 0.670929
vt 0.382477 0.463268
vt 0.387347 0.466504
vt 0.379454 0.460733
vt 0.248264 0.568909
vt 0.255135 0.580603
vt 0.251763 0.581073
vt 0.548403 0.663356
vt 0.553154 0.664903
vt 0.542482 0.661499
vt 0.389630 0.453699
vt 0.393388 0.457986
vt 0.387613 0.450524
vt 0.248000 0.579099
vt 0.589574 0.778967
vt 0.585848 0.767796
vt 0.589443 0.769298
vt 0.593357 0.780396
vt 0.548878 0.650591
vt 0.553982 0.651356
vt 0.542765 0.649924
vt 0.399510 0.445558
vt 0.401873 0.450050
vt 0.398546 0.442032
vt 0.593554 0.769007
vt 0.597333 0.779502
vt 0.552292 0.637797
vt 0.555352 0.638083
vt 0.556707 0.652011
vt 0.547054 0.637984
vt 0.541044 0.638595
vt 0.410872 0.439233
vt 0.411785 0.444181
vt 0.590185 0.756907
vt 0.594047 0.755904
vt 0.597084 0.767018
vt 0.586020 0.756709
vt 0.547673 0.625493
vt 0.550989 0.625334
vt 0.542552 0.626753
vt 0.536541 0.628819
vt 0.422342 0.436002
vt 0.421842 0.441170
vt 0.587660 0.744355
vt 0.591797 0.744520
vt 0.583485 0.743621
vt 0.540143 0.613689
vt 0.543636 0.613105
vt 0.535320 0.615858
vt 0.530457 0.619041
vt 0.434839 0.435428
vt 0.433306 0.440326
vt 0.586298 0.730607
vt 0.590580 0.731817
vt 0.582188 0.729423
vt 0.530895 0.603509
vt 0.534400 0.602366
vt 0.526601 0.606601
vt 0.522678 0.610811
vt 0.447237 0.437174
vt 0.444248 0.441972
vt 0.585976 0.716925
vt 0.590299 0.718994
vt 0.581986 0.715518
vt 0.520365 0.596212
vt 0.523736 0.594503
vt 0.516878 0.600175
vt 0.514215 0.605325
vt 0.457744 0.441426
vt 0.453544 0.445045
vt 0.586899 0.704936
vt 0.591122 0.707876
vt 0.583097 0.703326
vt 0.247759 0.491617
vt 0.248238 0.480812
vt 0.252015 0.482670
vt 0.251528 0.493369
vt 0.505713 0.595887
vt 0.508373 0.591312
vt 0.504298 0.601603
vt 0.467054 0.448419
vt 0.462245 0.451146
vt 0.589615 0.694049
vt 0.593629 0.697567
vt 0.586049 0.692390
vt 0.248443 0.468610
vt 0.252212 0.470340
vt 0.494716 0.593937
vt 0.496394 0.588920
vt 0.697844 0.006481
vt 0.686963 0.006634
vt 0.686091 0.000985
vt 0.698195 0.001128
vt 0.474555 0.457130
vt 0.469068 0.458561
vt 0.593595 0.684994
vt 0.597333 0.688830
vt 0.255694 0.470745
vt 0.255389 0.482571
vt 0.248233 0.455874
vt 0.251972 0.457361
vt 0.484899 0.594984
vt 0.485505 0.589762
vt 0.677616 0.009304
vt 0.675418 0.003731
vt 0.478838 0.466564
vt 0.472899 0.466745
vt 0.479319 0.457348
vt 0.483689 0.467863
vt 0.255546 0.458298
vt 0.248078 0.441933
vt 0.251765 0.443175
vt 0.665072 0.009591
vt 0.662584 0.005902
vt 0.673752 0.000000
vt 0.668319 0.014822
vt 0.480254 0.477242
vt 0.474464 0.476435
vt 0.484899 0.479536
vt 0.255418 0.444578
vt 0.247929 0.428361
vt 0.251550 0.429164
vt 0.656278 0.017383
vt 0.652957 0.013961
vt 0.660464 0.021998
vt 0.479361 0.488152
vt 0.473991 0.485992
vt 0.483558 0.491313
vt 0.255269 0.430831
vt 0.247759 0.416445
vt 0.251301 0.416774
vt 0.650173 0.026827
vt 0.646099 0.023963
vt 0.655370 0.030776
vt 0.475651 0.497765
vt 0.470875 0.494403
vt 0.479127 0.501823
vt 0.255069 0.418711
vt 0.248061 0.405546
vt 0.251507 0.405417
vt 0.646064 0.038772
vt 0.641470 0.036560
vt 0.651566 0.041276
vt 0.468767 0.506713
vt 0.464802 0.502619
vt 0.471324 0.511443
vt 0.255296 0.407483
vt 0.639238 0.049935
vt 0.636340 0.048845
vt 0.639008 0.035242
vt 0.644232 0.051285
vt 0.650328 0.052758
vt 0.459838 0.514362
vt 0.457131 0.509405
vt 0.461414 0.519508
vt 0.471497 0.515200
vt 0.461008 0.523194
vt 0.640170 0.062943
vt 0.636938 0.062183
vt 0.645331 0.063254
vt 0.651037 0.063019
vt 0.449752 0.519272
vt 0.448055 0.513477
vt 0.450144 0.524641
vt 0.449118 0.528152
vt 0.643857 0.076288
vt 0.640343 0.075843
vt 0.648998 0.075692
vt 0.654579 0.073997
vt 0.437808 0.521692
vt 0.437426 0.516040
vt 0.437110 0.527032
vt 0.435533 0.530272
vt 0.649362 0.088679
vt 0.645706 0.088707
vt 0.654267 0.087102
vt 0.659101 0.084389
vt 0.425277 0.522054
vt 0.426246 0.516097
vt 0.423601 0.527152
vt 0.421653 0.530023
vt 0.656798 0.098734
vt 0.653090 0.099292
vt 0.661227 0.096138
vt 0.665179 0.092189
vt 0.413792 0.519835
vt 0.416320 0.514668
vt 0.411054 0.524409
vt 0.408739 0.526779
vt 0.666327 0.107038
vt 0.662622 0.108059
vt 0.670178 0.103648
vt 0.673116 0.098406
vt 0.402490 0.514440
vt 0.406140 0.509576
vt 0.398895 0.518294
vt 0.396310 0.520090
vt 0.676587 0.112968
vt 0.673084 0.114513
vt 0.679653 0.108900
vt 0.688791 0.722945
vt 0.700184 0.724946
vt 0.699175 0.730138
vt 0.686675 0.727576
vt 0.392175 0.506915
vt 0.396809 0.502965
vt 0.388010 0.509922
vt 0.385414 0.511176
vt 0.884125 0.393607
vt 0.884154 0.404457
vt 0.880395 0.402854
vt 0.880366 0.391994
vt 0.688851 0.110893
vt 0.686702 0.115494
vt 0.710403 0.724475
vt 0.710915 0.729827
vt 0.384632 0.498053
vt 0.390085 0.495305
vt 0.380041 0.500020
vt 0.876940 0.402801
vt 0.877028 0.392575
vt 0.884244 0.417403
vt 0.880510 0.415849
vt 0.698195 0.110097
vt 0.696863 0.114983
vt 0.720866 0.721250
vt 0.722927 0.726582
vt 0.379367 0.486971
vt 0.385014 0.485403
vt 0.374658 0.487936
vt 0.876955 0.415218
vt 0.884390 0.430746
vt 0.880695 0.429449
vt 0.733759 0.721433
vt 0.735627 0.724366
vt 0.723877 0.729564
vt 0.730656 0.716224
vt 0.376330 0.475019
vt 0.382333 0.474645
vt 0.371702 0.475068
vt 0.877053 0.428399
vt 0.884683 0.443480
vt 0.881042 0.442511
vt 0.742214 0.714353
vt 0.745019 0.717007
vt 0.737949 0.709892
vt 0.376154 0.463744
vt 0.381996 0.464766
vt 0.371850 0.462734
vt 0.877330 0.441006
vt 0.884673 0.456244
vt 0.881109 0.455605
vt 0.748915 0.704471
vt 0.752447 0.706752
vt 0.743633 0.701035
vt 0.379083 0.452036
vt 0.383916 0.454028
vt 0.375393 0.450144
vt 0.877345 0.453756
vt 0.884486 0.467742
vt 0.881015 0.467602
vt 0.753312 0.693461
vt 0.757461 0.695129
vt 0.747814 0.691191
vt 0.384368 0.440887
vt 0.388898 0.444123
vt 0.381485 0.438330
vt 0.877210 0.465635
vt 0.884112 0.476639
vt 0.880748 0.477049
vt 0.754632 0.682322
vt 0.759259 0.683168
vt 0.748716 0.681128
vt 0.391521 0.431953
vt 0.394900 0.436124
vt 0.389701 0.428846
vt 0.876940 0.475072
vt 0.869207 0.480551
vt 0.865439 0.469491
vt 0.869031 0.470687
vt 0.872973 0.481635
vt 0.753179 0.670021
vt 0.758037 0.670094
vt 0.747350 0.670181
vt 0.401258 0.424577
vt 0.403556 0.429308
vt 0.400501 0.421200
vt 0.873149 0.470249
vt 0.876941 0.480564
vt 0.862316 0.457414
vt 0.865707 0.458481
vt 0.749706 0.658282
vt 0.754548 0.657461
vt 0.743782 0.659587
vt 0.412307 0.419182
vt 0.413248 0.424236
vt 0.869901 0.458503
vt 0.873764 0.457518
vt 0.876695 0.468330
vt 0.860081 0.445168
vt 0.863282 0.446024
vt 0.744115 0.648174
vt 0.748670 0.646412
vt 0.738811 0.650860
vt 0.423194 0.416717
vt 0.422529 0.421618
vt 0.867519 0.446566
vt 0.871649 0.446676
vt 0.859044 0.431980
vt 0.862031 0.432652
vt 0.735910 0.638815
vt 0.740100 0.636277
vt 0.731764 0.642417
vt 0.434822 0.416706
vt 0.433223 0.421129
vt 0.866234 0.433670
vt 0.870515 0.434781
vt 0.730077 0.628065
vt 0.733187 0.626742
vt 0.743200 0.635467
vt 0.726461 0.631387
vt 0.723329 0.635835
vt 0.446229 0.418781
vt 0.443341 0.422640
vt 0.865891 0.420965
vt 0.870219 0.422889
vt 0.861810 0.419699
vt 0.719309 0.622775
vt 0.722274 0.620945
vt 0.716543 0.626780
vt 0.714647 0.631858
vt 0.455759 0.423129
vt 0.451678 0.426349
vt 0.866726 0.409961
vt 0.870971 0.412682
vt 0.862835 0.408497
vt 0.890509 0.884118
vt 0.890849 0.873551
vt 0.894579 0.875079
vt 0.894226 0.885489
vt 0.705698 0.624354
vt 0.707645 0.619864
vt 0.705263 0.629796
vt 0.464079 0.429875
vt 0.459372 0.432288
vt 0.869274 0.400034
vt 0.873322 0.403272
vt 0.865627 0.398527
vt 0.891013 0.861844
vt 0.894743 0.863265
vt 0.695433 0.624036
vt 0.696470 0.619292
vt 0.802789 0.244160
vt 0.792587 0.245540
vt 0.791208 0.240402
vt 0.802488 0.239097
vt 0.470459 0.438176
vt 0.465268 0.439308
vt 0.873167 0.391994
vt 0.876941 0.395520
vt 0.898224 0.863545
vt 0.897954 0.874869
vt 0.890846 0.849865
vt 0.894559 0.851080
vt 0.686675 0.626265
vt 0.686788 0.621506
vt 0.784147 0.249058
vt 0.781575 0.244169
vt 0.473748 0.446957
vt 0.468441 0.446890
vt 0.475024 0.438543
vt 0.478363 0.448324
vt 0.898123 0.851871
vt 0.890751 0.836923
vt 0.894432 0.837977
vt 0.772533 0.250750
vt 0.769942 0.247798
vt 0.779682 0.241093
vt 0.776017 0.255204
vt 0.474461 0.456658
vt 0.469463 0.455747
vt 0.478900 0.458948
vt 0.898075 0.839252
vt 0.890637 0.824462
vt 0.894265 0.825177
vt 0.765231 0.259041
vt 0.761942 0.256396
vt 0.769495 0.262828
vt 0.473096 0.466449
vt 0.468559 0.464383
vt 0.477078 0.469561
vt 0.897985 0.826751
vt 0.890509 0.813721
vt 0.894063 0.814037
vt 0.760684 0.268578
vt 0.756765 0.266470
vt 0.765565 0.271346
vt 0.469328 0.474972
vt 0.465295 0.471863
vt 0.472559 0.478909
vt 0.897840 0.815879
vt 0.890885 0.804016
vt 0.894351 0.803955
vt 0.758097 0.280082
vt 0.753774 0.278579
vt 0.763333 0.281808
vt 0.462699 0.482750
vt 0.459348 0.478996
vt 0.465040 0.487305
vt 0.898156 0.805941
vt 0.753064 0.291091
vt 0.750439 0.290425
vt 0.751510 0.277721
vt 0.757652 0.291806
vt 0.763284 0.292555
vt 0.454262 0.489178
vt 0.451557 0.484316
vt 0.455670 0.494100
vt 0.465329 0.491028
vt 0.455389 0.497784
vt 0.755129 0.302869
vt 0.752228 0.302469
vt 0.759765 0.302670
vt 0.765264 0.301982
vt 0.444968 0.493074
vt 0.443570 0.487763
vt 0.445272 0.498182
vt 0.444386 0.501736
vt 0.759679 0.314605
vt 0.756571 0.314428
vt 0.764205 0.313654
vt 0.768934 0.311805
vt 0.434158 0.494628
vt 0.433981 0.489753
vt 0.433440 0.499654
vt 0.432002 0.502980
vt 0.765738 0.325238
vt 0.762483 0.325447
vt 0.770006 0.323467
vt 0.774628 0.320229
vt 0.422979 0.494407
vt 0.424110 0.489746
vt 0.421348 0.499214
vt 0.419509 0.502185
vt 0.773289 0.333517
vt 0.769973 0.334161
vt 0.777079 0.330906
vt 0.780607 0.326635
vt 0.412865 0.491980
vt 0.415155 0.487680
vt 0.410257 0.496268
vt 0.408034 0.498746
vt 0.782499 0.339897
vt 0.779153 0.340962
vt 0.785740 0.336658
vt 0.787987 0.331557
vt 0.403030 0.486759
vt 0.406412 0.482464
vt 0.399658 0.490327
vt 0.397175 0.492208
vt 0.891432 0.243860
vt 0.891005 0.252604
vt 0.887285 0.251482
vt 0.887740 0.242856
vt 0.794567 0.340333
vt 0.792045 0.344126
vt 0.761015 0.812070
vt 0.771385 0.813333
vt 0.770666 0.818098
vt 0.759260 0.816329
vt 0.394172 0.479687
vt 0.398402 0.476242
vt 0.390290 0.482461
vt 0.387771 0.483811
vt 0.891133 0.262618
vt 0.887406 0.261460
vt 0.802789 0.341096
vt 0.801099 0.345281
vt 0.780528 0.812402
vt 0.781217 0.817295
vt 0.387827 0.471562
vt 0.392741 0.469215
vt 0.383594 0.473362
vt 0.883982 0.261606
vt 0.883993 0.252249
vt 0.891280 0.274371
vt 0.887570 0.273211
vt 0.894171 0.264800
vt 0.894173 0.275973
vt 0.789754 0.808998
vt 0.791857 0.813826
vt 0.383595 0.461552
vt 0.388385 0.460369
vt 0.379296 0.462426
vt 0.884032 0.272788
vt 0.891429 0.286312
vt 0.887745 0.285336
vt 0.894180 0.287176
vt 0.798293 0.804063
vt 0.801374 0.808777
vt 0.381386 0.450882
vt 0.386690 0.450659
vt 0.377172 0.450921
vt 0.884115 0.284508
vt 0.891677 0.297566
vt 0.888032 0.296828
vt 0.808696 0.802100
vt 0.811191 0.804145
vt 0.803101 0.811098
vt 0.804567 0.798117
vt 0.381676 0.440960
vt 0.386438 0.442071
vt 0.377787 0.440044
vt 0.884329 0.295558
vt 0.891588 0.308722
vt 0.887999 0.308206
vt 0.814395 0.792997
vt 0.817471 0.794703
vt 0.809369 0.789988
vt 0.384681 0.430796
vt 0.389319 0.432829
vt 0.381351 0.429083
vt 0.884241 0.306583
vt 0.891302 0.318641
vt 0.887782 0.318488
vt 0.818010 0.782972
vt 0.821558 0.784158
vt 0.813155 0.781167
vt 0.389651 0.421227
vt 0.393562 0.424141
vt 0.387065 0.418922
vt 0.883982 0.316724
vt 0.890852 0.326222
vt 0.887426 0.326499
vt 0.818879 0.772948
vt 0.822834 0.773456
vt 0.813762 0.772251
vt 0.396106 0.413668
vt 0.398687 0.417244
vt 0.394477 0.410867
vt 0.889890 0.803955
vt 0.886411 0.796433
vt 0.890272 0.795206
vt 0.893530 0.802134
vt 0.882689 0.795836
vt 0.879637 0.785799
vt 0.883220 0.786569
vt 0.817209 0.762011
vt 0.821380 0.761887
vt 0.812129 0.762319
vt 0.404675 0.407451
vt 0.406395 0.411310
vt 0.887242 0.785972
vt 0.890623 0.784213
vt 0.893244 0.792535
vt 0.877164 0.774949
vt 0.880550 0.775686
vt 0.813695 0.751728
vt 0.817871 0.750849
vt 0.808908 0.753066
vt 0.414296 0.402880
vt 0.414975 0.407257
vt 0.884643 0.775585
vt 0.888339 0.774708
vt 0.875460 0.764143
vt 0.878638 0.764735
vt 0.808447 0.743041
vt 0.812420 0.741324
vt 0.803966 0.745539
vt 0.423742 0.400815
vt 0.422989 0.405091
vt 0.882761 0.765123
vt 0.886711 0.765227
vt 0.874958 0.752665
vt 0.877922 0.753098
vt 0.801101 0.735116
vt 0.804748 0.732722
vt 0.797612 0.738393
vt 0.433756 0.400992
vt 0.432141 0.404961
vt 0.881997 0.753899
vt 0.886070 0.754866
vt 0.875465 0.741847
vt 0.878234 0.741952
vt 0.792927 0.728808
vt 0.796057 0.725781
vt 0.790329 0.732775
vt 0.443405 0.403061
vt 0.440702 0.406691
vt 0.882210 0.742976
vt 0.886303 0.744638
vt 0.908866 0.795061
vt 0.909370 0.787920
vt 0.913048 0.788770
vt 0.912503 0.795791
vt 0.784459 0.724900
vt 0.786870 0.721357
vt 0.782981 0.729400
vt 0.451268 0.407032
vt 0.447662 0.409700
vt 0.883472 0.733689
vt 0.887458 0.736032
vt 0.879643 0.732459
vt 0.909661 0.778536
vt 0.913360 0.779504
vt 0.775240 0.722911
vt 0.776991 0.719015
vt 0.774789 0.727681
vt 0.457967 0.412942
vt 0.453971 0.414852
vt 0.886211 0.725415
vt 0.890013 0.728227
vt 0.882585 0.724098
vt 0.909693 0.768229
vt 0.913400 0.769145
vt 0.766561 0.722846
vt 0.767564 0.718747
vt 0.867225 0.723010
vt 0.858397 0.724702
vt 0.857022 0.720405
vt 0.866818 0.718747
vt 0.463083 0.420017
vt 0.458660 0.420877
vt 0.889981 0.718747
vt 0.893530 0.721793
vt 0.916842 0.769146
vt 0.916683 0.779043
vt 0.909366 0.757812
vt 0.913056 0.758596
vt 0.759259 0.725011
vt 0.759476 0.720891
vt 0.851171 0.728220
vt 0.848787 0.724158
vt 0.465668 0.427424
vt 0.460992 0.427287
vt 0.467131 0.420486
vt 0.469690 0.428799
vt 0.916605 0.759084
vt 0.909143 0.746686
vt 0.912799 0.747360
vt 0.841193 0.730336
vt 0.838784 0.728028
vt 0.846972 0.721771
vt 0.844477 0.734140
vt 0.466031 0.435550
vt 0.461204 0.434533
vt 0.469845 0.437740
vt 0.916444 0.748284
vt 0.908981 0.736087
vt 0.912585 0.736490
vt 0.835117 0.737827
vt 0.832130 0.735790
vt 0.838892 0.740896
vt 0.464557 0.443670
vt 0.460382 0.441724
vt 0.467943 0.446564
vt 0.916313 0.737676
vt 0.908866 0.727053
vt 0.912399 0.727132
vt 0.831395 0.746217
vt 0.827908 0.744650
vt 0.835662 0.748397
vt 0.461087 0.450660
vt 0.457429 0.447777
vt 0.463809 0.454244
vt 0.916179 0.728540
vt 0.909269 0.718973
vt 0.912716 0.718747
vt 0.829419 0.756237
vt 0.825600 0.755177
vt 0.834197 0.757523
vt 0.455260 0.456916
vt 0.452280 0.453476
vt 0.457198 0.461002
vt 0.916524 0.720277
vt 0.825267 0.765940
vt 0.822834 0.765554
vt 0.823499 0.754642
vt 0.829303 0.766337
vt 0.834166 0.766756
vt 0.447973 0.462035
vt 0.446047 0.457985
vt 0.449080 0.466406
vt 0.457456 0.464434
vt 0.448814 0.469778
vt 0.827271 0.775938
vt 0.824564 0.775784
vt 0.831345 0.775554
vt 0.835699 0.774710
vt 0.440039 0.465076
vt 0.439162 0.460614
vt 0.440182 0.469559
vt 0.439373 0.472768
vt 0.831325 0.785790
vt 0.828411 0.785850
vt 0.835299 0.784756
vt 0.839354 0.782821
vt 0.430867 0.466094
vt 0.430866 0.461447
vt 0.430137 0.470460
vt 0.428851 0.473408
vt 0.836560 0.794616
vt 0.833525 0.795024
vt 0.840288 0.792884
vt 0.843700 0.790269
vt 0.421429 0.465537
vt 0.422552 0.461243
vt 0.419943 0.469668
vt 0.418338 0.472286
vt 0.842935 0.801408
vt 0.839872 0.802198
vt 0.846224 0.798977
vt 0.848843 0.795533
vt 0.412953 0.463131
vt 0.415130 0.459149
vt 0.410672 0.466798
vt 0.408771 0.468990
vt 0.850546 0.806575
vt 0.847482 0.807706
vt 0.853358 0.803637
vt 0.855147 0.799665
vt 0.404826 0.458357
vt 0.407760 0.454773
vt 0.401940 0.461414
vt 0.399842 0.463115
vt 0.064624 0.506330
vt 0.064182 0.513945
vt 0.060506 0.513239
vt 0.060976 0.505691
vt 0.860565 0.806566
vt 0.858357 0.809920
vt 0.131264 0.899434
vt 0.140112 0.899177
vt 0.139973 0.902996
vt 0.130244 0.902701
vt 0.397626 0.452055
vt 0.401235 0.449195
vt 0.394331 0.454445
vt 0.392205 0.455720
vt 0.064272 0.522503
vt 0.060586 0.521791
vt 0.867225 0.807084
vt 0.865697 0.810718
vt 0.147790 0.897507
vt 0.148747 0.901269
vt 0.392564 0.444980
vt 0.396662 0.443249
vt 0.388989 0.446557
vt 0.057175 0.522114
vt 0.057214 0.514061
vt 0.064396 0.532470
vt 0.060723 0.531756
vt 0.067251 0.524082
vt 0.067241 0.533565
vt 0.155339 0.893723
vt 0.157377 0.897275
vt 0.389265 0.436412
vt 0.393645 0.435375
vt 0.385652 0.437211
vt 0.057203 0.531604
vt 0.064556 0.542547
vt 0.060910 0.541979
vt 0.067254 0.543032
vt 0.162153 0.888669
vt 0.164894 0.892032
vt 0.387587 0.427355
vt 0.392006 0.427206
vt 0.384089 0.427452
vt 0.057294 0.541484
vt 0.064825 0.551965
vt 0.061225 0.551603
vt 0.067362 0.551719
vt 0.166922 0.883163
vt 0.170392 0.885646
vt 0.387968 0.418968
vt 0.392183 0.419836
vt 0.384790 0.418275
vt 0.057530 0.550749
vt 0.064741 0.561254
vt 0.061207 0.561098
vt 0.174350 0.877388
vt 0.177200 0.878404
vt 0.172769 0.886982
vt 0.170259 0.875529
vt 0.390607 0.410386
vt 0.394191 0.411973
vt 0.387941 0.409048
vt 0.057457 0.559977
vt 0.064417 0.569434
vt 0.060961 0.569607
vt 0.176517 0.868620
vt 0.179729 0.869165
vt 0.172118 0.867387
vt 0.394877 0.402350
vt 0.398035 0.404772
vt 0.392848 0.400554
vt 0.057175 0.568402
vt 0.922859 0.197316
vt 0.919705 0.190952
vt 0.923312 0.190965
vt 0.926550 0.197186
vt 0.176446 0.860123
vt 0.179925 0.860057
vt 0.171995 0.859889
vt 0.400395 0.396052
vt 0.402421 0.399028
vt 0.399166 0.393873
vt 0.926930 0.189484
vt 0.929946 0.195230
vt 0.916707 0.182675
vt 0.920208 0.182821
vt 0.174272 0.851063
vt 0.177857 0.850451
vt 0.170058 0.851809
vt 0.407623 0.390908
vt 0.409020 0.394329
vt 0.923998 0.181834
vt 0.927062 0.180012
vt 0.929596 0.186944
vt 0.914138 0.173735
vt 0.917482 0.173850
vt 0.170684 0.842682
vt 0.174196 0.841447
vt 0.166583 0.844224
vt 0.415663 0.387145
vt 0.415982 0.390637
vt 0.921367 0.173249
vt 0.924748 0.172118
vt 0.912195 0.164812
vt 0.915367 0.164817
vt 0.165773 0.835780
vt 0.169036 0.833879
vt 0.162316 0.838192
vt 0.423497 0.385479
vt 0.422917 0.389060
vt 0.919311 0.164610
vt 0.922959 0.164265
vt 0.911238 0.155241
vt 0.914239 0.155136
vt 0.159218 0.829627
vt 0.162156 0.827212
vt 0.156564 0.832682
vt 0.431737 0.385663
vt 0.430384 0.389121
vt 0.918178 0.155278
vt 0.921984 0.155636
vt 0.911158 0.146142
vt 0.913991 0.145799
vt 0.152113 0.824865
vt 0.154578 0.821980
vt 0.150234 0.828416
vt 0.439644 0.387367
vt 0.437483 0.390256
vt 0.917872 0.146141
vt 0.921741 0.147074
vt 0.939239 0.391015
vt 0.939623 0.384886
vt 0.943271 0.385206
vt 0.942840 0.391220
vt 0.144920 0.822173
vt 0.146791 0.818917
vt 0.143982 0.826081
vt 0.446044 0.390575
vt 0.443340 0.392865
vt 0.918480 0.138332
vt 0.922309 0.139837
vt 0.914715 0.137804
vt 0.939703 0.376885
vt 0.943378 0.377334
vt 0.137273 0.821179
vt 0.138571 0.817662
vt 0.137211 0.825229
vt 0.451528 0.395361
vt 0.448647 0.397210
vt 0.920380 0.131204
vt 0.924089 0.133089
vt 0.916790 0.130606
vt 0.939455 0.368161
vt 0.943132 0.368601
vt 0.130244 0.821807
vt 0.130865 0.818136
vt 0.577992 0.813629
vt 0.570549 0.815419
vt 0.569279 0.811889
vt 0.577521 0.810166
vt 0.455813 0.401095
vt 0.451674 0.402746
vt 0.923175 0.125258
vt 0.926705 0.127300
vt 0.946562 0.368333
vt 0.946652 0.376655
vt 0.938852 0.359433
vt 0.942510 0.359764
vt 0.936512 0.367115
vt 0.936096 0.358988
vt 0.564542 0.818661
vt 0.562425 0.815289
vt 0.458048 0.407149
vt 0.454077 0.407331
vt 0.926700 0.121417
vt 0.929946 0.123489
vt 0.946088 0.359892
vt 0.938405 0.350124
vt 0.942055 0.350332
vt 0.935810 0.350239
vt 0.558851 0.823695
vt 0.556070 0.820624
vt 0.456919 0.413293
vt 0.461334 0.408572
vt 0.461451 0.415892
vt 0.945779 0.350792
vt 0.938107 0.341198
vt 0.941790 0.341157
vt 0.550829 0.826902
vt 0.547964 0.825231
vt 0.553743 0.818707
vt 0.554213 0.829488
vt 0.459848 0.423036
vt 0.457029 0.420113
vt 0.945666 0.341822
vt 0.937869 0.333463
vt 0.941609 0.333145
vt 0.547463 0.833893
vt 0.544098 0.832658
vt 0.551389 0.835739
vt 0.456433 0.429248
vt 0.454323 0.425904
vt 0.945642 0.334034
vt 0.938068 0.326391
vt 0.941851 0.325812
vt 0.545613 0.842462
vt 0.541839 0.841653
vt 0.550027 0.843484
vt 0.450998 0.434770
vt 0.449818 0.431135
vt 0.946040 0.326863
vt 0.541541 0.850950
vt 0.538809 0.850745
vt 0.539576 0.841319
vt 0.547429 0.851424
vt 0.444202 0.439308
vt 0.444057 0.435791
vt 0.942330 0.319901
vt 0.946652 0.320827
vt 0.543507 0.859304
vt 0.540271 0.859414
vt 0.548203 0.859163
vt 0.436739 0.442234
vt 0.437633 0.438984
vt 0.443800 0.442732
vt 0.435803 0.445385
vt 0.547098 0.867274
vt 0.543389 0.867756
vt 0.428452 0.443942
vt 0.429833 0.441087
vt 0.427136 0.446544
vt 0.551698 0.875073
vt 0.547676 0.876143
vt 0.419240 0.444907
vt 0.420935 0.442284
vt 0.417770 0.446742
vt 0.557209 0.881430
vt 0.553265 0.883365
vt 0.555949 0.873573
vt 0.560752 0.878758
vt 0.409967 0.444094
vt 0.412306 0.441705
vt 0.549999 0.883850
vt 0.544926 0.876118
vt 0.563794 0.886597
vt 0.560302 0.889391
vt 0.566332 0.882797
vt 0.400552 0.440376
vt 0.403196 0.438564
vt 0.556855 0.890499
vt 0.571053 0.890666
vt 0.568222 0.894097
vt 0.285466 0.794125
vt 0.293829 0.796090
vt 0.292018 0.800423
vt 0.282680 0.797170
vt 0.391597 0.434101
vt 0.394217 0.433172
vt 0.907942 0.121758
vt 0.907249 0.128407
vt 0.902786 0.127834
vt 0.903525 0.121417
vt 0.577992 0.892462
vt 0.575903 0.896316
vt 0.301651 0.796493
vt 0.301018 0.801670
vt 0.902542 0.135695
vt 0.898659 0.135029
vt 0.898844 0.128098
vt 0.907033 0.136280
vt 0.910619 0.138101
vt 0.910429 0.147231
vt 0.906938 0.145910
vt 0.309990 0.795381
vt 0.310669 0.800821
vt 0.902423 0.145349
vt 0.898602 0.144122
vt 0.910451 0.157574
vt 0.907080 0.156892
vt 0.318679 0.793048
vt 0.320559 0.798202
vt 0.902533 0.156493
vt 0.898651 0.154781
vt 0.910865 0.167411
vt 0.907619 0.167582
vt 0.325939 0.789193
vt 0.328674 0.793724
vt 0.903020 0.167467
vt 0.898961 0.165153
vt 0.911158 0.177692
vt 0.907981 0.178670
vt 0.332349 0.782808
vt 0.335903 0.786804
vt 0.903275 0.178843
vt 0.899038 0.176249
vt 0.342075 0.778071
vt 0.345961 0.779310
vt 0.339053 0.788482
vt 0.337558 0.774412
vt 0.903227 0.190366
vt 0.898878 0.187513
vt 0.908125 0.189799
vt 0.345588 0.768646
vt 0.350100 0.769158
vt 0.340172 0.765621
vt 0.903023 0.199865
vt 0.898602 0.196609
vt 0.908145 0.198896
vt 0.346311 0.754071
vt 0.351304 0.753669
vt 0.340413 0.753933
vt 0.920107 0.320857
vt 0.917358 0.307810
vt 0.922732 0.310306
vt 0.925033 0.320792
vt 0.914978 0.320189
vt 0.912137 0.307133
vt 0.345413 0.745267
vt 0.350551 0.744265
vt 0.339091 0.744417
vt 0.915945 0.299114
vt 0.921049 0.300917
vt 0.910759 0.298502
vt 0.341454 0.734406
vt 0.346509 0.732408
vt 0.335362 0.734713
vt 0.914664 0.286545
vt 0.919727 0.289299
vt 0.909643 0.286151
vt 0.334747 0.723857
vt 0.339520 0.721023
vt 0.329247 0.725301
vt 0.914645 0.272957
vt 0.919722 0.276134
vt 0.909831 0.272812
vt 0.326112 0.714116
vt 0.330365 0.710465
vt 0.321312 0.716537
vt 0.916088 0.259673
vt 0.920472 0.261136
vt 0.911150 0.259170
vt 0.316553 0.707266
vt 0.320016 0.702858
vt 0.312637 0.710493
vt 0.918815 0.246895
vt 0.925033 0.244509
vt 0.913553 0.247556
vt 0.305429 0.702417
vt 0.308057 0.697511
vt 0.623976 0.127805
vt 0.628623 0.117152
vt 0.632397 0.120736
vt 0.626711 0.132113
vt 0.604496 0.281687
vt 0.611902 0.276940
vt 0.617546 0.287995
vt 0.608635 0.287804
vt 0.599957 0.274333
vt 0.606095 0.268783
vt 0.595375 0.264189
vt 0.600427 0.261030
vt 0.592614 0.258216
vt 0.597402 0.255935
vt 0.614590 0.228104
vt 0.613355 0.218392
vt 0.616860 0.214920
vt 0.618562 0.219869
vt 0.608141 0.230300
vt 0.608018 0.220052
vt 0.602343 0.231202
vt 0.602361 0.220591
vt 0.293529 0.699958
vt 0.295228 0.694754
vt 0.631242 0.105422
vt 0.635808 0.108295
vt 0.620541 0.270315
vt 0.629537 0.279884
vt 0.613606 0.262149
vt 0.606984 0.253563
vt 0.604904 0.248424
vt 0.572064 0.372488
vt 0.572064 0.362265
vt 0.577959 0.362898
vt 0.577589 0.371606
vt 0.607611 0.207820
vt 0.613128 0.206715
vt 0.601773 0.207750
vt 0.282680 0.700806
vt 0.283642 0.695511
vt 0.630792 0.094439
vt 0.635850 0.096575
vt 0.627579 0.263748
vt 0.634564 0.270202
vt 0.621453 0.256817
vt 0.615518 0.249015
vt 0.614529 0.243392
vt 0.612000 0.193966
vt 0.615907 0.192970
vt 0.616843 0.204721
vt 0.606391 0.194548
vt 0.600583 0.194560
vt 0.596129 0.193989
vt 0.595613 0.179595
vt 0.599840 0.179511
vt 0.627287 0.082901
vt 0.632961 0.083670
vt 0.634032 0.259128
vt 0.640172 0.264936
vt 0.629414 0.253186
vt 0.625172 0.245925
vt 0.625426 0.240111
vt 0.611305 0.179501
vt 0.615472 0.179592
vt 0.605584 0.179477
vt 0.625084 0.070363
vt 0.629174 0.067124
vt 0.636340 0.081011
vt 0.620422 0.070969
vt 0.639079 0.255609
vt 0.645920 0.261791
vt 0.637162 0.251391
vt 0.636992 0.245667
vt 0.638616 0.239970
vt 0.610549 0.162813
vt 0.615085 0.163880
vt 0.604675 0.162402
vt 0.599029 0.162724
vt 0.616519 0.058429
vt 0.620977 0.056636
vt 0.608360 0.058312
vt 0.484899 0.963639
vt 0.492325 0.954093
vt 0.497438 0.955302
vt 0.490994 0.963273
vt 0.130261 0.954998
vt 0.138408 0.952727
vt 0.139230 0.958766
vt 0.130244 0.960819
vt 0.646060 0.247707
vt 0.646103 0.253886
vt 0.648211 0.241902
vt 0.610365 0.150711
vt 0.615427 0.152322
vt 0.604176 0.149598
vt 0.598514 0.149262
vt 0.611731 0.042946
vt 0.611658 0.032369
vt 0.618748 0.034593
vt 0.617316 0.042095
vt 0.604424 0.043350
vt 0.603243 0.031092
vt 0.611658 0.032369
vt 0.611731 0.042946
vt 0.597942 0.043620
vt 0.595969 0.031172
vt 0.603243 0.031092
vt 0.604424 0.043350
vt 0.511301 0.941994
vt 0.515848 0.930011
vt 0.522564 0.932898
vt 0.517199 0.944182
vt 0.504339 0.940194
vt 0.507464 0.928696
vt 0.511301 0.941994
vt 0.148441 0.944896
vt 0.152140 0.940303
vt 0.157413 0.944242
vt 0.151442 0.950694
vt 0.143088 0.939603
vt 0.144807 0.936571
vt 0.152140 0.940304
vt 0.136752 0.936281
vt 0.137415 0.934020
vt 0.144807 0.936571
vt 0.143088 0.939603
vt 0.612156 0.143662
vt 0.617834 0.145702
vt 0.131361 0.935950
vt 0.131751 0.933249
vt 0.137415 0.934020
vt 0.136752 0.936281
vt 0.606864 0.137130
vt 0.608497 0.133671
vt 0.615156 0.138599
vt 0.613796 0.140239
vt 0.119593 0.991212
vt 0.114404 0.992992
vt 0.113548 0.984699
vt 0.117139 0.984259
vt 0.600058 0.055342
vt 0.598672 0.047865
vt 0.605240 0.047559
vt 0.612482 0.047097
vt 0.617586 0.046296
vt 0.504614 0.955139
vt 0.509534 0.945881
vt 0.515221 0.947980
vt 0.511483 0.954584
vt 0.502843 0.944165
vt 0.509534 0.945881
vt 0.498671 0.938300
vt 0.499780 0.929277
vt 0.497533 0.942382
vt 0.145579 0.947646
vt 0.148486 0.953148
vt 0.135353 0.947265
vt 0.140603 0.942743
vt 0.145579 0.947647
vt 0.130883 0.943843
vt 0.134896 0.939720
vt 0.140603 0.942743
vt 0.605707 0.140932
vt 0.612156 0.143662
vt 0.600200 0.138238
vt 0.603612 0.026865
vt 0.607077 0.015180
vt 0.617184 0.018181
vt 0.612518 0.028250
vt 0.595950 0.026910
vt 0.598022 0.014532
vt 0.603612 0.026865
vt 0.612518 0.028250
vt 0.625635 0.022730
vt 0.620320 0.030722
vt 0.516922 0.925953
vt 0.518543 0.914382
vt 0.526590 0.917848
vt 0.523961 0.929040
vt 0.508069 0.924500
vt 0.508157 0.913540
vt 0.516922 0.925953
vt 0.499719 0.925076
vt 0.498215 0.915547
vt 0.154558 0.936755
vt 0.158822 0.929336
vt 0.165620 0.932549
vt 0.160037 0.940905
vt 0.146614 0.932717
vt 0.149240 0.925831
vt 0.154558 0.936755
vt 0.138341 0.929873
vt 0.139442 0.922973
vt 0.112870 0.975605
vt 0.107233 0.971883
vt 0.114358 0.965544
vt 0.118737 0.969809
vt 0.110082 0.984189
vt 0.103006 0.981479
vt 0.111116 0.993181
vt 0.102808 0.991761
vt 0.110082 0.984189
vt 0.562536 0.335809
vt 0.563855 0.348077
vt 0.555440 0.346902
vt 0.555299 0.336251
vt 0.607590 0.012441
vt 0.619253 0.015169
vt 0.597414 0.011983
vt 0.519892 0.911841
vt 0.528589 0.915886
vt 0.508449 0.910170
vt 0.496924 0.911342
vt 0.491382 0.919866
vt 0.488355 0.915218
vt 0.151770 0.920975
vt 0.162615 0.925953
vt 0.140007 0.917007
vt 0.102133 0.967905
vt 0.110799 0.960485
vt 0.097398 0.979529
vt 0.097861 0.991866
vt 0.560647 0.363652
vt 0.559996 0.366566
vt 0.548304 0.363994
vt 0.550490 0.360801
vt 0.909182 0.503395
vt 0.907697 0.480705
vt 0.910463 0.480404
vt 0.911729 0.498618
vt 0.934663 0.513501
vt 0.923118 0.485188
vt 0.924730 0.484367
vt 0.935105 0.508449
vt 0.907379 0.229135
vt 0.904676 0.223525
vt 0.906814 0.223895
vt 0.908730 0.234679
vt 0.901494 0.224051
vt 0.910394 0.239344
vt 0.898483 0.225356
vt 0.805399 0.385162
vt 0.805676 0.381184
vt 0.809233 0.381028
vt 0.808972 0.384915
vt 0.902854 0.477747
vt 0.905669 0.476411
vt 0.904144 0.218722
vt 0.906724 0.219351
vt 0.900942 0.219151
vt 0.898038 0.220464
vt 0.805889 0.375586
vt 0.809430 0.375359
vt 0.802789 0.380415
vt 0.803115 0.375161
vt 0.785396 0.904278
vt 0.780706 0.906929
vt 0.779464 0.904728
vt 0.785184 0.902975
vt 0.904582 0.213440
vt 0.907283 0.214471
vt 0.901428 0.213605
vt 0.812788 0.374542
vt 0.812509 0.379990
vt 0.805737 0.369278
vt 0.809242 0.368857
vt 0.803093 0.369323
vt 0.776058 0.909625
vt 0.774175 0.907606
vt 0.906026 0.208673
vt 0.908669 0.210077
vt 0.902976 0.208660
vt 0.812667 0.368171
vt 0.805269 0.363092
vt 0.808708 0.362467
vt 0.802789 0.363644
vt 0.772663 0.913178
vt 0.770237 0.911496
vt 0.908128 0.205210
vt 0.910394 0.206890
vt 0.812187 0.361942
vt 0.814771 0.361651
vt 0.815092 0.367398
vt 0.804947 0.356605
vt 0.808277 0.355748
vt 0.767308 0.916858
vt 0.764644 0.916260
vt 0.767886 0.910605
vt 0.769652 0.917947
vt 0.424128 0.914985
vt 0.426175 0.910858
vt 0.428374 0.912833
vt 0.426569 0.916498
vt 0.811775 0.355301
vt 0.814505 0.355389
vt 0.804702 0.350572
vt 0.807896 0.349395
vt 0.765364 0.922537
vt 0.762437 0.922312
vt 0.768802 0.923505
vt 0.429206 0.907133
vt 0.430618 0.909335
vt 0.811397 0.348907
vt 0.814274 0.349254
vt 0.804567 0.345572
vt 0.807611 0.344069
vt 0.764759 0.928114
vt 0.761663 0.928356
vt 0.767807 0.928312
vt 0.433002 0.904387
vt 0.434142 0.907123
vt 0.811093 0.343527
vt 0.814092 0.344118
vt 0.761953 0.934994
vt 0.759401 0.935686
vt 0.759260 0.928853
vt 0.765106 0.934315
vt 0.767761 0.933829
vt 0.437878 0.902607
vt 0.438435 0.905547
vt 0.811360 0.338603
vt 0.814429 0.339350
vt 0.807919 0.339217
vt 0.763073 0.941615
vt 0.760461 0.942578
vt 0.766187 0.940431
vt 0.768982 0.939354
vt 0.443347 0.901763
vt 0.443186 0.904481
vt 0.438198 0.899858
vt 0.444063 0.899026
vt 0.808680 0.335051
vt 0.812078 0.334356
vt 0.765344 0.947622
vt 0.762735 0.948846
vt 0.768311 0.945895
vt 0.770846 0.944142
vt 0.448764 0.902148
vt 0.448034 0.905162
vt 0.449972 0.899490
vt 0.445258 0.897322
vt 0.451315 0.897902
vt 0.769122 0.953152
vt 0.766480 0.954703
vt 0.771882 0.950920
vt 0.774134 0.948399
vt 0.454586 0.903996
vt 0.453209 0.906814
vt 0.456219 0.901626
vt 0.457644 0.900340
vt 0.773728 0.957575
vt 0.771222 0.959468
vt 0.776084 0.954915
vt 0.777802 0.952019
vt 0.460199 0.907279
vt 0.458248 0.909729
vt 0.462135 0.905269
vt 0.463513 0.904232
vt 0.778652 0.960479
vt 0.776346 0.962702
vt 0.780493 0.957450
vt 0.781443 0.954346
vt 0.464808 0.911316
vt 0.462310 0.913224
vt 0.467010 0.909788
vt 0.468305 0.909035
vt 0.712652 0.912838
vt 0.712128 0.917649
vt 0.708389 0.917431
vt 0.708910 0.912679
vt 0.785237 0.959074
vt 0.783913 0.962346
vt 0.785396 0.955780
vt 0.468730 0.916732
vt 0.465862 0.918078
vt 0.471059 0.915669
vt 0.705116 0.918242
vt 0.705747 0.913759
vt 0.711849 0.923240
vt 0.708135 0.923104
vt 0.715316 0.918802
vt 0.714915 0.924088
vt 0.283067 0.957875
vt 0.289010 0.957773
vt 0.289201 0.960508
vt 0.282680 0.960225
vt 0.471771 0.922957
vt 0.468654 0.923700
vt 0.474137 0.922319
vt 0.704778 0.923739
vt 0.712048 0.929349
vt 0.708388 0.929367
vt 0.714964 0.929752
vt 0.294224 0.956656
vt 0.295296 0.959588
vt 0.473274 0.929212
vt 0.470035 0.929212
vt 0.475614 0.929090
vt 0.704967 0.929809
vt 0.712376 0.936512
vt 0.708799 0.936694
vt 0.715089 0.936471
vt 0.299956 0.954686
vt 0.301644 0.957176
vt 0.473422 0.936220
vt 0.470213 0.935554
vt 0.705314 0.936962
vt 0.702861 0.937262
vt 0.702712 0.930585
vt 0.712879 0.943863
vt 0.709438 0.944371
vt 0.715316 0.943238
vt 0.304458 0.950548
vt 0.307024 0.953239
vt 0.472180 0.943398
vt 0.469246 0.942131
vt 0.705907 0.944602
vt 0.703232 0.944498
vt 0.713433 0.950546
vt 0.710163 0.951448
vt 0.310990 0.948506
vt 0.313678 0.949696
vt 0.309157 0.954693
vt 0.308190 0.946707
vt 0.469296 0.949495
vt 0.466904 0.947504
vt 0.706621 0.951681
vt 0.703748 0.951165
vt 0.713538 0.957159
vt 0.710442 0.958442
vt 0.314182 0.942472
vt 0.317281 0.943310
vt 0.310876 0.941165
vt 0.464697 0.955183
vt 0.462861 0.952898
vt 0.706928 0.958737
vt 0.703921 0.957928
vt 0.713289 0.963138
vt 0.710331 0.964828
vt 0.316402 0.936009
vt 0.319812 0.936342
vt 0.312796 0.935200
vt 0.458954 0.960041
vt 0.457747 0.957426
vt 0.706860 0.965243
vt 0.703784 0.964220
vt 0.320640 0.929272
vt 0.323314 0.928912
vt 0.322300 0.936281
vt 0.317057 0.929553
vt 0.313525 0.929652
vt 0.452749 0.963148
vt 0.452462 0.960337
vt 0.334158 0.952840
vt 0.332232 0.947582
vt 0.334967 0.946131
vt 0.336672 0.950946
vt 0.330711 0.953646
vt 0.328762 0.948210
vt 0.319963 0.921511
vt 0.322760 0.920879
vt 0.316337 0.922344
vt 0.312565 0.923255
vt 0.445557 0.965041
vt 0.445873 0.962109
vt 0.330360 0.940879
vt 0.333308 0.939876
vt 0.326877 0.941327
vt 0.317880 0.913865
vt 0.320830 0.912821
vt 0.314268 0.915365
vt 0.310980 0.916873
vt 0.437897 0.965871
vt 0.438970 0.963078
vt 0.328475 0.933351
vt 0.331636 0.932805
vt 0.325009 0.933676
vt 0.313939 0.907466
vt 0.316905 0.905952
vt 0.310635 0.909651
vt 0.307863 0.911756
vt 0.430905 0.964797
vt 0.432795 0.962433
vt 0.327062 0.925654
vt 0.330360 0.925669
vt 0.323701 0.925852
vt 0.308651 0.901617
vt 0.311507 0.899682
vt 0.305766 0.904369
vt 0.303726 0.907068
vt 0.424128 0.961929
vt 0.426534 0.960193
vt 0.326557 0.917367
vt 0.329916 0.917825
vt 0.323314 0.917531
vt 0.302726 0.896779
vt 0.305317 0.894432
vt 0.300392 0.900041
vt 0.298912 0.903325
vt 0.330214 0.910027
vt 0.332747 0.911722
vt 0.332335 0.918717
vt 0.326865 0.909231
vt 0.323738 0.909475
vt 0.296505 0.893718
vt 0.298772 0.891067
vt 0.294819 0.897367
vt 0.294133 0.901020
vt 0.219253 0.542821
vt 0.225244 0.545406
vt 0.222319 0.547406
vt 0.217048 0.545194
vt 0.328047 0.902386
vt 0.331308 0.903553
vt 0.325037 0.902665
vt 0.943396 0.514499
vt 0.943827 0.507201
vt 0.947586 0.507889
vt 0.947201 0.515355
vt 0.288688 0.895895
vt 0.289773 0.892025
vt 0.939453 0.625492
vt 0.932584 0.626120
vt 0.931548 0.622872
vt 0.939136 0.622376
vt 0.230455 0.549539
vt 0.227225 0.551033
vt 0.330481 0.896253
vt 0.333613 0.897676
vt 0.951059 0.507864
vt 0.950646 0.515154
vt 0.943988 0.499201
vt 0.947688 0.499613
vt 0.282680 0.895651
vt 0.283110 0.891682
vt 0.925953 0.627821
vt 0.924187 0.624602
vt 0.234763 0.554687
vt 0.231228 0.555375
vt 0.333697 0.891067
vt 0.336672 0.892633
vt 0.951199 0.499711
vt 0.943743 0.491058
vt 0.947361 0.491152
vt 0.918034 0.628035
vt 0.915530 0.625850
vt 0.922386 0.622366
vt 0.920586 0.631014
vt 0.237296 0.560391
vt 0.233629 0.560253
vt 0.950915 0.491431
vt 0.953448 0.491810
vt 0.953571 0.499438
vt 0.943565 0.482388
vt 0.947061 0.482124
vt 0.912562 0.633579
vt 0.909503 0.631612
vt 0.915682 0.636137
vt 0.237875 0.567050
vt 0.234420 0.566253
vt 0.950645 0.482500
vt 0.953359 0.483422
vt 0.943396 0.474184
vt 0.946737 0.473412
vt 0.908331 0.640142
vt 0.904752 0.638565
vt 0.911900 0.642114
vt 0.236876 0.574043
vt 0.233699 0.572331
vt 0.950337 0.473705
vt 0.953240 0.475012
vt 0.902051 0.646230
vt 0.899038 0.645655
vt 0.902150 0.637788
vt 0.906035 0.647219
vt 0.909905 0.648385
vt 0.234043 0.580328
vt 0.231219 0.577756
vt 0.950058 0.466280
vt 0.953116 0.467923
vt 0.946473 0.466116
vt 0.900857 0.655082
vt 0.897557 0.654779
vt 0.905050 0.655454
vt 0.909026 0.655759
vt 0.229037 0.586105
vt 0.226591 0.582863
vt 0.235725 0.583248
vt 0.230151 0.589323
vt 0.946838 0.459768
vt 0.950377 0.459751
vt 0.900956 0.664129
vt 0.897494 0.664244
vt 0.905220 0.663760
vt 0.909140 0.663268
vt 0.222555 0.590963
vt 0.221132 0.587425
vt 0.223159 0.594378
vt 0.947691 0.454650
vt 0.951187 0.454444
vt 0.902836 0.672602
vt 0.899352 0.673140
vt 0.906972 0.671426
vt 0.910652 0.669962
vt 0.215336 0.594014
vt 0.214528 0.589931
vt 0.215284 0.597563
vt 0.897508 0.672851
vt 0.895837 0.664043
vt 0.906551 0.681017
vt 0.903062 0.681953
vt 0.910470 0.679129
vt 0.913938 0.676516
vt 0.206803 0.595385
vt 0.206901 0.591162
vt 0.206112 0.598916
vt 0.214412 0.599613
vt 0.205042 0.600782
vt 0.911567 0.688465
vt 0.908194 0.689866
vt 0.915086 0.685873
vt 0.918017 0.682596
vt 0.197746 0.595155
vt 0.198819 0.591439
vt 0.196477 0.598507
vt 0.195323 0.600130
vt 0.917593 0.693979
vt 0.914414 0.695820
vt 0.920546 0.690742
vt 0.922594 0.686905
vt 0.189483 0.593094
vt 0.191510 0.589248
vt 0.187563 0.596085
vt 0.186303 0.597405
vt 0.924614 0.697976
vt 0.921668 0.700176
vt 0.926969 0.694284
vt 0.928066 0.689945
vt 0.181353 0.588794
vt 0.184196 0.585429
vt 0.178941 0.591319
vt 0.905611 0.320857
vt 0.905357 0.327393
vt 0.902030 0.327972
vt 0.902380 0.321761
vt 0.909255 0.328302
vt 0.909419 0.336098
vt 0.905559 0.335334
vt 0.933472 0.696232
vt 0.931811 0.700254
vt 0.485705 0.894316
vt 0.493840 0.894909
vt 0.493801 0.898764
vt 0.484899 0.897732
vt 0.174003 0.582905
vt 0.177294 0.580531
vt 0.171262 0.584903
vt 0.902140 0.335665
vt 0.910148 0.344621
vt 0.906353 0.344060
vt 0.939453 0.696013
vt 0.938551 0.700206
vt 0.500969 0.894229
vt 0.502105 0.897876
vt 0.168658 0.576095
vt 0.172739 0.574238
vt 0.165635 0.577407
vt 0.902840 0.344090
vt 0.911050 0.354436
vt 0.907353 0.354096
vt 0.913207 0.345613
vt 0.913851 0.354797
vt 0.508596 0.891244
vt 0.510597 0.894824
vt 0.164814 0.567620
vt 0.169143 0.566649
vt 0.161778 0.568240
vt 0.903748 0.353859
vt 0.912090 0.364383
vt 0.908538 0.364432
vt 0.518113 0.890143
vt 0.520499 0.892465
vt 0.512193 0.897170
vt 0.515096 0.886408
vt 0.162384 0.558337
vt 0.166736 0.558269
vt 0.159582 0.558326
vt 0.904856 0.364079
vt 0.913126 0.373453
vt 0.909754 0.373981
vt 0.523705 0.884089
vt 0.526860 0.886126
vt 0.520002 0.881118
vt 0.162304 0.549417
vt 0.166522 0.550568
vt 0.906032 0.373552
vt 0.902954 0.372273
vt 0.902030 0.363419
vt 0.913628 0.382240
vt 0.910437 0.383227
vt 0.528104 0.876117
vt 0.531818 0.877717
vt 0.523961 0.874042
vt 0.164758 0.540053
vt 0.168390 0.541906
vt 0.906726 0.382819
vt 0.903477 0.381094
vt 0.535077 0.868432
vt 0.537700 0.868865
vt 0.534075 0.878419
vt 0.530976 0.867489
vt 0.526176 0.866081
vt 0.169237 0.531199
vt 0.172262 0.533812
vt 0.906894 0.391059
vt 0.903565 0.389028
vt 0.910568 0.391350
vt 0.535951 0.859008
vt 0.538809 0.859110
vt 0.531639 0.858854
vt 0.526612 0.858552
vt 0.175270 0.524340
vt 0.177279 0.527696
vt 0.911755 0.882129
vt 0.908951 0.874750
vt 0.912053 0.873198
vt 0.914568 0.879927
vt 0.908070 0.882812
vt 0.905211 0.875154
vt 0.534636 0.848795
vt 0.537695 0.848601
vt 0.530258 0.849339
vt 0.525743 0.850061
vt 0.183073 0.518546
vt 0.184382 0.522343
vt 0.906386 0.865602
vt 0.909741 0.864724
vt 0.902618 0.865695
vt 0.531512 0.838891
vt 0.534718 0.838259
vt 0.527237 0.840220
vt 0.523022 0.841875
vt 0.191893 0.513973
vt 0.191975 0.517665
vt 0.904043 0.855555
vt 0.907620 0.855338
vt 0.900301 0.855433
vt 0.526432 0.830360
vt 0.529724 0.829210
vt 0.522454 0.832567
vt 0.518867 0.835016
vt 0.200746 0.511641
vt 0.199857 0.515621
vt 0.902312 0.845575
vt 0.906060 0.846133
vt 0.898649 0.845226
vt 0.519375 0.822640
vt 0.522635 0.820999
vt 0.515846 0.825586
vt 0.512971 0.829046
vt 0.210306 0.511531
vt 0.208410 0.515308
vt 0.901757 0.834999
vt 0.905563 0.836194
vt 0.898224 0.834521
vt 0.511392 0.816426
vt 0.514409 0.814287
vt 0.508512 0.820031
vt 0.506520 0.824140
vt 0.219619 0.513454
vt 0.216651 0.516661
vt 0.902324 0.824834
vt 0.906089 0.826508
vt 0.898932 0.824392
vt 0.503055 0.812696
vt 0.505745 0.810166
vt 0.500962 0.816796
vt 0.500006 0.821375
vt 0.227125 0.517388
vt 0.223383 0.519841
vt 0.904049 0.816572
vt 0.907661 0.818714
vt 0.900816 0.816148
vt 0.362455 0.942771
vt 0.362758 0.933108
vt 0.366530 0.934334
vt 0.366260 0.944141
vt 0.492743 0.815316
vt 0.494109 0.810916
vt 0.853906 0.243588
vt 0.845225 0.244197
vt 0.844227 0.239866
vt 0.853811 0.239440
vt 0.233461 0.523287
vt 0.229485 0.524977
vt 0.907263 0.809529
vt 0.910681 0.811966
vt 0.370032 0.934664
vt 0.369706 0.944153
vt 0.362791 0.922705
vt 0.366511 0.923642
vt 0.484899 0.815637
vt 0.485445 0.811089
vt 0.837021 0.246371
vt 0.835128 0.242106
vt 0.238529 0.530367
vt 0.234250 0.531007
vt 0.911401 0.803955
vt 0.914568 0.806449
vt 0.370082 0.924207
vt 0.362491 0.912386
vt 0.366132 0.912953
vt 0.827487 0.246297
vt 0.824931 0.243371
vt 0.833384 0.239097
vt 0.830345 0.250261
vt 0.241223 0.537962
vt 0.236735 0.537604
vt 0.242215 0.531120
vt 0.244841 0.539544
vt 0.369763 0.913782
vt 0.362361 0.901555
vt 0.365899 0.901731
vt 0.820541 0.252985
vt 0.817303 0.250271
vt 0.824115 0.256415
vt 0.241606 0.546554
vt 0.237234 0.545422
vt 0.244944 0.548888
vt 0.369571 0.902739
vt 0.362356 0.891397
vt 0.365780 0.891036
vt 0.815074 0.261011
vt 0.811207 0.258757
vt 0.819286 0.263751
vt 0.239843 0.555365
vt 0.235808 0.553155
vt 0.242742 0.558325
vt 0.369472 0.892039
vt 0.807624 0.268251
vt 0.804721 0.267263
vt 0.808721 0.257571
vt 0.811982 0.269806
vt 0.816632 0.271533
vt 0.235801 0.563030
vt 0.232264 0.559855
vt 0.238061 0.566597
vt 0.365793 0.882241
vt 0.369475 0.883216
vt 0.806057 0.279266
vt 0.802860 0.278512
vt 0.810685 0.280117
vt 0.815827 0.280817
vt 0.229173 0.569890
vt 0.226338 0.566230
vt 0.230722 0.573861
vt 0.366434 0.874910
vt 0.370082 0.875776
vt 0.806237 0.290484
vt 0.802789 0.290125
vt 0.810994 0.290491
vt 0.815795 0.290163
vt 0.220971 0.575631
vt 0.219285 0.571479
vt 0.221820 0.579871
vt 0.230409 0.576752
vt 0.221196 0.582642
vt 0.808800 0.300896
vt 0.805198 0.300982
vt 0.813447 0.299968
vt 0.818289 0.298419
vt 0.212060 0.579174
vt 0.211499 0.574783
vt 0.211992 0.583530
vt 0.210986 0.586110
vt 0.813494 0.311189
vt 0.809817 0.311688
vt 0.817934 0.309427
vt 0.822159 0.306575
vt 0.201664 0.580697
vt 0.201905 0.575615
vt 0.200738 0.584965
vt 0.199397 0.587279
vt 0.819749 0.320270
vt 0.816087 0.321346
vt 0.823781 0.317627
vt 0.827119 0.314136
vt 0.190709 0.580436
vt 0.192146 0.576274
vt 0.189035 0.584405
vt 0.187532 0.586320
vt 0.827234 0.326933
vt 0.823720 0.328600
vt 0.830623 0.323453
vt 0.833095 0.318953
vt 0.180744 0.577889
vt 0.183347 0.573360
vt 0.178289 0.581327
vt 0.176656 0.582768
vt 0.835897 0.331649
vt 0.832610 0.333808
vt 0.838594 0.327574
vt 0.209452 0.812175
vt 0.218865 0.813611
vt 0.218290 0.818079
vt 0.207571 0.815989
vt 0.171093 0.572536
vt 0.174645 0.568645
vt 0.168087 0.575337
vt 0.203881 0.802327
vt 0.203293 0.810505
vt 0.199868 0.810601
vt 0.200551 0.802900
vt 0.207101 0.812186
vt 0.206719 0.821785
vt 0.202934 0.820277
vt 0.846572 0.329864
vt 0.844668 0.334357
vt 0.228569 0.813449
vt 0.228998 0.818404
vt 0.162600 0.565220
vt 0.166894 0.562133
vt 0.159206 0.567388
vt 0.199439 0.820064
vt 0.206747 0.832174
vt 0.202999 0.830923
vt 0.853906 0.329613
vt 0.852850 0.334311
vt 0.236908 0.811484
vt 0.238731 0.816503
vt 0.156588 0.556910
vt 0.161167 0.555260
vt 0.152887 0.558241
vt 0.199450 0.830337
vt 0.206780 0.843988
vt 0.203093 0.842996
vt 0.248404 0.812009
vt 0.250339 0.814723
vt 0.239879 0.819273
vt 0.245188 0.807249
vt 0.152594 0.546719
vt 0.157846 0.545738
vt 0.148850 0.547224
vt 0.199492 0.842072
vt 0.206915 0.855894
vt 0.203311 0.855324
vt 0.256868 0.805828
vt 0.259659 0.808376
vt 0.252758 0.801452
vt 0.150329 0.535730
vt 0.155609 0.535838
vt 0.146764 0.535471
vt 0.199657 0.854212
vt 0.207145 0.866728
vt 0.203650 0.866656
vt 0.262890 0.798091
vt 0.266507 0.800229
vt 0.258381 0.795151
vt 0.150722 0.525343
vt 0.155716 0.526710
vt 0.147600 0.524206
vt 0.199958 0.865360
vt 0.206928 0.877017
vt 0.203564 0.877461
vt 0.267072 0.788104
vt 0.271309 0.789718
vt 0.262000 0.786032
vt 0.154021 0.514527
vt 0.157898 0.516671
vt 0.151549 0.512697
vt 0.199867 0.876126
vt 0.273801 0.778346
vt 0.276546 0.778815
vt 0.273574 0.790460
vt 0.269114 0.777493
vt 0.263733 0.776465
vt 0.159603 0.504319
vt 0.162694 0.507497
vt 0.157881 0.502022
vt 0.203120 0.886743
vt 0.199439 0.885572
vt 0.273472 0.767135
vt 0.276558 0.767234
vt 0.268554 0.767208
vt 0.263117 0.767417
vt 0.166919 0.496420
vt 0.169159 0.500489
vt 0.887417 0.888673
vt 0.884314 0.879594
vt 0.887764 0.878205
vt 0.890509 0.886394
vt 0.883562 0.889113
vt 0.880393 0.879591
vt 0.270460 0.755324
vt 0.273803 0.755060
vt 0.265525 0.756230
vt 0.259809 0.757809
vt 0.176398 0.489944
vt 0.177802 0.494558
vt 0.881766 0.868437
vt 0.885474 0.867924
vt 0.877838 0.868020
vt 0.265520 0.744112
vt 0.268933 0.743362
vt 0.260829 0.745904
vt 0.256102 0.748249
vt 0.187051 0.485227
vt 0.187044 0.489700
vt 0.879840 0.856320
vt 0.883718 0.856609
vt 0.875950 0.855652
vt 0.258611 0.734646
vt 0.262031 0.733374
vt 0.254363 0.737385
vt 0.250411 0.740851
vt 0.197495 0.483127
vt 0.196347 0.487967
vt 0.878767 0.844528
vt 0.882750 0.845765
vt 0.874958 0.843560
vt 0.249344 0.726429
vt 0.252709 0.724670
vt 0.245665 0.729944
vt 0.242639 0.734267
vt 0.208613 0.483619
vt 0.206475 0.487606
vt 0.879049 0.832300
vt 0.883029 0.834342
vt 0.875377 0.831117
vt 0.238998 0.720283
vt 0.242091 0.717950
vt 0.236129 0.724512
vt 0.234235 0.729504
vt 0.219456 0.486358
vt 0.216130 0.489717
vt 0.880440 0.820704
vt 0.884323 0.823319
vt 0.876947 0.819548
vt 0.228552 0.717231
vt 0.231256 0.714411
vt 0.226673 0.721991
vt 0.226107 0.727424
vt 0.228184 0.491336
vt 0.223840 0.493993
vt 0.882970 0.811506
vt 0.886624 0.814591
vt 0.879704 0.810446
vt 0.895444 0.589569
vt 0.895533 0.577995
vt 0.899316 0.579595
vt 0.899264 0.591287
vt 0.216749 0.721588
vt 0.217721 0.716521
vt 0.756483 0.005938
vt 0.746453 0.006531
vt 0.745476 0.001301
vt 0.756556 0.000960
vt 0.235468 0.498624
vt 0.230647 0.500529
vt 0.887112 0.803955
vt 0.890509 0.807302
vt 0.902854 0.580212
vt 0.902716 0.591470
vt 0.895495 0.565714
vt 0.899228 0.566970
vt 0.207571 0.723125
vt 0.207589 0.717982
vt 0.736991 0.008892
vt 0.734955 0.003717
vt 0.240959 0.507315
vt 0.235750 0.508018
vt 0.239739 0.498652
vt 0.245317 0.508144
vt 0.902834 0.567870
vt 0.895223 0.553671
vt 0.898891 0.554515
vt 0.726027 0.008369
vt 0.723384 0.004827
vt 0.733206 0.000000
vt 0.729170 0.013134
vt 0.243453 0.516422
vt 0.238124 0.515962
vt 0.247759 0.518193
vt 0.902547 0.555742
vt 0.895126 0.541152
vt 0.898713 0.541605
vt 0.717853 0.015955
vt 0.714462 0.012675
vt 0.721869 0.020144
vt 0.243312 0.526492
vt 0.238292 0.525172
vt 0.247328 0.529139
vt 0.902408 0.543099
vt 0.895101 0.529515
vt 0.898587 0.529405
vt 0.711465 0.025263
vt 0.707360 0.022489
vt 0.716624 0.029089
vt 0.240794 0.536720
vt 0.236351 0.534195
vt 0.244276 0.540128
vt 0.902313 0.530957
vt 0.703242 0.033556
vt 0.700379 0.032231
vt 0.704993 0.021012
vt 0.707932 0.035562
vt 0.713194 0.037728
vt 0.235788 0.545549
vt 0.231428 0.541727
vt 0.238446 0.549681
vt 0.898555 0.519536
vt 0.902283 0.521068
vt 0.701473 0.046355
vt 0.698223 0.045237
vt 0.706515 0.047579
vt 0.712301 0.048557
vt 0.227833 0.553378
vt 0.224478 0.548713
vt 0.229602 0.557992
vt 0.899146 0.511500
vt 0.902854 0.512909
vt 0.701791 0.059348
vt 0.698195 0.058648
vt 0.707016 0.059605
vt 0.712474 0.059363
vt 0.218168 0.559909
vt 0.216343 0.554987
vt 0.219033 0.564784
vt 0.229316 0.561304
vt 0.218291 0.567898
vt 0.704816 0.071357
vt 0.701003 0.071157
vt 0.709971 0.070513
vt 0.715074 0.068873
vt 0.207729 0.563754
vt 0.206898 0.558028
vt 0.207498 0.568708
vt 0.206282 0.571562
vt 0.710254 0.083140
vt 0.706354 0.083384
vt 0.715142 0.081371
vt 0.719988 0.078109
vt 0.195706 0.565039
vt 0.196202 0.559247
vt 0.194483 0.569856
vt 0.192872 0.572411
vt 0.717328 0.093561
vt 0.713439 0.094392
vt 0.721777 0.090823
vt 0.725969 0.086468
vt 0.183259 0.564230
vt 0.185098 0.559118
vt 0.181179 0.568711
vt 0.179357 0.570863
vt 0.725827 0.101233
vt 0.722076 0.102656
vt 0.729590 0.097582
vt 0.732563 0.092238
vt 0.172135 0.560843
vt 0.175237 0.556253
vt 0.169142 0.564720
vt 0.167113 0.566375
vt 0.883309 0.123236
vt 0.882821 0.133050
vt 0.879013 0.131146
vt 0.879499 0.121417
vt 0.738810 0.102228
vt 0.735784 0.106543
vt 0.202251 0.705834
vt 0.212955 0.707695
vt 0.212250 0.713015
vt 0.200007 0.710502
vt 0.161524 0.554388
vt 0.165726 0.550094
vt 0.157891 0.557503
vt 0.875607 0.131223
vt 0.876193 0.122068
vt 0.882635 0.144333
vt 0.878851 0.142564
vt 0.748084 0.104644
vt 0.745952 0.109481
vt 0.224002 0.707773
vt 0.224429 0.713418
vt 0.152175 0.545941
vt 0.157219 0.542585
vt 0.148124 0.548262
vt 0.875345 0.142202
vt 0.882883 0.156407
vt 0.879147 0.154888
vt 0.756556 0.103971
vt 0.755432 0.109108
vt 0.233485 0.705635
vt 0.235356 0.711097
vt 0.145629 0.536436
vt 0.151311 0.534348
vt 0.141344 0.537725
vt 0.875550 0.154031
vt 0.883052 0.169864
vt 0.879391 0.168640
vt 0.246034 0.705808
vt 0.248152 0.709112
vt 0.236559 0.714411
vt 0.243014 0.701004
vt 0.141563 0.524836
vt 0.147285 0.523954
vt 0.137343 0.525160
vt 0.875725 0.167384
vt 0.883179 0.183186
vt 0.879600 0.182440
vt 0.255393 0.698853
vt 0.258434 0.701921
vt 0.251090 0.694095
vt 0.139748 0.512441
vt 0.145614 0.512797
vt 0.135767 0.511914
vt 0.875885 0.180979
vt 0.883309 0.195156
vt 0.879823 0.194939
vt 0.262076 0.690204
vt 0.265990 0.692767
vt 0.257054 0.686787
vt 0.140875 0.500917
vt 0.146376 0.502659
vt 0.137379 0.499416
vt 0.876078 0.193254
vt 0.882960 0.206349
vt 0.879584 0.206648
vt 0.266661 0.678999
vt 0.271210 0.680949
vt 0.260536 0.676487
vt 0.145267 0.489144
vt 0.149769 0.491827
vt 0.142488 0.486857
vt 0.875838 0.204874
vt 0.273817 0.668207
vt 0.276558 0.668903
vt 0.273466 0.681922
vt 0.268787 0.667099
vt 0.262380 0.665626
vt 0.152072 0.478214
vt 0.155499 0.481989
vt 0.150139 0.475392
vt 0.455907 0.690623
vt 0.452348 0.681082
vt 0.456366 0.680801
vt 0.459841 0.689844
vt 0.273251 0.655679
vt 0.276389 0.656004
vt 0.267974 0.655591
vt 0.261970 0.655759
vt 0.160533 0.469833
vt 0.163151 0.474569
vt 0.453336 0.670256
vt 0.457096 0.669049
vt 0.459778 0.678529
vt 0.449264 0.669984
vt 0.269612 0.642576
vt 0.273064 0.642530
vt 0.264311 0.643403
vt 0.258578 0.644784
vt 0.171340 0.463215
vt 0.172678 0.468200
vt 0.451092 0.657534
vt 0.455084 0.657357
vt 0.447034 0.656758
vt 0.263855 0.630264
vt 0.267425 0.629694
vt 0.258803 0.632078
vt 0.253385 0.634613
vt 0.183305 0.458649
vt 0.183105 0.463797
vt 0.449665 0.643959
vt 0.453791 0.644700
vt 0.445668 0.642878
vt 0.256041 0.619962
vt 0.259603 0.618861
vt 0.251513 0.622782
vt 0.247012 0.626614
vt 0.194851 0.457029
vt 0.193364 0.462319
vt 0.449277 0.631001
vt 0.453439 0.632789
vt 0.445382 0.629579
vt 0.245722 0.611086
vt 0.249248 0.609493
vt 0.241806 0.614730
vt 0.238545 0.619449
vt 0.206901 0.458265
vt 0.204285 0.462847
vt 0.450418 0.617877
vt 0.454512 0.620550
vt 0.446685 0.616195
vt 0.234314 0.604534
vt 0.237575 0.602374
vt 0.231260 0.608918
vt 0.229229 0.614353
vt 0.218433 0.461961
vt 0.214570 0.465686
vt 0.452786 0.605716
vt 0.456714 0.609018
vt 0.449240 0.604029
vt 0.477290 0.680391
vt 0.477510 0.669703
vt 0.481303 0.671550
vt 0.481083 0.682308
vt 0.220862 0.606212
vt 0.222881 0.601261
vt 0.220258 0.612131
vt 0.227529 0.467874
vt 0.222674 0.470679
vt 0.456195 0.596299
vt 0.459841 0.600142
vt 0.452877 0.594648
vt 0.477610 0.656774
vt 0.481373 0.658512
vt 0.209979 0.606033
vt 0.211062 0.600782
vt 0.662506 0.509414
vt 0.651607 0.510135
vt 0.650611 0.504384
vt 0.662647 0.503902
vt 0.234897 0.476207
vt 0.229681 0.478093
vt 0.232033 0.466900
vt 0.239730 0.476172
vt 0.484899 0.659256
vt 0.484737 0.671759
vt 0.477568 0.643235
vt 0.481288 0.644650
vt 0.200007 0.608079
vt 0.200085 0.602741
vt 0.641416 0.512907
vt 0.639278 0.507229
vt 0.240275 0.485917
vt 0.234712 0.486479
vt 0.245164 0.486813
vt 0.484896 0.645765
vt 0.477308 0.630172
vt 0.480968 0.631178
vt 0.629783 0.512553
vt 0.627109 0.508704
vt 0.637564 0.503239
vt 0.633113 0.517777
vt 0.242484 0.495887
vt 0.236757 0.495200
vt 0.247248 0.497857
vt 0.484641 0.632695
vt 0.477290 0.616868
vt 0.480876 0.617496
vt 0.621180 0.520983
vt 0.617754 0.517446
vt 0.625415 0.525542
vt 0.241637 0.506738
vt 0.235633 0.504936
vt 0.245997 0.509674
vt 0.484596 0.619326
vt 0.477411 0.604678
vt 0.480914 0.604762
vt 0.614467 0.531155
vt 0.610314 0.528159
vt 0.619781 0.535212
vt 0.238262 0.517531
vt 0.233482 0.514637
vt 0.242022 0.521291
vt 0.484671 0.606708
vt 0.605993 0.540108
vt 0.603319 0.538672
vt 0.608111 0.526593
vt 0.610738 0.542290
vt 0.616285 0.544635
vt 0.232393 0.526648
vt 0.227885 0.522442
vt 0.235257 0.531186
vt 0.481080 0.594648
vt 0.484842 0.596630
vt 0.604196 0.553850
vt 0.601133 0.552570
vt 0.609301 0.555231
vt 0.615531 0.556307
vt 0.223561 0.534571
vt 0.220407 0.529990
vt 0.225440 0.539622
vt 0.235701 0.534835
vt 0.225262 0.543299
vt 0.604724 0.567721
vt 0.601333 0.566810
vt 0.609997 0.568118
vt 0.616277 0.567982
vt 0.212972 0.540909
vt 0.211184 0.535670
vt 0.213842 0.546224
vt 0.213143 0.549743
vt 0.608059 0.580459
vt 0.604411 0.579998
vt 0.613276 0.579734
vt 0.618661 0.578015
vt 0.201844 0.544459
vt 0.201157 0.538393
vt 0.201510 0.549854
vt 0.200241 0.553122
vt 0.614051 0.592766
vt 0.610222 0.592742
vt 0.619031 0.591079
vt 0.624081 0.587703
vt 0.189234 0.545332
vt 0.189958 0.539236
vt 0.187801 0.550511
vt 0.186039 0.553383
vt 0.621711 0.603469
vt 0.617843 0.604026
vt 0.626245 0.600795
vt 0.630547 0.596349
vt 0.176354 0.543878
vt 0.178470 0.538607
vt 0.173995 0.548633
vt 0.171962 0.551045
vt 0.630734 0.611265
vt 0.626964 0.612418
vt 0.634566 0.607646
vt 0.637587 0.602182
vt 0.164994 0.539898
vt 0.168460 0.534728
vt 0.161685 0.543936
vt 0.159407 0.545772
vt 0.057017 0.407209
vt 0.056639 0.417893
vt 0.052866 0.416026
vt 0.053244 0.405457
vt 0.644253 0.612288
vt 0.641161 0.616584
vt 0.373003 0.701042
vt 0.384260 0.702763
vt 0.383639 0.708324
vt 0.370787 0.705901
vt 0.154339 0.532796
vt 0.158851 0.528500
vt 0.150374 0.535989
vt 0.148006 0.537223
vt 0.056501 0.430004
vt 0.052743 0.428258
vt 0.653898 0.614492
vt 0.651689 0.619292
vt 0.395697 0.703106
vt 0.396293 0.708428
vt 0.145193 0.523673
vt 0.150265 0.520842
vt 0.140835 0.525982
vt 0.049229 0.427876
vt 0.049456 0.416152
vt 0.056729 0.442695
vt 0.053008 0.441184
vt 0.662647 0.613563
vt 0.661412 0.618621
vt 0.405489 0.700023
vt 0.407540 0.705768
vt 0.139161 0.513570
vt 0.145077 0.511613
vt 0.134543 0.514808
vt 0.049407 0.440267
vt 0.056858 0.456632
vt 0.053194 0.455360
vt 0.418465 0.700072
vt 0.420562 0.703351
vt 0.408746 0.709069
vt 0.415290 0.695104
vt 0.135717 0.501571
vt 0.141837 0.500878
vt 0.131144 0.501789
vt 0.049520 0.453972
vt 0.056945 0.470234
vt 0.053352 0.469397
vt 0.427774 0.692497
vt 0.430781 0.695537
vt 0.423298 0.687606
vt 0.134510 0.488955
vt 0.140527 0.489516
vt 0.130244 0.488256
vt 0.049618 0.467738
vt 0.057017 0.482224
vt 0.053505 0.481857
vt 0.434280 0.683313
vt 0.438116 0.685833
vt 0.428936 0.679522
vt 0.136344 0.477424
vt 0.141879 0.479378
vt 0.132647 0.475711
vt 0.049731 0.479919
vt 0.056570 0.493226
vt 0.053156 0.493320
vt 0.438609 0.671639
vt 0.443037 0.673547
vt 0.432935 0.669248
vt 0.141376 0.465826
vt 0.146144 0.468939
vt 0.138478 0.463303
vt 0.049371 0.491246
vt 0.468363 0.688823
vt 0.464823 0.678743
vt 0.468453 0.680253
vt 0.472186 0.690287
vt 0.440521 0.659391
vt 0.445382 0.660475
vt 0.434533 0.658203
vt 0.148636 0.455172
vt 0.152404 0.459224
vt 0.146656 0.452105
vt 0.472539 0.679747
vt 0.476153 0.689217
vt 0.461882 0.667298
vt 0.465293 0.668739
vt 0.439320 0.647637
vt 0.444409 0.647729
vt 0.433046 0.647698
vt 0.157499 0.447277
vt 0.159671 0.452035
vt 0.469466 0.668832
vt 0.473276 0.667602
vt 0.475993 0.677386
vt 0.459840 0.653927
vt 0.463029 0.655281
vt 0.435265 0.635335
vt 0.440364 0.634559
vt 0.429580 0.636765
vt 0.168544 0.441321
vt 0.169714 0.446591
vt 0.467218 0.655946
vt 0.471284 0.655768
vt 0.434330 0.622270
vt 0.437630 0.621897
vt 0.443499 0.634639
vt 0.429456 0.623989
vt 0.423927 0.626695
vt 0.180497 0.437294
vt 0.180122 0.442367
vt 0.465747 0.642406
vt 0.469971 0.643193
vt 0.461597 0.641356
vt 0.426182 0.612213
vt 0.429554 0.611333
vt 0.421797 0.614923
vt 0.417312 0.618871
vt 0.191878 0.436224
vt 0.190214 0.441477
vt 0.465366 0.629637
vt 0.469632 0.631497
vt 0.461324 0.628191
vt 0.415657 0.603754
vt 0.419042 0.602432
vt 0.411870 0.607235
vt 0.408713 0.611938
vt 0.203528 0.438095
vt 0.200771 0.442582
vt 0.466594 0.616935
vt 0.470789 0.619683
vt 0.462713 0.615181
vt 0.404270 0.597558
vt 0.407449 0.595727
vt 0.401314 0.601708
vt 0.399386 0.607078
vt 0.214536 0.442199
vt 0.210506 0.445907
vt 0.469000 0.605292
vt 0.473021 0.608655
vt 0.465311 0.603488
vt 0.336840 0.885090
vt 0.336946 0.874145
vt 0.340701 0.875754
vt 0.340588 0.886717
vt 0.391020 0.599348
vt 0.392996 0.594666
vt 0.390497 0.605151
vt 0.223071 0.448308
vt 0.217979 0.451144
vt 0.472434 0.596421
vt 0.476153 0.600281
vt 0.468997 0.594648
vt 0.336962 0.861136
vt 0.340699 0.862689
vt 0.380414 0.599618
vt 0.381518 0.594648
vt 0.750390 0.239434
vt 0.739655 0.240637
vt 0.738597 0.235015
vt 0.750439 0.234013
vt 0.229663 0.456751
vt 0.223992 0.458600
vt 0.227673 0.447397
vt 0.234540 0.456812
vt 0.344218 0.863360
vt 0.344120 0.875848
vt 0.336890 0.847762
vt 0.340594 0.849052
vt 0.370787 0.601915
vt 0.370979 0.596899
vt 0.729685 0.243677
vt 0.727534 0.238179
vt 0.234187 0.466369
vt 0.228532 0.466844
vt 0.239126 0.467350
vt 0.344203 0.850138
vt 0.336626 0.835041
vt 0.340282 0.835998
vt 0.718380 0.243767
vt 0.715812 0.240208
vt 0.725868 0.234494
vt 0.721679 0.248798
vt 0.235824 0.476007
vt 0.230219 0.475185
vt 0.240604 0.478062
vt 0.343966 0.837533
vt 0.336618 0.822335
vt 0.340203 0.822957
vt 0.710323 0.252481
vt 0.707036 0.249188
vt 0.714476 0.256834
vt 0.234419 0.486354
vt 0.228675 0.484421
vt 0.238731 0.489374
vt 0.343945 0.824828
vt 0.336745 0.810911
vt 0.340246 0.811049
vt 0.704167 0.262728
vt 0.700229 0.259967
vt 0.709151 0.266439
vt 0.230601 0.496513
vt 0.225956 0.493482
vt 0.234227 0.500340
vt 0.344036 0.813030
vt 0.696350 0.271689
vt 0.693847 0.270379
vt 0.698221 0.258591
vt 0.700872 0.273693
vt 0.706210 0.275837
vt 0.224675 0.505057
vt 0.220652 0.500797
vt 0.227352 0.509613
vt 0.340415 0.801670
vt 0.344218 0.803658
vt 0.695014 0.285024
vt 0.692113 0.283831
vt 0.699864 0.286263
vt 0.705468 0.287113
vt 0.215859 0.512222
vt 0.212803 0.507222
vt 0.217527 0.517220
vt 0.227836 0.513293
vt 0.217348 0.520891
vt 0.695834 0.298265
vt 0.692664 0.297397
vt 0.700795 0.298581
vt 0.706217 0.298242
vt 0.205422 0.517572
vt 0.203780 0.512231
vt 0.206115 0.522772
vt 0.205436 0.526307
vt 0.699081 0.310307
vt 0.695735 0.309798
vt 0.703937 0.309614
vt 0.708999 0.307885
vt 0.194732 0.520219
vt 0.194281 0.514441
vt 0.194300 0.525500
vt 0.193082 0.528878
vt 0.704874 0.321818
vt 0.701345 0.321651
vt 0.709520 0.320266
vt 0.714255 0.316991
vt 0.182891 0.520382
vt 0.183755 0.514638
vt 0.181404 0.525442
vt 0.179674 0.528468
vt 0.712312 0.331612
vt 0.708691 0.331970
vt 0.716555 0.329154
vt 0.720496 0.325011
vt 0.170943 0.518460
vt 0.173053 0.513035
vt 0.168571 0.523050
vt 0.166548 0.525573
vt 0.720939 0.338571
vt 0.717371 0.339477
vt 0.724513 0.335266
vt 0.727120 0.330427
vt 0.160539 0.514266
vt 0.163922 0.509538
vt 0.157292 0.518103
vt 0.155028 0.520021
vt 0.898273 0.023330
vt 0.898057 0.033787
vt 0.894322 0.032258
vt 0.894544 0.021965
vt 0.733597 0.339229
vt 0.730698 0.343175
vt 0.372451 0.808575
vt 0.383487 0.809789
vt 0.382986 0.814524
vt 0.370787 0.812788
vt 0.150906 0.507266
vt 0.155238 0.503373
vt 0.147068 0.510261
vt 0.144729 0.511548
vt 0.897987 0.045412
vt 0.894259 0.043983
vt 0.742481 0.340926
vt 0.740366 0.345281
vt 0.394236 0.808919
vt 0.394830 0.814093
vt 0.142931 0.498359
vt 0.147942 0.495454
vt 0.138748 0.500503
vt 0.890743 0.043732
vt 0.890911 0.032500
vt 0.898206 0.057350
vt 0.894500 0.056122
vt 0.750439 0.339788
vt 0.749153 0.344305
vt 0.403220 0.805983
vt 0.405236 0.811181
vt 0.137981 0.488717
vt 0.143460 0.487062
vt 0.133587 0.489843
vt 0.890904 0.055358
vt 0.898317 0.070291
vt 0.894647 0.069219
vt 0.415273 0.805489
vt 0.417226 0.808242
vt 0.406426 0.813985
vt 0.411809 0.800568
vt 0.135388 0.477551
vt 0.141043 0.477052
vt 0.131012 0.477717
vt 0.890975 0.067967
vt 0.898411 0.082784
vt 0.894800 0.082046
vt 0.423645 0.798003
vt 0.426385 0.800532
vt 0.419347 0.793550
vt 0.134827 0.465968
vt 0.140331 0.466621
vt 0.130773 0.465258
vt 0.891056 0.080489
vt 0.898480 0.093595
vt 0.894948 0.093253
vt 0.429256 0.789094
vt 0.432737 0.791172
vt 0.424341 0.785777
vt 0.136896 0.455518
vt 0.141897 0.457433
vt 0.133454 0.453868
vt 0.891156 0.091419
vt 0.897996 0.103362
vt 0.894554 0.103390
vt 0.432873 0.778059
vt 0.436846 0.779594
vt 0.427449 0.775998
vt 0.141902 0.445146
vt 0.145672 0.447772
vt 0.139254 0.442761
vt 0.890743 0.101410
vt 0.880594 0.704593
vt 0.877250 0.695077
vt 0.880915 0.696070
vt 0.884405 0.705503
vt 0.434256 0.766630
vt 0.438602 0.767441
vt 0.428792 0.765706
vt 0.148847 0.435768
vt 0.151625 0.439305
vt 0.147061 0.432878
vt 0.884938 0.695280
vt 0.888279 0.704168
vt 0.874473 0.684455
vt 0.877972 0.685424
vt 0.432850 0.755804
vt 0.437349 0.755749
vt 0.427452 0.756158
vt 0.157086 0.428990
vt 0.158825 0.433191
vt 0.882105 0.685229
vt 0.885764 0.683961
vt 0.888246 0.692967
vt 0.872516 0.672211
vt 0.875856 0.673153
vt 0.428908 0.744581
vt 0.433394 0.743797
vt 0.423799 0.746008
vt 0.167147 0.424069
vt 0.168058 0.428829
vt 0.880052 0.673510
vt 0.883966 0.673222
vt 0.871335 0.659825
vt 0.874473 0.660575
vt 0.423345 0.734354
vt 0.427649 0.732762
vt 0.418759 0.736826
vt 0.177850 0.420805
vt 0.177364 0.425097
vt 0.878655 0.661348
vt 0.882747 0.661958
vt 0.871219 0.648328
vt 0.874141 0.648797
vt 0.416192 0.726303
vt 0.420076 0.723863
vt 0.412455 0.729834
vt 0.187912 0.420164
vt 0.186284 0.424849
vt 0.878240 0.649985
vt 0.882399 0.651584
vt 0.872672 0.637083
vt 0.875371 0.637268
vt 0.407066 0.719673
vt 0.410440 0.716575
vt 0.404304 0.723938
vt 0.198091 0.422108
vt 0.195621 0.425737
vt 0.879312 0.638761
vt 0.883418 0.641158
vt 0.884683 0.474751
vt 0.885226 0.465878
vt 0.888937 0.466997
vt 0.888360 0.475759
vt 0.397534 0.715005
vt 0.400195 0.711316
vt 0.395875 0.719862
vt 0.207591 0.426012
vt 0.204089 0.428905
vt 0.881468 0.628543
vt 0.885436 0.631496
vt 0.877702 0.626971
vt 0.885178 0.455779
vt 0.888903 0.456928
vt 0.388373 0.713214
vt 0.390184 0.709069
vt 0.387973 0.718419
vt 0.214831 0.431593
vt 0.210477 0.433727
vt 0.884583 0.620844
vt 0.888279 0.624225
vt 0.881062 0.619292
vt 0.885078 0.443973
vt 0.888791 0.445117
vt 0.379105 0.713798
vt 0.380174 0.709427
vt 0.648831 0.736301
vt 0.639320 0.738626
vt 0.637826 0.733822
vt 0.648310 0.731528
vt 0.220235 0.439145
vt 0.215572 0.440513
vt 0.219100 0.430891
vt 0.224715 0.439349
vt 0.892297 0.445563
vt 0.892292 0.456807
vt 0.884949 0.432009
vt 0.888640 0.432965
vt 0.370787 0.716068
vt 0.371092 0.711661
vt 0.630694 0.742453
vt 0.628256 0.737858
vt 0.223743 0.447620
vt 0.218821 0.447871
vt 0.228268 0.448659
vt 0.892241 0.433811
vt 0.884683 0.420770
vt 0.888340 0.421485
vt 0.620635 0.743834
vt 0.618025 0.741144
vt 0.626382 0.734960
vt 0.624018 0.747885
vt 0.224704 0.455985
vt 0.219726 0.455164
vt 0.229054 0.457986
vt 0.892019 0.422768
vt 0.884714 0.409669
vt 0.888319 0.410157
vt 0.614260 0.752436
vt 0.611089 0.750044
vt 0.618307 0.755804
vt 0.222981 0.464806
vt 0.218348 0.463198
vt 0.226900 0.467664
vt 0.892059 0.411787
vt 0.884904 0.399790
vt 0.888445 0.399925
vt 0.609702 0.762179
vt 0.606044 0.760275
vt 0.614238 0.764652
vt 0.219225 0.473343
vt 0.215265 0.470673
vt 0.222519 0.476920
vt 0.892239 0.401708
vt 0.885243 0.392308
vt 0.888689 0.391994
vt 0.607774 0.772256
vt 0.603689 0.771020
vt 0.612981 0.773840
vt 0.213776 0.480422
vt 0.210212 0.476647
vt 0.216201 0.484648
vt 0.223791 0.480333
vt 0.216834 0.488219
vt 0.603737 0.782887
vt 0.601133 0.782172
vt 0.601461 0.770241
vt 0.608061 0.783478
vt 0.613264 0.783675
vt 0.205934 0.486279
vt 0.203504 0.482191
vt 0.207413 0.490885
vt 0.207384 0.494448
vt 0.605724 0.794394
vt 0.602811 0.793949
vt 0.610109 0.794192
vt 0.614793 0.793373
vt 0.196787 0.490642
vt 0.195570 0.486072
vt 0.197337 0.495385
vt 0.196773 0.498765
vt 0.609689 0.804524
vt 0.606577 0.804418
vt 0.613931 0.803438
vt 0.618162 0.801424
vt 0.187464 0.492706
vt 0.187416 0.487817
vt 0.186983 0.497438
vt 0.185895 0.500581
vt 0.615667 0.813877
vt 0.612394 0.814103
vt 0.619656 0.812053
vt 0.623365 0.808748
vt 0.177194 0.492453
vt 0.178103 0.487465
vt 0.175796 0.496931
vt 0.174258 0.499704
vt 0.622709 0.821601
vt 0.619422 0.822253
vt 0.626271 0.819072
vt 0.629125 0.815314
vt 0.166977 0.490239
vt 0.169004 0.485909
vt 0.164826 0.494298
vt 0.163032 0.496659
vt 0.917047 0.024701
vt 0.916621 0.031712
vt 0.912935 0.030847
vt 0.913397 0.023960
vt 0.633389 0.823672
vt 0.630444 0.826801
vt 0.635325 0.819000
vt 0.158275 0.486101
vt 0.161283 0.482057
vt 0.155381 0.489526
vt 0.153348 0.491415
vt 0.916384 0.040999
vt 0.912681 0.040011
vt 0.641283 0.826295
vt 0.638919 0.829853
vt 0.821791 0.707392
vt 0.831311 0.706817
vt 0.831721 0.710796
vt 0.821030 0.711528
vt 0.150364 0.479647
vt 0.154153 0.476342
vt 0.146951 0.482345
vt 0.144804 0.483707
vt 0.916374 0.051235
vt 0.912670 0.050294
vt 0.648831 0.826876
vt 0.647138 0.830713
vt 0.840265 0.703885
vt 0.841717 0.708214
vt 0.143830 0.471753
vt 0.147947 0.469668
vt 0.140133 0.473686
vt 0.909196 0.050301
vt 0.909323 0.040482
vt 0.916689 0.061623
vt 0.913005 0.060807
vt 0.919321 0.052895
vt 0.919494 0.062560
vt 0.847512 0.699882
vt 0.850006 0.703764
vt 0.139796 0.463382
vt 0.144501 0.462035
vt 0.135978 0.464396
vt 0.909429 0.060324
vt 0.916865 0.072753
vt 0.913219 0.072042
vt 0.919510 0.073049
vt 0.854115 0.693825
vt 0.857442 0.697013
vt 0.137806 0.453739
vt 0.142607 0.453389
vt 0.134063 0.453909
vt 0.909553 0.071119
vt 0.916953 0.083384
vt 0.913363 0.082941
vt 0.863196 0.689125
vt 0.865957 0.690617
vt 0.859591 0.698811
vt 0.859043 0.686261
vt 0.137618 0.443793
vt 0.141938 0.444543
vt 0.134189 0.443213
vt 0.909621 0.081749
vt 0.916972 0.092480
vt 0.913454 0.092358
vt 0.866432 0.680584
vt 0.869718 0.681585
vt 0.861933 0.678910
vt 0.139634 0.434898
vt 0.143804 0.436587
vt 0.136750 0.433523
vt 0.909667 0.090937
vt 0.916432 0.100608
vt 0.913003 0.100787
vt 0.867611 0.670582
vt 0.871219 0.671067
vt 0.862613 0.669808
vt 0.144088 0.426160
vt 0.147444 0.428531
vt 0.141910 0.424176
vt 0.909196 0.099241
vt 0.913949 0.591281
vt 0.910568 0.583187
vt 0.914191 0.583489
vt 0.917687 0.591470
vt 0.866835 0.660670
vt 0.870652 0.660504
vt 0.862119 0.660850
vt 0.150108 0.418273
vt 0.152776 0.421469
vt 0.148706 0.415895
vt 0.917997 0.582303
vt 0.921306 0.589798
vt 0.907563 0.574232
vt 0.911028 0.574554
vt 0.863841 0.651802
vt 0.867668 0.650886
vt 0.859397 0.653041
vt 0.157145 0.412581
vt 0.158596 0.416313
vt 0.914978 0.573892
vt 0.918353 0.572458
vt 0.920971 0.579994
vt 0.905203 0.563915
vt 0.908503 0.564239
vt 0.858740 0.643050
vt 0.862452 0.641517
vt 0.854731 0.645136
vt 0.165676 0.408475
vt 0.166295 0.412282
vt 0.912541 0.564050
vt 0.916223 0.563426
vt 0.903546 0.553511
vt 0.906644 0.553677
vt 0.852538 0.635428
vt 0.855959 0.633245
vt 0.849154 0.638291
vt 0.174714 0.405823
vt 0.174162 0.409670
vt 0.910692 0.553823
vt 0.914587 0.553929
vt 0.902854 0.543858
vt 0.905744 0.543783
vt 0.845456 0.629862
vt 0.848374 0.627040
vt 0.842843 0.633522
vt 0.183155 0.405417
vt 0.181514 0.409129
vt 0.909743 0.544262
vt 0.913759 0.545168
vt 0.903575 0.534349
vt 0.906264 0.534051
vt 0.837061 0.625743
vt 0.839448 0.622465
vt 0.835486 0.629782
vt 0.191577 0.407175
vt 0.189223 0.410443
vt 0.910150 0.534779
vt 0.914165 0.536326
vt 0.916513 0.390810
vt 0.917003 0.383081
vt 0.920674 0.383763
vt 0.920151 0.391432
vt 0.828670 0.623286
vt 0.830383 0.619665
vt 0.828082 0.627618
vt 0.199310 0.410560
vt 0.196093 0.413123
vt 0.911588 0.526123
vt 0.915518 0.528136
vt 0.907841 0.525316
vt 0.916929 0.374453
vt 0.920615 0.375135
vt 0.821030 0.623131
vt 0.821993 0.619292
vt 0.245562 0.822986
vt 0.238262 0.825223
vt 0.236607 0.821556
vt 0.244921 0.819273
vt 0.205112 0.415284
vt 0.201225 0.417106
vt 0.913979 0.519537
vt 0.917698 0.521923
vt 0.923995 0.374815
vt 0.923932 0.382945
vt 0.916786 0.364443
vt 0.920464 0.365123
vt 0.913917 0.372927
vt 0.913906 0.363406
vt 0.231085 0.829574
vt 0.228655 0.826136
vt 0.209364 0.421548
vt 0.205279 0.422648
vt 0.917864 0.514535
vt 0.921306 0.517060
vt 0.923958 0.365275
vt 0.916585 0.354350
vt 0.920239 0.354880
vt 0.913851 0.353928
vt 0.225028 0.834953
vt 0.221903 0.831916
vt 0.212094 0.428521
vt 0.207846 0.428626
vt 0.213181 0.421941
vt 0.215908 0.429630
vt 0.923834 0.355371
vt 0.916248 0.344950
vt 0.919859 0.345271
vt 0.217238 0.838748
vt 0.214327 0.837363
vt 0.219545 0.830199
vt 0.220985 0.841117
vt 0.212728 0.435402
vt 0.208478 0.434558
vt 0.216346 0.437321
vt 0.923539 0.346115
vt 0.916234 0.335711
vt 0.919781 0.335822
vt 0.214174 0.847369
vt 0.210870 0.846349
vt 0.218283 0.849018
vt 0.211118 0.442617
vt 0.207213 0.441075
vt 0.214331 0.445250
vt 0.923522 0.336928
vt 0.916433 0.327566
vt 0.919907 0.327359
vt 0.212803 0.856377
vt 0.209219 0.855867
vt 0.217078 0.857199
vt 0.207815 0.449537
vt 0.204550 0.447125
vt 0.210485 0.452742
vt 0.923694 0.328554
vt 0.916824 0.321443
vt 0.920200 0.320857
vt 0.213581 0.864978
vt 0.209830 0.865119
vt 0.217827 0.864810
vt 0.203080 0.455212
vt 0.200490 0.452064
vt 0.205018 0.458925
vt 0.923995 0.322055
vt 0.212543 0.874691
vt 0.210018 0.874936
vt 0.207571 0.865216
vt 0.216312 0.873976
vt 0.220317 0.872958
vt 0.196392 0.459785
vt 0.194452 0.456255
vt 0.197549 0.463788
vt 0.205488 0.462102
vt 0.197484 0.466946
vt 0.216659 0.883516
vt 0.213971 0.884045
vt 0.220277 0.882159
vt 0.223852 0.880316
vt 0.188675 0.463083
vt 0.187504 0.458967
vt 0.189075 0.467187
vt 0.188585 0.470197
vt 0.222033 0.890750
vt 0.219277 0.891585
vt 0.225325 0.888735
vt 0.228263 0.886058
vt 0.180877 0.464481
vt 0.180835 0.460212
vt 0.180432 0.468556
vt 0.179517 0.471372
vt 0.228783 0.896921
vt 0.225981 0.898035
vt 0.231705 0.894400
vt 0.233918 0.890920
vt 0.172351 0.463918
vt 0.173039 0.459809
vt 0.171151 0.467778
vt 0.169863 0.470300
vt 0.235989 0.901563
vt 0.233266 0.902998
vt 0.238415 0.898595
vt 0.239954 0.894638
vt 0.163908 0.461768
vt 0.165579 0.457873
vt 0.162085 0.465279
vt 0.160577 0.467472
vt 0.891441 0.326740
vt 0.891069 0.332756
vt 0.887414 0.332395
vt 0.887829 0.326499
vt 0.244997 0.900683
vt 0.243163 0.903986
vt 0.245562 0.896459
vt 0.157741 0.457591
vt 0.154335 0.461117
vt 0.152624 0.462902
vt 0.890965 0.340674
vt 0.887290 0.340178
vt 0.894238 0.334578
vt 0.894031 0.342223
vt 0.371716 0.898081
vt 0.379669 0.897866
vt 0.379815 0.901382
vt 0.370787 0.901318
vt 0.147390 0.454971
vt 0.151362 0.452056
vt 0.883982 0.340843
vt 0.884242 0.333553
vt 0.891161 0.349342
vt 0.887489 0.348850
vt 0.894068 0.350459
vt 0.387512 0.896255
vt 0.388379 0.899820
vt 0.141706 0.447648
vt 0.144781 0.446514
vt 0.884031 0.349099
vt 0.891685 0.358053
vt 0.888036 0.357665
vt 0.894407 0.358572
vt 0.393892 0.893351
vt 0.395622 0.896624
vt 0.138189 0.439813
vt 0.141479 0.439416
vt 0.884437 0.357510
vt 0.892021 0.367371
vt 0.888382 0.367101
vt 0.894584 0.367333
vt 0.399776 0.888555
vt 0.402395 0.891519
vt 0.136563 0.430921
vt 0.139851 0.431173
vt 0.884646 0.366610
vt 0.892194 0.376326
vt 0.888521 0.376302
vt 0.408034 0.885467
vt 0.410496 0.886898
vt 0.404276 0.893174
vt 0.404653 0.882652
vt 0.136633 0.421814
vt 0.139540 0.422678
vt 0.884639 0.375600
vt 0.892297 0.384117
vt 0.888567 0.384366
vt 0.411753 0.878684
vt 0.414763 0.879705
vt 0.407619 0.876525
vt 0.138676 0.413512
vt 0.140983 0.415061
vt 0.884534 0.383433
vt 0.891933 0.391237
vt 0.888161 0.391743
vt 0.413860 0.870287
vt 0.417306 0.870900
vt 0.409527 0.869225
vt 0.142819 0.405417
vt 0.144265 0.407477
vt 0.883982 0.390645
vt 0.944926 0.876031
vt 0.943171 0.868662
vt 0.947136 0.869381
vt 0.948913 0.876588
vt 0.412085 0.861472
vt 0.417832 0.861762
vt 0.578415 0.374963
vt 0.578402 0.381128
vt 0.575440 0.379112
vt 0.575440 0.372758
vt 0.951502 0.868782
vt 0.953022 0.875467
vt 0.941617 0.860762
vt 0.945412 0.861541
vt 0.411515 0.853782
vt 0.415975 0.853500
vt 0.949948 0.861445
vt 0.953043 0.861659
vt 0.954286 0.868008
vt 0.940455 0.852165
vt 0.943888 0.852987
vt 0.407912 0.846240
vt 0.412386 0.845533
vt 0.948445 0.853268
vt 0.951926 0.853879
vt 0.407650 0.837690
vt 0.411332 0.836418
vt 0.415644 0.844786
vt 0.403283 0.839132
vt 0.946864 0.844159
vt 0.950838 0.844973
vt 0.942499 0.843684
vt 0.401847 0.831199
vt 0.405557 0.829124
vt 0.398030 0.833720
vt 0.945775 0.834893
vt 0.950149 0.836269
vt 0.941775 0.834468
vt 0.394695 0.825743
vt 0.398019 0.822851
vt 0.391788 0.829339
vt 0.946172 0.825161
vt 0.950558 0.826840
vt 0.942554 0.825073
vt 0.386671 0.821278
vt 0.389340 0.817755
vt 0.800795 0.391432
vt 0.792354 0.390387
vt 0.793220 0.385639
vt 0.802726 0.387838
vt 0.948066 0.815581
vt 0.952040 0.817322
vt 0.944666 0.815973
vt 0.378904 0.819037
vt 0.380795 0.815075
vt 0.784766 0.390919
vt 0.784425 0.385479
vt 0.950896 0.808110
vt 0.954286 0.809850
vt 0.939052 0.790251
vt 0.939369 0.782294
vt 0.943855 0.782884
vt 0.943504 0.790836
vt 0.370787 0.818722
vt 0.372005 0.814524
vt 0.776951 0.393075
vt 0.775338 0.387544
vt 0.944062 0.773165
vt 0.947851 0.774425
vt 0.947702 0.783590
vt 0.939546 0.772603
vt 0.936026 0.771314
vt 0.936062 0.760939
vt 0.939469 0.761583
vt 0.769033 0.396546
vt 0.766322 0.391456
vt 0.944023 0.761977
vt 0.947878 0.763716
vt 0.935670 0.751104
vt 0.938959 0.750889
vt 0.762766 0.401421
vt 0.759340 0.397076
vt 0.943570 0.750996
vt 0.947607 0.753331
vt 0.753535 0.405055
vt 0.749721 0.403453
vt 0.756211 0.395187
vt 0.757639 0.408741
vt 0.943314 0.739650
vt 0.947535 0.742261
vt 0.938592 0.739836
vt 0.748956 0.414728
vt 0.744516 0.413667
vt 0.753860 0.417921
vt 0.943329 0.728192
vt 0.947668 0.731053
vt 0.938409 0.728765
vt 0.746998 0.424776
vt 0.742034 0.424517
vt 0.752622 0.427183
vt 0.943455 0.718747
vt 0.947878 0.722011
vt 0.938310 0.719723
vt 0.747530 0.436293
vt 0.742258 0.436783
vt 0.753555 0.437509
vt 0.947335 0.187994
vt 0.952031 0.198714
vt 0.947156 0.196426
vt 0.942291 0.186555
vt 0.738703 0.437395
vt 0.738823 0.424939
vt 0.750335 0.448380
vt 0.744997 0.449748
vt 0.756365 0.448386
vt 0.954704 0.211371
vt 0.950286 0.208120
vt 0.741146 0.450688
vt 0.755418 0.458779
vt 0.750332 0.461156
vt 0.761015 0.457620
vt 0.954381 0.224058
vt 0.950577 0.219956
vt 0.746319 0.462517
vt 0.762882 0.468424
vt 0.758207 0.471626
vt 0.767714 0.466165
vt 0.950752 0.237093
vt 0.947963 0.232706
vt 0.754113 0.473395
vt 0.771933 0.476939
vt 0.767879 0.480908
vt 0.775913 0.473752
vt 0.943602 0.249100
vt 0.942291 0.246738
vt 0.764186 0.481923
vt 0.781408 0.482379
vt 0.778199 0.487011
vt 0.551927 0.239170
vt 0.545391 0.248205
vt 0.543024 0.243526
vt 0.550677 0.234013
vt 0.654045 0.308669
vt 0.645840 0.308357
vt 0.648696 0.296258
vt 0.657305 0.302551
vt 0.566783 0.589828
vt 0.566500 0.597500
vt 0.560194 0.600027
vt 0.562605 0.591062
vt 0.572107 0.588920
vt 0.572245 0.596283
vt 0.791906 0.485501
vt 0.789535 0.490517
vt 0.540600 0.259199
vt 0.537163 0.255298
vt 0.633703 0.316469
vt 0.627522 0.326288
vt 0.622011 0.322273
vt 0.622415 0.313099
vt 0.657299 0.314938
vt 0.650345 0.319602
vt 0.660487 0.322510
vt 0.654884 0.327961
vt 0.663606 0.332855
vt 0.659920 0.335800
vt 0.668658 0.338472
vt 0.664286 0.340687
vt 0.562036 0.609554
vt 0.558694 0.613259
vt 0.556707 0.608459
vt 0.567293 0.607587
vt 0.572918 0.606738
vt 0.802726 0.486058
vt 0.801237 0.491237
vt 0.537673 0.271415
vt 0.533408 0.268281
vt 0.614542 0.300101
vt 0.604744 0.294009
vt 0.641282 0.326275
vt 0.646724 0.334679
vt 0.651982 0.343471
vt 0.655147 0.348446
vt 0.668561 0.342873
vt 0.658179 0.352208
vt 0.568467 0.619653
vt 0.562995 0.621083
vt 0.574292 0.619419
vt 0.578915 0.620468
vt 0.580678 0.632855
vt 0.576243 0.632469
vt 0.537677 0.282967
vt 0.532879 0.280625
vt 0.640741 0.274070
vt 0.641001 0.283197
vt 0.633069 0.333003
vt 0.637567 0.340201
vt 0.642202 0.348209
vt 0.644247 0.353671
vt 0.646349 0.357715
vt 0.570456 0.632781
vt 0.564863 0.633693
vt 0.581986 0.647185
vt 0.577817 0.647438
vt 0.540685 0.295085
vt 0.535251 0.294155
vt 0.598960 0.287254
vt 0.624971 0.337862
vt 0.620578 0.331701
vt 0.627647 0.344128
vt 0.630602 0.351595
vt 0.631432 0.357243
vt 0.632487 0.361281
vt 0.572100 0.647762
vt 0.566367 0.648071
vt 0.542574 0.308057
vt 0.538969 0.310928
vt 0.532496 0.296294
vt 0.546892 0.307710
vt 0.594973 0.280221
vt 0.618080 0.341700
vt 0.613191 0.335055
vt 0.617098 0.346358
vt 0.616291 0.352231
vt 0.615874 0.357744
vt 0.568006 0.664721
vt 0.563374 0.663956
vt 0.562150 0.648268
vt 0.573907 0.664797
vt 0.579504 0.664198
vt 0.550640 0.320508
vt 0.546590 0.321993
vt 0.558475 0.320824
vt 0.646021 0.270219
vt 0.605576 0.339022
vt 0.603024 0.336150
vt 0.605186 0.344315
vt 0.604637 0.350583
vt 0.604077 0.356148
vt 0.568808 0.676844
vt 0.563625 0.675559
vt 0.575053 0.677614
vt 0.580691 0.677682
vt 0.555440 0.346902
vt 0.548854 0.344263
vt 0.550134 0.336788
vt 0.569458 0.335026
vt 0.571665 0.347382
vt 0.562536 0.335809
vt 0.676692 0.954915
vt 0.682118 0.943310
vt 0.688675 0.946721
vt 0.682471 0.957565
vt 0.669882 0.952615
vt 0.673847 0.941381
vt 0.682118 0.943310
vt 0.656950 0.965637
vt 0.662975 0.954324
vt 0.668100 0.956467
vt 0.661913 0.967177
vt 0.664409 0.950336
vt 0.666195 0.941429
vt 0.669882 0.952615
vt 0.591592 0.345622
vt 0.587187 0.347373
vt 0.581536 0.341585
vt 0.589144 0.339456
vt 0.593430 0.352944
vt 0.591306 0.354470
vt 0.587187 0.347373
vt 0.591592 0.345622
vt 0.594085 0.359474
vt 0.592873 0.360961
vt 0.591306 0.354470
vt 0.593430 0.352944
vt 0.573068 0.690183
vt 0.571658 0.693686
vt 0.564733 0.689138
vt 0.565980 0.687452
vt 0.578849 0.692852
vt 0.576964 0.699349
vt 0.573068 0.690184
vt 0.563598 0.352258
vt 0.554682 0.350988
vt 0.561680 0.331595
vt 0.554557 0.332047
vt 0.554557 0.332047
vt 0.549848 0.332551
vt 0.567243 0.323297
vt 0.568675 0.330792
vt 0.669047 0.967503
vt 0.674639 0.958658
vt 0.680213 0.961201
vt 0.675987 0.967503
vt 0.674639 0.958658
vt 0.595285 0.344865
vt 0.593036 0.338969
vt 0.596843 0.351675
vt 0.597309 0.357595
vt 0.558022 0.686783
vt 0.559520 0.685538
vt 0.567411 0.683970
vt 0.561589 0.682292
vt 0.574000 0.686345
vt 0.579603 0.688786
vt 0.574000 0.686345
vt 0.571826 0.351563
vt 0.570363 0.363548
vt 0.563598 0.352258
vt 0.542615 0.355756
vt 0.547434 0.348061
vt 0.683501 0.939350
vt 0.686036 0.927969
vt 0.693903 0.932069
vt 0.690370 0.942987
vt 0.674768 0.937247
vt 0.675713 0.926354
vt 0.683502 0.939350
vt 0.666455 0.937243
vt 0.665700 0.927656
vt 0.674768 0.937247
vt 0.660757 0.939373
vt 0.658681 0.931528
vt 0.666455 0.937243
vt 0.589352 0.356565
vt 0.587046 0.360558
vt 0.580548 0.352483
vt 0.584578 0.348915
vt 0.974451 0.284433
vt 0.968913 0.283140
vt 0.975190 0.276237
vt 0.979939 0.278189
vt 0.972965 0.293085
vt 0.966717 0.293051
vt 0.974451 0.284433
vt 0.975893 0.301737
vt 0.969190 0.303316
vt 0.982389 0.308018
vt 0.975670 0.311183
vt 0.081546 0.461320
vt 0.077270 0.451398
vt 0.083151 0.449479
vt 0.089167 0.459898
vt 0.570887 0.366203
vt 0.984496 0.404312
vt 0.980907 0.419253
vt 0.977229 0.406581
vt 0.687557 0.925528
vt 0.696042 0.930260
vt 0.676233 0.923004
vt 0.664705 0.923360
vt 0.656006 0.926672
vt 0.971519 0.272955
vt 0.982398 0.271163
vt 0.983865 0.274194
vt 0.963388 0.280884
vt 0.960507 0.292747
vt 0.963734 0.305027
vt 0.971968 0.314145
vt 0.337273 0.961288
vt 0.348714 0.972956
vt 0.335267 0.967499
vt 0.936535 0.503480
vt 0.926616 0.482593
vt 0.929753 0.481367
vt 0.936913 0.498272
vt 0.788833 0.352118
vt 0.792782 0.348728
vt 0.370787 0.914531
vt 0.373251 0.909866
vt 0.374568 0.912412
vt 0.937029 0.493263
vt 0.933303 0.481021
vt 0.936316 0.481656
vt 0.937383 0.487680
vt 0.926903 0.478463
vt 0.929909 0.477059
vt 0.786528 0.350217
vt 0.790664 0.346743
vt 0.376740 0.907595
vt 0.377702 0.910319
vt 0.933437 0.476637
vt 0.936545 0.477323
vt 0.782302 0.355198
vt 0.780026 0.353945
vt 0.784517 0.348896
vt 0.784999 0.356743
vt 0.381561 0.906101
vt 0.381867 0.909017
vt 0.934247 0.472212
vt 0.937383 0.473061
vt 0.930768 0.472712
vt 0.779053 0.360988
vt 0.776511 0.359924
vt 0.782093 0.362055
vt 0.387179 0.905803
vt 0.386740 0.908772
vt 0.381989 0.903346
vt 0.388057 0.903099
vt 0.383029 0.901479
vt 0.389214 0.901382
vt 0.777418 0.366816
vt 0.774574 0.365961
vt 0.780739 0.367355
vt 0.392508 0.906638
vt 0.391389 0.909326
vt 0.393864 0.904109
vt 0.395128 0.902696
vt 0.777281 0.372877
vt 0.774309 0.372278
vt 0.780631 0.372903
vt 0.783463 0.372364
vt 0.397863 0.909448
vt 0.396255 0.911961
vt 0.399543 0.907331
vt 0.400832 0.906168
vt 0.778048 0.378505
vt 0.774979 0.378252
vt 0.781341 0.377975
vt 0.784418 0.376554
vt 0.402880 0.913188
vt 0.400795 0.915295
vt 0.404783 0.911438
vt 0.772983 0.377258
vt 0.772540 0.371251
vt 0.779848 0.383155
vt 0.776750 0.383261
vt 0.782977 0.382065
vt 0.785391 0.380288
vt 0.406812 0.917517
vt 0.404300 0.919078
vt 0.408894 0.916219
vt 0.955796 0.638359
vt 0.955409 0.642371
vt 0.952161 0.643415
vt 0.952657 0.639650
vt 0.959075 0.642324
vt 0.958835 0.647604
vt 0.955192 0.647668
vt 0.962168 0.643267
vt 0.961812 0.648317
vt 0.856950 0.960975
vt 0.862444 0.960636
vt 0.862711 0.962846
vt 0.856519 0.963091
vt 0.409923 0.923034
vt 0.407138 0.924057
vt 0.412088 0.922154
vt 0.951864 0.648504
vt 0.958743 0.653467
vt 0.955133 0.653672
vt 0.961618 0.653817
vt 0.867951 0.959563
vt 0.868843 0.961819
vt 0.412126 0.929181
vt 0.409160 0.929636
vt 0.414328 0.928689
vt 0.951758 0.654382
vt 0.959030 0.659625
vt 0.955466 0.660006
vt 0.961790 0.659502
vt 0.872812 0.957425
vt 0.874374 0.959774
vt 0.412912 0.935182
vt 0.409867 0.934924
vt 0.415106 0.935192
vt 0.952054 0.660542
vt 0.959387 0.666596
vt 0.955904 0.667159
vt 0.961976 0.666006
vt 0.877318 0.953924
vt 0.879478 0.955840
vt 0.412263 0.941726
vt 0.409912 0.941008
vt 0.952454 0.667532
vt 0.949966 0.667623
vt 0.949714 0.661103
vt 0.959816 0.673368
vt 0.956460 0.674239
vt 0.962168 0.672242
vt 0.880728 0.949158
vt 0.883552 0.951005
vt 0.410056 0.948111
vt 0.407482 0.946677
vt 0.952985 0.674593
vt 0.950321 0.674330
vt 0.960250 0.679261
vt 0.957049 0.680469
vt 0.886156 0.945740
vt 0.888933 0.946212
vt 0.885920 0.951823
vt 0.883187 0.944731
vt 0.406824 0.953414
vt 0.405019 0.951546
vt 0.953567 0.680825
vt 0.950727 0.680210
vt 0.960195 0.684860
vt 0.957160 0.686390
vt 0.887789 0.939461
vt 0.890846 0.939560
vt 0.884620 0.938981
vt 0.402156 0.958257
vt 0.400698 0.955963
vt 0.953704 0.686811
vt 0.950734 0.685973
vt 0.950375 0.574954
vt 0.948489 0.570159
vt 0.951813 0.570055
vt 0.953853 0.574865
vt 0.888463 0.933003
vt 0.891704 0.932609
vt 0.884922 0.933022
vt 0.396566 0.962336
vt 0.395732 0.959796
vt 0.953465 0.692187
vt 0.950420 0.691210
vt 0.956881 0.691639
vt 0.946530 0.564663
vt 0.949681 0.564466
vt 0.887744 0.926879
vt 0.891032 0.925909
vt 0.884537 0.927728
vt 0.390691 0.964835
vt 0.390759 0.962366
vt 0.955144 0.568989
vt 0.953063 0.563604
vt 0.955774 0.562271
vt 0.957586 0.567199
vt 0.944702 0.557936
vt 0.947658 0.557635
vt 0.885651 0.920370
vt 0.888891 0.918875
vt 0.882607 0.921871
vt 0.383973 0.966213
vt 0.384628 0.963536
vt 0.951067 0.556968
vt 0.954025 0.556087
vt 0.885161 0.912572
vt 0.887852 0.911027
vt 0.891491 0.917793
vt 0.882111 0.914683
vt 0.879507 0.916764
vt 0.376939 0.966295
vt 0.378302 0.964112
vt 0.949263 0.549617
vt 0.952395 0.549162
vt 0.945936 0.550183
vt 0.880430 0.907654
vt 0.883014 0.905684
vt 0.877811 0.910323
vt 0.875837 0.912953
vt 0.370787 0.964653
vt 0.372832 0.962730
vt 0.948050 0.542498
vt 0.951300 0.542495
vt 0.944824 0.543008
vt 0.874759 0.903493
vt 0.877149 0.901166
vt 0.872632 0.906586
vt 0.871309 0.909604
vt 0.951070 0.535412
vt 0.953650 0.536501
vt 0.953691 0.542973
vt 0.947788 0.535068
vt 0.944689 0.535587
vt 0.868796 0.900319
vt 0.870874 0.897688
vt 0.867247 0.903758
vt 0.866609 0.907076
vt 0.951617 0.528541
vt 0.954182 0.530315
vt 0.948365 0.527927
vt 0.945378 0.528531
vt 0.949054 0.375669
vt 0.949381 0.369658
vt 0.953126 0.370129
vt 0.952831 0.376320
vt 0.861998 0.902468
vt 0.862914 0.898807
vt 0.067860 0.889216
vt 0.062213 0.889698
vt 0.061213 0.886831
vt 0.067634 0.886460
vt 0.952930 0.523008
vt 0.955330 0.525236
vt 0.949783 0.522094
vt 0.956580 0.369890
vt 0.956251 0.375911
vt 0.949536 0.362363
vt 0.953219 0.362652
vt 0.856519 0.902434
vt 0.856851 0.898687
vt 0.056080 0.891607
vt 0.054426 0.888749
vt 0.955377 0.518071
vt 0.957586 0.520362
vt 0.952364 0.516984
vt 0.956711 0.362577
vt 0.949373 0.354569
vt 0.952965 0.354568
vt 0.946652 0.361790
vt 0.946700 0.354577
vt 0.050522 0.894706
vt 0.048213 0.891969
vt 0.583130 0.546410
vt 0.586092 0.551828
vt 0.582917 0.551631
vt 0.580109 0.547003
vt 0.956514 0.354584
vt 0.959065 0.354597
vt 0.959065 0.362126
vt 0.948940 0.347082
vt 0.952393 0.346682
vt 0.043634 0.896622
vt 0.040691 0.894905
vt 0.045857 0.890009
vt 0.046394 0.898994
vt 0.587063 0.557566
vt 0.583814 0.556584
vt 0.955977 0.346759
vt 0.958734 0.347300
vt 0.948814 0.339445
vt 0.952108 0.338633
vt 0.039807 0.902808
vt 0.036420 0.901445
vt 0.043088 0.904566
vt 0.586021 0.563752
vt 0.582906 0.562173
vt 0.955689 0.338691
vt 0.958605 0.339629
vt 0.948940 0.332396
vt 0.952095 0.331112
vt 0.037040 0.909577
vt 0.033301 0.908746
vt 0.040609 0.910667
vt 0.583369 0.569803
vt 0.580620 0.567465
vt 0.955648 0.331049
vt 0.958663 0.332273
vt 0.031986 0.916299
vt 0.028878 0.916241
vt 0.030405 0.908369
vt 0.035931 0.916466
vt 0.039723 0.916859
vt 0.579234 0.574740
vt 0.576971 0.571758
vt 0.584904 0.572482
vt 0.580305 0.577749
vt 0.952318 0.325094
vt 0.955830 0.324961
vt 0.032143 0.924684
vt 0.028921 0.924922
vt 0.036146 0.924244
vt 0.039853 0.923754
vt 0.573362 0.578833
vt 0.571689 0.575434
vt 0.573955 0.582062
vt 0.953174 0.320105
vt 0.956639 0.319901
vt 0.033596 0.933062
vt 0.030326 0.933681
vt 0.037524 0.931947
vt 0.041057 0.930669
vt 0.566457 0.582059
vt 0.565673 0.578551
vt 0.566551 0.585414
vt 0.028643 0.933597
vt 0.027421 0.924866
vt 0.036776 0.940508
vt 0.033459 0.941565
vt 0.040507 0.938629
vt 0.043656 0.936476
vt 0.559247 0.583726
vt 0.559373 0.580118
vt 0.558665 0.587092
vt 0.565781 0.587458
vt 0.557676 0.588920
vt 0.041710 0.947297
vt 0.038451 0.948779
vt 0.045074 0.944782
vt 0.047668 0.941829
vt 0.551032 0.583472
vt 0.551932 0.579605
vt 0.549836 0.586595
vt 0.548702 0.588120
vt 0.047558 0.952877
vt 0.044491 0.954873
vt 0.050382 0.949737
vt 0.052291 0.946329
vt 0.542575 0.581740
vt 0.544327 0.578123
vt 0.540903 0.584509
vt 0.042018 0.955096
vt 0.036205 0.948746
vt 0.053857 0.956392
vt 0.051097 0.958864
vt 0.055985 0.952728
vt 0.056957 0.948954
vt 0.535172 0.578414
vt 0.537770 0.575303
vt 0.533057 0.580671
vt 0.945927 0.121417
vt 0.945901 0.126631
vt 0.942503 0.127216
vt 0.942681 0.122363
vt 0.949817 0.127461
vt 0.950077 0.134564
vt 0.946214 0.133790
vt 0.062041 0.954365
vt 0.060598 0.958348
vt 0.705554 0.907799
vt 0.712837 0.908535
vt 0.712726 0.911943
vt 0.704479 0.910702
vt 0.528317 0.572971
vt 0.531520 0.570454
vt 0.525942 0.574702
vt 0.942707 0.134091
vt 0.950549 0.142517
vt 0.946769 0.141991
vt 0.067860 0.954754
vt 0.067131 0.958907
vt 0.720369 0.908160
vt 0.720999 0.911951
vt 0.522503 0.566132
vt 0.526179 0.564283
vt 0.519955 0.567386
vt 0.943201 0.142157
vt 0.951381 0.150864
vt 0.947702 0.150666
vt 0.953524 0.143579
vt 0.954149 0.151209
vt 0.726897 0.906524
vt 0.728570 0.910333
vt 0.518807 0.558723
vt 0.522554 0.558048
vt 0.516137 0.559345
vt 0.944093 0.150659
vt 0.952237 0.160220
vt 0.948671 0.160331
vt 0.736118 0.906529
vt 0.738236 0.908826
vt 0.729992 0.912679
vt 0.733367 0.902937
vt 0.516860 0.550025
vt 0.520529 0.549957
vt 0.514233 0.550037
vt 0.945030 0.160161
vt 0.953110 0.169464
vt 0.949687 0.170007
vt 0.742675 0.901311
vt 0.745471 0.903363
vt 0.739291 0.898075
vt 0.516657 0.540860
vt 0.520669 0.541635
vt 0.946030 0.169801
vt 0.943116 0.168891
vt 0.942291 0.159761
vt 0.953903 0.177602
vt 0.950637 0.178592
vt 0.747335 0.894950
vt 0.750746 0.896562
vt 0.743434 0.892529
vt 0.518522 0.532574
vt 0.522141 0.534304
vt 0.946975 0.178333
vt 0.943890 0.176870
vt 0.954149 0.185168
vt 0.951042 0.186555
vt 0.750662 0.886845
vt 0.754497 0.887959
vt 0.746476 0.885393
vt 0.522635 0.524361
vt 0.525589 0.526664
vt 0.947401 0.186311
vt 0.944188 0.184466
vt 0.756546 0.878677
vt 0.759259 0.878886
vt 0.756918 0.888455
vt 0.752412 0.878217
vt 0.747731 0.877403
vt 0.528374 0.516889
vt 0.530696 0.519983
vt 0.927564 0.878817
vt 0.924976 0.871942
vt 0.927881 0.870218
vt 0.930176 0.876536
vt 0.923958 0.879567
vt 0.921316 0.872431
vt 0.756307 0.869502
vt 0.759259 0.869384
vt 0.752035 0.869817
vt 0.747613 0.870216
vt 0.535117 0.511411
vt 0.536478 0.515036
vt 0.922543 0.864082
vt 0.925749 0.863071
vt 0.918833 0.864255
vt 0.753892 0.859835
vt 0.757001 0.859399
vt 0.749668 0.860845
vt 0.745468 0.862131
vt 0.543412 0.507284
vt 0.543730 0.510634
vt 0.920542 0.854649
vt 0.923990 0.854344
vt 0.916819 0.854526
vt 0.749755 0.850736
vt 0.752996 0.849805
vt 0.745706 0.852549
vt 0.741652 0.854843
vt 0.552471 0.504493
vt 0.551710 0.508044
vt 0.918927 0.844561
vt 0.922550 0.844886
vt 0.915270 0.844272
vt 0.743984 0.843273
vt 0.747219 0.841805
vt 0.740362 0.845917
vt 0.737326 0.848989
vt 0.561134 0.503994
vt 0.559372 0.507527
vt 0.918101 0.834923
vt 0.921807 0.835926
vt 0.914567 0.834501
vt 0.736613 0.836865
vt 0.739714 0.834934
vt 0.733543 0.840155
vt 0.731315 0.843890
vt 0.569930 0.505762
vt 0.567192 0.509125
vt 0.918628 0.825176
vt 0.922308 0.826694
vt 0.915253 0.824723
vt 0.728666 0.832011
vt 0.731463 0.829664
vt 0.726286 0.835811
vt 0.724942 0.840043
vt 0.577981 0.509378
vt 0.574392 0.511917
vt 0.920325 0.816224
vt 0.923898 0.818115
vt 0.917087 0.815853
vt 0.931976 0.099441
vt 0.932293 0.091142
vt 0.936064 0.092279
vt 0.935765 0.100787
vt 0.719094 0.833674
vt 0.720700 0.829519
vt 0.125306 0.796623
vt 0.117863 0.796333
vt 0.117196 0.792214
vt 0.125648 0.792742
vt 0.583934 0.514505
vt 0.579869 0.516110
vt 0.923021 0.809375
vt 0.926388 0.811642
vt 0.939552 0.092455
vt 0.939212 0.100686
vt 0.932466 0.081247
vt 0.936192 0.082194
vt 0.711520 0.833452
vt 0.712418 0.829103
vt 0.109735 0.798025
vt 0.108224 0.793900
vt 0.588498 0.521188
vt 0.584400 0.522026
vt 0.927057 0.803955
vt 0.930176 0.806380
vt 0.939732 0.082666
vt 0.932366 0.070920
vt 0.936016 0.071526
vt 0.704479 0.834950
vt 0.704574 0.830557
vt 0.102248 0.801261
vt 0.099907 0.797281
vt 0.591699 0.528812
vt 0.587407 0.528607
vt 0.939626 0.072176
vt 0.942226 0.072694
vt 0.942132 0.082517
vt 0.932008 0.061076
vt 0.935548 0.061245
vt 0.093295 0.802493
vt 0.090344 0.799753
vt 0.097736 0.794385
vt 0.096487 0.806032
vt 0.592668 0.536538
vt 0.588166 0.535281
vt 0.939213 0.062067
vt 0.942024 0.063339
vt 0.931976 0.051176
vt 0.935386 0.050886
vt 0.087588 0.809972
vt 0.084016 0.807558
vt 0.091407 0.812889
vt 0.591060 0.544789
vt 0.586799 0.542623
vt 0.595786 0.538770
vt 0.593716 0.547674
vt 0.939072 0.051775
vt 0.932239 0.042280
vt 0.935533 0.041439
vt 0.083349 0.818434
vt 0.079258 0.816611
vt 0.087636 0.820517
vt 0.587251 0.552746
vt 0.583663 0.549680
vt 0.589385 0.556110
vt 0.939212 0.042240
vt 0.076928 0.826235
vt 0.073808 0.825434
vt 0.076455 0.815513
vt 0.081360 0.827276
vt 0.085984 0.828467
vt 0.581566 0.559075
vt 0.578871 0.555320
vt 0.583023 0.562874
vt 0.935934 0.034185
vt 0.939581 0.034916
vt 0.076519 0.836998
vt 0.073176 0.836477
vt 0.081116 0.837317
vt 0.085744 0.837369
vt 0.573731 0.564195
vt 0.571690 0.559835
vt 0.574500 0.568273
vt 0.936973 0.028556
vt 0.940578 0.029176
vt 0.077917 0.847707
vt 0.074377 0.847618
vt 0.082520 0.847189
vt 0.086961 0.846225
vt 0.564720 0.568108
vt 0.564011 0.563887
vt 0.564759 0.572257
vt 0.573812 0.570970
vt 0.563792 0.574730
vt 0.081348 0.857359
vt 0.077718 0.857742
vt 0.085766 0.855915
vt 0.089802 0.853810
vt 0.555490 0.569902
vt 0.555655 0.565048
vt 0.554643 0.573972
vt 0.553363 0.576173
vt 0.086807 0.866491
vt 0.083136 0.867348
vt 0.090914 0.864231
vt 0.094373 0.861183
vt 0.545217 0.569430
vt 0.546500 0.564674
vt 0.543589 0.573229
vt 0.542072 0.575065
vt 0.093506 0.874213
vt 0.089955 0.875626
vt 0.097101 0.871155
vt 0.099865 0.867325
vt 0.534840 0.566936
vt 0.537152 0.562985
vt 0.532583 0.570320
vt 0.531013 0.571779
vt 0.100996 0.879399
vt 0.097679 0.881316
vt 0.103899 0.875660
vt 0.105691 0.871029
vt 0.526006 0.562433
vt 0.529364 0.558663
vt 0.523138 0.565203
vt 0.898786 0.242856
vt 0.898214 0.249599
vt 0.894822 0.249886
vt 0.895482 0.243573
vt 0.902030 0.251113
vt 0.901640 0.260220
vt 0.897849 0.258761
vt 0.111537 0.878324
vt 0.109319 0.882504
vt 0.760441 0.713891
vt 0.769570 0.714206
vt 0.769660 0.718747
vt 0.759260 0.717796
vt 0.518077 0.555435
vt 0.522172 0.552432
vt 0.514821 0.557532
vt 0.894383 0.258646
vt 0.901468 0.270341
vt 0.897712 0.269100
vt 0.119028 0.879205
vt 0.117585 0.883689
vt 0.778813 0.713145
vt 0.779878 0.718006
vt 0.511434 0.546972
vt 0.516097 0.544831
vt 0.507937 0.548408
vt 0.894180 0.268708
vt 0.901669 0.280863
vt 0.897972 0.279928
vt 0.125648 0.877606
vt 0.125017 0.882137
vt 0.786607 0.710494
vt 0.788880 0.715089
vt 0.507349 0.537986
vt 0.512371 0.536988
vt 0.503778 0.538554
vt 0.894380 0.279197
vt 0.901799 0.292367
vt 0.898186 0.291743
vt 0.797551 0.709675
vt 0.799963 0.712299
vt 0.790498 0.717770
vt 0.794423 0.705874
vt 0.505399 0.527562
vt 0.510463 0.527640
vt 0.501984 0.527331
vt 0.894543 0.290734
vt 0.901935 0.303577
vt 0.898432 0.303451
vt 0.804766 0.702641
vt 0.807988 0.705005
vt 0.800557 0.698975
vt 0.505394 0.516644
vt 0.510235 0.517769
vt 0.502370 0.515732
vt 0.894748 0.302359
vt 0.902030 0.313261
vt 0.898660 0.313707
vt 0.809476 0.694405
vt 0.813430 0.696242
vt 0.804799 0.691998
vt 0.507925 0.506794
vt 0.511668 0.509036
vt 0.505531 0.505165
vt 0.894963 0.312571
vt 0.901522 0.321936
vt 0.898286 0.322905
vt 0.812322 0.684287
vt 0.816759 0.685512
vt 0.807253 0.682799
vt 0.513286 0.497185
vt 0.516485 0.500031
vt 0.511618 0.495056
vt 0.894611 0.321836
vt 0.818081 0.674245
vt 0.821030 0.674553
vt 0.819384 0.686169
vt 0.813352 0.673823
vt 0.807594 0.673222
vt 0.520626 0.488664
vt 0.522794 0.492242
vt 0.435555 0.896934
vt 0.432772 0.888164
vt 0.436099 0.886583
vt 0.438602 0.894660
vt 0.431726 0.897322
vt 0.428907 0.888235
vt 0.816767 0.663361
vt 0.819941 0.663276
vt 0.811965 0.663867
vt 0.806813 0.664641
vt 0.528996 0.482574
vt 0.530136 0.486682
vt 0.430464 0.878362
vt 0.434036 0.877672
vt 0.426580 0.878048
vt 0.812824 0.652158
vt 0.816120 0.651725
vt 0.808160 0.653454
vt 0.803359 0.655255
vt 0.539108 0.478315
vt 0.539444 0.483015
vt 0.428911 0.866875
vt 0.432650 0.867041
vt 0.425052 0.866201
vt 0.807077 0.641718
vt 0.810451 0.640780
vt 0.802682 0.643895
vt 0.798429 0.646716
vt 0.549946 0.475684
vt 0.548985 0.479672
vt 0.427924 0.854807
vt 0.431776 0.855752
vt 0.424128 0.853917
vt 0.799481 0.633349
vt 0.802838 0.631867
vt 0.795607 0.636426
vt 0.792236 0.640263
vt 0.560118 0.475634
vt 0.557993 0.479446
vt 0.427838 0.843481
vt 0.431709 0.845293
vt 0.424173 0.842362
vt 0.789918 0.626532
vt 0.793160 0.624531
vt 0.786686 0.630329
vt 0.784310 0.634899
vt 0.570404 0.478213
vt 0.567498 0.481579
vt 0.429218 0.832238
vt 0.433004 0.834711
vt 0.425736 0.831031
vt 0.779724 0.621823
vt 0.782633 0.619292
vt 0.777337 0.626220
vt 0.776094 0.631307
vt 0.579855 0.482899
vt 0.575907 0.485520
vt 0.431763 0.822095
vt 0.435383 0.824985
vt 0.428466 0.821009
vt 0.902195 0.319144
vt 0.902290 0.309029
vt 0.906080 0.310564
vt 0.906009 0.320850
vt 0.768381 0.624744
vt 0.769791 0.619932
vt 0.130015 0.691280
vt 0.121280 0.691556
vt 0.120314 0.686619
vt 0.130244 0.686633
vt 0.586866 0.489266
vt 0.582035 0.491082
vt 0.435250 0.814524
vt 0.438602 0.817775
vt 0.909578 0.311004
vt 0.909420 0.320857
vt 0.902330 0.297152
vt 0.906070 0.298481
vt 0.759260 0.625578
vt 0.759794 0.620581
vt 0.111986 0.694180
vt 0.110014 0.689251
vt 0.592060 0.497539
vt 0.586981 0.498518
vt 0.590946 0.489253
vt 0.596252 0.498368
vt 0.909642 0.299313
vt 0.902271 0.284923
vt 0.905945 0.285852
vt 0.100557 0.693708
vt 0.098065 0.690312
vt 0.108342 0.685775
vt 0.103480 0.698344
vt 0.595270 0.506864
vt 0.590159 0.506569
vt 0.599367 0.508478
vt 0.909577 0.286904
vt 0.902030 0.273342
vt 0.905622 0.273809
vt 0.093081 0.700133
vt 0.089736 0.697024
vt 0.096982 0.704167
vt 0.595846 0.516051
vt 0.590897 0.514577
vt 0.599667 0.518576
vt 0.909299 0.275120
vt 0.902066 0.261793
vt 0.905555 0.261801
vt 0.086904 0.709300
vt 0.082889 0.706615
vt 0.092022 0.712817
vt 0.593465 0.525735
vt 0.589014 0.523451
vt 0.596767 0.529056
vt 0.909260 0.263274
vt 0.902284 0.251592
vt 0.905653 0.250964
vt 0.082767 0.719674
vt 0.078172 0.717676
vt 0.088255 0.722243
vt 0.588693 0.535118
vt 0.584352 0.531528
vt 0.591290 0.539040
vt 0.909366 0.252353
vt 0.076456 0.729223
vt 0.073176 0.728288
vt 0.075310 0.716437
vt 0.081432 0.730310
vt 0.086978 0.731465
vt 0.581841 0.542593
vt 0.578977 0.538276
vt 0.583504 0.547011
vt 0.905951 0.242856
vt 0.909642 0.244087
vt 0.077016 0.741861
vt 0.073414 0.741243
vt 0.082168 0.742093
vt 0.087496 0.741893
vt 0.572478 0.548590
vt 0.570267 0.543432
vt 0.573258 0.553304
vt 0.583126 0.550137
vt 0.572413 0.556306
vt 0.079566 0.754230
vt 0.075780 0.754107
vt 0.084670 0.753486
vt 0.090091 0.752090
vt 0.561710 0.552867
vt 0.560990 0.547769
vt 0.561627 0.557649
vt 0.560454 0.560408
vt 0.084303 0.765187
vt 0.080495 0.765550
vt 0.089093 0.763430
vt 0.093594 0.760759
vt 0.550856 0.554434
vt 0.551414 0.549260
vt 0.549748 0.559138
vt 0.548207 0.561662
vt 0.091343 0.775384
vt 0.087519 0.776211
vt 0.095742 0.772758
vt 0.099745 0.768538
vt 0.539020 0.553435
vt 0.540668 0.547955
vt 0.536983 0.557845
vt 0.535118 0.560010
vt 0.099842 0.783782
vt 0.096146 0.785191
vt 0.103631 0.780293
vt 0.106760 0.775208
vt 0.527179 0.550209
vt 0.530034 0.545161
vt 0.524372 0.554111
vt 0.522380 0.555832
vt 0.109114 0.789064
vt 0.105663 0.791049
vt 0.112079 0.784826
vt 0.113880 0.779153
vt 0.517183 0.544792
vt 0.521225 0.540551
vt 0.513660 0.547913
vt 0.511611 0.549093
vt 0.890647 0.021300
vt 0.890408 0.032184
vt 0.886616 0.030396
vt 0.886831 0.019504
vt 0.121353 0.787068
vt 0.119204 0.791802
vt 0.131727 0.706328
vt 0.142275 0.707091
vt 0.142274 0.712365
vt 0.130244 0.711096
vt 0.508333 0.536550
vt 0.513190 0.533253
vt 0.504367 0.538839
vt 0.883148 0.030133
vt 0.883461 0.019766
vt 0.890366 0.044158
vt 0.886613 0.042584
vt 0.130244 0.787157
vt 0.129021 0.792214
vt 0.152909 0.705976
vt 0.154007 0.711567
vt 0.500967 0.526719
vt 0.506439 0.524453
vt 0.496797 0.528167
vt 0.883052 0.041918
vt 0.890630 0.056410
vt 0.886941 0.055181
vt 0.164246 0.708182
vt 0.165976 0.711496
vt 0.154673 0.714790
vt 0.161724 0.702804
vt 0.496681 0.516307
vt 0.502489 0.515382
vt 0.492498 0.516726
vt 0.883308 0.054099
vt 0.890728 0.069587
vt 0.887120 0.068706
vt 0.174097 0.702036
vt 0.176687 0.705223
vt 0.170588 0.697522
vt 0.495104 0.504367
vt 0.500543 0.504616
vt 0.491137 0.503861
vt 0.883435 0.067291
vt 0.890743 0.082283
vt 0.887225 0.081926
vt 0.182341 0.694094
vt 0.185806 0.696959
vt 0.177395 0.689629
vt 0.495777 0.492054
vt 0.501277 0.493555
vt 0.492235 0.490757
vt 0.883505 0.080378
vt 0.890693 0.093141
vt 0.887280 0.093365
vt 0.187760 0.684717
vt 0.192007 0.686966
vt 0.182503 0.681842
vt 0.499271 0.481123
vt 0.503645 0.483890
vt 0.496433 0.478978
vt 0.883547 0.091699
vt 0.195678 0.674699
vt 0.198257 0.675618
vt 0.194106 0.687998
vt 0.190901 0.673127
vt 0.185203 0.671311
vt 0.505878 0.470632
vt 0.509796 0.474382
vt 0.503901 0.467903
vt 0.886768 0.103390
vt 0.883052 0.101760
vt 0.197001 0.661850
vt 0.200007 0.662437
vt 0.191857 0.661160
vt 0.185458 0.660355
vt 0.514511 0.461343
vt 0.517354 0.465857
vt 0.513425 0.458245
vt 0.578040 0.793446
vt 0.574176 0.782898
vt 0.578200 0.782742
vt 0.581986 0.792844
vt 0.195192 0.649493
vt 0.198554 0.649655
vt 0.189916 0.649856
vt 0.184138 0.650638
vt 0.524232 0.454794
vt 0.525450 0.459817
vt 0.574960 0.771523
vt 0.578809 0.770825
vt 0.581706 0.780960
vt 0.570901 0.771165
vt 0.190390 0.636914
vt 0.193992 0.636653
vt 0.185243 0.638197
vt 0.179908 0.640157
vt 0.535879 0.450504
vt 0.536056 0.455628
vt 0.572625 0.758480
vt 0.576694 0.758773
vt 0.568596 0.757692
vt 0.183802 0.625254
vt 0.187429 0.624462
vt 0.178994 0.627511
vt 0.174286 0.630626
vt 0.548192 0.448315
vt 0.546993 0.453526
vt 0.571134 0.744948
vt 0.575330 0.746098
vt 0.567170 0.743922
vt 0.175287 0.615896
vt 0.178872 0.614549
vt 0.171070 0.619130
vt 0.167344 0.623383
vt 0.559513 0.448958
vt 0.556873 0.453814
vt 0.570796 0.732429
vt 0.575012 0.734537
vt 0.566957 0.731132
vt 0.164547 0.608331
vt 0.168013 0.606473
vt 0.161031 0.612330
vt 0.158399 0.617399
vt 0.570728 0.452562
vt 0.567188 0.456492
vt 0.572120 0.720171
vt 0.576236 0.723030
vt 0.568469 0.718727
vt 0.153103 0.603184
vt 0.156240 0.600782
vt 0.150500 0.607840
vt 0.149122 0.613499
vt 0.580863 0.458397
vt 0.576244 0.461315
vt 0.574721 0.709256
vt 0.578651 0.712596
vt 0.571267 0.707887
vt 0.362830 0.872981
vt 0.362785 0.861409
vt 0.366569 0.863129
vt 0.366636 0.874868
vt 0.140433 0.606358
vt 0.141970 0.601240
vt 0.697676 0.121686
vt 0.688010 0.121983
vt 0.687032 0.116375
vt 0.698025 0.116386
vt 0.588313 0.465843
vt 0.582774 0.467749
vt 0.578367 0.701179
vt 0.581986 0.704893
vt 0.370082 0.863710
vt 0.370047 0.874910
vt 0.362678 0.848002
vt 0.366412 0.849519
vt 0.130244 0.607602
vt 0.130820 0.602267
vt 0.677912 0.125172
vt 0.675706 0.119429
vt 0.593576 0.475364
vt 0.587786 0.476291
vt 0.592983 0.465801
vt 0.598318 0.476307
vt 0.370015 0.850577
vt 0.362510 0.834404
vt 0.366177 0.835497
vt 0.665426 0.124558
vt 0.662859 0.120685
vt 0.674044 0.115494
vt 0.668558 0.129790
vt 0.596540 0.485915
vt 0.590696 0.485411
vt 0.601133 0.487754
vt 0.369850 0.836827
vt 0.362221 0.821743
vt 0.365808 0.822349
vt 0.657313 0.131742
vt 0.653854 0.128232
vt 0.661509 0.136282
vt 0.596529 0.496122
vt 0.590861 0.494282
vt 0.600745 0.498970
vt 0.369532 0.823980
vt 0.362265 0.809309
vt 0.365759 0.809453
vt 0.650639 0.141930
vt 0.646474 0.138891
vt 0.655597 0.145586
vt 0.593284 0.506661
vt 0.588213 0.503908
vt 0.596901 0.510383
vt 0.369514 0.811294
vt 0.641432 0.151111
vt 0.638667 0.149673
vt 0.644216 0.137280
vt 0.646194 0.153393
vt 0.651982 0.156226
vt 0.587433 0.516664
vt 0.582828 0.512602
vt 0.590262 0.521039
vt 0.365939 0.798033
vt 0.369705 0.799829
vt 0.639528 0.163785
vt 0.636340 0.162633
vt 0.644703 0.165091
vt 0.650622 0.166417
vt 0.579546 0.524460
vt 0.576563 0.519663
vt 0.581370 0.529404
vt 0.366332 0.789596
vt 0.370082 0.791302
vt 0.640291 0.177624
vt 0.636780 0.176757
vt 0.645635 0.178029
vt 0.651378 0.177866
vt 0.569058 0.530512
vt 0.566831 0.524843
vt 0.569855 0.535750
vt 0.581087 0.532920
vt 0.569008 0.539149
vt 0.643261 0.191062
vt 0.639518 0.190674
vt 0.648565 0.190435
vt 0.654275 0.189043
vt 0.557219 0.534671
vt 0.556288 0.528659
vt 0.557022 0.539949
vt 0.555751 0.543076
vt 0.648579 0.202852
vt 0.644742 0.202970
vt 0.653584 0.201126
vt 0.658414 0.198258
vt 0.545476 0.535964
vt 0.546297 0.530415
vt 0.544127 0.541097
vt 0.542400 0.543913
vt 0.656352 0.213642
vt 0.652482 0.214208
vt 0.660928 0.211028
vt 0.665061 0.206725
vt 0.532870 0.534296
vt 0.534856 0.528477
vt 0.530507 0.539032
vt 0.528399 0.541424
vt 0.665538 0.222483
vt 0.661762 0.223616
vt 0.669487 0.218981
vt 0.672779 0.213689
vt 0.520485 0.530257
vt 0.523727 0.524981
vt 0.517285 0.534419
vt 0.514988 0.536343
vt 0.317577 0.387223
vt 0.317226 0.396497
vt 0.313433 0.394716
vt 0.313802 0.385517
vt 0.678563 0.223752
vt 0.675447 0.228011
vt 0.680391 0.218055
vt 0.510234 0.524023
vt 0.514699 0.519650
vt 0.506259 0.527330
vt 0.503843 0.528677
vt 0.317050 0.408462
vt 0.313270 0.406659
vt 0.688519 0.225996
vt 0.686208 0.230759
vt 0.602435 0.494940
vt 0.613975 0.495193
vt 0.614005 0.500987
vt 0.601133 0.499698
vt 0.501338 0.514953
vt 0.506642 0.511603
vt 0.496884 0.517332
vt 0.309816 0.406409
vt 0.310081 0.395075
vt 0.317079 0.421492
vt 0.313329 0.419886
vt 0.698025 0.225817
vt 0.696633 0.230883
vt 0.625269 0.493868
vt 0.626475 0.499954
vt 0.494246 0.504258
vt 0.499664 0.502470
vt 0.489588 0.505697
vt 0.309776 0.419160
vt 0.317403 0.434609
vt 0.313706 0.433300
vt 0.637279 0.496173
vt 0.638979 0.499559
vt 0.627100 0.503239
vt 0.634590 0.490396
vt 0.490330 0.493209
vt 0.496508 0.492433
vt 0.485668 0.493519
vt 0.310067 0.432063
vt 0.317546 0.448483
vt 0.313926 0.447487
vt 0.647440 0.489302
vt 0.650029 0.492599
vt 0.643745 0.484513
vt 0.489248 0.480733
vt 0.494871 0.481192
vt 0.484899 0.480022
vt 0.310219 0.445840
vt 0.317577 0.461598
vt 0.314047 0.461107
vt 0.655786 0.480618
vt 0.659255 0.483590
vt 0.650743 0.476006
vt 0.490661 0.468034
vt 0.496356 0.469804
vt 0.486845 0.466475
vt 0.310288 0.459280
vt 0.317509 0.472623
vt 0.314084 0.472705
vt 0.661169 0.470566
vt 0.665435 0.472910
vt 0.655351 0.467208
vt 0.494823 0.456899
vt 0.499719 0.459969
vt 0.491842 0.454466
vt 0.310303 0.470738
vt 0.316804 0.482067
vt 0.313493 0.482677
vt 0.664216 0.458324
vt 0.669015 0.459983
vt 0.658320 0.456434
vt 0.502131 0.446382
vt 0.505779 0.450128
vt 0.500106 0.443351
vt 0.629223 0.231202
vt 0.625590 0.221400
vt 0.629670 0.220966
vt 0.633167 0.230129
vt 0.670057 0.446535
vt 0.672885 0.447212
vt 0.671425 0.460957
vt 0.664915 0.445776
vt 0.658838 0.445145
vt 0.511469 0.437288
vt 0.513789 0.441845
vt 0.510423 0.433911
vt 0.622422 0.209774
vt 0.626557 0.209857
vt 0.667949 0.433722
vt 0.671103 0.434017
vt 0.662715 0.434020
vt 0.656804 0.434839
vt 0.521786 0.431219
vt 0.523072 0.436525
vt 0.624209 0.197838
vt 0.628237 0.197486
vt 0.630319 0.208362
vt 0.620054 0.197204
vt 0.662855 0.420752
vt 0.666229 0.420704
vt 0.657739 0.421956
vt 0.652256 0.423999
vt 0.533811 0.427511
vt 0.533773 0.432641
vt 0.622951 0.184262
vt 0.627132 0.184970
vt 0.618827 0.183134
vt 0.655768 0.408934
vt 0.659252 0.408375
vt 0.650982 0.411107
vt 0.645810 0.414487
vt 0.546320 0.425893
vt 0.544903 0.431247
vt 0.622590 0.170431
vt 0.626826 0.172065
vt 0.618562 0.168998
vt 0.646826 0.399591
vt 0.650305 0.398529
vt 0.642639 0.402711
vt 0.638877 0.407060
vt 0.557611 0.427200
vt 0.554748 0.432087
vt 0.623378 0.157946
vt 0.627550 0.160570
vt 0.619495 0.156193
vt 0.635759 0.392141
vt 0.639175 0.390610
vt 0.632262 0.395991
vt 0.629635 0.401114
vt 0.568602 0.431400
vt 0.564876 0.435273
vt 0.625823 0.146036
vt 0.629821 0.149421
vt 0.622146 0.144099
vt 0.867308 0.804290
vt 0.867780 0.793325
vt 0.871546 0.795040
vt 0.871059 0.806014
vt 0.621513 0.391581
vt 0.624134 0.387114
vt 0.620139 0.397282
vt 0.578408 0.437654
vt 0.573638 0.440479
vt 0.629419 0.135658
vt 0.633167 0.139512
vt 0.625955 0.133774
vt 0.867716 0.781288
vt 0.871471 0.782878
vt 0.611327 0.390390
vt 0.612931 0.385479
vt 0.722548 0.508605
vt 0.712740 0.509242
vt 0.711709 0.503604
vt 0.722850 0.503239
vt 0.585309 0.445463
vt 0.579745 0.447202
vt 0.582930 0.436579
vt 0.590192 0.445444
vt 0.874958 0.783403
vt 0.874928 0.794973
vt 0.867620 0.767608
vt 0.871339 0.769059
vt 0.601133 0.391981
vt 0.601840 0.386870
vt 0.702479 0.512641
vt 0.700354 0.507079
vt 0.589848 0.455191
vt 0.584105 0.455956
vt 0.594818 0.456179
vt 0.874924 0.770131
vt 0.867473 0.753917
vt 0.871140 0.755020
vt 0.690112 0.512555
vt 0.687640 0.508861
vt 0.698743 0.503339
vt 0.693287 0.517784
vt 0.592241 0.465724
vt 0.586506 0.465067
vt 0.597041 0.467658
vt 0.874809 0.756444
vt 0.867225 0.741398
vt 0.870820 0.742067
vt 0.682264 0.520207
vt 0.678917 0.516839
vt 0.686467 0.524697
vt 0.591665 0.475773
vt 0.586144 0.473796
vt 0.596015 0.478752
vt 0.874553 0.743838
vt 0.867356 0.729375
vt 0.870866 0.729643
vt 0.675943 0.530746
vt 0.671943 0.527842
vt 0.680843 0.534307
vt 0.587785 0.485932
vt 0.582828 0.483049
vt 0.591451 0.489797
vt 0.874642 0.731663
vt 0.867741 0.719035
vt 0.871161 0.718747
vt 0.671708 0.542326
vt 0.667159 0.540153
vt 0.677113 0.544748
vt 0.581573 0.495461
vt 0.577170 0.491304
vt 0.584400 0.499983
vt 0.874958 0.720766
vt 0.665553 0.552814
vt 0.662647 0.551704
vt 0.664677 0.538824
vt 0.670489 0.554051
vt 0.676330 0.555269
vt 0.573515 0.502737
vt 0.570500 0.497701
vt 0.575274 0.507787
vt 0.584889 0.503672
vt 0.575111 0.511480
vt 0.666676 0.566464
vt 0.663455 0.565574
vt 0.671760 0.566852
vt 0.677341 0.566618
vt 0.562957 0.508058
vt 0.560984 0.502459
vt 0.563648 0.513341
vt 0.562864 0.516904
vt 0.669781 0.579572
vt 0.666353 0.579070
vt 0.674802 0.579008
vt 0.680408 0.577529
vt 0.551268 0.511398
vt 0.550827 0.505887
vt 0.550971 0.516719
vt 0.549738 0.520084
vt 0.675118 0.590958
vt 0.671546 0.590897
vt 0.679876 0.589358
vt 0.684538 0.586509
vt 0.539922 0.512160
vt 0.540882 0.506729
vt 0.538473 0.517307
vt 0.536732 0.520336
vt 0.682885 0.601134
vt 0.679207 0.601500
vt 0.687261 0.598679
vt 0.691204 0.594464
vt 0.527904 0.509984
vt 0.530011 0.504409
vt 0.525455 0.514676
vt 0.523301 0.517228
vt 0.691951 0.609260
vt 0.688317 0.610169
vt 0.695712 0.605992
vt 0.698735 0.601028
vt 0.516253 0.505553
vt 0.519544 0.500573
vt 0.513004 0.509600
vt 0.510654 0.511615
vt 0.895837 0.623799
vt 0.895647 0.633184
vt 0.891901 0.631644
vt 0.892105 0.622366
vt 0.704494 0.610249
vt 0.701532 0.614254
vt 0.725051 0.605369
vt 0.735130 0.606967
vt 0.734368 0.611851
vt 0.722850 0.609787
vt 0.506664 0.499260
vt 0.511154 0.495367
vt 0.502721 0.502398
vt 0.500280 0.503787
vt 0.895567 0.645064
vt 0.891832 0.643468
vt 0.713969 0.611943
vt 0.711769 0.616418
vt 0.746143 0.606158
vt 0.746775 0.611165
vt 0.498592 0.490230
vt 0.503684 0.487136
vt 0.494254 0.492426
vt 0.888347 0.643248
vt 0.888532 0.632063
vt 0.895569 0.657715
vt 0.891855 0.656302
vt 0.722850 0.611402
vt 0.721479 0.616120
vt 0.756542 0.602966
vt 0.758391 0.608383
vt 0.492532 0.479696
vt 0.498123 0.477787
vt 0.488030 0.480987
vt 0.888280 0.655629
vt 0.895791 0.670218
vt 0.892111 0.669061
vt 0.768130 0.603414
vt 0.770100 0.606226
vt 0.759412 0.611312
vt 0.764907 0.598362
vt 0.489512 0.469067
vt 0.495356 0.468499
vt 0.484981 0.469290
vt 0.888461 0.667885
vt 0.895837 0.683296
vt 0.892213 0.682374
vt 0.776786 0.595487
vt 0.779530 0.598109
vt 0.772736 0.591467
vt 0.489124 0.457311
vt 0.494842 0.457974
vt 0.484899 0.456550
vt 0.888495 0.680759
vt 0.895811 0.695459
vt 0.892271 0.694971
vt 0.783312 0.586009
vt 0.786822 0.588255
vt 0.778186 0.582391
vt 0.490981 0.445495
vt 0.496248 0.447301
vt 0.487341 0.443927
vt 0.888494 0.693164
vt 0.895696 0.705478
vt 0.892264 0.705503
vt 0.786884 0.575734
vt 0.791025 0.577314
vt 0.781491 0.573441
vt 0.495331 0.435270
vt 0.499745 0.438243
vt 0.492564 0.432903
vt 0.888457 0.703569
vt 0.591383 0.869295
vt 0.587972 0.859604
vt 0.591611 0.860927
vt 0.595179 0.870409
vt 0.788038 0.563802
vt 0.792610 0.564715
vt 0.782359 0.562782
vt 0.502467 0.425711
vt 0.505903 0.429545
vt 0.500658 0.422814
vt 0.595664 0.860283
vt 0.599069 0.869109
vt 0.585137 0.848549
vt 0.588592 0.849817
vt 0.787044 0.551981
vt 0.791788 0.552044
vt 0.781220 0.552002
vt 0.511484 0.417703
vt 0.513468 0.422011
vt 0.592722 0.849673
vt 0.596420 0.848195
vt 0.599047 0.857889
vt 0.583102 0.836913
vt 0.586386 0.838017
vt 0.783576 0.541313
vt 0.788236 0.540434
vt 0.778277 0.542788
vt 0.521215 0.412626
vt 0.521905 0.417230
vt 0.590568 0.838396
vt 0.594512 0.837989
vt 0.582081 0.824019
vt 0.585207 0.824998
vt 0.777581 0.530706
vt 0.782043 0.529063
vt 0.772809 0.533239
vt 0.532275 0.409685
vt 0.532038 0.414111
vt 0.589390 0.825887
vt 0.593499 0.826471
vt 0.581986 0.811343
vt 0.584912 0.812024
vt 0.770019 0.521555
vt 0.774093 0.519105
vt 0.766014 0.525060
vt 0.543638 0.408653
vt 0.542109 0.412820
vt 0.589023 0.813253
vt 0.593203 0.814717
vt 0.583007 0.800093
vt 0.585723 0.800410
vt 0.761308 0.514991
vt 0.764769 0.511756
vt 0.758388 0.519392
vt 0.553765 0.410166
vt 0.551073 0.414004
vt 0.589688 0.801969
vt 0.593820 0.804344
vt 0.199131 0.801290
vt 0.199754 0.792355
vt 0.203469 0.793585
vt 0.202818 0.802327
vt 0.751095 0.510172
vt 0.753880 0.506387
vt 0.749292 0.515145
vt 0.563455 0.414324
vt 0.560038 0.417577
vt 0.591947 0.791319
vt 0.595926 0.794385
vt 0.588174 0.789559
vt 0.200061 0.781945
vt 0.203799 0.783204
vt 0.740920 0.507528
vt 0.742892 0.503293
vt 0.740302 0.512858
vt 0.571919 0.420261
vt 0.567619 0.422586
vt 0.595317 0.782146
vt 0.599069 0.785653
vt 0.591747 0.780395
vt 0.199881 0.770740
vt 0.203619 0.771924
vt 0.731699 0.507723
vt 0.732771 0.503239
vt 0.806414 0.011329
vt 0.797481 0.013003
vt 0.795985 0.008093
vt 0.806124 0.006472
vt 0.577663 0.427463
vt 0.572746 0.428820
vt 0.576226 0.419358
vt 0.582287 0.427540
vt 0.207079 0.772232
vt 0.207145 0.782923
vt 0.199689 0.758208
vt 0.203406 0.759322
vt 0.722850 0.510392
vt 0.723169 0.505841
vt 0.788424 0.017262
vt 0.785965 0.012523
vt 0.581161 0.436250
vt 0.576220 0.436745
vt 0.585834 0.437268
vt 0.206969 0.760164
vt 0.199449 0.745791
vt 0.203128 0.746663
vt 0.777228 0.018713
vt 0.774688 0.015864
vt 0.784158 0.009581
vt 0.780575 0.023040
vt 0.582828 0.445601
vt 0.577965 0.444874
vt 0.587330 0.447506
vt 0.206790 0.747885
vt 0.199131 0.734592
vt 0.202746 0.735136
vt 0.770904 0.026590
vt 0.767642 0.024079
vt 0.775086 0.030154
vt 0.581892 0.454414
vt 0.577301 0.452568
vt 0.585939 0.457288
vt 0.206486 0.736721
vt 0.199224 0.724017
vt 0.202759 0.724248
vt 0.766274 0.036893
vt 0.762509 0.034824
vt 0.770971 0.039562
vt 0.578049 0.463203
vt 0.574008 0.460614
vt 0.581400 0.466881
vt 0.206551 0.726070
vt 0.199600 0.715033
vt 0.203043 0.714790
vt 0.763634 0.047846
vt 0.759418 0.046424
vt 0.769131 0.049738
vt 0.572179 0.471340
vt 0.568995 0.467795
vt 0.574735 0.475618
vt 0.206866 0.716634
vt 0.759208 0.057949
vt 0.756556 0.057292
vt 0.757141 0.045591
vt 0.763685 0.058537
vt 0.769156 0.059019
vt 0.564783 0.477421
vt 0.562059 0.472811
vt 0.566331 0.482151
vt 0.575322 0.479216
vt 0.566277 0.485755
vt 0.761467 0.070007
vt 0.758523 0.069526
vt 0.766005 0.069862
vt 0.770921 0.069107
vt 0.555265 0.481653
vt 0.553652 0.476611
vt 0.555826 0.486566
vt 0.555168 0.490049
vt 0.765348 0.081321
vt 0.762252 0.081148
vt 0.769751 0.080380
vt 0.774279 0.078550
vt 0.544861 0.484046
vt 0.544623 0.479248
vt 0.544519 0.488975
vt 0.543421 0.492282
vt 0.770984 0.090842
vt 0.767782 0.091009
vt 0.775079 0.089062
vt 0.778961 0.086120
vt 0.534919 0.484195
vt 0.535854 0.479363
vt 0.533541 0.488929
vt 0.531953 0.491945
vt 0.778563 0.099035
vt 0.775272 0.099520
vt 0.782275 0.096590
vt 0.785565 0.092256
vt 0.524548 0.481740
vt 0.526509 0.476863
vt 0.522273 0.486051
vt 0.520268 0.488646
vt 0.787047 0.105256
vt 0.783789 0.106142
vt 0.790206 0.102214
vt 0.792593 0.097273
vt 0.514621 0.477386
vt 0.517468 0.473540
vt 0.511637 0.481094
vt 0.509419 0.483190
vt 0.937443 0.804788
vt 0.937304 0.813363
vt 0.933593 0.812380
vt 0.933761 0.803955
vt 0.798155 0.105073
vt 0.795700 0.108679
vt 0.804220 0.476867
vt 0.813242 0.477118
vt 0.813111 0.481635
vt 0.802726 0.481127
vt 0.506568 0.471559
vt 0.510498 0.468077
vt 0.502957 0.474448
vt 0.500605 0.475968
vt 0.937321 0.824066
vt 0.933610 0.822959
vt 0.806414 0.105510
vt 0.804635 0.109481
vt 0.822877 0.475375
vt 0.823937 0.479551
vt 0.499839 0.463469
vt 0.504034 0.461054
vt 0.495904 0.465481
vt 0.930176 0.822987
vt 0.930300 0.813041
vt 0.937469 0.835351
vt 0.933781 0.834332
vt 0.940321 0.826038
vt 0.940300 0.836678
vt 0.831537 0.471098
vt 0.833736 0.475628
vt 0.494777 0.454176
vt 0.499669 0.452602
vt 0.490780 0.455335
vt 0.930220 0.833883
vt 0.937810 0.846317
vt 0.934169 0.845495
vt 0.940455 0.846820
vt 0.838422 0.466430
vt 0.841590 0.470068
vt 0.492305 0.444856
vt 0.497344 0.444463
vt 0.488384 0.445057
vt 0.930507 0.844580
vt 0.937870 0.857616
vt 0.934294 0.857002
vt 0.848185 0.462117
vt 0.850904 0.464012
vt 0.843645 0.472174
vt 0.843874 0.458882
vt 0.492267 0.434585
vt 0.496934 0.435205
vt 0.488688 0.433937
vt 0.930558 0.855717
vt 0.937719 0.868005
vt 0.934215 0.867753
vt 0.852923 0.453188
vt 0.856218 0.454661
vt 0.848047 0.450587
vt 0.494301 0.424381
vt 0.498743 0.426014
vt 0.491231 0.423042
vt 0.930429 0.866293
vt 0.937417 0.876478
vt 0.933983 0.876588
vt 0.855123 0.443911
vt 0.858828 0.444735
vt 0.850269 0.442656
vt 0.498433 0.415722
vt 0.501887 0.418381
vt 0.496093 0.413697
vt 0.930176 0.874977
vt 0.269140 0.900272
vt 0.265835 0.891883
vt 0.269500 0.892438
vt 0.272892 0.900665
vt 0.855085 0.433402
vt 0.859044 0.433634
vt 0.850134 0.433110
vt 0.504851 0.407752
vt 0.507721 0.411086
vt 0.503311 0.405246
vt 0.273360 0.891331
vt 0.276558 0.899018
vt 0.262875 0.882329
vt 0.266399 0.882887
vt 0.853115 0.423209
vt 0.857150 0.422729
vt 0.847985 0.423838
vt 0.512683 0.401075
vt 0.514283 0.404732
vt 0.270383 0.882244
vt 0.273758 0.880612
vt 0.276386 0.888906
vt 0.260516 0.872328
vt 0.263885 0.872807
vt 0.849095 0.414312
vt 0.853003 0.413054
vt 0.844708 0.416107
vt 0.521005 0.396844
vt 0.521551 0.400883
vt 0.267958 0.872662
vt 0.271635 0.871969
vt 0.259029 0.861274
vt 0.262229 0.861696
vt 0.842963 0.405776
vt 0.846665 0.403886
vt 0.839133 0.408420
vt 0.530409 0.394448
vt 0.530139 0.398462
vt 0.266336 0.862018
vt 0.270235 0.862173
vt 0.258397 0.850449
vt 0.261405 0.850649
vt 0.835759 0.398634
vt 0.839068 0.396102
vt 0.832469 0.402119
vt 0.539996 0.393738
vt 0.538565 0.397549
vt 0.265475 0.851281
vt 0.269496 0.852180
vt 0.258802 0.840858
vt 0.261613 0.840779
vt 0.827888 0.393795
vt 0.830624 0.390668
vt 0.825796 0.397844
vt 0.548460 0.395173
vt 0.545986 0.398795
vt 0.265579 0.841697
vt 0.269613 0.843369
vt 0.923772 0.590890
vt 0.924323 0.582934
vt 0.927991 0.583702
vt 0.927407 0.591470
vt 0.818950 0.390620
vt 0.821083 0.387089
vt 0.817851 0.395039
vt 0.556445 0.398791
vt 0.553326 0.401659
vt 0.267124 0.832631
vt 0.271066 0.834878
vt 0.263318 0.831522
vt 0.924540 0.573808
vt 0.928233 0.574628
vt 0.810285 0.389331
vt 0.811695 0.385479
vt 0.810228 0.393934
vt 0.563390 0.403845
vt 0.559512 0.405831
vt 0.269673 0.824745
vt 0.273449 0.827346
vt 0.266058 0.823655
vt 0.924285 0.564146
vt 0.927974 0.564921
vt 0.802726 0.390377
vt 0.803335 0.386374
vt 0.479153 0.809464
vt 0.471757 0.812035
vt 0.469934 0.808058
vt 0.478347 0.805421
vt 0.568074 0.409917
vt 0.563650 0.410994
vt 0.273077 0.819273
vt 0.276558 0.822085
vt 0.931445 0.565024
vt 0.931575 0.574209
vt 0.924060 0.553456
vt 0.927719 0.554173
vt 0.921363 0.562891
vt 0.921306 0.552773
vt 0.464718 0.816975
vt 0.461924 0.813043
vt 0.570824 0.417272
vt 0.566345 0.417547
vt 0.572032 0.410245
vt 0.574773 0.418420
vt 0.931302 0.554730
vt 0.923849 0.542973
vt 0.927461 0.543468
vt 0.455188 0.819319
vt 0.452575 0.817235
vt 0.459919 0.810807
vt 0.458488 0.822608
vt 0.571962 0.425063
vt 0.567530 0.424248
vt 0.575702 0.426960
vt 0.931140 0.544322
vt 0.923614 0.533609
vt 0.927160 0.533807
vt 0.450616 0.826671
vt 0.447435 0.824968
vt 0.454528 0.829210
vt 0.570890 0.432357
vt 0.566683 0.430529
vt 0.574214 0.435045
vt 0.930906 0.534937
vt 0.923842 0.524830
vt 0.927313 0.524769
vt 0.447623 0.835846
vt 0.444079 0.834578
vt 0.451863 0.837571
vt 0.567360 0.439500
vt 0.563659 0.437002
vt 0.570096 0.442824
vt 0.931098 0.526078
vt 0.924377 0.517426
vt 0.927770 0.516984
vt 0.446327 0.845347
vt 0.442501 0.844679
vt 0.450727 0.846143
vt 0.562155 0.445988
vt 0.559281 0.442701
vt 0.564227 0.449789
vt 0.931575 0.518311
vt 0.443285 0.854391
vt 0.440783 0.854235
vt 0.440265 0.844339
vt 0.447227 0.854337
vt 0.451557 0.854064
vt 0.555764 0.450731
vt 0.553750 0.446840
vt 0.557000 0.454888
vt 0.564688 0.453040
vt 0.556943 0.458146
vt 0.446143 0.864306
vt 0.443419 0.864312
vt 0.450060 0.863646
vt 0.454171 0.862395
vt 0.547700 0.453906
vt 0.546457 0.449831
vt 0.548109 0.458196
vt 0.547546 0.461350
vt 0.450310 0.873410
vt 0.447464 0.873690
vt 0.454051 0.872099
vt 0.457680 0.870083
vt 0.538963 0.455602
vt 0.538822 0.451427
vt 0.538607 0.459870
vt 0.537661 0.462843
vt 0.455780 0.880807
vt 0.452856 0.881402
vt 0.459190 0.878813
vt 0.462164 0.875930
vt 0.530643 0.455476
vt 0.531528 0.451311
vt 0.529421 0.459540
vt 0.528067 0.462224
vt 0.462674 0.886916
vt 0.459698 0.887815
vt 0.465697 0.884386
vt 0.467901 0.880755
vt 0.521989 0.453161
vt 0.523720 0.449085
vt 0.520031 0.456833
vt 0.518349 0.459123
vt 0.007232 0.886523
vt 0.006927 0.892690
vt 0.003254 0.892456
vt 0.003624 0.886460
vt 0.472548 0.888303
vt 0.470043 0.891290
vt 0.474029 0.884233
vt 0.513765 0.449256
vt 0.516319 0.445656
vt 0.511249 0.452409
vt 0.509421 0.454270
vt 0.007336 0.900024
vt 0.003631 0.899690
vt 0.479153 0.889948
vt 0.477289 0.893327
vt 0.602863 0.910352
vt 0.610362 0.910358
vt 0.610491 0.913728
vt 0.601792 0.913638
vt 0.507152 0.444127
vt 0.510471 0.441246
vt 0.504148 0.446590
vt 0.502238 0.447971
vt 0.007986 0.909052
vt 0.004276 0.908637
vt 0.010519 0.901586
vt 0.011008 0.910247
vt 0.618408 0.908042
vt 0.619530 0.911667
vt 0.501706 0.437130
vt 0.505508 0.435015
vt 0.498454 0.438866
vt 0.000867 0.909094
vt 0.000386 0.900641
vt 0.008770 0.918494
vt 0.005087 0.918166
vt 0.011601 0.919157
vt 0.625831 0.904536
vt 0.627711 0.908137
vt 0.497669 0.429180
vt 0.501739 0.427891
vt 0.494374 0.430217
vt 0.001537 0.918257
vt 0.009706 0.927603
vt 0.006074 0.927439
vt 0.012328 0.927600
vt 0.631499 0.900136
vt 0.634246 0.903279
vt 0.495791 0.421285
vt 0.499959 0.420977
vt 0.492569 0.421529
vt 0.002408 0.927163
vt 0.010378 0.937003
vt 0.006811 0.936996
vt 0.012795 0.936414
vt 0.636419 0.894014
vt 0.639755 0.896429
vt 0.495945 0.412639
vt 0.499989 0.413152
vt 0.493004 0.412178
vt 0.003056 0.936415
vt 0.010794 0.945660
vt 0.007305 0.945928
vt 0.643730 0.888799
vt 0.646562 0.889775
vt 0.642132 0.897776
vt 0.639682 0.886770
vt 0.497770 0.404082
vt 0.501431 0.405453
vt 0.495245 0.403045
vt 0.003495 0.945198
vt 0.010963 0.952684
vt 0.007560 0.953233
vt 0.645543 0.880907
vt 0.648710 0.881370
vt 0.641467 0.879998
vt 0.501234 0.396871
vt 0.504294 0.399052
vt 0.003723 0.952382
vt 0.000483 0.950368
vt 0.000386 0.943674
vt 0.352509 0.946584
vt 0.350102 0.939374
vt 0.353668 0.939650
vt 0.356152 0.946688
vt 0.645435 0.871994
vt 0.648831 0.871981
vt 0.641061 0.871916
vt 0.506563 0.390181
vt 0.508828 0.392594
vt 0.359704 0.945140
vt 0.357387 0.938580
vt 0.360266 0.936485
vt 0.362221 0.942384
vt 0.347929 0.931227
vt 0.351351 0.931551
vt 0.643664 0.863405
vt 0.647168 0.862800
vt 0.639641 0.864119
vt 0.513153 0.385479
vt 0.355180 0.930909
vt 0.359000 0.929283
vt 0.346206 0.922783
vt 0.349463 0.923053
vt 0.640216 0.855986
vt 0.643657 0.854699
vt 0.636581 0.857454
vt 0.353370 0.922836
vt 0.357320 0.922643
vt 0.345291 0.913480
vt 0.348413 0.913674
vt 0.635126 0.848852
vt 0.638418 0.846987
vt 0.631907 0.851216
vt 0.352370 0.913824
vt 0.356264 0.914392
vt 0.345090 0.904339
vt 0.348145 0.904315
vt 0.629267 0.842742
vt 0.632267 0.840291
vt 0.626621 0.845798
vt 0.352157 0.904703
vt 0.355817 0.905858
vt 0.345664 0.896131
vt 0.348691 0.895855
vt 0.622820 0.838460
vt 0.625382 0.835434
vt 0.620950 0.842184
vt 0.352740 0.896509
vt 0.356146 0.898312
vt 0.919510 0.100261
vt 0.920498 0.093573
vt 0.924504 0.094287
vt 0.923357 0.100787
vt 0.615285 0.835591
vt 0.617398 0.832102
vt 0.614259 0.839787
vt 0.354479 0.888663
vt 0.357580 0.890927
vt 0.350451 0.887790
vt 0.921030 0.085673
vt 0.925187 0.086506
vt 0.607952 0.834670
vt 0.609386 0.830713
vt 0.855795 0.018657
vt 0.848417 0.020117
vt 0.847516 0.015613
vt 0.855863 0.015169
vt 0.356950 0.881736
vt 0.359699 0.883937
vt 0.353005 0.880915
vt 0.920840 0.077472
vt 0.925074 0.078300
vt 0.601792 0.836055
vt 0.602344 0.831747
vt 0.842262 0.021482
vt 0.840647 0.018108
vt 0.359775 0.876806
vt 0.362221 0.878695
vt 0.929239 0.078483
vt 0.929053 0.086215
vt 0.920414 0.068747
vt 0.924564 0.069537
vt 0.834583 0.023378
vt 0.832058 0.019540
vt 0.839023 0.015767
vt 0.928983 0.070039
vt 0.931890 0.070925
vt 0.931515 0.079018
vt 0.919934 0.059609
vt 0.923807 0.060127
vt 0.827843 0.027960
vt 0.825464 0.024522
vt 0.928348 0.060741
vt 0.931977 0.061795
vt 0.919510 0.051189
vt 0.922969 0.051008
vt 0.823723 0.034145
vt 0.820422 0.030679
vt 0.927465 0.051481
vt 0.931660 0.053068
vt 0.816666 0.038682
vt 0.813108 0.037239
vt 0.817560 0.029082
vt 0.820790 0.041681
vt 0.927069 0.042057
vt 0.931532 0.043885
vt 0.922713 0.041991
vt 0.814046 0.047924
vt 0.810002 0.047012
vt 0.818948 0.049981
vt 0.927273 0.033017
vt 0.931648 0.034821
vt 0.923028 0.033457
vt 0.813565 0.056938
vt 0.809266 0.056783
vt 0.818908 0.057828
vt 0.927777 0.026286
vt 0.931874 0.027991
vt 0.923599 0.027168
vt 0.815037 0.066695
vt 0.810657 0.067213
vt 0.820411 0.066266
vt 0.928987 0.244997
vt 0.934704 0.253282
vt 0.931128 0.252143
vt 0.925033 0.244509
vt 0.807558 0.067491
vt 0.806415 0.056869
vt 0.818245 0.076752
vt 0.813913 0.078029
vt 0.823244 0.075105
vt 0.939313 0.263401
vt 0.936086 0.261671
vt 0.810602 0.078636
vt 0.823178 0.085124
vt 0.819064 0.087294
vt 0.827539 0.082590
vt 0.941647 0.273993
vt 0.938617 0.271568
vt 0.815594 0.088332
vt 0.830007 0.092695
vt 0.826178 0.095643
vt 0.833728 0.089307
vt 0.652209 0.266273
vt 0.941396 0.285599
vt 0.938688 0.282772
vt 0.822568 0.097089
vt 0.838191 0.099264
vt 0.834775 0.102969
vt 0.841282 0.094883
vt 0.661710 0.309529
vt 0.938813 0.297882
vt 0.936590 0.294646
vt 0.831124 0.104860
vt 0.846662 0.103181
vt 0.843844 0.107540
vt 0.848815 0.097846
vt 0.664031 0.316824
vt 0.933785 0.308711
vt 0.932199 0.304891
vt 0.865393 0.503735
vt 0.865071 0.511266
vt 0.859637 0.510809
vt 0.860262 0.503239
vt 0.855863 0.104673
vt 0.853633 0.109481
vt 0.074062 0.565485
vt 0.084277 0.564256
vt 0.083984 0.569563
vt 0.072455 0.570086
vt 0.615928 0.326121
vt 0.925836 0.318437
vt 0.925033 0.314497
vt 0.865067 0.521494
vt 0.859400 0.521035
vt 0.869589 0.523326
vt 0.869859 0.534903
vt 0.865398 0.533741
vt 0.094719 0.560988
vt 0.095695 0.566629
vt 0.608454 0.330166
vt 0.859628 0.533399
vt 0.855541 0.531532
vt 0.855473 0.520166
vt 0.870434 0.546421
vt 0.866173 0.546198
vt 0.103167 0.555830
vt 0.105292 0.561338
vt 0.592745 0.270833
vt 0.860417 0.546101
vt 0.856153 0.543322
vt 0.870836 0.558793
vt 0.866832 0.559445
vt 0.110487 0.548079
vt 0.113636 0.553136
vt 0.496671 0.962507
vt 0.861157 0.559618
vt 0.856420 0.556508
vt 0.871076 0.571228
vt 0.867316 0.572836
vt 0.116512 0.538374
vt 0.120505 0.542950
vt 0.099731 0.899380
vt 0.092294 0.900195
vt 0.098483 0.891023
vt 0.105070 0.890739
vt 0.861791 0.572599
vt 0.857077 0.571327
vt 0.124170 0.532153
vt 0.128963 0.532354
vt 0.124766 0.543928
vt 0.119571 0.528250
vt 0.598225 0.334296
vt 0.861838 0.584966
vt 0.855473 0.587586
vt 0.867622 0.584036
vt 0.125206 0.519592
vt 0.130244 0.518956
vt 0.119790 0.514889
vt 0.611581 0.318369
vt 0.603417 0.323803
vt 0.595949 0.329478
vt 0.878682 0.099978
vt 0.876651 0.095093
vt 0.879603 0.091181
vt 0.883052 0.095661
vt 0.875543 0.107785
vt 0.872265 0.098541
vt 0.869888 0.109481
vt 0.866723 0.099962
vt 0.867256 0.593852
vt 0.861669 0.594643
vt 0.123548 0.506359
vt 0.128588 0.504769
vt 0.118178 0.504305
vt 0.604975 0.308848
vt 0.596667 0.315384
vt 0.588035 0.321671
vt 0.592040 0.333251
vt 0.583917 0.324291
vt 0.869548 0.087492
vt 0.874594 0.085432
vt 0.863654 0.088389
vt 0.861277 0.100173
vt 0.858477 0.087898
vt 0.118885 0.494466
vt 0.123787 0.492156
vt 0.113483 0.493270
vt 0.598028 0.300650
vt 0.590764 0.306277
vt 0.582882 0.311844
vt 0.578272 0.313270
vt 0.867467 0.075024
vt 0.872719 0.073958
vt 0.861526 0.075390
vt 0.856468 0.074964
vt 0.111639 0.482005
vt 0.116337 0.479040
vt 0.106154 0.482303
vt 0.592645 0.292856
vt 0.586076 0.296751
vt 0.578658 0.300524
vt 0.573860 0.300626
vt 0.866641 0.060714
vt 0.872053 0.060756
vt 0.860728 0.060447
vt 0.855863 0.060020
vt 0.100398 0.470184
vt 0.104895 0.466409
vt 0.095509 0.471562
vt 0.588195 0.286460
vt 0.582616 0.287085
vt 0.576712 0.286692
vt 0.572064 0.285384
vt 0.867191 0.043912
vt 0.872741 0.044984
vt 0.861357 0.043208
vt 0.856767 0.043034
vt 0.093926 0.457429
vt 0.589061 0.275106
vt 0.583021 0.276178
vt 0.576914 0.275816
vt 0.572377 0.274118
vt 0.868668 0.031599
vt 0.874560 0.033273
vt 0.862809 0.030127
vt 0.098553 0.455051
vt 0.108539 0.463879
vt 0.075928 0.447434
vt 0.072994 0.435649
vt 0.079592 0.435126
vt 0.081648 0.445528
vt 0.079592 0.435126
vt 0.087617 0.436127
vt 0.087503 0.443756
vt 0.901518 0.606841
vt 0.901267 0.596187
vt 0.909744 0.597177
vt 0.908931 0.607692
vt 0.895046 0.609456
vt 0.893571 0.598886
vt 0.585134 0.262118
vt 0.580788 0.257134
vt 0.584192 0.249745
vt 0.588577 0.257723
vt 0.578641 0.265776
vt 0.575367 0.263282
vt 0.580788 0.257134
vt 0.935486 0.963643
vt 0.933893 0.966479
vt 0.927217 0.962133
vt 0.930475 0.958059
vt 0.942362 0.966635
vt 0.941767 0.968785
vt 0.935486 0.963643
vt 0.870336 0.024743
vt 0.876825 0.026874
vt 0.949074 0.966063
vt 0.948886 0.968546
vt 0.941767 0.968784
vt 0.942362 0.966635
vt 0.094382 0.443012
vt 0.095257 0.438403
vt 0.100244 0.441271
vt 0.099202 0.443839
vt 0.087503 0.443756
vt 0.095257 0.438403
vt 0.094382 0.443012
vt 0.088544 0.447843
vt 0.901556 0.617303
vt 0.901559 0.610568
vt 0.908973 0.611484
vt 0.909893 0.621635
vt 0.895787 0.622366
vt 0.895373 0.613110
vt 0.891192 0.613807
vt 0.888741 0.604525
vt 0.895046 0.609456
vt 0.589854 0.260869
vt 0.591559 0.255689
vt 0.586569 0.264989
vt 0.580393 0.268336
vt 0.574231 0.269629
vt 0.876825 0.026874
vt 0.882189 0.027470
vt 0.878905 0.034700
vt 0.864401 0.021622
vt 0.870336 0.024743
vt 0.088544 0.447843
vt 0.094881 0.447166
vt 0.072848 0.431459
vt 0.075172 0.419483
vt 0.083200 0.420275
vt 0.079798 0.430934
vt 0.564995 0.224583
vt 0.574842 0.222877
vt 0.576029 0.233352
vt 0.566268 0.233422
vt 0.079798 0.430934
vt 0.093067 0.423330
vt 0.088626 0.432058
vt 0.566410 0.217001
vt 0.576029 0.213824
vt 0.564995 0.224583
vt 0.582038 0.247365
vt 0.574871 0.242626
vt 0.574512 0.234013
vt 0.582689 0.240282
vt 0.578390 0.255362
vt 0.572064 0.252632
vt 0.924917 0.965463
vt 0.920499 0.972759
vt 0.916033 0.967633
vt 0.921294 0.959820
vt 0.932029 0.970261
vt 0.928959 0.977298
vt 0.924917 0.965463
vt 0.940744 0.972905
vt 0.939146 0.980034
vt 0.948651 0.972661
vt 0.948331 0.980233
vt 0.940744 0.972905
vt 0.096993 0.434567
vt 0.102129 0.427828
vt 0.107959 0.432564
vt 0.102618 0.437794
vt 0.088626 0.432058
vt 0.096993 0.434567
vt 0.916994 0.611829
vt 0.919436 0.620734
vt 0.911184 0.619020
vt 0.910106 0.611126
vt 0.830377 0.347757
vt 0.828361 0.345483
vt 0.837728 0.338495
vt 0.838932 0.341868
vt 0.825437 0.357083
vt 0.822959 0.355938
vt 0.825437 0.367347
vt 0.822629 0.367294
vt 0.830377 0.375798
vt 0.827445 0.376933
vt 0.838932 0.380172
vt 0.836440 0.382423
vt 0.916262 0.976332
vt 0.912099 0.969570
vt 0.925633 0.982620
vt 0.937730 0.986534
vt 0.949027 0.986831
vt 0.106417 0.423860
vt 0.113570 0.428956
vt 0.095318 0.419406
vt 0.888420 0.227461
vt 0.891064 0.228643
vt 0.885609 0.239278
vt 0.883309 0.236694
vt 0.934810 0.229076
vt 0.931710 0.230344
vt 0.924235 0.213558
vt 0.937170 0.227068
vt 0.566957 0.728715
vt 0.563171 0.723698
vt 0.564918 0.723643
vt 0.924218 0.218568
vt 0.928170 0.230757
vt 0.925135 0.230198
vt 0.923970 0.224019
vt 0.934569 0.233267
vt 0.931604 0.234709
vt 0.909936 0.511211
vt 0.905718 0.514535
vt 0.937224 0.509735
vt 0.936664 0.513654
vt 0.562011 0.718608
vt 0.564140 0.718744
vt 0.928090 0.235195
vt 0.924963 0.234581
vt 0.956400 0.774164
vt 0.954136 0.769598
vt 0.957205 0.768767
vt 0.959594 0.773322
vt 0.911322 0.505011
vt 0.914206 0.506286
vt 0.561903 0.712510
vt 0.564237 0.713208
vt 0.927318 0.239712
vt 0.924165 0.238928
vt 0.960328 0.767098
vt 0.962609 0.771438
vt 0.951681 0.764153
vt 0.954582 0.763214
vt 0.914212 0.499628
vt 0.917460 0.500457
vt 0.563211 0.706330
vt 0.565015 0.707678
vt 0.957764 0.761687
vt 0.960375 0.759971
vt 0.962667 0.765025
vt 0.949463 0.758476
vt 0.952149 0.757440
vt 0.915494 0.494141
vt 0.919046 0.494468
vt 0.912827 0.493811
vt 0.565549 0.701179
vt 0.566957 0.703112
vt 0.955342 0.756123
vt 0.958214 0.754847
vt 0.947878 0.752006
vt 0.950357 0.750808
vt 0.915435 0.488202
vt 0.919027 0.488019
vt 0.913194 0.488388
vt 0.956524 0.748757
vt 0.958373 0.748481
vt 0.959956 0.753964
vt 0.953516 0.749621
vt 0.918062 0.481913
vt 0.920954 0.481824
vt 0.921813 0.488260
vt 0.914520 0.482658
vt 0.912121 0.483576
vt 0.955202 0.742530
vt 0.957301 0.742810
vt 0.952088 0.743097
vt 0.949012 0.744261
vt 0.916026 0.476715
vt 0.918954 0.476276
vt 0.912650 0.478038
vt 0.856308 0.899920
vt 0.851392 0.900821
vt 0.850935 0.898480
vt 0.856519 0.897688
vt 0.954481 0.737004
vt 0.956839 0.737786
vt 0.951313 0.737260
vt 0.948346 0.738408
vt 0.952887 0.638358
vt 0.953237 0.633019
vt 0.956886 0.632998
vt 0.956555 0.638359
vt 0.909997 0.473749
vt 0.913145 0.471955
vt 0.846062 0.902601
vt 0.845096 0.900481
vt 0.954708 0.731413
vt 0.957156 0.732463
vt 0.951554 0.731436
vt 0.960216 0.632222
vt 0.959808 0.637374
vt 0.953438 0.627108
vt 0.957059 0.626942
vt 0.949713 0.632497
vt 0.950011 0.626964
vt 0.841057 0.905486
vt 0.839591 0.903220
vt 0.955713 0.726156
vt 0.958028 0.727579
vt 0.952619 0.725975
vt 0.960436 0.626290
vt 0.953251 0.620919
vt 0.956830 0.620573
vt 0.949933 0.621263
vt 0.837231 0.908663
vt 0.835046 0.906777
vt 0.957451 0.722119
vt 0.959547 0.723799
vt 0.960242 0.620095
vt 0.962568 0.619602
vt 0.962656 0.625305
vt 0.952985 0.613946
vt 0.956489 0.613412
vt 0.949834 0.614774
vt 0.834399 0.913704
vt 0.831507 0.912030
vt 0.960412 0.718747
vt 0.962667 0.720852
vt 0.959940 0.613094
vt 0.962409 0.613070
vt 0.952628 0.607195
vt 0.956011 0.606349
vt 0.949713 0.608578
vt 0.832063 0.918863
vt 0.829226 0.917854
vt 0.509934 0.023135
vt 0.510760 0.018165
vt 0.513079 0.019420
vt 0.512990 0.023883
vt 0.959490 0.606046
vt 0.962134 0.606374
vt 0.952241 0.601345
vt 0.955474 0.600158
vt 0.828462 0.923667
vt 0.825038 0.924207
vt 0.826033 0.917923
vt 0.831554 0.924217
vt 0.512811 0.013745
vt 0.515239 0.015751
vt 0.958964 0.599849
vt 0.961783 0.600524
vt 0.952324 0.595818
vt 0.955396 0.594306
vt 0.828842 0.930162
vt 0.825321 0.931165
vt 0.831880 0.929983
vt 0.516371 0.009695
vt 0.518308 0.012198
vt 0.958864 0.593927
vt 0.961815 0.594820
vt 0.826627 0.938097
vt 0.824026 0.939190
vt 0.822834 0.931953
vt 0.830123 0.936545
vt 0.832904 0.935780
vt 0.520998 0.006247
vt 0.522181 0.008943
vt 0.959121 0.588637
vt 0.962150 0.589663
vt 0.955690 0.589147
vt 0.829238 0.944339
vt 0.826612 0.945746
vt 0.832559 0.942199
vt 0.835344 0.940636
vt 0.526238 0.004037
vt 0.526900 0.007216
vt 0.520564 0.003392
vt 0.526335 0.001079
vt 0.956312 0.585462
vt 0.959689 0.584845
vt 0.833206 0.950458
vt 0.830591 0.952162
vt 0.836272 0.947808
vt 0.838584 0.945392
vt 0.532550 0.002945
vt 0.532505 0.005881
vt 0.533163 -0.000000
vt 0.828930 0.952738
vt 0.825187 0.946310
vt 0.838318 0.955397
vt 0.835795 0.957578
vt 0.840967 0.952189
vt 0.842630 0.949425
vt 0.539452 0.003044
vt 0.538677 0.006321
vt 0.540519 0.000352
vt 0.833882 0.958415
vt 0.843862 0.958700
vt 0.841593 0.961264
vt 0.845901 0.955068
vt 0.846681 0.952144
vt 0.545857 0.004757
vt 0.544201 0.007713
vt 0.547375 0.002423
vt 0.839505 0.962341
vt 0.849867 0.960974
vt 0.847905 0.963827
vt 0.851290 0.957070
vt 0.899824 0.952400
vt 0.905683 0.953431
vt 0.904909 0.956132
vt 0.898224 0.954762
vt 0.552213 0.008240
vt 0.550004 0.010947
vt 0.554048 0.006297
vt 0.845731 0.965139
vt 0.855743 0.962198
vt 0.854164 0.965253
vt 0.856519 0.958130
vt 0.911945 0.953561
vt 0.911761 0.956564
vt 0.558006 0.013001
vt 0.555303 0.015115
vt 0.560063 0.011431
vt 0.791967 0.902975
vt 0.791281 0.908205
vt 0.787862 0.908705
vt 0.788609 0.903636
vt 0.795062 0.908780
vt 0.794905 0.914738
vt 0.791163 0.914338
vt 0.798742 0.910094
vt 0.798482 0.915581
vt 0.917548 0.952595
vt 0.918230 0.955721
vt 0.562248 0.018512
vt 0.559088 0.019960
vt 0.564517 0.017424
vt 0.787708 0.914667
vt 0.794934 0.921996
vt 0.791261 0.921772
vt 0.798348 0.922366
vt 0.923431 0.950253
vt 0.925029 0.953349
vt 0.565424 0.025324
vt 0.561984 0.026123
vt 0.567780 0.024706
vt 0.787766 0.921935
vt 0.795276 0.929767
vt 0.791705 0.929826
vt 0.798454 0.929544
vt 0.929072 0.946834
vt 0.931231 0.949762
vt 0.567648 0.032825
vt 0.564110 0.032931
vt 0.788153 0.929896
vt 0.785578 0.929975
vt 0.785396 0.922476
vt 0.795854 0.937262
vt 0.792434 0.937712
vt 0.798742 0.936300
vt 0.933063 0.942713
vt 0.935737 0.944903
vt 0.567847 0.040092
vt 0.564496 0.039370
vt 0.788851 0.937715
vt 0.786064 0.937265
vt 0.796108 0.944942
vt 0.792856 0.945797
vt 0.939357 0.938575
vt 0.942763 0.939299
vt 0.938645 0.946004
vt 0.936388 0.936965
vt 0.565999 0.047764
vt 0.563009 0.046348
vt 0.789281 0.945815
vt 0.786331 0.944966
vt 0.796083 0.952057
vt 0.792980 0.953383
vt 0.941835 0.931738
vt 0.945623 0.931910
vt 0.938489 0.930569
vt 0.562576 0.055147
vt 0.560061 0.053122
vt 0.789438 0.953518
vt 0.786387 0.952379
vt 0.946584 0.924385
vt 0.949227 0.923995
vt 0.948042 0.931841
vt 0.942587 0.924888
vt 0.939040 0.924637
vt 0.557835 0.060987
vt 0.555985 0.058371
vt 0.789323 0.959692
vt 0.786225 0.958248
vt 0.792821 0.959490
vt 0.945890 0.916099
vt 0.948656 0.915419
vt 0.941844 0.917216
vt 0.938016 0.917774
vt 0.551498 0.065969
vt 0.550289 0.063045
vt 0.952692 0.453946
vt 0.950844 0.447334
vt 0.953765 0.446112
vt 0.955413 0.452261
vt 0.949149 0.454444
vt 0.947287 0.447648
vt 0.943808 0.907885
vt 0.946621 0.906834
vt 0.939865 0.909673
vt 0.936130 0.910901
vt 0.544263 0.069966
vt 0.543861 0.066700
vt 0.949073 0.439718
vt 0.952180 0.438972
vt 0.945523 0.439890
vt 0.939935 0.900680
vt 0.942796 0.899204
vt 0.936226 0.903215
vt 0.933051 0.905240
vt 0.536938 0.072110
vt 0.537504 0.068756
vt 0.947578 0.431724
vt 0.950868 0.431627
vt 0.944062 0.431683
vt 0.934119 0.894170
vt 0.936922 0.892289
vt 0.930822 0.897315
vt 0.928469 0.899919
vt 0.528894 0.072410
vt 0.530166 0.069647
vt 0.946856 0.422759
vt 0.950241 0.423241
vt 0.943421 0.422577
vt 0.927341 0.888876
vt 0.929937 0.886510
vt 0.924641 0.892606
vt 0.923037 0.895713
vt 0.520819 0.071208
vt 0.522990 0.068864
vt 0.946707 0.413694
vt 0.950140 0.414613
vt 0.943396 0.413542
vt 0.920144 0.885621
vt 0.922412 0.882812
vt 0.918211 0.889824
vt 0.917535 0.893307
vt 0.514001 0.068308
vt 0.516985 0.066455
vt 0.947342 0.405733
vt 0.950731 0.407063
vt 0.944191 0.405655
vt 0.942226 0.099645
vt 0.942600 0.092468
vt 0.946401 0.093544
vt 0.946070 0.100787
vt 0.911217 0.888327
vt 0.912395 0.883857
vt 0.804949 0.821440
vt 0.797584 0.822088
vt 0.797010 0.818534
vt 0.805138 0.818098
vt 0.508031 0.063632
vt 0.511391 0.062377
vt 0.949314 0.398353
vt 0.952594 0.399925
vt 0.949912 0.093546
vt 0.949492 0.100500
vt 0.942816 0.084447
vt 0.946560 0.085262
vt 0.904472 0.888016
vt 0.904857 0.883421
vt 0.790537 0.823794
vt 0.789169 0.820217
vt 0.503291 0.057798
vt 0.506987 0.057413
vt 0.952271 0.391994
vt 0.955413 0.393732
vt 0.950122 0.085401
vt 0.942678 0.076034
vt 0.946352 0.076510
vt 0.898609 0.889364
vt 0.898224 0.884855
vt 0.784630 0.826729
vt 0.782422 0.823396
vt 0.500721 0.051480
vt 0.504544 0.051912
vt 0.949943 0.076822
vt 0.952484 0.076871
vt 0.952537 0.084791
vt 0.942572 0.066647
vt 0.946160 0.066802
vt 0.776185 0.828746
vt 0.772867 0.826837
vt 0.779732 0.821264
vt 0.779054 0.831704
vt 0.500073 0.044360
vt 0.503733 0.045370
vt 0.949773 0.067276
vt 0.952441 0.067937
vt 0.942416 0.057396
vt 0.945899 0.057108
vt 0.771206 0.835298
vt 0.767330 0.833809
vt 0.774607 0.837695
vt 0.501218 0.037033
vt 0.504663 0.038896
vt 0.949528 0.057615
vt 0.952334 0.058795
vt 0.942226 0.049283
vt 0.945589 0.048535
vt 0.768272 0.842594
vt 0.763951 0.841711
vt 0.772078 0.844195
vt 0.504277 0.030598
vt 0.507634 0.033387
vt 0.498861 0.034393
vt 0.502421 0.027435
vt 0.949223 0.049092
vt 0.762335 0.851054
vt 0.759367 0.850809
vt 0.761254 0.841252
vt 0.766902 0.851313
vt 0.771037 0.852131
vt 0.509558 0.024772
vt 0.512245 0.028226
vt 0.508291 0.021242
vt 0.945745 0.040660
vt 0.949364 0.041195
vt 0.762418 0.860694
vt 0.759260 0.860804
vt 0.767077 0.860201
vt 0.771054 0.860127
vt 0.516344 0.019941
vt 0.518226 0.023892
vt 0.515701 0.016196
vt 0.946258 0.034074
vt 0.949853 0.034479
vt 0.764582 0.869726
vt 0.761295 0.870221
vt 0.769156 0.868403
vt 0.773180 0.867367
vt 0.523838 0.016962
vt 0.524439 0.020870
vt 0.523969 0.013081
vt 0.516454 0.013689
vt 0.525036 0.010717
vt 0.768772 0.878734
vt 0.765430 0.879589
vt 0.773097 0.876701
vt 0.776634 0.874517
vt 0.532683 0.015735
vt 0.532544 0.019619
vt 0.533560 0.011947
vt 0.534908 0.009821
vt 0.774376 0.886781
vt 0.771044 0.888167
vt 0.778309 0.883959
vt 0.781014 0.881261
vt 0.542100 0.015937
vt 0.540955 0.020263
vt 0.543626 0.012438
vt 0.545103 0.010694
vt 0.781076 0.892824
vt 0.777892 0.894753
vt 0.784387 0.889250
vt 0.786273 0.885719
vt 0.550793 0.018094
vt 0.548411 0.022071
vt 0.552981 0.015080
vt 0.554538 0.013785
vt 0.788853 0.897398
vt 0.785913 0.899766
vt 0.791479 0.893292
vt 0.004442 0.879903
vt 0.012450 0.881735
vt 0.011325 0.885516
vt 0.002217 0.883074
vt 0.559306 0.022777
vt 0.556144 0.026391
vt 0.561965 0.020324
vt 0.563495 0.019438
vt 0.796724 0.900259
vt 0.794158 0.902975
vt 0.798590 0.895804
vt 0.020865 0.882622
vt 0.020630 0.886460
vt 0.566824 0.029273
vt 0.563087 0.031965
vt 0.569793 0.027374
vt 0.933609 0.121417
vt 0.933390 0.128683
vt 0.929946 0.129066
vt 0.930252 0.122071
vt 0.937258 0.129748
vt 0.937603 0.137980
vt 0.933773 0.137117
vt 0.805138 0.896131
vt 0.804052 0.900751
vt 0.028447 0.881099
vt 0.029320 0.885485
vt 0.572043 0.036736
vt 0.567811 0.038290
vt 0.575293 0.035523
vt 0.930269 0.137224
vt 0.938186 0.147822
vt 0.934418 0.147139
vt 0.941286 0.139420
vt 0.941688 0.148652
vt 0.036171 0.878056
vt 0.038222 0.882296
vt 0.575678 0.045741
vt 0.571087 0.046617
vt 0.578988 0.045210
vt 0.930843 0.146954
vt 0.939049 0.158105
vt 0.935386 0.157750
vt 0.942291 0.158184
vt 0.043529 0.873709
vt 0.046232 0.877608
vt 0.577830 0.055463
vt 0.573626 0.055204
vt 0.580949 0.055564
vt 0.931733 0.157386
vt 0.940105 0.167924
vt 0.936589 0.167992
vt 0.052250 0.871471
vt 0.055492 0.873181
vt 0.048643 0.879593
vt 0.048795 0.868466
vt 0.577749 0.064699
vt 0.573376 0.063566
vt 0.580465 0.065518
vt 0.932872 0.167454
vt 0.940808 0.177862
vt 0.937458 0.178375
vt 0.056932 0.863284
vt 0.060814 0.864578
vt 0.053137 0.861083
vt 0.575051 0.074338
vt 0.571107 0.072306
vt 0.933722 0.177765
vt 0.930589 0.176166
vt 0.929946 0.166437
vt 0.941123 0.186846
vt 0.937928 0.187900
vt 0.059915 0.854385
vt 0.064274 0.855022
vt 0.055601 0.852751
vt 0.570217 0.083448
vt 0.567114 0.080509
vt 0.934210 0.187371
vt 0.930950 0.185357
vt 0.065107 0.845314
vt 0.067860 0.845280
vt 0.066730 0.855320
vt 0.060494 0.845493
vt 0.055897 0.845048
vt 0.563745 0.090447
vt 0.561622 0.086898
vt 0.196365 0.900403
vt 0.193737 0.893692
vt 0.196800 0.891837
vt 0.199131 0.897876
vt 0.937965 0.195280
vt 0.934287 0.194814
vt 0.063675 0.834789
vt 0.066633 0.834454
vt 0.058987 0.835696
vt 0.054122 0.836302
vt 0.555322 0.096158
vt 0.554047 0.092527
vt 0.191362 0.884865
vt 0.194678 0.883684
vt 0.189968 0.894018
vt 0.187557 0.884865
vt 0.060327 0.824597
vt 0.063439 0.823821
vt 0.055751 0.826315
vt 0.051533 0.827713
vt 0.545905 0.100515
vt 0.545813 0.096770
vt 0.189253 0.874896
vt 0.192776 0.874418
vt 0.185466 0.874633
vt 0.055001 0.815750
vt 0.058149 0.814511
vt 0.050756 0.818333
vt 0.046981 0.820646
vt 0.536561 0.102480
vt 0.537427 0.098311
vt 0.187723 0.864679
vt 0.191414 0.865056
vt 0.183976 0.864119
vt 0.047503 0.807677
vt 0.050638 0.805983
vt 0.043706 0.810996
vt 0.040777 0.814204
vt 0.526512 0.102282
vt 0.528289 0.098770
vt 0.187194 0.853543
vt 0.190964 0.854666
vt 0.183543 0.852760
vt 0.038856 0.801134
vt 0.041788 0.798928
vt 0.035725 0.805139
vt 0.033701 0.809013
vt 0.516645 0.100103
vt 0.519507 0.097066
vt 0.187586 0.842483
vt 0.191348 0.844201
vt 0.184065 0.841658
vt 0.029737 0.797149
vt 0.032353 0.794498
vt 0.027456 0.801700
vt 0.026545 0.806075
vt 0.508579 0.095901
vt 0.512371 0.093469
vt 0.189016 0.833029
vt 0.192656 0.835331
vt 0.185660 0.832182
vt 0.250433 0.898411
vt 0.250890 0.889219
vt 0.254695 0.890671
vt 0.254257 0.899926
vt 0.018449 0.800102
vt 0.019922 0.795237
vt 0.758504 0.734992
vt 0.749363 0.734637
vt 0.749183 0.730138
vt 0.759259 0.730815
vt 0.501765 0.089586
vt 0.505914 0.087892
vt 0.191980 0.824645
vt 0.195427 0.827311
vt 0.258142 0.890813
vt 0.257627 0.899668
vt 0.251106 0.879038
vt 0.254881 0.880268
vt 0.009834 0.800177
vt 0.010419 0.795144
vt 0.740557 0.735809
vt 0.739405 0.731210
vt 0.496433 0.082038
vt 0.500890 0.081456
vt 0.195900 0.817662
vt 0.199131 0.820549
vt 0.258397 0.880684
vt 0.250910 0.868494
vt 0.254631 0.869412
vt 0.002530 0.802503
vt 0.002217 0.797554
vt 0.733135 0.738884
vt 0.730956 0.734507
vt 0.493700 0.074077
vt 0.498197 0.074550
vt 0.492713 0.081186
vt 0.490029 0.072379
vt 0.258211 0.870163
vt 0.250751 0.857007
vt 0.254391 0.857608
vt 0.722936 0.740342
vt 0.719719 0.737585
vt 0.728473 0.731632
vt 0.725948 0.744365
vt 0.493290 0.065204
vt 0.498310 0.066570
vt 0.489886 0.062736
vt 0.258028 0.858632
vt 0.250557 0.845845
vt 0.254090 0.845945
vt 0.716384 0.747785
vt 0.712437 0.745360
vt 0.720116 0.751216
vt 0.494877 0.056121
vt 0.498710 0.058401
vt 0.491955 0.053003
vt 0.257774 0.847044
vt 0.250373 0.836240
vt 0.253775 0.835765
vt 0.712277 0.756370
vt 0.707694 0.754551
vt 0.716595 0.758879
vt 0.498813 0.048190
vt 0.502746 0.051650
vt 0.496616 0.044441
vt 0.257479 0.836903
vt 0.704973 0.765626
vt 0.701885 0.764702
vt 0.705010 0.753455
vt 0.709951 0.766762
vt 0.714560 0.768306
vt 0.505525 0.041139
vt 0.508310 0.044995
vt 0.504116 0.036988
vt 0.254027 0.826681
vt 0.257715 0.827746
vt 0.704129 0.777140
vt 0.700764 0.776595
vt 0.709318 0.777410
vt 0.714025 0.777876
vt 0.514043 0.035505
vt 0.516110 0.040273
vt 0.513377 0.031109
vt 0.254733 0.819273
vt 0.258397 0.820191
vt 0.705734 0.788137
vt 0.702186 0.788011
vt 0.710925 0.787428
vt 0.715477 0.786660
vt 0.523235 0.032187
vt 0.523800 0.036901
vt 0.523495 0.027671
vt 0.514288 0.028290
vt 0.524780 0.025022
vt 0.709732 0.799285
vt 0.706097 0.799526
vt 0.714731 0.797750
vt 0.719377 0.795505
vt 0.533898 0.031135
vt 0.533587 0.036387
vt 0.535029 0.026728
vt 0.536652 0.024345
vt 0.715358 0.809549
vt 0.711686 0.810319
vt 0.720031 0.807102
vt 0.723634 0.804283
vt 0.545054 0.031801
vt 0.543557 0.036090
vt 0.546964 0.027678
vt 0.548779 0.025631
vt 0.722596 0.817593
vt 0.718980 0.818929
vt 0.726710 0.814232
vt 0.729675 0.810103
vt 0.555179 0.034656
vt 0.552430 0.039289
vt 0.557930 0.031083
vt 0.559927 0.029517
vt 0.731475 0.823876
vt 0.728007 0.825748
vt 0.734923 0.819795
vt 0.487752 0.801768
vt 0.497302 0.804321
vt 0.495803 0.808886
vt 0.484899 0.805611
vt 0.565054 0.040356
vt 0.561281 0.044297
vt 0.568413 0.037485
vt 0.570445 0.036435
vt 0.906416 0.023691
vt 0.905864 0.032542
vt 0.902062 0.030830
vt 0.902613 0.021964
vt 0.743389 0.823272
vt 0.740781 0.827931
vt 0.507401 0.805104
vt 0.506926 0.810166
vt 0.573804 0.048062
vt 0.569243 0.051121
vt 0.577516 0.045943
vt 0.898627 0.030850
vt 0.899286 0.022431
vt 0.905814 0.042587
vt 0.902043 0.041039
vt 0.751364 0.824072
vt 0.749696 0.829103
vt 0.516281 0.804390
vt 0.517230 0.809112
vt 0.579894 0.056840
vt 0.574692 0.058766
vt 0.583881 0.055613
vt 0.898526 0.040622
vt 0.905782 0.054427
vt 0.902068 0.053078
vt 0.759259 0.822427
vt 0.758428 0.827595
vt 0.525248 0.800248
vt 0.527694 0.805462
vt 0.583926 0.067477
vt 0.578445 0.068309
vt 0.587905 0.067098
vt 0.898480 0.052265
vt 0.905820 0.066649
vt 0.902174 0.065695
vt 0.909196 0.055842
vt 0.909058 0.067152
vt 0.533691 0.795143
vt 0.537140 0.800143
vt 0.585846 0.078909
vt 0.580376 0.078639
vt 0.589620 0.079285
vt 0.898533 0.064657
vt 0.906003 0.078263
vt 0.902442 0.077766
vt 0.544384 0.793144
vt 0.547925 0.795357
vt 0.539776 0.802720
vt 0.539906 0.788981
vt 0.585173 0.089589
vt 0.579977 0.088040
vt 0.588547 0.090848
vt 0.898761 0.076464
vt 0.905866 0.089889
vt 0.902411 0.089848
vt 0.549985 0.783598
vt 0.554227 0.785334
vt 0.545250 0.780759
vt 0.581507 0.100568
vt 0.576884 0.097933
vt 0.584255 0.102544
vt 0.898709 0.088377
vt 0.905519 0.100193
vt 0.902184 0.100787
vt 0.553318 0.773081
vt 0.558144 0.774095
vt 0.548110 0.771240
vt 0.575516 0.110924
vt 0.572358 0.107598
vt 0.577480 0.113375
vt 0.898480 0.099394
vt 0.558850 0.762684
vt 0.561766 0.762945
vt 0.560628 0.774683
vt 0.553675 0.762588
vt 0.548271 0.761976
vt 0.567724 0.118835
vt 0.565131 0.114528
vt 0.568694 0.121640
vt 0.594532 0.684994
vt 0.590779 0.676427
vt 0.594693 0.676088
vt 0.598337 0.684127
vt 0.556966 0.750392
vt 0.560213 0.750323
vt 0.551659 0.751141
vt 0.546121 0.751749
vt 0.557663 0.125160
vt 0.556218 0.120388
vt 0.591363 0.665638
vt 0.594944 0.664409
vt 0.597928 0.674008
vt 0.587388 0.665531
vt 0.552941 0.738526
vt 0.556352 0.737966
vt 0.547761 0.740220
vt 0.542800 0.741815
vt 0.546453 0.129639
vt 0.546473 0.125043
vt 0.588551 0.653864
vt 0.592370 0.653466
vt 0.584588 0.653446
vt 0.546696 0.728229
vt 0.550094 0.727199
vt 0.541943 0.730878
vt 0.537283 0.733784
vt 0.535532 0.131186
vt 0.536701 0.126259
vt 0.586636 0.641949
vt 0.590638 0.642546
vt 0.582693 0.641177
vt 0.537954 0.718828
vt 0.541341 0.717354
vt 0.533697 0.722284
vt 0.530228 0.725985
vt 0.524008 0.130279
vt 0.526143 0.126177
vt 0.585848 0.629162
vt 0.589937 0.630654
vt 0.581986 0.628078
vt 0.527768 0.711287
vt 0.530978 0.709265
vt 0.524239 0.715518
vt 0.521816 0.720010
vt 0.512795 0.127174
vt 0.516102 0.123785
vt 0.586070 0.616562
vt 0.590150 0.618785
vt 0.582348 0.615365
vt 0.517010 0.706829
vt 0.519919 0.704275
vt 0.514432 0.711705
vt 0.513318 0.716789
vt 0.503703 0.121884
vt 0.508001 0.119288
vt 0.587489 0.605896
vt 0.591426 0.608797
vt 0.583974 0.604651
vt 0.883309 0.203405
vt 0.883647 0.192429
vt 0.887448 0.194219
vt 0.887128 0.205210
vt 0.503815 0.710120
vt 0.505473 0.704847
vt 0.737726 0.391281
vt 0.727233 0.390773
vt 0.727134 0.385479
vt 0.738703 0.386406
vt 0.496148 0.114176
vt 0.500877 0.112406
vt 0.590638 0.596571
vt 0.594358 0.599883
vt 0.890889 0.194518
vt 0.890469 0.204987
vt 0.883759 0.180394
vt 0.887529 0.181961
vt 0.493754 0.710564
vt 0.494382 0.705070
vt 0.717195 0.392123
vt 0.715972 0.386687
vt 0.490291 0.105143
vt 0.495580 0.104571
vt 0.594889 0.588920
vt 0.598337 0.592411
vt 0.891068 0.182660
vt 0.883521 0.168121
vt 0.887234 0.169336
vt 0.485336 0.713608
vt 0.484899 0.708164
vt 0.708808 0.395724
vt 0.706395 0.390534
vt 0.487556 0.095722
vt 0.493158 0.096362
vt 0.485905 0.104194
vt 0.483302 0.093762
vt 0.890849 0.170447
vt 0.883408 0.154966
vt 0.887045 0.155828
vt 0.697288 0.397187
vt 0.693918 0.393839
vt 0.703813 0.386992
vt 0.700650 0.401938
vt 0.487725 0.085398
vt 0.493091 0.086965
vt 0.483816 0.082556
vt 0.890717 0.157264
vt 0.883345 0.142328
vt 0.886896 0.142662
vt 0.689778 0.405619
vt 0.685620 0.402668
vt 0.693968 0.409668
vt 0.490178 0.075054
vt 0.494932 0.077861
vt 0.486801 0.071479
vt 0.890610 0.144224
vt 0.883309 0.131561
vt 0.886757 0.131312
vt 0.685010 0.415421
vt 0.680167 0.413165
vt 0.690310 0.418769
vt 0.495219 0.066218
vt 0.499624 0.070251
vt 0.492658 0.061916
vt 0.890491 0.132986
vt 0.677131 0.425846
vt 0.674086 0.424617
vt 0.677555 0.411789
vt 0.682412 0.427352
vt 0.688112 0.429228
vt 0.503285 0.058474
vt 0.506357 0.062883
vt 0.501659 0.053711
vt 0.887143 0.121417
vt 0.890868 0.123048
vt 0.676303 0.439005
vt 0.672885 0.438144
vt 0.681862 0.439560
vt 0.687190 0.440167
vt 0.513188 0.052227
vt 0.515386 0.057725
vt 0.512496 0.047206
vt 0.502199 0.050339
vt 0.513485 0.044012
vt 0.678384 0.451510
vt 0.674663 0.451112
vt 0.683990 0.450952
vt 0.689364 0.450198
vt 0.523778 0.048592
vt 0.524292 0.054274
vt 0.524222 0.043530
vt 0.525712 0.040632
vt 0.683173 0.464035
vt 0.679263 0.464092
vt 0.688590 0.462518
vt 0.693374 0.460245
vt 0.535961 0.047688
vt 0.535341 0.053575
vt 0.537416 0.042843
vt 0.539306 0.040335
vt 0.689556 0.475503
vt 0.685651 0.476112
vt 0.694590 0.472987
vt 0.698603 0.469797
vt 0.548510 0.048997
vt 0.546507 0.054299
vt 0.550822 0.044508
vt 0.552919 0.042367
vt 0.697618 0.484501
vt 0.693786 0.485684
vt 0.702042 0.481003
vt 0.705094 0.476690
vt 0.559674 0.052727
vt 0.556368 0.057456
vt 0.562907 0.048855
vt 0.565224 0.047205
vt 0.707556 0.491464
vt 0.703868 0.493173
vt 0.711275 0.487210
vt 0.285487 0.685547
vt 0.296551 0.688052
vt 0.294922 0.693321
vt 0.282680 0.689584
vt 0.570324 0.059600
vt 0.565947 0.063843
vt 0.574238 0.056516
vt 0.576639 0.055412
vt 0.876064 0.244790
vt 0.875619 0.255071
vt 0.871825 0.253172
vt 0.872269 0.242856
vt 0.720825 0.490993
vt 0.717998 0.495877
vt 0.307858 0.689059
vt 0.307367 0.694754
vt 0.579584 0.068545
vt 0.574382 0.071763
vt 0.583900 0.066318
vt 0.868384 0.253152
vt 0.868933 0.243331
vt 0.875698 0.266571
vt 0.871934 0.264830
vt 0.729824 0.491719
vt 0.728013 0.497016
vt 0.317844 0.687880
vt 0.318828 0.693514
vt 0.585956 0.078445
vt 0.580093 0.080374
vt 0.590534 0.077258
vt 0.868396 0.264267
vt 0.875792 0.279942
vt 0.872085 0.278396
vt 0.738703 0.489562
vt 0.737800 0.495025
vt 0.328029 0.684020
vt 0.330333 0.689276
vt 0.589876 0.090311
vt 0.583774 0.091006
vt 0.594386 0.090100
vt 0.868464 0.277353
vt 0.875912 0.293536
vt 0.872276 0.292409
vt 0.340550 0.683157
vt 0.343355 0.686126
vt 0.332163 0.692398
vt 0.337097 0.677980
vt 0.591376 0.102910
vt 0.585677 0.102162
vt 0.595613 0.103551
vt 0.868591 0.291088
vt 0.876115 0.306238
vt 0.872561 0.305592
vt 0.348328 0.675310
vt 0.352060 0.677838
vt 0.343730 0.670927
vt 0.589974 0.114511
vt 0.584345 0.112598
vt 0.593696 0.116116
vt 0.868832 0.303963
vt 0.875939 0.318760
vt 0.872480 0.318573
vt 0.354242 0.664687
vt 0.358697 0.666688
vt 0.349005 0.661524
vt 0.585330 0.126220
vt 0.580393 0.123146
vt 0.588337 0.128615
vt 0.868729 0.316725
vt 0.875495 0.329665
vt 0.872139 0.330107
vt 0.357656 0.653061
vt 0.362688 0.654273
vt 0.351935 0.651029
vt 0.578179 0.137053
vt 0.574209 0.133022
vt 0.580314 0.139977
vt 0.868384 0.328297
vt 0.363320 0.641754
vt 0.366170 0.642184
vt 0.365106 0.655017
vt 0.357927 0.641521
vt 0.351809 0.640652
vt 0.569315 0.145152
vt 0.567051 0.140518
vt 0.570376 0.148508
vt 0.362220 0.789596
vt 0.358466 0.779740
vt 0.362531 0.779484
vt 0.366170 0.788772
vt 0.360919 0.628341
vt 0.364098 0.628469
vt 0.355421 0.628987
vt 0.349625 0.629532
vt 0.558129 0.151379
vt 0.556887 0.146590
vt 0.359396 0.767657
vt 0.363228 0.766582
vt 0.366033 0.777402
vt 0.355270 0.767367
vt 0.356167 0.615520
vt 0.359554 0.615167
vt 0.350802 0.617152
vt 0.345425 0.618917
vt 0.545871 0.155576
vt 0.546111 0.150678
vt 0.356898 0.754608
vt 0.360955 0.754498
vt 0.352788 0.753917
vt 0.349065 0.604525
vt 0.352512 0.603678
vt 0.344124 0.607184
vt 0.339279 0.610208
vt 0.534105 0.156705
vt 0.535581 0.151385
vt 0.355405 0.741648
vt 0.359615 0.742659
vt 0.351338 0.740523
vt 0.339330 0.594684
vt 0.342778 0.593408
vt 0.334936 0.598152
vt 0.331257 0.602181
vt 0.521906 0.155011
vt 0.524423 0.150600
vt 0.355299 0.728029
vt 0.359539 0.730015
vt 0.351338 0.726544
vt 0.328237 0.586846
vt 0.331535 0.585035
vt 0.324594 0.591098
vt 0.322056 0.595960
vt 0.510266 0.151027
vt 0.514021 0.147401
vt 0.356317 0.714878
vt 0.360498 0.717658
vt 0.352499 0.713226
vt 0.316684 0.582274
vt 0.319711 0.579956
vt 0.314009 0.587171
vt 0.312868 0.592651
vt 0.501034 0.144907
vt 0.505822 0.142149
vt 0.358532 0.703995
vt 0.362507 0.707506
vt 0.354931 0.702243
vt 0.309903 0.568745
vt 0.310219 0.556685
vt 0.313999 0.558498
vt 0.313688 0.570542
vt 0.302608 0.585704
vt 0.304375 0.580409
vt 0.062414 0.575722
vt 0.051214 0.576158
vt 0.050639 0.570479
vt 0.063021 0.570355
vt 0.493548 0.136387
vt 0.498747 0.134540
vt 0.362475 0.694754
vt 0.366170 0.698702
vt 0.317417 0.558794
vt 0.317006 0.570232
vt 0.310300 0.543592
vt 0.314057 0.545201
vt 0.291892 0.586514
vt 0.292643 0.581024
vt 0.040734 0.578642
vt 0.038962 0.572950
vt 0.488077 0.126539
vt 0.493706 0.126040
vt 0.488754 0.136357
vt 0.483215 0.125536
vt 0.317577 0.545970
vt 0.310039 0.530456
vt 0.313751 0.531761
vt 0.283001 0.590074
vt 0.282680 0.584626
vt 0.032271 0.583404
vt 0.029255 0.578073
vt 0.485795 0.116532
vt 0.491610 0.117345
vt 0.481087 0.114419
vt 0.317360 0.533036
vt 0.309915 0.516609
vt 0.313557 0.517594
vt 0.020514 0.586260
vt 0.016911 0.583102
vt 0.026442 0.574694
vt 0.024920 0.591358
vt 0.486526 0.105730
vt 0.492042 0.107520
vt 0.482271 0.102643
vt 0.317240 0.519273
vt 0.309865 0.503558
vt 0.313424 0.504033
vt 0.013700 0.596078
vt 0.009347 0.593381
vt 0.018416 0.599968
vt 0.489759 0.095079
vt 0.494619 0.098171
vt 0.486152 0.091204
vt 0.317165 0.505881
vt 0.309870 0.492634
vt 0.313329 0.492535
vt 0.009844 0.606948
vt 0.004860 0.605010
vt 0.015516 0.609921
vt 0.495484 0.086114
vt 0.499917 0.090471
vt 0.492828 0.081489
vt 0.317100 0.494513
vt 0.002989 0.618566
vt -0.000000 0.617495
vt 0.002312 0.603805
vt 0.008364 0.619724
vt 0.013923 0.621184
vt 0.504231 0.078415
vt 0.507345 0.083243
vt 0.502597 0.073318
vt 0.313809 0.482677
vt 0.317577 0.484630
vt 0.003536 0.632322
vt 0.000214 0.631615
vt 0.009081 0.632505
vt 0.014626 0.632639
vt 0.514808 0.072470
vt 0.516857 0.078217
vt 0.514198 0.067164
vt 0.503077 0.069676
vt 0.515197 0.063719
vt 0.006907 0.645029
vt 0.003342 0.644759
vt 0.012385 0.644113
vt 0.017919 0.642780
vt 0.525924 0.069424
vt 0.526221 0.075210
vt 0.526489 0.064071
vt 0.528019 0.060862
vt 0.012971 0.657460
vt 0.009255 0.657575
vt 0.018206 0.655628
vt 0.023027 0.652745
vt 0.538396 0.069160
vt 0.537563 0.075195
vt 0.540027 0.064021
vt 0.542030 0.061156
vt 0.020695 0.668438
vt 0.016950 0.669094
vt 0.025488 0.665657
vt 0.029328 0.661987
vt 0.551056 0.071059
vt 0.548857 0.076268
vt 0.553600 0.066349
vt 0.555875 0.063928
vt 0.029815 0.676647
vt 0.026145 0.677820
vt 0.033928 0.672977
vt 0.604699 0.721360
vt 0.614878 0.724669
vt 0.612339 0.729476
vt 0.601133 0.725015
vt 0.562089 0.075426
vt 0.558610 0.080053
vt 0.565584 0.071413
vt 0.568136 0.069528
vt 0.040540 0.682575
vt 0.036997 0.684226
vt 0.043919 0.678250
vt 0.626255 0.726120
vt 0.625327 0.731528
vt 0.572429 0.082846
vt 0.567855 0.087002
vt 0.576615 0.079701
vt 0.579296 0.078420
vt 0.358861 0.791309
vt 0.358524 0.802159
vt 0.354756 0.800448
vt 0.355099 0.789596
vt 0.053928 0.681093
vt 0.051432 0.685930
vt 0.637765 0.725993
vt 0.638119 0.731281
vt 0.581304 0.092161
vt 0.575936 0.095252
vt 0.585884 0.089942
vt 0.588462 0.089191
vt 0.358681 0.814124
vt 0.354932 0.812530
vt 0.063021 0.680725
vt 0.061509 0.685876
vt 0.647668 0.722693
vt 0.649441 0.728308
vt 0.587077 0.102351
vt 0.581148 0.104098
vt 0.591865 0.101236
vt 0.351410 0.812040
vt 0.351338 0.800552
vt 0.358833 0.827770
vt 0.355126 0.826308
vt 0.362221 0.816283
vt 0.362205 0.829148
vt 0.657036 0.717102
vt 0.660309 0.722335
vt 0.590245 0.114321
vt 0.584118 0.114831
vt 0.594980 0.114211
vt 0.351510 0.825267
vt 0.359002 0.841461
vt 0.355354 0.840340
vt 0.669615 0.714732
vt 0.672584 0.717154
vt 0.662381 0.724991
vt 0.665322 0.709854
vt 0.591180 0.126814
vt 0.585158 0.126103
vt 0.595613 0.127601
vt 0.351658 0.838942
vt 0.359226 0.854021
vt 0.355655 0.853330
vt 0.676012 0.705637
vt 0.679835 0.707560
vt 0.670774 0.701806
vt 0.589237 0.138164
vt 0.583693 0.136087
vt 0.593078 0.139931
vt 0.351903 0.851577
vt 0.359024 0.866134
vt 0.355542 0.865840
vt 0.680148 0.694132
vt 0.684568 0.695479
vt 0.674173 0.691613
vt 0.584010 0.149387
vt 0.579246 0.146202
vt 0.587049 0.151938
vt 0.351754 0.863829
vt 0.358528 0.876552
vt 0.355138 0.876806
vt 0.681844 0.682110
vt 0.686675 0.682651
vt 0.675570 0.680612
vt 0.576538 0.159664
vt 0.573144 0.155644
vt 0.578642 0.162721
vt 0.351338 0.874795
vt 0.856641 0.211897
vt 0.853011 0.201818
vt 0.856611 0.203133
vt 0.860438 0.213166
vt 0.680412 0.670651
vt 0.685463 0.670239
vt 0.674574 0.670757
vt 0.567583 0.167214
vt 0.565153 0.162395
vt 0.568560 0.170651
vt 0.860716 0.202663
vt 0.864398 0.212068
vt 0.850004 0.189408
vt 0.853410 0.190722
vt 0.676070 0.658691
vt 0.681131 0.657457
vt 0.670313 0.660134
vt 0.556437 0.172710
vt 0.555253 0.167709
vt 0.857605 0.190837
vt 0.861456 0.189770
vt 0.864231 0.200568
vt 0.847760 0.176366
vt 0.850956 0.177469
vt 0.669953 0.647731
vt 0.674758 0.645624
vt 0.664989 0.650134
vt 0.544447 0.176139
vt 0.544590 0.170855
vt 0.855171 0.178023
vt 0.859266 0.177910
vt 0.846534 0.163637
vt 0.849511 0.164455
vt 0.662095 0.638941
vt 0.666414 0.635926
vt 0.657767 0.642566
vt 0.533146 0.176799
vt 0.534768 0.171683
vt 0.853694 0.165495
vt 0.857953 0.166499
vt 0.655665 0.627874
vt 0.658770 0.626418
vt 0.669487 0.634893
vt 0.651917 0.631600
vt 0.648904 0.635981
vt 0.521598 0.174668
vt 0.524200 0.170485
vt 0.853612 0.152477
vt 0.857907 0.154438
vt 0.849538 0.151044
vt 0.643963 0.622042
vt 0.646911 0.620086
vt 0.641011 0.626388
vt 0.639247 0.631367
vt 0.510732 0.170365
vt 0.514588 0.166901
vt 0.854632 0.140068
vt 0.858870 0.142782
vt 0.850716 0.138463
vt 0.887389 0.590041
vt 0.887672 0.580537
vt 0.891417 0.582064
vt 0.891112 0.591470
vt 0.630425 0.624144
vt 0.632394 0.619292
vt 0.757863 0.126426
vt 0.747934 0.126698
vt 0.747434 0.121417
vt 0.758738 0.121519
vt 0.502164 0.164243
vt 0.507113 0.161500
vt 0.856752 0.129871
vt 0.860786 0.133234
vt 0.853066 0.128191
vt 0.887810 0.568568
vt 0.891552 0.570145
vt 0.619526 0.624431
vt 0.620610 0.619312
vt 0.737670 0.129730
vt 0.735874 0.124253
vt 0.495486 0.155865
vt 0.501022 0.154251
vt 0.860651 0.121417
vt 0.864398 0.125141
vt 0.895002 0.570384
vt 0.894748 0.581666
vt 0.887831 0.555860
vt 0.891556 0.557247
vt 0.609692 0.626684
vt 0.609856 0.621521
vt 0.728277 0.134119
vt 0.725504 0.129070
vt 0.491011 0.146337
vt 0.496676 0.146019
vt 0.490833 0.155620
vt 0.486321 0.145177
vt 0.895101 0.557935
vt 0.887590 0.543343
vt 0.891285 0.544469
vt 0.601857 0.631109
vt 0.601133 0.626149
vt 0.721226 0.140203
vt 0.717395 0.135788
vt 0.489549 0.136904
vt 0.495081 0.137873
vt 0.484987 0.134717
vt 0.894910 0.545657
vt 0.887479 0.530293
vt 0.891123 0.531180
vt 0.710875 0.145287
vt 0.707059 0.143193
vt 0.714225 0.133360
vt 0.715926 0.149198
vt 0.490865 0.126931
vt 0.495865 0.128771
vt 0.486744 0.123821
vt 0.894823 0.532800
vt 0.887408 0.518194
vt 0.890971 0.518641
vt 0.706653 0.155970
vt 0.702243 0.154398
vt 0.711763 0.158686
vt 0.494410 0.117202
vt 0.498762 0.120229
vt 0.490981 0.113345
vt 0.894738 0.520443
vt 0.887389 0.508230
vt 0.890846 0.508158
vt 0.705315 0.166930
vt 0.700479 0.166142
vt 0.710710 0.168386
vt 0.500154 0.109110
vt 0.503810 0.113257
vt 0.497693 0.104556
vt 0.894655 0.510089
vt 0.701448 0.179076
vt 0.698582 0.178673
vt 0.698025 0.165585
vt 0.706511 0.179109
vt 0.711805 0.179303
vt 0.508612 0.102325
vt 0.511412 0.107071
vt 0.507173 0.097360
vt 0.497423 0.100883
vt 0.507587 0.093725
vt 0.704600 0.191622
vt 0.701494 0.191573
vt 0.709627 0.190768
vt 0.714695 0.189823
vt 0.518722 0.097417
vt 0.520432 0.102849
vt 0.518255 0.092280
vt 0.519173 0.088802
vt 0.710057 0.202570
vt 0.706851 0.202892
vt 0.714792 0.200796
vt 0.719523 0.198562
vt 0.529119 0.095289
vt 0.529438 0.100912
vt 0.529756 0.090165
vt 0.531196 0.086895
vt 0.717749 0.212769
vt 0.714451 0.213390
vt 0.722139 0.210269
vt 0.726068 0.206634
vt 0.540533 0.095696
vt 0.539689 0.100587
vt 0.542169 0.090760
vt 0.544095 0.087765
vt 0.726721 0.221210
vt 0.723437 0.222276
vt 0.730587 0.217975
vt 0.733668 0.213559
vt 0.551973 0.098010
vt 0.549855 0.103244
vt 0.554473 0.093510
vt 0.556707 0.090949
vt 0.736410 0.226767
vt 0.733213 0.228300
vt 0.739554 0.222857
vt 0.133092 0.811536
vt 0.142732 0.812940
vt 0.141351 0.817662
vt 0.130244 0.815952
vt 0.561823 0.102403
vt 0.558476 0.106963
vt 0.565190 0.098621
vt 0.567701 0.096638
vt 0.872272 0.122458
vt 0.871753 0.131253
vt 0.868030 0.130013
vt 0.868573 0.121417
vt 0.749409 0.225659
vt 0.746991 0.229994
vt 0.153354 0.812015
vt 0.153504 0.816923
vt 0.570882 0.109581
vt 0.566605 0.113270
vt 0.574867 0.106648
vt 0.577518 0.105264
vt 0.871521 0.141558
vt 0.867781 0.140283
vt 0.758738 0.226246
vt 0.757141 0.230883
vt 0.163683 0.809055
vt 0.164957 0.814128
vt 0.578471 0.118399
vt 0.573507 0.121098
vt 0.582817 0.116336
vt 0.585403 0.115474
vt 0.871733 0.152699
vt 0.867999 0.151493
vt 0.875179 0.143943
vt 0.875271 0.154372
vt 0.171836 0.804426
vt 0.174522 0.809200
vt 0.583182 0.127836
vt 0.577761 0.129301
vt 0.587704 0.126810
vt 0.864505 0.151202
vt 0.864398 0.140583
vt 0.871918 0.165204
vt 0.868210 0.164063
vt 0.875310 0.166225
vt 0.179021 0.797459
vt 0.183113 0.801705
vt 0.585452 0.138737
vt 0.579938 0.139072
vt 0.589884 0.138655
vt 0.864617 0.163233
vt 0.872120 0.177624
vt 0.868456 0.176721
vt 0.875345 0.177852
vt 0.184944 0.789312
vt 0.189911 0.793017
vt 0.585826 0.149961
vt 0.580419 0.149201
vt 0.589971 0.150718
vt 0.864770 0.175506
vt 0.872366 0.188866
vt 0.868769 0.188286
vt 0.193818 0.783585
vt 0.197351 0.784385
vt 0.192802 0.794356
vt 0.188261 0.781065
vt 0.583698 0.160028
vt 0.578772 0.158055
vt 0.587256 0.161686
vt 0.865013 0.186701
vt 0.872156 0.199509
vt 0.868646 0.199253
vt 0.195180 0.772449
vt 0.199131 0.772693
vt 0.189894 0.771294
vt 0.578698 0.169887
vt 0.574518 0.166946
vt 0.581454 0.172237
vt 0.864847 0.197422
vt 0.871640 0.208565
vt 0.868219 0.208762
vt 0.194364 0.761387
vt 0.198564 0.760902
vt 0.189012 0.761327
vt 0.571749 0.178809
vt 0.569119 0.175397
vt 0.573622 0.181607
vt 0.864398 0.206907
vt 0.814690 0.898371
vt 0.811268 0.889139
vt 0.814884 0.889918
vt 0.818463 0.899059
vt 0.190918 0.751466
vt 0.195160 0.750145
vt 0.185841 0.752608
vt 0.563618 0.185255
vt 0.561964 0.181189
vt 0.564435 0.188361
vt 0.818895 0.889157
vt 0.822299 0.897687
vt 0.808443 0.877910
vt 0.811899 0.878739
vt 0.184876 0.741682
vt 0.188992 0.739686
vt 0.179969 0.744095
vt 0.553655 0.189810
vt 0.552852 0.185609
vt 0.816018 0.878554
vt 0.819691 0.877441
vt 0.822228 0.887105
vt 0.806315 0.866257
vt 0.809607 0.866946
vt 0.177597 0.733092
vt 0.181373 0.730413
vt 0.173716 0.736073
vt 0.543074 0.192501
vt 0.543525 0.188229
vt 0.813778 0.867180
vt 0.817702 0.866926
vt 0.805138 0.854977
vt 0.808257 0.855470
vt 0.169226 0.726743
vt 0.172454 0.723403
vt 0.165992 0.730920
vt 0.533249 0.192761
vt 0.534807 0.188304
vt 0.812428 0.856175
vt 0.816516 0.856923
vt 0.805324 0.843417
vt 0.808262 0.843728
vt 0.159167 0.722057
vt 0.161828 0.718238
vt 0.157306 0.726385
vt 0.523370 0.190600
vt 0.525740 0.186889
vt 0.812360 0.844835
vt 0.816499 0.846444
vt 0.806570 0.832826
vt 0.809325 0.832809
vt 0.148889 0.719376
vt 0.150832 0.715197
vt 0.148186 0.724000
vt 0.514199 0.186629
vt 0.517569 0.183696
vt 0.813288 0.834114
vt 0.817384 0.836395
vt 0.928335 0.390369
vt 0.928593 0.381693
vt 0.932293 0.382680
vt 0.932002 0.391220
vt 0.139431 0.719255
vt 0.140510 0.714790
vt 0.697243 0.735820
vt 0.688464 0.737210
vt 0.687503 0.732736
vt 0.697498 0.731528
vt 0.507088 0.181185
vt 0.511281 0.179094
vt 0.815160 0.825360
vt 0.819096 0.828235
vt 0.811394 0.823930
vt 0.928672 0.370914
vt 0.932378 0.372020
vt 0.130244 0.721452
vt 0.130552 0.716873
vt 0.679614 0.741040
vt 0.677649 0.736632
vt 0.501606 0.173908
vt 0.506113 0.172655
vt 0.818611 0.818098
vt 0.822299 0.821273
vt 0.935777 0.372023
vt 0.935552 0.382052
vt 0.928591 0.359581
vt 0.932281 0.360592
vt 0.925090 0.369132
vt 0.925167 0.358438
vt 0.672057 0.746297
vt 0.669165 0.742207
vt 0.497943 0.165701
vt 0.502713 0.165638
vt 0.497382 0.173579
vt 0.493777 0.164486
vt 0.935810 0.361070
vt 0.928283 0.348608
vt 0.931931 0.349417
vt 0.925033 0.348276
vt 0.666676 0.752592
vt 0.662910 0.749120
vt 0.496836 0.157590
vt 0.501717 0.158649
vt 0.492880 0.155434
vt 0.935565 0.350354
vt 0.928218 0.337338
vt 0.931807 0.337933
vt 0.658288 0.758213
vt 0.654675 0.756907
vt 0.659834 0.747493
vt 0.662614 0.760954
vt 0.498286 0.149109
vt 0.503024 0.151114
vt 0.494789 0.146153
vt 0.935519 0.339235
vt 0.928333 0.327007
vt 0.931855 0.327236
vt 0.655593 0.767965
vt 0.651563 0.767176
vt 0.660254 0.769811
vt 0.501779 0.141025
vt 0.505637 0.143901
vt 0.498882 0.137443
vt 0.935623 0.328706
vt 0.928559 0.318574
vt 0.932012 0.318436
vt 0.655304 0.777635
vt 0.651037 0.777558
vt 0.660356 0.778491
vt 0.507092 0.134499
vt 0.510160 0.138186
vt 0.504996 0.130341
vt 0.935810 0.320058
vt 0.652963 0.788702
vt 0.650468 0.788743
vt 0.648831 0.777470
vt 0.657321 0.788147
vt 0.661945 0.787854
vt 0.514610 0.129215
vt 0.517008 0.133575
vt 0.513385 0.124709
vt 0.504710 0.126887
vt 0.513675 0.121244
vt 0.656768 0.799269
vt 0.654074 0.799591
vt 0.661034 0.797994
vt 0.665279 0.796691
vt 0.523360 0.125453
vt 0.524728 0.130173
vt 0.523004 0.120815
vt 0.523772 0.117484
vt 0.662424 0.808176
vt 0.659606 0.808818
vt 0.666395 0.806154
vt 0.669994 0.803824
vt 0.532243 0.123935
vt 0.532230 0.128543
vt 0.532874 0.119352
vt 0.534144 0.116252
vt 0.669847 0.816179
vt 0.666935 0.817089
vt 0.673490 0.813567
vt 0.676367 0.810310
vt 0.541941 0.124633
vt 0.541022 0.129393
vt 0.543445 0.120272
vt 0.545158 0.117472
vt 0.678091 0.822560
vt 0.675204 0.823844
vt 0.681240 0.819379
vt 0.683245 0.815640
vt 0.551577 0.127011
vt 0.549637 0.131107
vt 0.553818 0.123057
vt 0.555805 0.120653
vt 0.686611 0.826430
vt 0.683822 0.828091
vt 0.689117 0.822756
vt 0.284390 0.887295
vt 0.292986 0.886947
vt 0.292305 0.891067
vt 0.282680 0.890847
vt 0.559791 0.131098
vt 0.556856 0.134690
vt 0.562758 0.127780
vt 0.564974 0.125874
vt 0.932296 0.719317
vt 0.931859 0.727152
vt 0.928178 0.726390
vt 0.928644 0.718747
vt 0.697498 0.824240
vt 0.695623 0.828213
vt 0.301873 0.884808
vt 0.302551 0.889042
vt 0.567238 0.137498
vt 0.563760 0.140460
vt 0.570706 0.134925
vt 0.573043 0.133563
vt 0.931739 0.736190
vt 0.928039 0.735370
vt 0.935561 0.729278
vt 0.935333 0.737915
vt 0.310361 0.881528
vt 0.311946 0.885334
vt 0.573448 0.145211
vt 0.569200 0.147442
vt 0.577185 0.143406
vt 0.924666 0.735817
vt 0.924946 0.727339
vt 0.932058 0.745799
vt 0.928368 0.745018
vt 0.935507 0.746931
vt 0.316787 0.876351
vt 0.319475 0.880046
vt 0.577269 0.153355
vt 0.572677 0.154530
vt 0.581096 0.152446
vt 0.924867 0.744942
vt 0.932320 0.756469
vt 0.928664 0.755741
vt 0.935599 0.757051
vt 0.322247 0.869658
vt 0.325902 0.872693
vt 0.578999 0.162712
vt 0.574372 0.162932
vt 0.582694 0.162602
vt 0.925054 0.755207
vt 0.932542 0.766958
vt 0.928939 0.766447
vt 0.935640 0.766865
vt 0.326690 0.862308
vt 0.330697 0.864565
vt 0.579067 0.172304
vt 0.574583 0.171615
vt 0.582456 0.172884
vt 0.925237 0.765611
vt 0.932756 0.776361
vt 0.929224 0.776143
vt 0.935670 0.775478
vt 0.328439 0.854636
vt 0.333051 0.856162
vt 0.577017 0.180851
vt 0.573123 0.179026
vt 0.579885 0.182164
vt 0.925459 0.775025
vt 0.932470 0.785198
vt 0.929018 0.785252
vt 0.333175 0.846572
vt 0.336618 0.846214
vt 0.336209 0.856312
vt 0.328612 0.846105
vt 0.572560 0.189139
vt 0.569167 0.186660
vt 0.574756 0.191003
vt 0.925222 0.783947
vt 0.931850 0.792666
vt 0.928475 0.793082
vt 0.331526 0.837251
vt 0.335069 0.836260
vt 0.326785 0.837612
vt 0.566506 0.196545
vt 0.563914 0.193455
vt 0.567969 0.198774
vt 0.924666 0.791759
vt 0.591007 0.943425
vt 0.587978 0.935659
vt 0.591518 0.935897
vt 0.594664 0.943607
vt 0.327821 0.829137
vt 0.331300 0.827452
vt 0.323695 0.830578
vt 0.559558 0.201830
vt 0.557971 0.198248
vt 0.598309 0.942092
vt 0.595333 0.934867
vt 0.598403 0.932885
vt 0.600973 0.939334
vt 0.585383 0.926225
vt 0.588800 0.926513
vt 0.321968 0.821350
vt 0.325280 0.819127
vt 0.318353 0.823538
vt 0.551183 0.205552
vt 0.550543 0.201929
vt 0.592733 0.925961
vt 0.596126 0.924749
vt 0.583335 0.916444
vt 0.586600 0.916635
vt 0.315165 0.814718
vt 0.318148 0.811953
vt 0.312219 0.817575
vt 0.542351 0.207779
vt 0.542683 0.203977
vt 0.590596 0.916442
vt 0.594243 0.915940
vt 0.582068 0.907005
vt 0.585160 0.907040
vt 0.307669 0.810112
vt 0.310143 0.806829
vt 0.305641 0.813567
vt 0.534169 0.207979
vt 0.535573 0.204373
vt 0.589167 0.907239
vt 0.593000 0.907559
vt 0.581986 0.897306
vt 0.584892 0.897183
vt 0.298977 0.807009
vt 0.300935 0.803362
vt 0.297871 0.810806
vt 0.525971 0.206182
vt 0.528099 0.203152
vt 0.588841 0.897702
vt 0.592756 0.898723
vt 0.582859 0.888442
vt 0.585576 0.888030
vt 0.290372 0.805569
vt 0.291697 0.801670
vt 0.290249 0.809505
vt 0.518422 0.202889
vt 0.521350 0.200581
vt 0.589413 0.888692
vt 0.593320 0.890241
vt 0.945637 0.317999
vt 0.945694 0.310566
vt 0.949369 0.311092
vt 0.949282 0.318437
vt 0.282680 0.806161
vt 0.283259 0.802107
vt 0.697097 0.831834
vt 0.689655 0.832672
vt 0.689053 0.828854
vt 0.697499 0.828213
vt 0.512640 0.198345
vt 0.516200 0.196782
vt 0.590872 0.881322
vt 0.594662 0.883344
vt 0.587204 0.880572
vt 0.945579 0.301452
vt 0.949259 0.302054
vt 0.942038 0.309064
vt 0.942054 0.300318
vt 0.681983 0.835514
vt 0.680551 0.831721
vt 0.508276 0.192343
vt 0.512078 0.191464
vt 0.593782 0.875129
vt 0.597370 0.877397
vt 0.952660 0.301801
vt 0.952631 0.310338
vt 0.945329 0.291945
vt 0.948992 0.292452
vt 0.941957 0.291343
vt 0.675271 0.839565
vt 0.673064 0.836009
vt 0.505441 0.185630
vt 0.509521 0.185683
vt 0.597636 0.870409
vt 0.600973 0.872728
vt 0.952517 0.292568
vt 0.944883 0.282794
vt 0.948507 0.283131
vt 0.941676 0.282857
vt 0.670315 0.844591
vt 0.667363 0.841526
vt 0.504724 0.179036
vt 0.508964 0.179982
vt 0.501986 0.184377
vt 0.501454 0.177022
vt 0.952132 0.283616
vt 0.944686 0.273399
vt 0.948258 0.273573
vt 0.941647 0.274045
vt 0.666280 0.851434
vt 0.662837 0.848960
vt 0.506137 0.172216
vt 0.510082 0.173783
vt 0.503244 0.169552
vt 0.951960 0.274361
vt 0.944684 0.264783
vt 0.948195 0.264676
vt 0.659850 0.857043
vt 0.656386 0.856376
vt 0.659735 0.847878
vt 0.663613 0.858787
vt 0.509193 0.165754
vt 0.512410 0.167981
vt 0.506792 0.162579
vt 0.951950 0.265610
vt 0.944813 0.257801
vt 0.948254 0.257406
vt 0.658920 0.865192
vt 0.655213 0.865069
vt 0.662841 0.866021
vt 0.513655 0.160582
vt 0.516110 0.163215
vt 0.511927 0.156942
vt 0.952037 0.258466
vt 0.656050 0.874564
vt 0.653759 0.874632
vt 0.653204 0.865064
vt 0.659894 0.874184
vt 0.663756 0.874173
vt 0.519913 0.156397
vt 0.521861 0.160080
vt 0.518938 0.152482
vt 0.948883 0.251353
vt 0.952660 0.252398
vt 0.658520 0.883665
vt 0.655976 0.883968
vt 0.662372 0.882674
vt 0.666109 0.881881
vt 0.527101 0.154781
vt 0.526954 0.149364
vt 0.519203 0.149363
vt 0.527659 0.146419
vt 0.662615 0.891469
vt 0.659886 0.892082
vt 0.666307 0.889792
vt 0.669424 0.888009
vt 0.535193 0.148200
vt 0.534011 0.152339
vt 0.536324 0.145516
vt 0.668141 0.898676
vt 0.665283 0.899568
vt 0.671616 0.896434
vt 0.674187 0.893926
vt 0.545506 0.146698
vt 0.544019 0.149110
vt 0.674338 0.904743
vt 0.671450 0.905968
vt 0.677485 0.901943
vt 0.679302 0.898714
vt 0.554388 0.149477
vt 0.552662 0.151641
vt 0.680983 0.908865
vt 0.678102 0.910418
vt 0.684405 0.904415
vt 0.575440 0.374324
vt 0.572064 0.381128
vt 0.572064 0.372488
vt 0.560146 0.155751
vt 0.557282 0.158349
vt 0.550315 0.154984
vt 0.562133 0.153903
vt 0.023773 0.886821
vt 0.023149 0.893440
vt 0.019107 0.892894
vt 0.019895 0.886460
vt 0.690801 0.905759
vt 0.688357 0.911290
vt 0.566899 0.161836
vt 0.563712 0.163518
vt 0.569080 0.160431
vt 0.023013 0.901281
vt 0.018820 0.900615
vt 0.697499 0.907100
vt 0.695498 0.911720
vt 0.572525 0.169099
vt 0.569526 0.169848
vt 0.014941 0.901089
vt 0.015522 0.893881
vt 0.023579 0.909427
vt 0.019319 0.908760
vt 0.027275 0.903354
vt 0.027421 0.911001
vt 0.576144 0.176720
vt 0.573550 0.176587
vt 0.015125 0.908768
vt 0.024381 0.918114
vt 0.020216 0.917470
vt 0.027194 0.919438
vt 0.015764 0.917161
vt 0.012795 0.916420
vt 0.012795 0.908362
vt 0.025239 0.927227
vt 0.021373 0.926831
vt 0.438602 0.802584
vt 0.446445 0.800084
vt 0.447077 0.803819
vt 0.438668 0.805421
vt 0.016805 0.926404
vt 0.013115 0.925517
vt 0.025987 0.935650
vt 0.022573 0.935927
vt 0.452849 0.796232
vt 0.454473 0.800523
vt 0.018067 0.935626
vt 0.013794 0.934223
vt 0.026113 0.943825
vt 0.023154 0.944982
vt 0.458586 0.790598
vt 0.461306 0.794956
vt 0.018813 0.945072
vt 0.014271 0.943430
vt 0.467484 0.787747
vt 0.470617 0.789784
vt 0.463738 0.797230
vt 0.463589 0.783833
vt 0.018901 0.954156
vt 0.014461 0.952529
vt 0.023106 0.953564
vt 0.471530 0.779856
vt 0.475237 0.781350
vt 0.466698 0.776740
vt 0.904258 0.799162
vt 0.901913 0.791874
vt 0.906452 0.792282
vt 0.908866 0.798629
vt 0.899895 0.798684
vt 0.897675 0.791344
vt 0.473941 0.770404
vt 0.478012 0.771353
vt 0.468539 0.768437
vt 0.900052 0.782635
vt 0.904124 0.782244
vt 0.895918 0.782101
vt 0.474802 0.759901
vt 0.479153 0.760173
vt 0.469271 0.759196
vt 0.898461 0.771784
vt 0.902694 0.773318
vt 0.894437 0.771380
vt 0.473279 0.750164
vt 0.477788 0.749557
vt 0.468026 0.750548
vt 0.897460 0.760881
vt 0.901742 0.763047
vt 0.893530 0.760727
vt 0.469515 0.740232
vt 0.474062 0.738807
vt 0.464543 0.741656
vt 0.897647 0.749336
vt 0.901937 0.751820
vt 0.893735 0.749444
vt 0.463977 0.730538
vt 0.468408 0.728235
vt 0.459191 0.733098
vt 0.898974 0.737431
vt 0.903157 0.740227
vt 0.894951 0.737922
vt 0.457078 0.723077
vt 0.461158 0.719890
vt 0.452797 0.726859
vt 0.901312 0.727354
vt 0.905296 0.730618
vt 0.062349 0.505192
vt 0.062793 0.497534
vt 0.068222 0.497991
vt 0.067472 0.505691
vt 0.448376 0.717314
vt 0.452042 0.713440
vt 0.445032 0.722274
vt 0.905173 0.718747
vt 0.908866 0.722002
vt 0.062899 0.487208
vt 0.068565 0.487663
vt 0.438602 0.713511
vt 0.441598 0.709069
vt 0.049085 0.411037
vt 0.038959 0.413759
vt 0.037955 0.407793
vt 0.049229 0.405457
vt 0.068420 0.475222
vt 0.072455 0.477140
vt 0.072437 0.488587
vt 0.062644 0.474890
vt 0.058142 0.473776
vt 0.057592 0.462239
vt 0.061902 0.462408
vt 0.030738 0.418565
vt 0.028694 0.412703
vt 0.067670 0.462490
vt 0.071888 0.465313
vt 0.057175 0.449890
vt 0.061232 0.449181
vt 0.023481 0.426071
vt 0.020519 0.420654
vt 0.066924 0.448988
vt 0.071631 0.452127
vt 0.013670 0.430708
vt 0.008944 0.429088
vt 0.016424 0.418564
vt 0.017366 0.435633
vt 0.066232 0.436076
vt 0.070945 0.437349
vt 0.060701 0.435848
vt 0.009823 0.441557
vt 0.004611 0.440725
vt 0.014027 0.445782
vt 0.066097 0.423797
vt 0.072455 0.421191
vt 0.060306 0.424726
vt 0.008358 0.454326
vt 0.002902 0.454346
vt 0.013014 0.457568
vt 0.650750 0.278019
vt 0.657681 0.272722
vt 0.660833 0.262604
vt 0.664433 0.267288
vt 0.667263 0.258414
vt 0.669657 0.263356
vt 0.666305 0.251315
vt 0.673408 0.260247
vt 0.066140 0.414236
vt 0.071892 0.414425
vt 0.060541 0.415024
vt 0.009424 0.467917
vt 0.003950 0.468919
vt 0.014320 0.470228
vt 0.656877 0.287690
vt 0.663704 0.281370
vt 0.670931 0.275364
vt 0.676134 0.272579
vt 0.681331 0.270791
vt 0.066521 0.405457
vt 0.072446 0.406180
vt -0.000000 0.469958
vt 0.000104 0.455377
vt 0.013383 0.480261
vt 0.008030 0.482018
vt 0.018295 0.481676
vt 0.662613 0.296111
vt 0.668263 0.290728
vt 0.674838 0.285380
vt 0.680504 0.283793
vt 0.685959 0.282999
vt 0.685201 0.270442
vt 0.689815 0.283192
vt 0.003949 0.483247
vt 0.019507 0.493205
vt 0.014354 0.495658
vt 0.024558 0.493104
vt 0.666338 0.304173
vt 0.670981 0.300569
vt 0.677116 0.296996
vt 0.682999 0.296728
vt 0.688473 0.297059
vt 0.692113 0.297899
vt 0.010072 0.497066
vt 0.029124 0.505533
vt 0.024303 0.508918
vt 0.033904 0.504437
vt 0.115624 0.884206
vt 0.112482 0.891252
vt 0.108962 0.883689
vt 0.121071 0.885983
vt 0.115805 0.895407
vt 0.676572 0.311206
vt 0.671644 0.310664
vt 0.682426 0.312331
vt 0.687639 0.313736
vt 0.690818 0.315046
vt 0.019848 0.510807
vt 0.038755 0.516275
vt 0.033914 0.518413
vt 0.045843 0.515120
vt 0.105502 0.900447
vt 0.109061 0.904267
vt 0.673784 0.322475
vt 0.668268 0.322023
vt 0.679912 0.323931
vt 0.685011 0.326001
vt 0.687714 0.328132
vt 0.028579 0.520119
vt 0.924185 0.609800
vt 0.927620 0.618373
vt 0.919436 0.620733
vt 0.916995 0.611829
vt 0.044384 0.530806
vt 0.045335 0.541192
vt 0.037805 0.539768
vt 0.038644 0.532235
vt 0.087653 0.914132
vt 0.084892 0.926524
vt 0.079023 0.926210
vt 0.082498 0.914131
vt 0.094626 0.914606
vt 0.093045 0.926115
vt 0.084892 0.926524
vt 0.101496 0.911991
vt 0.095624 0.910615
vt 0.100878 0.916047
vt 0.101128 0.925073
vt 0.093045 0.926115
vt 0.106082 0.917890
vt 0.107099 0.923719
vt 0.101128 0.925073
vt 0.962628 0.559200
vt 0.965836 0.559572
vt 0.964370 0.567415
vt 0.959407 0.565986
vt 0.962692 0.551705
vt 0.964889 0.551422
vt 0.031343 0.532215
vt 0.030063 0.536718
vt 0.024421 0.532963
vt 0.025719 0.530517
vt 0.038644 0.532235
vt 0.030063 0.536718
vt 0.031343 0.532216
vt 0.044722 0.545314
vt 0.040393 0.555619
vt 0.031324 0.552073
vt 0.036443 0.543725
vt 0.043357 0.526833
vt 0.038056 0.528147
vt 0.048673 0.525003
vt 0.920930 0.601171
vt 0.923009 0.606753
vt 0.915773 0.608703
vt 0.911685 0.600540
vt 0.924392 0.594263
vt 0.927578 0.601764
vt 0.088826 0.910053
vt 0.106290 0.913759
vt 0.672891 0.329205
vt 0.666354 0.330555
vt 0.679773 0.329922
vt 0.672891 0.329205
vt 0.959493 0.545746
vt 0.961832 0.544959
vt 0.964889 0.551422
vt 0.962692 0.551705
vt 0.685218 0.332507
vt 0.679773 0.329922
vt 0.031279 0.528091
vt 0.026299 0.526531
vt 0.024677 0.519804
vt 0.561792 0.224409
vt 0.552322 0.222179
vt 0.551146 0.212668
vt 0.559956 0.216074
vt 0.561060 0.233326
vt 0.551146 0.232664
vt 0.084533 0.930793
vt 0.085299 0.943192
vt 0.078421 0.943002
vt 0.078399 0.930435
vt 0.093110 0.930371
vt 0.095063 0.941644
vt 0.084533 0.930793
vt 0.101882 0.929270
vt 0.105099 0.938773
vt 0.093110 0.930371
vt 0.108537 0.927755
vt 0.112717 0.935349
vt 0.101882 0.929269
vt 0.970028 0.559825
vt 0.977699 0.559929
vt 0.976712 0.569494
vt 0.968304 0.568247
vt 0.969072 0.550769
vt 0.976263 0.549479
vt 0.965695 0.543583
vt 0.972789 0.540943
vt 0.969072 0.550769
vt 0.028000 0.540389
vt 0.022310 0.546678
vt 0.015767 0.540878
vt 0.021684 0.536188
vt 0.036443 0.543725
vt 0.028000 0.540389
vt 0.229310 0.947569
vt 0.232871 0.931460
vt 0.236518 0.947081
vt 0.040015 0.559222
vt 0.029121 0.556000
vt 0.883309 0.208015
vt 0.885631 0.206863
vt 0.890993 0.216916
vt 0.888420 0.216964
vt 0.094937 0.944575
vt 0.084154 0.945658
vt 0.106636 0.942248
vt 0.116229 0.939231
vt 0.983917 0.560930
vt 0.981652 0.572015
vt 0.982833 0.548262
vt 0.978616 0.537743
vt 0.017980 0.550434
vt 0.009874 0.544020
vt 0.629439 0.019567
vt 0.538829 0.358997
vt 0.083583 0.416787
vt 0.108296 0.946537
vt 0.094857 0.949032
vt 0.109291 0.950366
vt 0.095017 0.952891
vt 0.109554 0.953476
vt 0.095406 0.955890
vt 0.224287 0.958397
vt 0.213719 0.951861
vt 0.216409 0.950427
vt 0.226150 0.956421
vt 0.219593 0.947658
vt 0.227863 0.952728
vt 0.223055 0.943741
vt 0.098053 0.964920
vt 0.107874 0.956865
vt 0.140744 0.912132
vt 0.130244 0.910085
vt 0.130835 0.905897
vt 0.141932 0.908112
vt 0.132530 0.902996
vt 0.143490 0.905220
vt 0.612514 0.962257
vt 0.607300 0.951775
vt 0.610473 0.950772
vt 0.615284 0.960292
vt 0.745966 0.914977
vt 0.756044 0.921195
vt 0.754338 0.924065
vt 0.745794 0.918868
vt 0.751295 0.927991
vt 0.744838 0.924087
vt 0.663817 0.918317
vt 0.677028 0.918103
vt 0.663715 0.914347
vt 0.677727 0.914257
vt 0.664407 0.911720
vt 0.678280 0.911728
vt 0.956874 0.808110
vt 0.962399 0.816512
vt 0.959350 0.817840
vt 0.954286 0.810118
vt 0.985509 0.395061
vt 0.995275 0.397771
vt 0.993725 0.401558
vt 0.985402 0.399262
vt 0.990801 0.406047
vt 0.608598 0.007844
vt 0.621944 0.010995
vt 0.609732 0.004079
vt 0.623872 0.007439
vt 0.610914 0.001404
vt 0.624904 0.004743
vt 0.612063 0.000000
vt 0.624971 0.003090
vt 0.755783 0.957536
vt 0.745707 0.964554
vt 0.745762 0.960885
vt 0.754296 0.954835
vt 0.744875 0.955839
vt 0.751322 0.951235
vt 0.755039 0.943664
vt 0.759241 0.944842
vt 0.615284 0.919117
vt 0.612121 0.927071
vt 0.609130 0.924993
vt 0.612937 0.915705
vt 0.606055 0.923677
vt 0.610314 0.913728
vt 0.636340 0.009789
vt 0.635606 0.012591
vt 0.633253 0.015926
vt 0.825223 0.341971
vt 0.836103 0.334356
vt 0.084341 0.412040
vt 0.073463 0.411732
vt 0.073701 0.407797
vt 0.085456 0.408175
vt 0.695373 0.384880
vt 0.692113 0.372017
vt 0.695054 0.372412
vt 0.698458 0.385025
vt 0.698250 0.372207
vt 0.701511 0.383766
vt 0.701483 0.371415
vt 0.704323 0.381190
vt 0.333319 0.957692
vt 0.340053 0.953646
vt 0.342345 0.958203
vt 0.949227 0.992210
vt 0.936459 0.991713
vt 0.948587 0.996343
vt 0.935173 0.995704
vt 0.342800 1.000000
vt 0.331253 0.991670
vt 0.333615 0.990315
vt 0.344968 0.998353
vt 0.336254 0.988191
vt 0.346680 0.995467
vt 0.338990 0.985441
vt 0.347818 0.991541
vt 0.341636 0.982252
vt 0.348305 0.986841
vt 0.330621 0.965889
vt 0.326544 0.965039
vt 0.329844 0.955430
vt 0.323314 0.965007
vt 0.327087 0.954655
vt 0.086852 0.405457
vt 0.100876 0.408619
vt 0.099642 0.411367
vt 0.097746 0.415046
vt 0.092506 0.977796
vt 0.089120 0.976528
vt 0.095087 0.963187
vt 0.604073 0.951827
vt 0.601792 0.937327
vt 0.604937 0.937615
vt 0.608221 0.937833
vt 0.611421 0.937968
vt 0.613376 0.948885
vt 0.759259 0.933576
vt 0.755029 0.935156
vt 0.110084 0.420036
vt 0.117798 0.425674
vt 0.112456 0.416579
vt 0.120296 0.422415
vt 0.323314 0.979090
vt 0.325680 0.978075
vt 0.328880 0.977037
vt 0.332694 0.976047
vt 0.336864 0.975173
vt 0.653882 0.921908
vt 0.653204 0.918010
vt 0.965400 0.816384
vt 0.968119 0.829792
vt 0.965038 0.829709
vt 0.961749 0.829969
vt 0.958478 0.830553
vt 0.956460 0.820277
vt 0.998546 0.408535
vt 0.994456 0.411320
vt 0.596670 0.007219
vt 0.596893 0.003346
vt 0.598069 0.000629
vt 0.744713 0.966597
vt 0.732245 0.966969
vt 0.734158 0.965042
vt 0.735925 0.961384
vt 0.737425 0.956244
vt 0.818699 0.353851
vt 0.816015 0.352268
vt 0.823170 0.339741
vt 0.692427 0.357593
vt 0.695227 0.358082
vt 0.698316 0.358946
vt 0.701485 0.360127
vt 0.349016 0.954823
vt 0.349123 0.959071
vt 0.119277 0.943259
vt 0.120929 0.947017
vt 0.121071 0.950249
vt 0.207571 0.939742
vt 0.210753 0.939299
vt 0.214798 0.938234
vt 0.219431 0.936622
vt 0.092718 0.991763
vt 0.089120 0.991219
vt 0.603107 0.923213
vt 0.113372 0.413723
vt 0.968496 0.270672
vt 0.980840 0.268772
vt 0.970782 0.830211
vt 0.969834 0.844253
vt 0.967107 0.844533
vt 0.964031 0.844197
vt 0.960817 0.843270
vt 0.957683 0.841813
vt 0.998562 0.418331
vt 0.994479 0.418719
vt 0.522041 0.907345
vt 0.531876 0.912138
vt 0.523263 0.903721
vt 0.533600 0.908916
vt 0.523474 0.901218
vt 0.533643 0.906440
vt 0.721519 0.960235
vt 0.724185 0.958899
vt 0.727408 0.956207
vt 0.730968 0.952341
vt 0.989175 0.561652
vt 0.986461 0.574092
vt 0.993279 0.561947
vt 0.990317 0.574954
vt 0.995947 0.561795
vt 0.992956 0.574542
vt 0.207579 0.925240
vt 0.210738 0.925994
vt 0.214773 0.926977
vt 0.219408 0.928120
vt 0.818025 0.366988
vt 0.815092 0.366286
vt 0.696170 0.345281
vt 0.698894 0.345761
vt 0.701675 0.347486
vt 0.704323 0.350338
vt 0.357815 0.960902
vt 0.355792 0.963659
vt 0.959215 0.279410
vt 0.965478 0.855636
vt 0.962581 0.856527
vt 0.959617 0.856018
vt 0.956788 0.854144
vt 0.954286 0.851032
vt 0.993759 0.428316
vt 0.990867 0.426261
vt 0.988112 0.547424
vt 0.992277 0.547064
vt 0.995045 0.547205
vt 0.213813 0.912302
vt 0.216402 0.914108
vt 0.219533 0.916908
vt 0.222992 0.920514
vt 0.508901 0.905232
vt 0.509308 0.901341
vt 0.509644 0.898763
vt 0.715316 0.948133
vt 0.718419 0.947741
vt 0.722484 0.946732
vt 0.727234 0.945176
vt 0.823372 0.378174
vt 0.820641 0.378249
vt 0.846839 0.334356
vt 0.852105 0.343964
vt 0.849183 0.343958
vt 0.843968 0.334491
vt 0.846086 0.345036
vt 0.841272 0.336327
vt 0.843023 0.347124
vt 0.838932 0.339742
vt 0.364104 0.970263
vt 0.360565 0.970739
vt 0.955725 0.292585
vt 0.952661 0.292648
vt 0.956495 0.278973
vt 0.963403 0.200581
vt 0.967626 0.211919
vt 0.964435 0.211620
vt 0.960230 0.200623
vt 0.961159 0.212271
vt 0.957263 0.202275
vt 0.958023 0.213828
vt 0.954704 0.205424
vt 0.985426 0.435804
vt 0.984585 0.431925
vt 0.246310 0.926299
vt 0.242686 0.919180
vt 0.245621 0.915238
vt 0.250388 0.924680
vt 0.954001 0.894017
vt 0.949227 0.888329
vt 0.951369 0.884711
vt 0.956927 0.891523
vt 0.954103 0.882812
vt 0.960030 0.890380
vt 0.036032 0.570355
vt 0.022804 0.566356
vt 0.024488 0.563845
vt 0.037822 0.567856
vt 0.026643 0.560313
vt 0.039181 0.564059
vt 0.833547 0.384527
vt 0.854652 0.345053
vt 0.856612 0.358083
vt 0.854129 0.357748
vt 0.851147 0.357581
vt 0.847872 0.357594
vt 0.844526 0.357786
vt 0.366199 0.980410
vt 0.362162 0.978412
vt 0.495678 0.906383
vt 0.495276 0.902426
vt 0.495743 0.899741
vt 0.715316 0.933779
vt 0.718411 0.934500
vt 0.722472 0.935485
vt 0.727224 0.936668
vt 0.983501 0.535473
vt 0.987543 0.534463
vt 0.990469 0.534780
vt 0.224592 0.904503
vt 0.226222 0.906873
vt 0.227801 0.910740
vt 0.229223 0.915840
vt 0.895070 0.230499
vt 0.888453 0.242427
vt 0.048464 0.564389
vt 0.047929 0.568301
vt 0.963099 0.890664
vt 0.965900 0.903543
vt 0.962986 0.903013
vt 0.959778 0.903105
vt 0.956495 0.903812
vt 0.250388 0.935919
vt 0.246333 0.934801
vt 0.558839 0.371382
vt 0.545530 0.368339
vt 0.557751 0.375168
vt 0.543703 0.371873
vt 0.556809 0.377666
vt 0.542945 0.374356
vt 0.955413 0.430148
vt 0.955747 0.417635
vt 0.958749 0.418932
vt 0.958615 0.430461
vt 0.962701 0.419666
vt 0.962689 0.429451
vt 0.967335 0.419787
vt 0.967359 0.427186
vt 0.971013 0.432459
vt 0.967482 0.436451
vt 0.964150 0.438780
vt 0.954704 0.246850
vt 0.959665 0.238041
vt 0.962584 0.239685
vt 0.957086 0.249100
vt 0.532496 0.368455
vt 0.532936 0.365888
vt 0.535096 0.362662
vt 0.912482 0.979965
vt 0.907886 0.972165
vt 0.854906 0.371732
vt 0.852274 0.372150
vt 0.849280 0.371789
vt 0.846127 0.370674
vt 0.843030 0.368880
vt 0.363531 0.988628
vt 0.360156 0.984623
vt 0.959024 0.306417
vt 0.955877 0.307146
vt 0.968363 0.226584
vt 0.965291 0.225956
vt 0.962036 0.225380
vt 0.958819 0.224895
vt 0.975804 0.438780
vt 0.977318 0.434194
vt 0.014174 0.554038
vt 0.005334 0.546918
vt 0.011476 0.557264
vt 0.002419 0.549877
vt 0.010070 0.559892
vt 0.001328 0.552694
vt 0.236947 0.903986
vt 0.237529 0.906254
vt 0.237353 0.910131
vt 0.236431 0.915352
vt 0.485879 0.910618
vt 0.484899 0.906771
vt 0.176511 0.924644
vt 0.168416 0.919022
vt 0.169431 0.916033
vt 0.177347 0.921636
vt 0.721620 0.920971
vt 0.724210 0.922701
vt 0.727390 0.925472
vt 0.730941 0.929097
vt 0.895376 0.216978
vt 0.898038 0.217350
vt 0.897441 0.231747
vt 0.965015 0.917947
vt 0.962248 0.917326
vt 0.959190 0.916351
vt 0.956050 0.915088
vt 0.245631 0.945950
vt 0.242749 0.942407
vt 0.571539 0.371108
vt 0.571375 0.374978
vt 0.570406 0.377549
vt 0.962060 0.405075
vt 0.964472 0.407269
vt 0.967503 0.409714
vt 0.970948 0.412245
vt 0.889448 0.205210
vt 0.074164 0.949564
vt 0.082478 0.950127
vt 0.081875 0.953949
vt 0.073176 0.953281
vt 0.960737 0.930209
vt 0.958047 0.929597
vt 0.955335 0.927766
vt 0.952788 0.924839
vt 0.237390 0.952100
vt 0.968052 0.316984
vt 0.965163 0.318436
vt 0.965436 0.240466
vt 0.956880 0.235648
vt 0.922933 0.987177
vt 0.921066 0.990860
vt 0.910186 0.983205
vt 0.846951 0.383246
vt 0.844030 0.382737
vt 0.841295 0.380752
vt 0.838932 0.377429
vt 0.356804 0.992706
vt 0.355084 0.987709
vt 0.153951 0.916686
vt 0.166091 0.922406
vt 0.155746 0.912946
vt 0.157031 0.910010
vt 0.732616 0.913207
vt 0.734299 0.915536
vt 0.735927 0.919385
vt 0.737388 0.924492
vt 0.021705 0.567675
vt 0.010052 0.561742
vt 0.247260 0.912394
vt 0.690020 0.921195
vt 0.699606 0.926769
vt 0.691514 0.917677
vt 0.701582 0.923694
vt 0.960433 0.403282
vt 0.971154 0.393962
vt 0.972663 0.395718
vt 0.974250 0.398544
vt 0.975807 0.402249
vt 0.745341 0.912679
vt 0.691938 0.915214
vt 0.984812 0.391994
vt 0.082384 0.956865
vt 0.951464 0.936644
vt 0.949227 0.934338
vt 0.237359 0.955728
vt 0.933959 0.998236
vt 0.920159 0.993415
vt 0.356614 0.999973
vt 0.357326 0.996890
vt 0.741132 0.940166
vt 0.552113 0.866396
vt 0.542207 0.153679
vt 0.640006 0.300199
vt 0.633820 0.289599
vt 0.623994 0.296052
vt 0.630186 0.306641
vt 0.938348 0.226588
vt 0.926569 0.198108
vt 0.938786 0.226363
vt 0.926884 0.197735
vt 0.939215 0.226305
vt 0.927022 0.197316
vt 0.939570 0.226422
vt 0.327365 0.471208
vt 0.327548 0.500672
vt 0.327189 0.501075
vt 0.327004 0.470927
vt 0.257072 0.485155
vt 0.256920 0.515892
vt 0.256473 0.515908
vt 0.256568 0.485155
vt 0.256043 0.516071
vt 0.256083 0.485005
vt 0.255694 0.516355
vt 0.255694 0.484728
vt 0.358988 0.470954
vt 0.359350 0.470626
vt 0.934214 0.513761
vt 0.922643 0.485381
vt 0.933894 0.514124
vt 0.922184 0.485405
vt 0.933750 0.514535
vt 0.921813 0.485255
vt 0.359168 0.500348
vt 0.359561 0.500719
vt 0.794218 0.349545
vt 0.794218 0.380195
vt 0.327964 0.499893
vt 0.358612 0.499688
vt 0.358834 0.499986
vt 0.327820 0.500256
vt 0.296392 0.473335
vt 0.299160 0.425258
vt 0.302235 0.425001
vt 0.299977 0.473036
vt 0.291938 0.423688
vt 0.294559 0.471367
vt 0.290982 0.471758
vt 0.288871 0.424024
vt 0.041399 0.147720
vt 0.041409 0.202770
vt 0.039883 0.202776
vt 0.039872 0.147725
vt 0.088925 0.147723
vt 0.088888 0.116783
vt 0.090430 0.116790
vt 0.090467 0.147730
vt 0.293768 0.424258
vt 0.296392 0.471937
vt 0.293486 0.137735
vt 0.293492 0.192783
vt 0.291908 0.192789
vt 0.291900 0.137741
vt 0.449762 0.137621
vt 0.449779 0.192634
vt 0.448172 0.192656
vt 0.448152 0.137644
vt 0.685280 0.334431
vt 0.679731 0.331736
vt 0.132100 0.931244
vt 0.137995 0.932038
vt 0.049229 0.526947
vt 0.044196 0.528758
vt 0.585613 0.347998
vt 0.579786 0.342146
vt 0.901332 0.594276
vt 0.909893 0.595245
vt 0.609457 0.132284
vt 0.616170 0.137377
vt 0.893311 0.597021
vt 0.901222 0.594263
vt 0.573527 0.268004
vt 0.579666 0.266727
vt 0.083383 0.912097
vt 0.088105 0.912102
vt 0.591810 0.362265
vt 0.590035 0.355383
vt 0.877511 0.024937
vt 0.883052 0.025572
vt 0.584024 0.241709
vt 0.583368 0.248245
vt 0.870829 0.022716
vt 0.563734 0.690369
vt 0.556707 0.687875
vt 0.612686 0.141578
vt 0.618562 0.143697
vt 0.919624 0.622318
vt 0.911412 0.620682
vt 0.612482 0.047097
vt 0.574197 0.262390
vt 0.579704 0.256013
vt 0.928135 0.619953
vt 0.919885 0.622370
vt 0.570790 0.695106
vt 0.563804 0.690394
vt 0.098352 0.445934
vt 0.094268 0.445252
vt 0.672657 0.330973
vt 0.666139 0.332307
vt 0.576198 0.700922
vt 0.571024 0.695264
vt 0.600767 0.136151
vt 0.606088 0.138774
vt 0.589352 0.259104
vt 0.590767 0.253923
vt 0.319869 0.434869
vt 0.317579 0.485842
s 1
usemtl Gold.002
f 5990/1/1 5995/2/2 1439/3/3 1434/4/4
f 5984/5/5 17/6/6 16/7/7 10/8/8
f 6004/9/9 6005/10/9 3/11/9 1/12/9
f 6000/13/10 5984/14/5 10/15/8 5/16/11
f 4/17/12 9/18/13 14/19/14 8/20/15
f 5/16/11 10/15/8 9/18/13 4/17/12
f 5990/1/1 1434/4/4 4270/21/16 4265/22/17
f 6/23/18 12/24/19 11/25/20
f 7/26/21 13/27/22 12/24/19 6/23/18
f 8/20/15 14/19/14 13/28/22 7/29/21
f 9/30/13 15/31/23 21/32/24 14/33/14
f 10/15/8 16/34/7 15/35/23 9/18/13
f 12/24/19 19/36/25 18/37/26 11/25/20
f 13/27/22 20/38/27 19/36/25 12/24/19
f 14/33/14 21/32/24 20/39/27 13/40/22
f 15/31/23 22/41/28 27/42/29 21/32/24
f 16/7/7 23/43/30 22/41/28 15/31/23
f 17/6/6 24/44/31 23/43/30 16/7/7
f 19/36/25 25/45/32 2922/46/33 18/37/26
f 20/38/27 26/47/34 25/45/32 19/36/25
f 21/32/24 27/42/29 26/48/34 20/39/27
f 22/41/28 28/49/35 33/50/36 27/42/29
f 23/43/30 29/51/37 28/49/35 22/41/28
f 24/52/31 30/53/38 29/54/37 23/55/30
f 25/45/32 31/56/39 2929/57/40 2922/46/33
f 26/48/34 32/58/41 31/59/39 25/60/32
f 27/42/29 33/50/36 32/58/41 26/48/34
f 28/49/35 34/61/42 40/62/43 33/50/36
f 29/51/37 35/63/44 34/61/42 28/49/35
f 30/53/38 36/64/45 35/65/44 29/54/37
f 31/56/39 38/66/46 37/67/47 2929/57/40
f 32/58/41 39/68/48 38/69/46 31/59/39
f 33/50/36 40/62/43 39/68/48 32/58/41
f 34/61/42 41/70/49 46/71/50 40/62/43
f 35/63/44 42/72/51 41/70/49 34/61/42
f 36/64/45 43/73/52 42/74/51 35/65/44
f 38/66/46 44/75/53 2942/76/54 37/67/47
f 39/68/48 45/77/55 44/78/53 38/69/46
f 40/62/43 46/71/50 45/77/55 39/68/48
f 41/70/49 47/79/56 53/80/57 46/71/50
f 42/74/51 48/81/58 47/82/56 41/83/49
f 43/73/52 49/84/59 48/81/58 42/74/51
f 44/75/53 51/85/60 50/86/61 2942/76/54
f 45/77/55 52/87/62 51/88/60 44/78/53
f 46/71/50 53/80/57 52/87/62 45/77/55
f 47/79/56 54/89/63 59/90/64 53/80/57
f 48/81/58 55/91/65 54/92/63 47/82/56
f 49/84/59 56/93/66 55/91/65 48/81/58
f 51/85/60 57/94/67 2954/95/68 50/86/61
f 52/87/62 58/96/69 57/97/67 51/88/60
f 53/80/57 59/90/64 58/96/69 52/87/62
f 54/98/63 60/99/70 65/100/71 59/101/64
f 55/91/65 61/102/72 60/103/70 54/92/63
f 56/93/66 62/104/73 61/102/72 55/91/65
f 57/94/67 63/105/74 2960/106/75 2954/95/68
f 58/96/69 64/107/76 63/108/74 57/97/67
f 59/90/64 65/109/71 64/107/76 58/96/69
f 60/99/70 66/110/77 71/111/78 65/100/71
f 61/102/72 67/112/79 66/113/77 60/103/70
f 62/104/73 4281/114/80 67/112/79 61/102/72
f 63/105/74 69/115/81 68/116/82 2960/106/75
f 64/117/76 70/118/83 69/119/81 63/120/74
f 65/100/71 71/111/78 70/118/83 64/117/76
f 66/110/77 72/121/84 76/122/85 71/111/78
f 67/112/79 73/123/86 72/124/84 66/113/77
f 4281/114/80 4287/125/87 73/123/86 67/112/79
f 69/115/81 74/126/88 2973/127/89 68/116/82
f 70/118/83 75/128/90 74/129/88 69/119/81
f 71/111/78 76/122/85 75/128/90 70/118/83
f 72/121/84 77/130/91 82/131/92 76/122/85
f 73/123/86 78/132/93 77/133/91 72/124/84
f 4287/125/87 79/134/94 78/132/93 73/123/86
f 74/126/88 80/135/95 2979/136/96 2973/127/89
f 75/128/90 81/137/97 80/138/95 74/129/88
f 76/122/85 82/131/92 81/137/97 75/128/90
f 77/130/91 83/139/98 88/140/99 82/131/92
f 78/132/93 84/141/100 83/142/98 77/133/91
f 79/134/94 85/143/101 84/141/100 78/132/93
f 80/135/95 86/144/102 2986/145/103 2979/136/96
f 81/137/97 87/146/104 86/147/102 80/138/95
f 82/131/92 88/140/99 87/146/104 81/137/97
f 83/142/98 89/148/105 94/149/106 88/150/99
f 84/141/100 90/151/107 89/148/105 83/142/98
f 85/143/101 91/152/108 90/151/107 84/141/100
f 86/144/102 92/153/109 2992/154/110 2986/145/103
f 87/146/104 93/155/111 92/156/109 86/147/102
f 88/140/99 94/157/106 93/155/111 87/146/104
f 89/148/105 95/158/112 100/159/113 94/149/106
f 90/151/107 96/160/114 95/158/112 89/148/105
f 91/152/108 97/161/115 96/160/114 90/151/107
f 92/156/109 98/162/116 2999/163/117 2992/164/110
f 93/155/111 99/165/118 98/162/116 92/156/109
f 94/157/106 100/166/113 99/165/118 93/155/111
f 95/167/112 101/168/119 106/169/120 100/170/113
f 96/160/114 102/171/121 101/172/119 95/158/112
f 97/161/115 103/173/122 102/171/121 96/160/114
f 98/162/116 104/174/123 3006/175/124 2999/163/117
f 99/165/118 105/176/125 104/174/123 98/162/116
f 100/170/113 106/169/120 105/177/125 99/178/118
f 101/168/119 107/179/126 112/180/127 106/169/120
f 102/181/121 108/182/128 107/179/126 101/168/119
f 103/183/122 109/184/129 108/185/128 102/186/121
f 104/174/123 110/187/130 3012/188/131 3006/175/124
f 105/176/125 111/189/132 110/187/130 104/174/123
f 106/169/120 112/180/127 111/190/132 105/177/125
f 107/179/126 113/191/133 117/192/134 112/180/127
f 108/182/128 114/193/135 113/191/133 107/179/126
f 109/184/129 4326/194/136 114/195/135 108/185/128
f 110/187/130 115/196/137 3018/197/138 3012/188/131
f 111/190/132 116/198/139 115/199/137 110/200/130
f 112/180/127 117/192/134 116/198/139 111/190/132
f 113/191/133 118/201/140 123/202/141 117/192/134
f 114/195/135 119/203/142 118/204/140 113/205/133
f 4326/194/136 120/206/143 119/203/142 114/195/135
f 115/207/137 121/208/144 3024/209/145 3018/210/138
f 116/198/139 122/211/146 121/212/144 115/199/137
f 117/192/134 123/202/141 122/211/146 116/198/139
f 118/201/140 124/213/147 129/214/148 123/202/141
f 119/203/142 125/215/149 124/216/147 118/204/140
f 120/206/143 4338/217/150 125/215/149 119/203/142
f 121/208/144 127/218/151 126/219/152 3024/209/145
f 122/211/146 128/220/153 127/221/151 121/212/144
f 123/202/141 129/214/148 128/220/153 122/211/146
f 124/213/147 130/222/154 134/223/155 129/214/148
f 125/215/149 131/224/156 130/225/154 124/216/147
f 4338/217/150 4344/226/157 131/224/156 125/215/149
f 127/218/151 132/227/158 3035/228/159 126/219/152
f 128/220/153 133/229/160 132/230/158 127/221/151
f 129/214/148 134/223/155 133/229/160 128/220/153
f 130/225/154 135/231/161 140/232/162 134/233/155
f 131/224/156 136/234/163 135/231/161 130/225/154
f 4344/226/157 137/235/164 136/234/163 131/224/156
f 132/227/158 138/236/165 3041/237/166 3035/228/159
f 133/229/160 139/238/167 138/239/165 132/230/158
f 134/223/155 140/240/162 139/238/167 133/229/160
f 135/231/161 141/241/168 146/242/169 140/232/162
f 136/234/163 142/243/170 141/241/168 135/231/161
f 137/235/164 4356/244/171 142/243/170 136/234/163
f 138/236/165 144/245/172 143/246/173 3041/237/166
f 139/247/167 145/248/174 144/245/172 138/236/165
f 140/240/162 146/249/169 145/250/174 139/238/167
f 141/241/168 147/251/175 152/252/176 146/242/169
f 142/243/170 148/253/177 147/251/175 141/241/168
f 4356/244/171 149/254/178 148/253/177 142/243/170
f 144/245/172 150/255/179 3052/256/180 143/246/173
f 145/248/174 151/257/181 150/255/179 144/245/172
f 146/242/169 152/252/176 151/258/181 145/259/174
f 147/251/175 153/260/182 157/261/183 152/252/176
f 148/253/177 154/262/184 153/260/182 147/251/175
f 149/254/178 4367/263/185 154/262/184 148/253/177
f 150/255/179 155/264/186 3059/265/187 3052/256/180
f 151/257/181 156/266/188 155/264/186 150/255/179
f 152/252/176 157/261/183 156/267/188 151/258/181
f 153/260/182 158/268/189 163/269/190 157/261/183
f 154/262/184 159/270/191 158/268/189 153/260/182
f 4367/263/185 160/271/192 159/270/191 154/262/184
f 155/264/186 161/272/193 3065/273/194 3059/265/187
f 156/266/188 162/274/195 161/272/193 155/264/186
f 157/261/183 163/269/190 162/275/195 156/267/188
f 158/268/189 164/276/196 170/277/197 163/269/190
f 159/270/191 165/278/198 164/276/196 158/268/189
f 160/271/192 166/279/199 165/278/198 159/270/191
f 161/272/193 168/280/200 167/281/201 3065/273/194
f 162/274/195 169/282/202 168/280/200 161/272/193
f 163/269/190 170/277/197 169/283/202 162/275/195
f 164/276/196 171/284/203 176/285/204 170/277/197
f 165/278/198 172/286/205 171/284/203 164/276/196
f 166/279/199 4383/287/206 172/286/205 165/278/198
f 168/280/200 174/288/207 173/289/208 167/281/201
f 169/282/202 175/290/209 174/288/207 168/280/200
f 170/277/197 176/285/204 175/291/209 169/283/202
f 171/292/203 177/293/210 182/294/211 176/295/204
f 172/286/205 178/296/212 177/297/210 171/284/203
f 4383/298/206 4389/299/213 178/300/212 172/301/205
f 174/288/207 180/302/214 179/303/215 173/289/208
f 175/290/209 181/304/216 180/302/214 174/288/207
f 176/295/204 182/294/211 181/305/216 175/306/209
f 177/293/210 183/307/217 188/308/218 182/294/211
f 178/296/212 184/309/219 183/310/217 177/297/210
f 4389/299/213 4395/311/220 184/312/219 178/300/212
f 180/302/214 186/313/221 185/314/222 179/303/215
f 181/304/216 187/315/223 186/313/221 180/302/214
f 182/294/211 188/308/218 187/316/223 181/305/216
f 183/307/217 189/317/224 194/318/225 188/308/218
f 184/319/219 190/320/226 189/317/224 183/307/217
f 4395/311/220 4401/321/227 190/322/226 184/312/219
f 186/313/221 192/323/228 191/324/229 185/314/222
f 187/315/223 193/325/230 192/323/228 186/313/221
f 188/308/218 194/318/225 193/326/230 187/316/223
f 189/317/224 195/327/231 200/328/232 194/318/225
f 190/320/226 196/329/233 195/327/231 189/317/224
f 4401/321/227 4408/330/234 196/331/233 190/322/226
f 192/323/228 198/332/235 197/333/236 191/324/229
f 193/325/230 199/334/237 198/332/235 192/323/228
f 194/318/225 200/328/232 199/335/237 193/326/230
f 195/327/231 201/336/238 206/337/239 200/328/232
f 196/331/233 202/338/240 201/339/238 195/340/231
f 4408/330/234 4414/341/241 202/338/240 196/331/233
f 198/332/235 204/342/242 203/343/243 197/333/236
f 199/335/237 205/344/244 204/345/242 198/346/235
f 200/328/232 206/337/239 205/344/244 199/335/237
f 201/336/238 207/347/245 212/348/246 206/337/239
f 202/338/240 208/349/247 207/350/245 201/339/238
f 4414/341/241 4420/351/248 208/349/247 202/338/240
f 204/342/242 210/352/249 209/353/250 203/343/243
f 205/344/244 211/354/251 210/355/249 204/345/242
f 206/337/239 212/348/246 211/354/251 205/344/244
f 207/347/245 213/356/252 218/357/253 212/348/246
f 208/349/247 214/358/254 213/359/252 207/350/245
f 4420/351/248 4427/360/255 214/358/254 208/349/247
f 210/352/249 216/361/256 215/362/257 209/353/250
f 211/354/251 217/363/258 216/364/256 210/355/249
f 212/348/246 218/357/253 217/363/258 211/354/251
f 213/359/252 219/365/259 224/366/260 218/367/253
f 214/358/254 220/368/261 219/365/259 213/359/252
f 4427/360/255 221/369/262 220/368/261 214/358/254
f 216/361/256 222/370/263 3123/371/264 215/362/257
f 217/363/258 223/372/265 222/373/263 216/364/256
f 218/374/253 224/375/260 223/376/265 217/377/258
f 219/365/259 225/378/266 230/379/267 224/366/260
f 220/368/261 226/380/268 225/378/266 219/365/259
f 221/369/262 4438/381/269 226/380/268 220/368/261
f 222/370/263 228/382/270 227/383/271 3123/371/264
f 223/376/265 229/384/272 228/385/270 222/386/263
f 224/375/260 230/387/267 229/384/272 223/376/265
f 225/378/266 231/388/273 235/389/274 230/379/267
f 226/380/268 232/390/275 231/388/273 225/378/266
f 4438/381/269 4444/391/276 232/390/275 226/380/268
f 228/382/270 233/392/277 3135/393/278 227/383/271
f 229/384/272 234/394/279 233/395/277 228/385/270
f 230/387/267 235/396/274 234/394/279 229/384/272
f 231/388/273 236/397/280 241/398/281 235/389/274
f 232/390/275 237/399/282 236/397/280 231/388/273
f 4444/391/276 238/400/283 237/399/282 232/390/275
f 233/392/277 239/401/284 3142/402/285 3135/393/278
f 234/394/279 240/403/286 239/404/284 233/395/277
f 235/396/274 241/405/281 240/403/286 234/394/279
f 236/397/280 242/406/287 248/407/288 241/398/281
f 237/399/282 243/408/289 242/406/287 236/397/280
f 238/400/283 244/409/290 243/408/289 237/399/282
f 239/401/284 246/410/291 245/411/292 3142/402/285
f 240/403/286 247/412/293 246/413/291 239/404/284
f 241/405/281 248/414/288 247/412/293 240/403/286
f 242/406/287 249/415/294 254/416/295 248/407/288
f 243/408/289 250/417/296 249/415/294 242/406/287
f 244/409/290 251/418/297 250/417/296 243/408/289
f 246/410/291 252/419/298 3153/420/299 245/411/292
f 247/412/293 253/421/300 252/422/298 246/413/291
f 248/414/288 254/423/295 253/421/300 247/412/293
f 249/415/294 255/424/301 260/425/302 254/416/295
f 250/417/296 256/426/303 255/424/301 249/415/294
f 251/418/297 257/427/304 256/426/303 250/417/296
f 252/419/298 258/428/305 3160/429/306 3153/420/299
f 253/421/300 259/430/307 258/431/305 252/422/298
f 254/423/295 260/432/302 259/430/307 253/421/300
f 255/433/301 261/434/308 266/435/309 260/436/302
f 256/426/303 262/437/310 261/438/308 255/424/301
f 257/427/304 263/439/311 262/437/310 256/426/303
f 258/428/305 264/440/312 3166/441/313 3160/429/306
f 259/430/307 265/442/314 264/443/312 258/431/305
f 260/436/302 266/435/309 265/444/314 259/445/307
f 261/434/308 267/446/315 272/447/316 266/435/309
f 262/437/310 268/448/317 267/449/315 261/438/308
f 263/450/311 269/451/318 268/452/317 262/453/310
f 264/440/312 270/454/319 3172/455/320 3166/441/313
f 265/442/314 271/456/321 270/457/319 264/443/312
f 266/435/309 272/447/316 271/458/321 265/444/314
f 267/446/315 273/459/322 278/460/323 272/447/316
f 268/448/317 274/461/324 273/462/322 267/449/315
f 269/451/318 275/463/325 274/464/324 268/452/317
f 270/454/319 276/465/326 3178/466/327 3172/455/320
f 271/458/321 277/467/328 276/468/326 270/469/319
f 272/447/316 278/460/323 277/467/328 271/458/321
f 273/459/322 279/470/329 284/471/330 278/460/323
f 274/464/324 280/472/331 279/473/329 273/474/322
f 275/463/325 281/475/332 280/472/331 274/464/324
f 276/465/326 282/476/333 3184/477/334 3178/466/327
f 277/467/328 283/478/335 282/479/333 276/468/326
f 278/460/323 284/471/330 283/478/335 277/467/328
f 279/470/329 285/480/336 289/481/337 284/471/330
f 280/472/331 286/482/338 285/483/336 279/473/329
f 281/475/332 4499/484/339 286/482/338 280/472/331
f 282/476/333 287/485/340 3190/486/341 3184/477/334
f 283/478/335 288/487/342 287/488/340 282/479/333
f 284/471/330 289/481/337 288/487/342 283/478/335
f 285/480/336 290/489/343 294/490/344 289/481/337
f 286/482/338 291/491/345 290/492/343 285/483/336
f 4499/484/339 4505/493/346 291/491/345 286/482/338
f 287/485/340 292/494/347 3196/495/348 3190/486/341
f 288/496/342 293/497/349 292/494/347 287/485/340
f 289/481/337 294/490/344 293/498/349 288/487/342
f 290/492/343 295/499/350 299/500/351 294/501/344
f 291/491/345 296/502/352 295/499/350 290/492/343
f 4505/493/346 4512/503/353 296/502/352 291/491/345
f 292/494/347 297/504/354 3203/505/355 3196/495/348
f 293/497/349 298/506/356 297/504/354 292/494/347
f 294/490/344 299/507/351 298/508/356 293/498/349
f 295/499/350 300/509/357 306/510/358 299/500/351
f 296/502/352 301/511/359 300/509/357 295/499/350
f 4512/503/353 302/512/360 301/511/359 296/502/352
f 297/504/354 304/513/361 303/514/362 3203/505/355
f 298/506/356 305/515/363 304/513/361 297/504/354
f 299/507/351 306/516/358 305/517/363 298/508/356
f 300/509/357 307/518/364 312/519/365 306/510/358
f 301/511/359 308/520/366 307/518/364 300/509/357
f 302/512/360 309/521/367 308/520/366 301/511/359
f 304/513/361 310/522/368 3214/523/369 303/514/362
f 305/515/363 311/524/370 310/522/368 304/513/361
f 306/525/358 312/526/365 311/524/370 305/515/363
f 307/518/364 313/527/371 317/528/372 312/519/365
f 308/520/366 314/529/373 313/527/371 307/518/364
f 309/521/367 4529/530/374 314/529/373 308/520/366
f 310/522/368 315/531/375 3221/532/376 3214/523/369
f 311/524/370 316/533/377 315/531/375 310/522/368
f 312/526/365 317/534/372 316/533/377 311/524/370
f 313/527/371 318/535/378 323/536/379 317/528/372
f 314/529/373 319/537/380 318/535/378 313/527/371
f 4529/530/374 320/538/381 319/537/380 314/529/373
f 315/531/375 321/539/382 3227/540/383 3221/532/376
f 316/533/377 322/541/384 321/539/382 315/531/375
f 317/534/372 323/542/379 322/541/384 316/533/377
f 318/535/378 324/543/385 329/544/386 323/536/379
f 319/537/380 325/545/387 324/543/385 318/535/378
f 320/538/381 326/546/388 325/545/387 319/537/380
f 321/539/382 327/547/389 3234/548/390 3227/540/383
f 322/541/384 328/549/391 327/547/389 321/539/382
f 323/542/379 329/550/386 328/549/391 322/541/384
f 324/543/385 330/551/392 335/552/393 329/544/386
f 325/545/387 331/553/394 330/551/392 324/543/385
f 326/546/388 4546/554/395 331/553/394 325/545/387
f 327/547/389 333/555/396 332/556/397 3234/548/390
f 328/549/391 334/557/398 333/555/396 327/547/389
f 329/558/386 335/559/393 334/560/398 328/561/391
f 330/562/392 336/563/399 342/564/400 335/559/393
f 331/553/394 337/565/401 336/566/399 330/551/392
f 4546/567/395 338/568/402 337/569/401 331/570/394
f 333/555/396 340/571/403 339/572/404 332/556/397
f 334/557/398 341/573/405 340/571/403 333/555/396
f 335/559/393 342/564/400 341/574/405 334/560/398
f 336/563/399 343/575/406 348/576/407 342/564/400
f 337/565/401 344/577/408 343/578/406 336/566/399
f 338/568/402 4557/579/409 344/580/408 337/569/401
f 340/571/403 346/581/410 345/582/411 339/572/404
f 341/573/405 347/583/412 346/581/410 340/571/403
f 342/564/400 348/576/407 347/584/412 341/574/405
f 343/575/406 349/585/413 355/586/414 348/576/407
f 344/577/408 350/587/415 349/588/413 343/578/406
f 4557/579/409 351/589/416 350/590/415 344/580/408
f 346/581/410 353/591/417 352/592/418 345/582/411
f 347/583/412 354/593/419 353/591/417 346/581/410
f 348/576/407 355/586/414 354/594/419 347/584/412
f 349/585/413 356/595/420 361/596/421 355/586/414
f 350/590/415 357/597/422 356/598/420 349/599/413
f 351/589/416 4569/600/423 357/597/422 350/590/415
f 353/591/417 359/601/424 358/602/425 352/592/418
f 354/593/419 360/603/426 359/601/424 353/591/417
f 355/586/414 361/596/421 360/604/426 354/594/419
f 356/595/420 362/605/427 367/606/428 361/596/421
f 357/597/422 363/607/429 362/608/427 356/598/420
f 4569/600/423 364/609/430 363/607/429 357/597/422
f 359/601/424 365/610/431 3270/611/432 358/602/425
f 360/603/426 366/612/433 365/610/431 359/601/424
f 361/596/421 367/606/428 366/613/433 360/604/426
f 362/605/427 368/614/434 374/615/435 367/606/428
f 363/607/429 369/616/436 368/617/434 362/608/427
f 364/609/430 370/618/437 369/616/436 363/607/429
f 365/610/431 372/619/438 371/620/439 3270/611/432
f 366/612/433 373/621/440 372/619/438 365/610/431
f 367/606/428 374/615/435 373/622/440 366/613/433
f 368/614/434 375/623/441 380/624/442 374/615/435
f 369/616/436 376/625/443 375/626/441 368/617/434
f 370/618/437 377/627/444 376/625/443 369/616/436
f 372/619/438 378/628/445 3283/629/446 371/620/439
f 373/621/440 379/630/447 378/628/445 372/619/438
f 374/615/435 380/624/442 379/631/447 373/622/440
f 375/626/441 381/632/448 386/633/449 380/634/442
f 376/625/443 382/635/450 381/632/448 375/626/441
f 377/627/444 383/636/451 382/635/450 376/625/443
f 378/628/445 384/637/452 3289/638/453 3283/629/446
f 379/639/447 385/640/454 384/641/452 378/642/445
f 380/643/442 386/644/449 385/640/454 379/639/447
f 381/632/448 387/645/455 393/646/456 386/633/449
f 382/635/450 388/647/457 387/645/455 381/632/448
f 383/636/451 389/648/458 388/647/457 382/635/450
f 384/637/452 391/649/459 390/650/460 3289/638/453
f 385/640/454 392/651/461 391/652/459 384/641/452
f 386/644/449 393/653/456 392/651/461 385/640/454
f 387/645/455 394/654/462 398/655/463 393/646/456
f 388/647/457 395/656/464 394/654/462 387/645/455
f 389/648/458 4602/657/465 395/656/464 388/647/457
f 391/649/459 396/658/466 3300/659/467 390/650/460
f 392/651/461 397/660/468 396/661/466 391/652/459
f 393/653/456 398/662/463 397/660/468 392/651/461
f 394/654/462 399/663/469 404/664/470 398/655/463
f 395/656/464 400/665/471 399/663/469 394/654/462
f 4602/657/465 401/666/472 400/665/471 395/656/464
f 396/658/466 402/667/473 3306/668/474 3300/659/467
f 397/660/468 403/669/475 402/670/473 396/661/466
f 398/662/463 404/671/470 403/669/475 397/660/468
f 399/663/469 405/672/476 410/673/477 404/664/470
f 400/665/471 406/674/478 405/672/476 399/663/469
f 401/666/472 407/675/479 406/674/478 400/665/471
f 402/667/473 408/676/480 3313/677/481 3306/668/474
f 403/669/475 409/678/482 408/679/480 402/670/473
f 404/671/470 410/680/477 409/678/482 403/669/475
f 405/672/476 411/681/483 416/682/484 410/673/477
f 406/674/478 412/683/485 411/681/483 405/672/476
f 407/675/479 413/684/486 412/683/485 406/674/478
f 408/676/480 414/685/487 3319/686/488 3313/677/481
f 409/678/482 415/687/489 414/688/487 408/679/480
f 410/680/477 416/689/484 415/687/489 409/678/482
f 411/681/483 417/690/490 422/691/491 416/682/484
f 412/683/485 418/692/492 417/690/490 411/681/483
f 413/684/486 419/693/493 418/692/492 412/683/485
f 414/685/487 420/694/494 3325/695/495 3319/686/488
f 415/687/489 421/696/496 420/697/494 414/688/487
f 416/689/484 422/698/491 421/696/496 415/687/489
f 417/699/490 423/700/497 428/701/498 422/702/491
f 418/692/492 424/703/499 423/704/497 417/690/490
f 419/693/493 425/705/500 424/703/499 418/692/492
f 420/694/494 426/706/501 3331/707/502 3325/695/495
f 421/696/496 427/708/503 426/709/501 420/697/494
f 422/702/491 428/701/498 427/710/503 421/711/496
f 423/700/497 429/712/504 434/713/505 428/701/498
f 424/703/499 430/714/506 429/715/504 423/704/497
f 425/716/500 431/717/507 430/718/506 424/719/499
f 426/706/501 432/720/508 3337/721/509 3331/707/502
f 427/708/503 433/722/510 432/723/508 426/709/501
f 428/701/498 434/713/505 433/724/510 427/710/503
f 429/712/504 435/725/511 439/726/512 434/713/505
f 430/714/506 436/727/513 435/728/511 429/715/504
f 431/717/507 4645/729/514 436/730/513 430/718/506
f 432/720/508 437/731/515 3343/732/516 3337/721/509
f 433/733/510 438/734/517 437/731/515 432/720/508
f 434/713/505 439/726/512 438/735/517 433/724/510
f 435/725/511 440/736/518 445/737/519 439/726/512
f 436/730/513 441/738/520 440/739/518 435/740/511
f 4645/729/514 442/741/521 441/738/520 436/730/513
f 437/731/515 443/742/522 3349/743/523 3343/732/516
f 438/734/517 444/744/524 443/742/522 437/731/515
f 439/726/512 445/737/519 444/745/524 438/735/517
f 440/736/518 446/746/525 450/747/526 445/737/519
f 441/738/520 447/748/527 446/749/525 440/739/518
f 442/741/521 4658/750/528 447/748/527 441/738/520
f 443/742/522 448/751/529 3355/752/530 3349/743/523
f 444/744/524 449/753/531 448/751/529 443/742/522
f 445/737/519 450/747/526 449/754/531 444/745/524
f 446/746/525 451/755/532 457/756/533 450/747/526
f 447/748/527 452/757/534 451/758/532 446/749/525
f 4658/750/528 453/759/535 452/757/534 447/748/527
f 448/751/529 455/760/536 454/761/537 3355/752/530
f 449/753/531 456/762/538 455/760/536 448/751/529
f 450/747/526 457/756/533 456/763/538 449/754/531
f 451/758/532 458/764/539 463/765/540 457/766/533
f 452/757/534 459/767/541 458/764/539 451/758/532
f 453/759/535 4671/768/542 459/767/541 452/757/534
f 455/760/536 461/769/543 460/770/544 454/761/537
f 456/762/538 462/771/545 461/769/543 455/760/536
f 457/756/533 463/772/540 462/773/545 456/763/538
f 458/764/539 464/774/546 470/775/547 463/765/540
f 459/767/541 465/776/548 464/774/546 458/764/539
f 4671/768/542 466/777/549 465/776/548 459/767/541
f 461/769/543 468/778/550 467/779/551 460/770/544
f 462/771/545 469/780/552 468/778/550 461/769/543
f 463/781/540 470/782/547 469/780/552 462/771/545
f 464/774/546 471/783/553 475/784/554 470/775/547
f 465/776/548 472/785/555 471/783/553 464/774/546
f 466/777/549 4683/786/556 472/785/555 465/776/548
f 468/778/550 473/787/557 3377/788/558 467/779/551
f 469/780/552 474/789/559 473/787/557 468/778/550
f 470/782/547 475/790/554 474/789/559 469/780/552
f 471/783/553 476/791/560 482/792/561 475/784/554
f 472/785/555 477/793/562 476/791/560 471/783/553
f 4683/786/556 478/794/563 477/793/562 472/785/555
f 473/787/557 480/795/564 479/796/565 3377/788/558
f 474/789/559 481/797/566 480/795/564 473/787/557
f 475/790/554 482/798/561 481/797/566 474/789/559
f 476/791/560 483/799/567 487/800/568 482/792/561
f 477/793/562 484/801/569 483/799/567 476/791/560
f 478/794/563 4695/802/570 484/801/569 477/793/562
f 480/795/564 485/803/571 3389/804/572 479/796/565
f 481/797/566 486/805/573 485/803/571 480/795/564
f 482/798/561 487/806/568 486/805/573 481/797/566
f 483/799/567 488/807/574 493/808/575 487/800/568
f 484/801/569 489/809/576 488/807/574 483/799/567
f 4695/802/570 4701/810/577 489/809/576 484/801/569
f 485/803/571 491/811/578 490/812/579 3389/804/572
f 486/805/573 492/813/580 491/811/578 485/803/571
f 487/806/568 493/814/575 492/813/580 486/805/573
f 488/807/574 494/815/581 499/816/582 493/808/575
f 489/809/576 495/817/583 494/815/581 488/807/574
f 4701/810/577 4707/818/584 495/817/583 489/809/576
f 491/811/578 497/819/585 496/820/586 490/812/579
f 492/813/580 498/821/587 497/819/585 491/811/578
f 493/814/575 499/822/582 498/821/587 492/813/580
f 494/823/581 500/824/588 505/825/589 499/826/582
f 495/817/583 501/827/590 500/828/588 494/815/581
f 4707/829/584 4714/830/591 501/831/590 495/832/583
f 497/819/585 503/833/592 502/834/593 496/820/586
f 498/821/587 504/835/594 503/833/592 497/819/585
f 499/826/582 505/825/589 504/836/594 498/837/587
f 500/824/588 506/838/595 511/839/596 505/825/589
f 501/827/590 507/840/597 506/841/595 500/828/588
f 4714/830/591 4720/842/598 507/843/597 501/831/590
f 503/833/592 509/844/599 508/845/600 502/834/593
f 504/835/594 510/846/601 509/844/599 503/833/592
f 505/825/589 511/839/596 510/847/601 504/836/594
f 506/838/595 512/848/602 517/849/603 511/839/596
f 507/840/597 513/850/604 512/851/602 506/841/595
f 4720/842/598 4726/852/605 513/853/604 507/843/597
f 509/844/599 515/854/606 514/855/607 508/845/600
f 510/846/601 516/856/608 515/854/606 509/844/599
f 511/839/596 517/849/603 516/857/608 510/847/601
f 512/848/602 518/858/609 523/859/610 517/849/603
f 513/853/604 519/860/611 518/861/609 512/862/602
f 4726/852/605 4732/863/612 519/860/611 513/853/604
f 515/854/606 521/864/613 520/865/614 514/855/607
f 516/856/608 522/866/615 521/864/613 515/854/606
f 517/849/603 523/859/610 522/867/615 516/857/608
f 518/858/609 524/868/616 528/869/617 523/859/610
f 519/860/611 525/870/618 524/871/616 518/861/609
f 4732/863/612 4739/872/619 525/870/618 519/860/611
f 521/864/613 526/873/620 3431/874/621 520/865/614
f 522/866/615 527/875/622 526/873/620 521/864/613
f 523/859/610 528/869/617 527/876/622 522/867/615
f 524/868/616 529/877/623 535/878/624 528/869/617
f 525/870/618 530/879/625 529/880/623 524/871/616
f 4739/872/619 531/881/626 530/879/625 525/870/618
f 526/873/620 533/882/627 532/883/628 3431/874/621
f 527/875/622 534/884/629 533/882/627 526/873/620
f 528/869/617 535/878/624 534/885/629 527/876/622
f 529/877/623 536/886/630 540/887/631 535/878/624
f 530/879/625 537/888/632 536/889/630 529/880/623
f 531/881/626 4752/890/633 537/888/632 530/879/625
f 533/882/627 538/891/634 3443/892/635 532/883/628
f 534/884/629 539/893/636 538/891/634 533/882/627
f 535/878/624 540/887/631 539/894/636 534/885/629
f 536/889/630 541/895/637 545/896/638 540/897/631
f 537/888/632 542/898/639 541/895/637 536/889/630
f 4752/890/633 4758/899/640 542/898/639 537/888/632
f 538/891/634 543/900/641 3449/901/642 3443/892/635
f 539/893/636 544/902/643 543/900/641 538/891/634
f 540/903/631 545/904/638 544/905/643 539/906/636
f 541/895/637 546/907/644 552/908/645 545/896/638
f 542/898/639 547/909/646 546/907/644 541/895/637
f 4758/899/640 548/910/647 547/909/646 542/898/639
f 543/900/641 550/911/648 549/912/649 3449/901/642
f 544/905/643 551/913/650 550/914/648 543/915/641
f 545/904/638 552/916/645 551/913/650 544/905/643
f 546/907/644 553/917/651 557/918/652 552/908/645
f 547/909/646 554/919/653 553/917/651 546/907/644
f 548/910/647 4770/920/654 554/919/653 547/909/646
f 550/911/648 555/921/655 3462/922/656 549/912/649
f 551/913/650 556/923/657 555/924/655 550/914/648
f 552/916/645 557/925/652 556/923/657 551/913/650
f 553/917/651 558/926/658 563/927/659 557/918/652
f 554/919/653 559/928/660 558/926/658 553/917/651
f 4770/920/654 560/929/661 559/928/660 554/919/653
f 555/921/655 561/930/662 3468/931/663 3462/922/656
f 556/923/657 562/932/664 561/933/662 555/924/655
f 557/925/652 563/934/659 562/932/664 556/923/657
f 558/926/658 564/935/665 569/936/666 563/927/659
f 559/928/660 565/937/667 564/935/665 558/926/658
f 560/929/661 566/938/668 565/937/667 559/928/660
f 561/930/662 567/939/669 3474/940/670 3468/931/663
f 562/932/664 568/941/671 567/942/669 561/933/662
f 563/934/659 569/943/666 568/941/671 562/932/664
f 564/935/665 570/944/672 575/945/673 569/936/666
f 565/937/667 571/946/674 570/944/672 564/935/665
f 566/938/668 572/947/675 571/946/674 565/937/667
f 567/939/669 573/948/676 3481/949/677 3474/940/670
f 568/941/671 574/950/678 573/951/676 567/942/669
f 569/943/666 575/952/673 574/950/678 568/941/671
f 570/944/672 576/953/679 581/954/680 575/945/673
f 571/946/674 577/955/681 576/953/679 570/944/672
f 572/947/675 578/956/682 577/955/681 571/946/674
f 573/948/676 579/957/683 3488/958/684 3481/949/677
f 574/950/678 580/959/685 579/960/683 573/951/676
f 575/952/673 581/961/680 580/959/685 574/950/678
f 576/962/679 582/963/686 587/964/687 581/965/680
f 577/955/681 583/966/688 582/967/686 576/953/679
f 578/968/682 584/969/689 583/970/688 577/971/681
f 579/957/683 585/972/690 3494/973/691 3488/958/684
f 580/959/685 586/974/692 585/975/690 579/960/683
f 581/965/680 587/964/687 586/976/692 580/977/685
f 582/963/686 588/978/693 593/979/694 587/964/687
f 583/966/688 589/980/695 588/981/693 582/967/686
f 584/969/689 590/982/696 589/983/695 583/970/688
f 585/972/690 591/984/697 3500/985/698 3494/973/691
f 586/986/692 592/987/699 591/984/697 585/972/690
f 587/964/687 593/979/694 592/988/699 586/976/692
f 588/978/693 594/989/700 600/990/701 593/979/694
f 589/983/695 595/991/702 594/992/700 588/993/693
f 590/982/696 596/994/703 595/991/702 589/983/695
f 591/984/697 598/995/704 597/996/705 3500/985/698
f 592/987/699 599/997/706 598/995/704 591/984/697
f 593/979/694 600/990/701 599/998/706 592/988/699
f 594/989/700 601/999/707 606/1000/708 600/990/701
f 595/991/702 602/1001/709 601/1002/707 594/992/700
f 596/994/703 603/1003/710 602/1001/709 595/991/702
f 598/995/704 604/1004/711 3511/1005/712 597/996/705
f 599/997/706 605/1006/713 604/1004/711 598/995/704
f 600/990/701 606/1000/708 605/1007/713 599/998/706
f 601/999/707 607/1008/714 611/1009/715 606/1000/708
f 602/1001/709 608/1010/716 607/1011/714 601/1002/707
f 603/1003/710 4824/1012/717 608/1010/716 602/1001/709
f 604/1004/711 609/1013/718 3517/1014/719 3511/1005/712
f 605/1006/713 610/1015/720 609/1013/718 604/1004/711
f 606/1000/708 611/1009/715 610/1016/720 605/1007/713
f 607/1008/714 612/1017/721 617/1018/722 611/1009/715
f 608/1010/716 613/1019/723 612/1020/721 607/1011/714
f 4824/1012/717 614/1021/724 613/1019/723 608/1010/716
f 609/1013/718 615/1022/725 3523/1023/726 3517/1014/719
f 610/1015/720 616/1024/727 615/1022/725 609/1013/718
f 611/1009/715 617/1018/722 616/1025/727 610/1016/720
f 612/1020/721 618/1026/728 623/1027/729 617/1028/722
f 613/1019/723 619/1029/730 618/1026/728 612/1020/721
f 614/1021/724 4836/1030/731 619/1029/730 613/1019/723
f 615/1022/725 621/1031/732 620/1032/733 3523/1023/726
f 616/1024/727 622/1033/734 621/1031/732 615/1022/725
f 617/1018/722 623/1034/729 622/1035/734 616/1025/727
f 618/1026/728 624/1036/735 630/1037/736 623/1027/729
f 619/1029/730 625/1038/737 624/1036/735 618/1026/728
f 4836/1030/731 626/1039/738 625/1038/737 619/1029/730
f 621/1031/732 628/1040/739 627/1041/740 620/1032/733
f 622/1033/734 629/1042/741 628/1040/739 621/1031/732
f 623/1043/729 630/1044/736 629/1042/741 622/1033/734
f 624/1036/735 631/1045/742 635/1046/743 630/1037/736
f 625/1038/737 632/1047/744 631/1045/742 624/1036/735
f 626/1039/738 4847/1048/745 632/1047/744 625/1038/737
f 628/1040/739 633/1049/746 3540/1050/747 627/1041/740
f 629/1042/741 634/1051/748 633/1049/746 628/1040/739
f 630/1044/736 635/1052/743 634/1051/748 629/1042/741
f 631/1045/742 636/1053/749 642/1054/750 635/1046/743
f 632/1047/744 637/1055/751 636/1053/749 631/1045/742
f 4847/1048/745 638/1056/752 637/1055/751 632/1047/744
f 633/1049/746 640/1057/753 639/1058/754 3540/1050/747
f 634/1051/748 641/1059/755 640/1057/753 633/1049/746
f 635/1052/743 642/1060/750 641/1059/755 634/1051/748
f 636/1053/749 643/1061/756 648/1062/757 642/1054/750
f 637/1055/751 644/1063/758 643/1061/756 636/1053/749
f 638/1056/752 645/1064/759 644/1063/758 637/1055/751
f 640/1057/753 646/1065/760 3553/1066/761 639/1058/754
f 641/1059/755 647/1067/762 646/1065/760 640/1057/753
f 642/1060/750 648/1068/757 647/1067/762 641/1059/755
f 643/1061/756 649/1069/763 654/1070/764 648/1062/757
f 644/1063/758 650/1071/765 649/1069/763 643/1061/756
f 645/1064/759 4865/1072/766 650/1071/765 644/1063/758
f 646/1065/760 652/1073/767 651/1074/768 3553/1066/761
f 647/1067/762 653/1075/769 652/1073/767 646/1065/760
f 648/1068/757 654/1076/764 653/1075/769 647/1067/762
f 649/1069/763 655/1077/770 660/1078/771 654/1070/764
f 650/1071/765 656/1079/772 655/1077/770 649/1069/763
f 4865/1072/766 4871/1080/773 656/1079/772 650/1071/765
f 652/1073/767 658/1081/774 657/1082/775 651/1074/768
f 653/1075/769 659/1083/776 658/1081/774 652/1073/767
f 654/1076/764 660/1084/771 659/1083/776 653/1075/769
f 655/1085/770 661/1086/777 665/1087/778 660/1088/771
f 656/1079/772 662/1089/779 661/1090/777 655/1077/770
f 4871/1091/773 4877/1092/780 662/1093/779 656/1094/772
f 658/1081/774 663/1095/781 3571/1096/782 657/1082/775
f 659/1083/776 664/1097/783 663/1095/781 658/1081/774
f 660/1088/771 665/1087/778 664/1098/783 659/1099/776
f 661/1086/777 666/1100/784 671/1101/785 665/1087/778
f 662/1089/779 667/1102/786 666/1103/784 661/1090/777
f 4877/1092/780 4884/1104/787 667/1105/786 662/1093/779
f 663/1095/781 669/1106/788 668/1107/789 3571/1096/782
f 664/1097/783 670/1108/790 669/1106/788 663/1095/781
f 665/1087/778 671/1101/785 670/1109/790 664/1098/783
f 666/1100/784 672/1110/791 678/1111/792 671/1101/785
f 667/1102/786 673/1112/793 672/1113/791 666/1103/784
f 4884/1104/787 674/1114/794 673/1115/793 667/1105/786
f 669/1106/788 676/1116/795 675/1117/796 668/1107/789
f 670/1108/790 677/1118/797 676/1116/795 669/1106/788
f 671/1101/785 678/1111/792 677/1119/797 670/1109/790
f 672/1110/791 679/1120/798 684/1121/799 678/1111/792
f 673/1115/793 680/1122/800 679/1123/798 672/1124/791
f 674/1114/794 4895/1125/801 680/1122/800 673/1115/793
f 676/1116/795 682/1126/802 681/1127/803 675/1117/796
f 677/1118/797 683/1128/804 682/1126/802 676/1116/795
f 678/1111/792 684/1121/799 683/1129/804 677/1119/797
f 679/1120/798 685/1130/805 689/1131/806 684/1121/799
f 680/1122/800 686/1132/807 685/1133/805 679/1123/798
f 4895/1125/801 4902/1134/808 686/1132/807 680/1122/800
f 682/1126/802 687/1135/809 3595/1136/810 681/1127/803
f 683/1128/804 688/1137/811 687/1135/809 682/1126/802
f 684/1121/799 689/1131/806 688/1138/811 683/1129/804
f 685/1130/805 690/1139/812 695/1140/813 689/1131/806
f 686/1132/807 691/1141/814 690/1142/812 685/1133/805
f 4902/1134/808 4909/1143/815 691/1141/814 686/1132/807
f 687/1135/809 693/1144/816 692/1145/817 3595/1136/810
f 688/1137/811 694/1146/818 693/1144/816 687/1135/809
f 689/1131/806 695/1140/813 694/1147/818 688/1138/811
f 690/1139/812 696/1148/819 702/1149/820 695/1140/813
f 691/1141/814 697/1150/821 696/1151/819 690/1142/812
f 4909/1143/815 698/1152/822 697/1150/821 691/1141/814
f 693/1144/816 700/1153/823 699/1154/824 692/1145/817
f 694/1146/818 701/1155/825 700/1153/823 693/1144/816
f 695/1140/813 702/1149/820 701/1156/825 694/1147/818
f 696/1157/819 703/1158/826 708/1159/827 702/1160/820
f 697/1150/821 704/1161/828 703/1162/826 696/1151/819
f 698/1152/822 705/1163/829 704/1161/828 697/1150/821
f 700/1153/823 706/1164/830 3613/1165/831 699/1154/824
f 701/1155/825 707/1166/832 706/1164/830 700/1153/823
f 702/1160/820 708/1159/827 707/1167/832 701/1168/825
f 703/1162/826 709/1169/833 714/1170/834 708/1171/827
f 704/1161/828 710/1172/835 709/1169/833 703/1162/826
f 705/1163/829 711/1173/836 710/1172/835 704/1161/828
f 706/1164/830 712/1174/837 3619/1175/838 3613/1165/831
f 707/1167/832 713/1176/839 712/1177/837 706/1178/830
f 708/1159/827 714/1179/834 713/1176/839 707/1167/832
f 709/1169/833 715/1180/840 719/1181/841 714/1170/834
f 710/1172/835 716/1182/842 715/1180/840 709/1169/833
f 711/1173/836 4932/1183/843 716/1182/842 710/1172/835
f 712/1174/837 717/1184/844 3625/1185/845 3619/1175/838
f 713/1176/839 718/1186/846 717/1187/844 712/1177/837
f 714/1179/834 719/1188/841 718/1186/846 713/1176/839
f 715/1180/840 720/1189/847 725/1190/848 719/1181/841
f 716/1182/842 721/1191/849 720/1189/847 715/1180/840
f 4932/1183/843 722/1192/850 721/1191/849 716/1182/842
f 717/1184/844 723/1193/851 3632/1194/852 3625/1185/845
f 718/1186/846 724/1195/853 723/1196/851 717/1187/844
f 719/1188/841 725/1197/848 724/1195/853 718/1186/846
f 720/1189/847 726/1198/854 732/1199/855 725/1190/848
f 721/1191/849 727/1200/856 726/1198/854 720/1189/847
f 722/1192/850 728/1201/857 727/1200/856 721/1191/849
f 723/1193/851 730/1202/858 729/1203/859 3632/1194/852
f 724/1195/853 731/1204/860 730/1205/858 723/1196/851
f 725/1197/848 732/1206/855 731/1204/860 724/1195/853
f 726/1198/854 733/1207/861 738/1208/862 732/1199/855
f 727/1200/856 734/1209/863 733/1207/861 726/1198/854
f 728/1201/857 735/1210/864 734/1209/863 727/1200/856
f 730/1202/858 736/1211/865 3644/1212/866 729/1203/859
f 731/1204/860 737/1213/867 736/1214/865 730/1205/858
f 732/1206/855 738/1215/862 737/1213/867 731/1204/860
f 733/1216/861 739/1217/868 744/1218/869 738/1219/862
f 734/1209/863 740/1220/870 739/1221/868 733/1207/861
f 735/1210/864 741/1222/871 740/1220/870 734/1209/863
f 736/1211/865 742/1223/872 3651/1224/873 3644/1212/866
f 737/1213/867 743/1225/874 742/1226/872 736/1214/865
f 738/1215/862 744/1227/869 743/1225/874 737/1213/867
f 739/1217/868 745/1228/875 750/1229/876 744/1218/869
f 740/1220/870 746/1230/877 745/1231/875 739/1221/868
f 741/1232/871 747/1233/878 746/1234/877 740/1235/870
f 742/1223/872 748/1236/879 3657/1237/880 3651/1224/873
f 743/1225/874 749/1238/881 748/1239/879 742/1226/872
f 744/1218/869 750/1229/876 749/1240/881 743/1241/874
f 745/1228/875 751/1242/882 756/1243/883 750/1229/876
f 746/1230/877 752/1244/884 751/1245/882 745/1231/875
f 747/1233/878 753/1246/885 752/1247/884 746/1234/877
f 748/1236/879 754/1248/886 3663/1249/887 3657/1237/880
f 749/1250/881 755/1251/888 754/1248/886 748/1236/879
f 750/1229/876 756/1243/883 755/1252/888 749/1240/881
f 751/1242/882 757/1253/889 762/1254/890 756/1243/883
f 752/1247/884 758/1255/891 757/1256/889 751/1257/882
f 753/1246/885 759/1258/892 758/1255/891 752/1247/884
f 754/1248/886 760/1259/893 3669/1260/894 3663/1249/887
f 755/1251/888 761/1261/895 760/1259/893 754/1248/886
f 756/1243/883 762/1254/890 761/1262/895 755/1252/888
f 757/1253/889 763/1263/896 768/1264/897 762/1254/890
f 758/1255/891 764/1265/898 763/1266/896 757/1256/889
f 759/1258/892 765/1267/899 764/1265/898 758/1255/891
f 760/1259/893 766/1268/900 3675/1269/901 3669/1260/894
f 761/1261/895 767/1270/902 766/1268/900 760/1259/893
f 762/1254/890 768/1264/897 767/1271/902 761/1262/895
f 763/1263/896 769/1272/903 773/1273/904 768/1264/897
f 764/1265/898 770/1274/905 769/1275/903 763/1266/896
f 765/1267/899 4985/1276/906 770/1274/905 764/1265/898
f 766/1268/900 771/1277/907 3681/1278/908 3675/1269/901
f 767/1270/902 772/1279/909 771/1277/907 766/1268/900
f 768/1264/897 773/1273/904 772/1280/909 767/1271/902
f 769/1272/903 774/1281/910 779/1282/911 773/1273/904
f 770/1274/905 775/1283/912 774/1284/910 769/1275/903
f 4985/1276/906 776/1285/913 775/1283/912 770/1274/905
f 771/1277/907 777/1286/914 3687/1287/915 3681/1278/908
f 772/1279/909 778/1288/916 777/1286/914 771/1277/907
f 773/1273/904 779/1282/911 778/1289/916 772/1280/909
f 774/1284/910 780/1290/917 784/1291/918 779/1292/911
f 775/1283/912 781/1293/919 780/1290/917 774/1284/910
f 776/1285/913 4998/1294/920 781/1293/919 775/1283/912
f 777/1286/914 782/1295/921 3693/1296/922 3687/1287/915
f 778/1288/916 783/1297/923 782/1295/921 777/1286/914
f 779/1298/911 784/1299/918 783/1297/923 778/1288/916
f 780/1290/917 785/1300/924 791/1301/925 784/1291/918
f 781/1293/919 786/1302/926 785/1300/924 780/1290/917
f 4998/1294/920 787/1303/927 786/1302/926 781/1293/919
f 782/1295/921 789/1304/928 788/1305/929 3693/1296/922
f 783/1297/923 790/1306/930 789/1304/928 782/1295/921
f 784/1299/918 791/1307/925 790/1306/930 783/1297/923
f 785/1300/924 792/1308/931 796/1309/932 791/1301/925
f 786/1302/926 793/1310/933 792/1308/931 785/1300/924
f 787/1303/927 5009/1311/934 793/1310/933 786/1302/926
f 789/1304/928 794/1312/935 3705/1313/936 788/1305/929
f 790/1306/930 795/1314/937 794/1312/935 789/1304/928
f 791/1307/925 796/1315/932 795/1314/937 790/1306/930
f 792/1308/931 797/1316/938 803/1317/939 796/1309/932
f 793/1310/933 798/1318/940 797/1316/938 792/1308/931
f 5009/1311/934 799/1319/941 798/1318/940 793/1310/933
f 794/1312/935 801/1320/942 800/1321/943 3705/1313/936
f 795/1314/937 802/1322/944 801/1320/942 794/1312/935
f 796/1315/932 803/1323/939 802/1322/944 795/1314/937
f 797/1316/938 804/1324/945 809/1325/946 803/1317/939
f 798/1318/940 805/1326/947 804/1324/945 797/1316/938
f 799/1319/941 806/1327/948 805/1326/947 798/1318/940
f 801/1320/942 807/1328/949 3717/1329/950 800/1321/943
f 802/1322/944 808/1330/951 807/1328/949 801/1320/942
f 803/1323/939 809/1331/946 808/1330/951 802/1322/944
f 804/1324/945 810/1332/952 815/1333/953 809/1325/946
f 805/1326/947 811/1334/954 810/1332/952 804/1324/945
f 806/1327/948 5026/1335/955 811/1334/954 805/1326/947
f 807/1328/949 813/1336/956 812/1337/957 3717/1329/950
f 808/1330/951 814/1338/958 813/1336/956 807/1328/949
f 809/1331/946 815/1339/953 814/1338/958 808/1330/951
f 810/1332/952 816/1340/959 821/1341/960 815/1333/953
f 811/1334/954 817/1342/961 816/1340/959 810/1332/952
f 5026/1343/955 5033/1344/962 817/1345/961 811/1346/954
f 813/1336/956 819/1347/963 818/1348/964 812/1337/957
f 814/1338/958 820/1349/965 819/1347/963 813/1336/956
f 815/1339/953 821/1350/960 820/1349/965 814/1338/958
f 816/1351/959 822/1352/966 827/1353/967 821/1354/960
f 817/1342/961 823/1355/968 822/1356/966 816/1340/959
f 5033/1344/962 5039/1357/969 823/1358/968 817/1345/961
f 819/1347/963 825/1359/970 824/1360/971 818/1348/964
f 820/1349/965 826/1361/972 825/1359/970 819/1347/963
f 821/1354/960 827/1353/967 826/1362/972 820/1363/965
f 822/1352/966 828/1364/973 832/1365/974 827/1353/967
f 823/1355/968 829/1366/975 828/1367/973 822/1356/966
f 5039/1357/969 5045/1368/976 829/1369/975 823/1358/968
f 825/1359/970 830/1370/977 3740/1371/978 824/1360/971
f 826/1361/972 831/1372/979 830/1370/977 825/1359/970
f 827/1353/967 832/1365/974 831/1373/979 826/1362/972
f 828/1364/973 833/1374/980 838/1375/981 832/1365/974
f 829/1369/975 834/1376/982 833/1377/980 828/1378/973
f 5045/1368/976 5051/1379/983 834/1376/982 829/1369/975
f 830/1370/977 836/1380/984 835/1381/985 3740/1371/978
f 831/1372/979 837/1382/986 836/1380/984 830/1370/977
f 832/1365/974 838/1375/981 837/1383/986 831/1373/979
f 833/1374/980 839/1384/987 844/1385/988 838/1375/981
f 834/1376/982 840/1386/989 839/1387/987 833/1377/980
f 5051/1379/983 5057/1388/990 840/1386/989 834/1376/982
f 836/1380/984 842/1389/991 841/1390/992 835/1381/985
f 837/1382/986 843/1391/993 842/1389/991 836/1380/984
f 838/1375/981 844/1385/988 843/1392/993 837/1383/986
f 839/1384/987 845/1393/994 849/1394/995 844/1385/988
f 840/1386/989 846/1395/996 845/1396/994 839/1387/987
f 5057/1388/990 5063/1397/997 846/1395/996 840/1386/989
f 842/1389/991 847/1398/998 3758/1399/999 841/1390/992
f 843/1391/993 848/1400/1000 847/1398/998 842/1389/991
f 844/1385/988 849/1394/995 848/1401/1000 843/1392/993
f 845/1393/994 850/1402/1001 856/1403/1002 849/1394/995
f 846/1395/996 851/1404/1003 850/1405/1001 845/1396/994
f 5063/1397/997 852/1406/1004 851/1404/1003 846/1395/996
f 847/1398/998 854/1407/1005 853/1408/1006 3758/1399/999
f 848/1400/1000 855/1409/1007 854/1407/1005 847/1398/998
f 849/1394/995 856/1403/1002 855/1410/1007 848/1401/1000
f 850/1402/1001 857/1411/1008 862/1412/1009 856/1403/1002
f 851/1404/1003 858/1413/1010 857/1414/1008 850/1405/1001
f 852/1406/1004 5075/1415/1011 858/1413/1010 851/1404/1003
f 854/1407/1005 860/1416/1012 859/1417/1013 853/1408/1006
f 855/1409/1007 861/1418/1014 860/1416/1012 854/1407/1005
f 856/1403/1002 862/1412/1009 861/1419/1014 855/1410/1007
f 857/1420/1008 863/1421/1015 868/1422/1016 862/1423/1009
f 858/1413/1010 864/1424/1017 863/1425/1015 857/1414/1008
f 5075/1415/1011 865/1426/1018 864/1424/1017 858/1413/1010
f 860/1416/1012 866/1427/1019 3777/1428/1020 859/1417/1013
f 861/1418/1014 867/1429/1021 866/1427/1019 860/1416/1012
f 862/1423/1009 868/1422/1016 867/1430/1021 861/1431/1014
f 863/1421/1015 869/1432/1022 874/1433/1023 868/1422/1016
f 864/1424/1017 870/1434/1024 869/1435/1022 863/1425/1015
f 865/1426/1018 5087/1436/1025 870/1434/1024 864/1424/1017
f 866/1427/1019 872/1437/1026 871/1438/1027 3777/1428/1020
f 867/1430/1021 873/1439/1028 872/1440/1026 866/1441/1019
f 868/1422/1016 874/1433/1023 873/1439/1028 867/1430/1021
f 869/1432/1022 875/1442/1029 879/1443/1030 874/1433/1023
f 870/1434/1024 876/1444/1031 875/1445/1029 869/1435/1022
f 5087/1436/1025 5093/1446/1032 876/1444/1031 870/1434/1024
f 872/1437/1026 877/1447/1033 3789/1448/1034 871/1438/1027
f 873/1439/1028 878/1449/1035 877/1450/1033 872/1440/1026
f 874/1433/1023 879/1443/1030 878/1449/1035 873/1439/1028
f 875/1442/1029 880/1451/1036 885/1452/1037 879/1443/1030
f 876/1444/1031 881/1453/1038 880/1454/1036 875/1445/1029
f 5093/1446/1032 882/1455/1039 881/1453/1038 876/1444/1031
f 877/1447/1033 883/1456/1040 3795/1457/1041 3789/1448/1034
f 878/1449/1035 884/1458/1042 883/1459/1040 877/1450/1033
f 879/1443/1030 885/1452/1037 884/1458/1042 878/1449/1035
f 880/1454/1036 886/1460/1043 891/1461/1044 885/1462/1037
f 881/1453/1038 887/1463/1045 886/1460/1043 880/1454/1036
f 882/1455/1039 888/1464/1046 887/1463/1045 881/1453/1038
f 883/1456/1040 889/1465/1047 3801/1466/1048 3795/1457/1041
f 884/1458/1042 890/1467/1049 889/1468/1047 883/1459/1040
f 885/1452/1037 891/1469/1044 890/1467/1049 884/1458/1042
f 886/1460/1043 892/1470/1050 896/1471/1051 891/1461/1044
f 887/1463/1045 893/1472/1052 892/1470/1050 886/1460/1043
f 888/1464/1046 5112/1473/1053 893/1472/1052 887/1463/1045
f 889/1465/1047 894/1474/1054 3807/1475/1055 3801/1466/1048
f 890/1467/1049 895/1476/1056 894/1477/1054 889/1468/1047
f 891/1469/1044 896/1478/1051 895/1476/1056 890/1467/1049
f 892/1479/1050 897/1480/1057 901/1481/1058 896/1482/1051
f 893/1472/1052 898/1483/1059 897/1484/1057 892/1470/1050
f 5112/1473/1053 5118/1485/1060 898/1483/1059 893/1472/1052
f 894/1474/1054 899/1486/1061 3813/1487/1062 3807/1475/1055
f 895/1476/1056 900/1488/1063 899/1489/1061 894/1477/1054
f 896/1478/1051 901/1490/1058 900/1488/1063 895/1476/1056
f 897/1480/1057 902/1491/1064 907/1492/1065 901/1481/1058
f 898/1483/1059 903/1493/1066 902/1494/1064 897/1484/1057
f 5118/1495/1060 904/1496/1067 903/1497/1066 898/1498/1059
f 899/1486/1061 905/1499/1068 3819/1500/1069 3813/1487/1062
f 900/1488/1063 906/1501/1070 905/1502/1068 899/1489/1061
f 901/1481/1058 907/1492/1065 906/1503/1070 900/1504/1063
f 902/1491/1064 908/1505/1071 913/1506/1072 907/1492/1065
f 903/1493/1066 909/1507/1073 908/1508/1071 902/1494/1064
f 904/1496/1067 910/1509/1074 909/1510/1073 903/1497/1066
f 905/1499/1068 911/1511/1075 3825/1512/1076 3819/1500/1069
f 906/1513/1070 912/1514/1077 911/1511/1075 905/1499/1068
f 907/1492/1065 913/1506/1072 912/1515/1077 906/1503/1070
f 908/1505/1071 914/1516/1078 919/1517/1079 913/1506/1072
f 909/1510/1073 915/1518/1080 914/1519/1078 908/1520/1071
f 910/1509/1074 916/1521/1081 915/1518/1080 909/1510/1073
f 911/1511/1075 917/1522/1082 3831/1523/1083 3825/1512/1076
f 912/1514/1077 918/1524/1084 917/1522/1082 911/1511/1075
f 913/1506/1072 919/1517/1079 918/1525/1084 912/1515/1077
f 914/1516/1078 920/1526/1085 925/1527/1086 919/1517/1079
f 915/1518/1080 921/1528/1087 920/1529/1085 914/1519/1078
f 916/1521/1081 922/1530/1088 921/1528/1087 915/1518/1080
f 917/1522/1082 923/1531/1089 3837/1532/1090 3831/1523/1083
f 918/1524/1084 924/1533/1091 923/1531/1089 917/1522/1082
f 919/1517/1079 925/1527/1086 924/1534/1091 918/1525/1084
f 920/1526/1085 926/1535/1092 931/1536/1093 925/1527/1086
f 921/1528/1087 927/1537/1094 926/1538/1092 920/1529/1085
f 922/1530/1088 928/1539/1095 927/1537/1094 921/1528/1087
f 923/1531/1089 929/1540/1096 3843/1541/1097 3837/1532/1090
f 924/1533/1091 930/1542/1098 929/1540/1096 923/1531/1089
f 925/1527/1086 931/1536/1093 930/1543/1098 924/1534/1091
f 926/1535/1092 932/1544/1099 937/1545/1100 931/1536/1093
f 927/1537/1094 933/1546/1101 932/1547/1099 926/1538/1092
f 928/1539/1095 934/1548/1102 933/1546/1101 927/1537/1094
f 929/1540/1096 935/1549/1103 3849/1550/1104 3843/1541/1097
f 930/1542/1098 936/1551/1105 935/1549/1103 929/1540/1096
f 931/1536/1093 937/1545/1100 936/1552/1105 930/1543/1098
f 932/1547/1099 938/1553/1106 943/1554/1107 937/1555/1100
f 933/1546/1101 939/1556/1108 938/1553/1106 932/1547/1099
f 934/1548/1102 5159/1557/1109 939/1556/1108 933/1546/1101
f 935/1549/1103 941/1558/1110 940/1559/1111 3849/1550/1104
f 936/1551/1105 942/1560/1112 941/1558/1110 935/1549/1103
f 937/1561/1100 943/1562/1107 942/1560/1112 936/1551/1105
f 938/1553/1106 944/1563/1113 949/1564/1114 943/1554/1107
f 939/1556/1108 945/1565/1115 944/1563/1113 938/1553/1106
f 5159/1557/1109 5165/1566/1116 945/1565/1115 939/1556/1108
f 941/1558/1110 947/1567/1117 946/1568/1118 940/1559/1111
f 942/1560/1112 948/1569/1119 947/1567/1117 941/1558/1110
f 943/1562/1107 949/1570/1114 948/1569/1119 942/1560/1112
f 944/1563/1113 950/1571/1120 955/1572/1121 949/1564/1114
f 945/1565/1115 951/1573/1122 950/1571/1120 944/1563/1113
f 5165/1566/1116 952/1574/1123 951/1573/1122 945/1565/1115
f 947/1567/1117 953/1575/1124 3866/1576/1125 946/1568/1118
f 948/1569/1119 954/1577/1126 953/1575/1124 947/1567/1117
f 949/1570/1114 955/1578/1121 954/1577/1126 948/1569/1119
f 950/1571/1120 956/1579/1127 960/1580/1128 955/1572/1121
f 951/1573/1122 957/1581/1129 956/1579/1127 950/1571/1120
f 952/1574/1123 5176/1582/1130 957/1581/1129 951/1573/1122
f 953/1575/1124 958/1583/1131 3873/1584/1132 3866/1576/1125
f 954/1577/1126 959/1585/1133 958/1583/1131 953/1575/1124
f 955/1578/1121 960/1586/1128 959/1585/1133 954/1577/1126
f 956/1579/1127 961/1587/1134 965/1588/1135 960/1580/1128
f 957/1581/1129 962/1589/1136 961/1587/1134 956/1579/1127
f 5176/1582/1130 5182/1590/1137 962/1589/1136 957/1581/1129
f 958/1583/1131 963/1591/1138 3879/1592/1139 3873/1584/1132
f 959/1585/1133 964/1593/1140 963/1591/1138 958/1583/1131
f 960/1586/1128 965/1594/1135 964/1593/1140 959/1585/1133
f 961/1587/1134 966/1595/1141 971/1596/1142 965/1588/1135
f 962/1589/1136 967/1597/1143 966/1595/1141 961/1587/1134
f 5182/1590/1137 5188/1598/1144 967/1597/1143 962/1589/1136
f 963/1591/1138 969/1599/1145 968/1600/1146 3879/1592/1139
f 964/1593/1140 970/1601/1147 969/1599/1145 963/1591/1138
f 965/1594/1135 971/1602/1142 970/1601/1147 964/1593/1140
f 966/1603/1141 972/1604/1148 977/1605/1149 971/1606/1142
f 967/1597/1143 973/1607/1150 972/1608/1148 966/1595/1141
f 5188/1609/1144 5194/1610/1151 973/1611/1150 967/1612/1143
f 969/1599/1145 975/1613/1152 974/1614/1153 968/1600/1146
f 970/1601/1147 976/1615/1154 975/1613/1152 969/1599/1145
f 971/1602/1142 977/1616/1149 976/1615/1154 970/1601/1147
f 972/1604/1148 978/1617/1155 983/1618/1156 977/1605/1149
f 973/1607/1150 979/1619/1157 978/1620/1155 972/1608/1148
f 5194/1610/1151 5200/1621/1158 979/1622/1157 973/1611/1150
f 975/1613/1152 981/1623/1159 980/1624/1160 974/1614/1153
f 976/1615/1154 982/1625/1161 981/1623/1159 975/1613/1152
f 977/1605/1149 983/1618/1156 982/1626/1161 976/1627/1154
f 978/1617/1155 984/1628/1162 988/1629/1163 983/1618/1156
f 979/1630/1157 985/1631/1164 984/1628/1162 978/1617/1155
f 5200/1621/1158 5206/1632/1165 985/1633/1164 979/1622/1157
f 981/1623/1159 986/1634/1166 3902/1635/1167 980/1624/1160
f 982/1625/1161 987/1636/1168 986/1634/1166 981/1623/1159
f 983/1618/1156 988/1629/1163 987/1637/1168 982/1626/1161
f 984/1628/1162 989/1638/1169 994/1639/1170 988/1629/1163
f 985/1631/1164 990/1640/1171 989/1638/1169 984/1628/1162
f 5206/1632/1165 5212/1641/1172 990/1642/1171 985/1633/1164
f 986/1634/1166 992/1643/1173 991/1644/1174 3902/1635/1167
f 987/1636/1168 993/1645/1175 992/1643/1173 986/1634/1166
f 988/1629/1163 994/1639/1170 993/1646/1175 987/1637/1168
f 989/1638/1169 995/1647/1176 999/1648/1177 994/1639/1170
f 990/1642/1171 996/1649/1178 995/1650/1176 989/1651/1169
f 5212/1641/1172 5218/1652/1179 996/1649/1178 990/1642/1171
f 992/1643/1173 997/1653/1180 3914/1654/1181 991/1644/1174
f 993/1645/1175 998/1655/1182 997/1653/1180 992/1643/1173
f 994/1639/1170 999/1648/1177 998/1656/1182 993/1646/1175
f 995/1647/1176 1000/1657/1183 1005/1658/1184 999/1648/1177
f 996/1649/1178 1001/1659/1185 1000/1660/1183 995/1650/1176
f 5218/1652/1179 5225/1661/1186 1001/1659/1185 996/1649/1178
f 997/1653/1180 1003/1662/1187 1002/1663/1188 3914/1654/1181
f 998/1655/1182 1004/1664/1189 1003/1662/1187 997/1653/1180
f 999/1648/1177 1005/1658/1184 1004/1665/1189 998/1656/1182
f 1000/1657/1183 1006/1666/1190 1012/1667/1191 1005/1658/1184
f 1001/1659/1185 1007/1668/1192 1006/1669/1190 1000/1660/1183
f 5225/1661/1186 1008/1670/1193 1007/1668/1192 1001/1659/1185
f 1003/1662/1187 1010/1671/1194 1009/1672/1195 1002/1663/1188
f 1004/1664/1189 1011/1673/1196 1010/1671/1194 1003/1662/1187
f 1005/1658/1184 1012/1667/1191 1011/1674/1196 1004/1665/1189
f 1006/1666/1190 1013/1675/1197 1018/1676/1198 1012/1667/1191
f 1007/1668/1192 1014/1677/1199 1013/1678/1197 1006/1669/1190
f 1008/1670/1193 1015/1679/1200 1014/1677/1199 1007/1668/1192
f 1010/1671/1194 1016/1680/1201 3932/1681/1202 1009/1672/1195
f 1011/1673/1196 1017/1682/1203 1016/1680/1201 1010/1671/1194
f 1012/1683/1191 1018/1684/1198 1017/1685/1203 1011/1686/1196
f 1013/1687/1197 1019/1688/1204 1024/1689/1205 1018/1684/1198
f 1014/1677/1199 1020/1690/1206 1019/1691/1204 1013/1678/1197
f 1015/1679/1200 1021/1692/1207 1020/1690/1206 1014/1677/1199
f 1016/1680/1201 1022/1693/1208 3938/1694/1209 3932/1681/1202
f 1017/1685/1203 1023/1695/1210 1022/1696/1208 1016/1697/1201
f 1018/1684/1198 1024/1689/1205 1023/1695/1210 1017/1685/1203
f 1019/1688/1204 1025/1698/1211 1031/1699/1212 1024/1689/1205
f 1020/1690/1206 1026/1700/1213 1025/1701/1211 1019/1691/1204
f 1021/1692/1207 1027/1702/1214 1026/1700/1213 1020/1690/1206
f 1022/1693/1208 1029/1703/1215 1028/1704/1216 3938/1694/1209
f 1023/1695/1210 1030/1705/1217 1029/1706/1215 1022/1696/1208
f 1024/1689/1205 1031/1699/1212 1030/1705/1217 1023/1695/1210
f 1025/1698/1211 1032/1707/1218 1036/1708/1219 1031/1699/1212
f 1026/1700/1213 1033/1709/1220 1032/1710/1218 1025/1701/1211
f 1027/1702/1214 5254/1711/1221 1033/1709/1220 1026/1700/1213
f 1029/1703/1215 1034/1712/1222 3950/1713/1223 1028/1704/1216
f 1030/1705/1217 1035/1714/1224 1034/1715/1222 1029/1706/1215
f 1031/1699/1212 1036/1708/1219 1035/1714/1224 1030/1705/1217
f 1032/1707/1218 1037/1716/1225 1042/1717/1226 1036/1708/1219
f 1033/1709/1220 1038/1718/1227 1037/1719/1225 1032/1710/1218
f 5254/1711/1221 1039/1720/1228 1038/1718/1227 1033/1709/1220
f 1034/1712/1222 1040/1721/1229 3956/1722/1230 3950/1713/1223
f 1035/1714/1224 1041/1723/1231 1040/1724/1229 1034/1715/1222
f 1036/1708/1219 1042/1717/1226 1041/1723/1231 1035/1714/1224
f 1037/1716/1225 1043/1725/1232 1049/1726/1233 1042/1717/1226
f 1038/1718/1227 1044/1727/1234 1043/1728/1232 1037/1719/1225
f 1039/1720/1228 1045/1729/1235 1044/1727/1234 1038/1718/1227
f 1040/1721/1229 1047/1730/1236 1046/1731/1237 3956/1722/1230
f 1041/1723/1231 1048/1732/1238 1047/1733/1236 1040/1724/1229
f 1042/1717/1226 1049/1726/1233 1048/1732/1238 1041/1723/1231
f 1043/1734/1232 1050/1735/1239 1055/1736/1240 1049/1737/1233
f 1044/1727/1234 1051/1738/1241 1050/1739/1239 1043/1728/1232
f 1045/1729/1235 1052/1740/1242 1051/1738/1241 1044/1727/1234
f 1047/1730/1236 1053/1741/1243 3967/1742/1244 1046/1731/1237
f 1048/1732/1238 1054/1743/1245 1053/1744/1243 1047/1733/1236
f 1049/1726/1233 1055/1745/1240 1054/1743/1245 1048/1732/1238
f 1050/1735/1239 1056/1746/1246 1061/1747/1247 1055/1736/1240
f 1051/1738/1241 1057/1748/1248 1056/1749/1246 1050/1739/1239
f 1052/1740/1242 1058/1750/1249 1057/1748/1248 1051/1738/1241
f 1053/1741/1243 1059/1751/1250 3974/1752/1251 3967/1742/1244
f 1054/1743/1245 1060/1753/1252 1059/1754/1250 1053/1744/1243
f 1055/1745/1240 1061/1755/1247 1060/1753/1252 1054/1743/1245
f 1056/1746/1246 1062/1756/1253 1067/1757/1254 1061/1747/1247
f 1057/1748/1248 1063/1758/1255 1062/1759/1253 1056/1749/1246
f 1058/1760/1249 1064/1761/1256 1063/1762/1255 1057/1763/1248
f 1059/1751/1250 1065/1764/1257 3980/1765/1258 3974/1752/1251
f 1060/1753/1252 1066/1766/1259 1065/1767/1257 1059/1754/1250
f 1061/1747/1247 1067/1757/1254 1066/1768/1259 1060/1769/1252
f 1062/1756/1253 1068/1770/1260 1073/1771/1261 1067/1757/1254
f 1063/1758/1255 1069/1772/1262 1068/1773/1260 1062/1759/1253
f 1064/1761/1256 1070/1774/1263 1069/1775/1262 1063/1762/1255
f 1065/1764/1257 1071/1776/1264 3986/1777/1265 3980/1765/1258
f 1066/1778/1259 1072/1779/1266 1071/1776/1264 1065/1764/1257
f 1067/1757/1254 1073/1771/1261 1072/1780/1266 1066/1768/1259
f 1068/1770/1260 1074/1781/1267 1079/1782/1268 1073/1771/1261
f 1069/1775/1262 1075/1783/1269 1074/1784/1267 1068/1785/1260
f 1070/1774/1263 5297/1786/1270 1075/1783/1269 1069/1775/1262
f 1071/1776/1264 1077/1787/1271 1076/1788/1272 3986/1777/1265
f 1072/1779/1266 1078/1789/1273 1077/1787/1271 1071/1776/1264
f 1073/1771/1261 1079/1782/1268 1078/1790/1273 1072/1780/1266
f 1074/1781/1267 1080/1791/1274 1085/1792/1275 1079/1782/1268
f 1075/1783/1269 1081/1793/1276 1080/1794/1274 1074/1784/1267
f 5297/1786/1270 1082/1795/1277 1081/1793/1276 1075/1783/1269
f 1077/1787/1271 1083/1796/1278 3997/1797/1279 1076/1788/1272
f 1078/1789/1273 1084/1798/1280 1083/1796/1278 1077/1787/1271
f 1079/1782/1268 1085/1792/1275 1084/1799/1280 1078/1790/1273
f 1080/1791/1274 1086/1800/1281 1091/1801/1282 1085/1792/1275
f 1081/1793/1276 1087/1802/1283 1086/1803/1281 1080/1794/1274
f 1082/1795/1277 1088/1804/1284 1087/1802/1283 1081/1793/1276
f 1083/1796/1278 1089/1805/1285 4003/1806/1286 3997/1797/1279
f 1084/1798/1280 1090/1807/1287 1089/1805/1285 1083/1796/1278
f 1085/1792/1275 1091/1801/1282 1090/1808/1287 1084/1799/1280
f 1086/1800/1281 1092/1809/1288 1096/1810/1289 1091/1801/1282
f 1087/1802/1283 1093/1811/1290 1092/1812/1288 1086/1803/1281
f 1088/1804/1284 5315/1813/1291 1093/1811/1290 1087/1802/1283
f 1089/1805/1285 1094/1814/1292 4009/1815/1293 4003/1806/1286
f 1090/1807/1287 1095/1816/1294 1094/1814/1292 1089/1805/1285
f 1091/1801/1282 1096/1810/1289 1095/1817/1294 1090/1808/1287
f 1092/1812/1288 1097/1818/1295 1101/1819/1296 1096/1820/1289
f 1093/1811/1290 1098/1821/1297 1097/1818/1295 1092/1812/1288
f 5315/1813/1291 5322/1822/1298 1098/1821/1297 1093/1811/1290
f 1094/1814/1292 1099/1823/1299 4015/1824/1300 4009/1815/1293
f 1095/1816/1294 1100/1825/1301 1099/1823/1299 1094/1814/1292
f 1096/1826/1289 1101/1827/1296 1100/1825/1301 1095/1816/1294
f 1097/1818/1295 1102/1828/1302 1107/1829/1303 1101/1819/1296
f 1098/1821/1297 1103/1830/1304 1102/1828/1302 1097/1818/1295
f 5322/1822/1298 1104/1831/1305 1103/1830/1304 1098/1821/1297
f 1099/1823/1299 1105/1832/1306 4021/1833/1307 4015/1824/1300
f 1100/1825/1301 1106/1834/1308 1105/1832/1306 1099/1823/1299
f 1101/1827/1296 1107/1835/1303 1106/1834/1308 1100/1825/1301
f 1102/1828/1302 1108/1836/1309 1113/1837/1310 1107/1829/1303
f 1103/1830/1304 1109/1838/1311 1108/1836/1309 1102/1828/1302
f 1104/1831/1305 5334/1839/1312 1109/1838/1311 1103/1830/1304
f 1105/1832/1306 1111/1840/1313 1110/1841/1314 4021/1833/1307
f 1106/1834/1308 1112/1842/1315 1111/1840/1313 1105/1832/1306
f 1107/1835/1303 1113/1843/1310 1112/1842/1315 1106/1834/1308
f 1108/1836/1309 1114/1844/1316 1119/1845/1317 1113/1837/1310
f 1109/1838/1311 1115/1846/1318 1114/1844/1316 1108/1836/1309
f 5334/1839/1312 1116/1847/1319 1115/1846/1318 1109/1838/1311
f 1111/1840/1313 1117/1848/1320 4032/1849/1321 1110/1841/1314
f 1112/1842/1315 1118/1850/1322 1117/1848/1320 1111/1840/1313
f 1113/1843/1310 1119/1851/1317 1118/1850/1322 1112/1842/1315
f 1114/1844/1316 1120/1852/1323 1125/1853/1324 1119/1845/1317
f 1115/1846/1318 1121/1854/1325 1120/1852/1323 1114/1844/1316
f 1116/1847/1319 1122/1855/1326 1121/1854/1325 1115/1846/1318
f 1117/1848/1320 1123/1856/1327 4038/1857/1328 4032/1849/1321
f 1118/1850/1322 1124/1858/1329 1123/1856/1327 1117/1848/1320
f 1119/1851/1317 1125/1859/1324 1124/1858/1329 1118/1850/1322
f 1120/1852/1323 1126/1860/1330 1132/1861/1331 1125/1853/1324
f 1121/1854/1325 1127/1862/1332 1126/1860/1330 1120/1852/1323
f 1122/1855/1326 1128/1863/1333 1127/1862/1332 1121/1854/1325
f 1123/1856/1327 1130/1864/1334 1129/1865/1335 4038/1857/1328
f 1124/1858/1329 1131/1866/1336 1130/1864/1334 1123/1856/1327
f 1125/1859/1324 1132/1867/1331 1131/1866/1336 1124/1858/1329
f 1126/1868/1330 1133/1869/1337 1138/1870/1338 1132/1871/1331
f 1127/1862/1332 1134/1872/1339 1133/1873/1337 1126/1860/1330
f 1128/1874/1333 5357/1875/1340 1134/1876/1339 1127/1877/1332
f 1130/1864/1334 1136/1878/1341 1135/1879/1342 1129/1865/1335
f 1131/1866/1336 1137/1880/1343 1136/1878/1341 1130/1864/1334
f 1132/1867/1331 1138/1881/1338 1137/1880/1343 1131/1866/1336
f 1133/1869/1337 1139/1882/1344 1143/1883/1345 1138/1870/1338
f 1134/1872/1339 1140/1884/1346 1139/1885/1344 1133/1873/1337
f 5357/1875/1340 5363/1886/1347 1140/1887/1346 1134/1876/1339
f 1136/1878/1341 1141/1888/1348 4056/1889/1349 1135/1879/1342
f 1137/1880/1343 1142/1890/1350 1141/1888/1348 1136/1878/1341
f 1138/1870/1338 1143/1883/1345 1142/1891/1350 1137/1892/1343
f 1139/1882/1344 1144/1893/1351 1149/1894/1352 1143/1883/1345
f 1140/1895/1346 1145/1896/1353 1144/1893/1351 1139/1882/1344
f 5363/1886/1347 5369/1897/1354 1145/1898/1353 1140/1887/1346
f 1141/1888/1348 1147/1899/1355 1146/1900/1356 4056/1889/1349
f 1142/1890/1350 1148/1901/1357 1147/1899/1355 1141/1888/1348
f 1143/1883/1345 1149/1894/1352 1148/1902/1357 1142/1891/1350
f 1144/1893/1351 1150/1903/1358 1155/1904/1359 1149/1894/1352
f 1145/1896/1353 1151/1905/1360 1150/1903/1358 1144/1893/1351
f 5369/1897/1354 5376/1906/1361 1151/1907/1360 1145/1898/1353
f 1147/1899/1355 1153/1908/1362 1152/1909/1363 1146/1900/1356
f 1148/1901/1357 1154/1910/1364 1153/1908/1362 1147/1899/1355
f 1149/1894/1352 1155/1904/1359 1154/1911/1364 1148/1902/1357
f 1150/1903/1358 1156/1912/1365 1162/1913/1366 1155/1904/1359
f 1151/1905/1360 1157/1914/1367 1156/1912/1365 1150/1903/1358
f 5376/1906/1361 1158/1915/1368 1157/1916/1367 1151/1907/1360
f 1153/1908/1362 1160/1917/1369 1159/1918/1370 1152/1909/1363
f 1154/1910/1364 1161/1919/1371 1160/1917/1369 1153/1908/1362
f 1155/1904/1359 1162/1913/1366 1161/1920/1371 1154/1911/1364
f 1156/1912/1365 1163/1921/1372 1167/1922/1373 1162/1913/1366
f 1157/1916/1367 1164/1923/1374 1163/1924/1372 1156/1925/1365
f 1158/1915/1368 5388/1926/1375 1164/1923/1374 1157/1916/1367
f 1160/1917/1369 1165/1927/1376 4081/1928/1377 1159/1918/1370
f 1161/1919/1371 1166/1929/1378 1165/1927/1376 1160/1917/1369
f 1162/1913/1366 1167/1922/1373 1166/1930/1378 1161/1920/1371
f 1163/1921/1372 1168/1931/1379 1173/1932/1380 1167/1922/1373
f 1164/1923/1374 1169/1933/1381 1168/1934/1379 1163/1924/1372
f 5388/1926/1375 5394/1935/1382 1169/1933/1381 1164/1923/1374
f 1165/1927/1376 1171/1936/1383 1170/1937/1384 4081/1928/1377
f 1166/1929/1378 1172/1938/1385 1171/1936/1383 1165/1927/1376
f 1167/1922/1373 1173/1932/1380 1172/1939/1385 1166/1930/1378
f 1168/1940/1379 1174/1941/1386 1178/1942/1387 1173/1943/1380
f 1169/1933/1381 1175/1944/1388 1174/1945/1386 1168/1934/1379
f 5394/1935/1382 5401/1946/1389 1175/1944/1388 1169/1933/1381
f 1171/1936/1383 1176/1947/1390 4093/1948/1391 1170/1937/1384
f 1172/1938/1385 1177/1949/1392 1176/1947/1390 1171/1936/1383
f 1173/1943/1380 1178/1942/1387 1177/1950/1392 1172/1951/1385
f 1174/1941/1386 1179/1952/1393 1185/1953/1394 1178/1942/1387
f 1175/1944/1388 1180/1954/1395 1179/1955/1393 1174/1945/1386
f 5401/1946/1389 1181/1956/1396 1180/1954/1395 1175/1944/1388
f 1176/1947/1390 1183/1957/1397 1182/1958/1398 4093/1948/1391
f 1177/1950/1392 1184/1959/1399 1183/1960/1397 1176/1961/1390
f 1178/1942/1387 1185/1953/1394 1184/1959/1399 1177/1950/1392
f 1179/1952/1393 1186/1962/1400 1190/1963/1401 1185/1953/1394
f 1180/1954/1395 1187/1964/1402 1186/1965/1400 1179/1955/1393
f 1181/1956/1396 5414/1966/1403 1187/1964/1402 1180/1954/1395
f 1183/1957/1397 1188/1967/1404 4105/1968/1405 1182/1958/1398
f 1184/1959/1399 1189/1969/1406 1188/1970/1404 1183/1960/1397
f 1185/1953/1394 1190/1963/1401 1189/1969/1406 1184/1959/1399
f 1186/1962/1400 1191/1971/1407 1196/1972/1408 1190/1963/1401
f 1187/1964/1402 1192/1973/1409 1191/1974/1407 1186/1965/1400
f 5414/1966/1403 5421/1975/1410 1192/1973/1409 1187/1964/1402
f 1188/1967/1404 1194/1976/1411 1193/1977/1412 4105/1968/1405
f 1189/1969/1406 1195/1978/1413 1194/1979/1411 1188/1970/1404
f 1190/1963/1401 1196/1972/1408 1195/1978/1413 1189/1969/1406
f 1191/1971/1407 1197/1980/1414 1202/1981/1415 1196/1972/1408
f 1192/1973/1409 1198/1982/1416 1197/1983/1414 1191/1974/1407
f 5421/1975/1410 1199/1984/1417 1198/1982/1416 1192/1973/1409
f 1194/1976/1411 1200/1985/1418 4114/1986/1419 1193/1977/1412
f 1195/1978/1413 1201/1987/1420 1200/1988/1418 1194/1979/1411
f 1196/1972/1408 1202/1981/1415 1201/1987/1420 1195/1978/1413
f 1197/1980/1414 1203/1989/1421 1208/1990/1422 1202/1981/1415
f 1198/1982/1416 1204/1991/1423 1203/1992/1421 1197/1983/1414
f 1199/1984/1417 1205/1993/1424 1204/1991/1423 1198/1982/1416
f 1200/1985/1418 1206/1994/1425 4119/1995/1426 4114/1986/1419
f 1201/1987/1420 1207/1996/1427 1206/1997/1425 1200/1988/1418
f 1202/1981/1415 1208/1990/1422 1207/1996/1427 1201/1987/1420
f 1203/1998/1421 1209/1999/1428 1214/2000/1429 1208/2001/1422
f 1204/1991/1423 1210/2002/1430 1209/2003/1428 1203/1992/1421
f 1205/1993/1424 1211/2004/1431 1210/2002/1430 1204/1991/1423
f 1206/1994/1425 1212/2005/1432 4124/2006/1433 4119/1995/1426
f 1207/1996/1427 1213/2007/1434 1212/2008/1432 1206/1997/1425
f 1208/1990/1422 1214/2009/1429 1213/2007/1434 1207/1996/1427
f 1209/1999/1428 1215/2010/1435 1220/2011/1436 1214/2000/1429
f 1210/2002/1430 1216/2012/1437 1215/2013/1435 1209/2003/1428
f 1211/2004/1431 1217/2014/1438 1216/2012/1437 1210/2002/1430
f 1212/2005/1432 1218/2015/1439 4129/2016/1440 4124/2006/1433
f 1213/2007/1434 1219/2017/1441 1218/2018/1439 1212/2008/1432
f 1214/2009/1429 1220/2019/1436 1219/2017/1441 1213/2007/1434
f 1215/2010/1435 1221/2020/1442 1227/2021/1443 1220/2011/1436
f 1216/2012/1437 1222/2022/1444 1221/2023/1442 1215/2013/1435
f 1217/2024/1438 1223/2025/1445 1222/2026/1444 1216/2027/1437
f 1218/2015/1439 1225/2028/1446 1224/2029/1447 4129/2016/1440
f 1219/2017/1441 1226/2030/1448 1225/2031/1446 1218/2018/1439
f 1220/2011/1436 1227/2021/1443 1226/2032/1448 1219/2033/1441
f 1221/2020/1442 1228/2034/1449 1234/2035/1450 1227/2021/1443
f 1222/2036/1444 1229/2037/1451 1228/2034/1449 1221/2020/1442
f 1223/2025/1445 1230/2038/1452 1229/2039/1451 1222/2026/1444
f 1225/2028/1446 1232/2040/1453 1231/2041/1454 1224/2029/1447
f 1226/2030/1448 1233/2042/1455 1232/2043/1453 1225/2031/1446
f 1227/2021/1443 1234/2035/1450 1233/2044/1455 1226/2032/1448
f 1228/2034/1449 1235/2045/1456 1240/2046/1457 1234/2035/1450
f 1229/2037/1451 1236/2047/1458 1235/2045/1456 1228/2034/1449
f 1230/2038/1452 1237/2048/1459 1236/2049/1458 1229/2039/1451
f 1232/2040/1453 1238/2050/1460 1231/2041/1454
f 1233/2051/1455 1239/2052/1461 1238/2050/1460 1232/2040/1453
f 1234/2035/1450 1240/2046/1457 1239/2053/1461 1233/2044/1455
f 1235/2045/1456 1241/2054/1462 1246/2055/1463 1240/2046/1457
f 1236/2049/1458 1242/2056/1464 1241/2057/1462 1235/2058/1456
f 1237/2048/1459 1243/2059/1465 1242/2056/1464 1236/2049/1458
f 1239/2052/1461 1245/2060/1466 1244/2061/1467 1238/2050/1460
f 1240/2046/1457 1246/2055/1463 1245/2062/1466 1239/2053/1461
f 1241/2054/1462 1247/2063/1468 1252/2064/1469 1246/2055/1463
f 1242/2056/1464 1248/2065/1470 1247/2066/1468 1241/2057/1462
f 1243/2059/1465 1249/2067/1471 1248/2065/1470 1242/2056/1464
f 1245/2060/1466 1251/2068/1472 1250/2069/1473 1244/2061/1467
f 1246/2055/1463 1252/2064/1469 1251/2070/1472 1245/2062/1466
f 1247/2063/1468 1253/2071/1474 1257/2072/1475 1252/2064/1469
f 1248/2065/1470 1254/2073/1476 1253/2074/1474 1247/2066/1468
f 1249/2067/1471 5482/2075/1477 1254/2073/1476 1248/2065/1470
f 1251/2068/1472 1256/2076/1478 1255/2077/1479 1250/2069/1473
f 1252/2064/1469 1257/2072/1475 1256/2078/1478 1251/2070/1472
f 1253/2074/1474 1258/2079/1480 1262/2080/1481 1257/2081/1475
f 1254/2073/1476 1259/2082/1482 1258/2079/1480 1253/2074/1474
f 5482/2075/1477 1259/2082/1482 1254/2073/1476
f 1256/2076/1478 1261/2083/1483 1260/2084/1484 1255/2077/1479
f 1257/2072/1475 1262/2085/1481 1261/2086/1483 1256/2078/1478
f 1258/2079/1480 1263/2087/1485 1267/2088/1486 1262/2080/1481
f 1259/2082/1482 1264/2089/1487 1263/2087/1485 1258/2079/1480
f 1261/2083/1483 1266/2090/1488 1265/2091/1489 1260/2084/1484
f 1262/2092/1481 1267/2093/1486 1266/2090/1488 1261/2083/1483
f 1263/2087/1485 1268/2094/1490 1271/2095/1491 1267/2088/1486
f 1266/2090/1488 1270/2096/1492 1269/2097/1493 1265/2091/1489
f 1267/2093/1486 1271/2098/1491 1270/2096/1492 1266/2090/1488
f 1268/2094/1490 1272/2099/1494 1276/2100/1495 1271/2095/1491
f 1270/2096/1492 1275/2101/1496 1274/2102/1497 1269/2097/1493
f 1271/2098/1491 1276/2103/1495 1275/2101/1496 1270/2096/1492
f 1272/2099/1494 1277/2104/1498 1281/2105/1499 1276/2100/1495
f 1273/2106/1500 1278/2107/1501 1277/2104/1498 1272/2099/1494
f 1275/2101/1496 1280/2108/1502 1279/2109/1503 1274/2102/1497
f 1276/2100/1495 1281/2105/1499 1280/2110/1502 1275/2111/1496
f 1277/2104/1498 1282/2112/1504 1286/2113/1505 1281/2105/1499
f 1278/2107/1501 1283/2114/1506 1282/2112/1504 1277/2104/1498
f 1280/2108/1502 1285/2115/1507 1284/2116/1508 1279/2109/1503
f 1281/2105/1499 1286/2113/1505 1285/2117/1507 1280/2110/1502
f 1282/2112/1504 1287/2118/1509 1291/2119/1510 1286/2113/1505
f 1283/2120/1506 1288/2121/1511 1287/2122/1509 1282/2123/1504
f 1285/2115/1507 1290/2124/1512 1289/2125/1513 1284/2116/1508
f 1286/2126/1505 1291/2127/1510 1290/2128/1512 1285/2129/1507
f 1287/2118/1509 1292/2130/1514 1296/2131/1515 1291/2119/1510
f 1288/2121/1511 1293/2132/1516 1292/2133/1514 1287/2122/1509
f 1290/2128/1512 1295/2134/1517 1294/2135/1518 1289/2136/1513
f 1291/2127/1510 1296/2137/1515 1295/2134/1517 1290/2128/1512
f 1292/2138/1514 1297/2139/1519 1301/2140/1520 1296/2137/1515
f 1293/2132/1516 1298/2141/1521 1297/2142/1519 1292/2133/1514
f 1295/2134/1517 1300/2143/1522 1299/2144/1523 1294/2135/1518
f 1296/2137/1515 1301/2140/1520 1300/2143/1522 1295/2134/1517
f 1297/2139/1519 1302/2145/1524 1306/2146/1525 1301/2140/1520
f 1298/2141/1521 1303/2147/1526 1302/2148/1524 1297/2142/1519
f 1300/2143/1522 1305/2149/1527 1304/2150/1528 1299/2144/1523
f 1301/2140/1520 1306/2146/1525 1305/2149/1527 1300/2143/1522
f 1302/2145/1524 1307/2151/1529 1311/2152/1530 1306/2146/1525
f 1303/2147/1526 1308/2153/1531 1307/2154/1529 1302/2148/1524
f 1305/2149/1527 1310/2155/1532 1309/2156/1533 1304/2150/1528
f 1306/2146/1525 1311/2152/1530 1310/2155/1532 1305/2149/1527
f 1307/2151/1529 1312/2157/1534 1316/2158/1535 1311/2152/1530
f 1308/2153/1531 1313/2159/1536 1312/2160/1534 1307/2154/1529
f 1310/2155/1532 1315/2161/1537 1314/2162/1538 1309/2156/1533
f 1311/2152/1530 1316/2158/1535 1315/2161/1537 1310/2155/1532
f 1312/2160/1534 1317/2163/1539 1321/2164/1540 1316/2165/1535
f 1313/2159/1536 1318/2166/1541 1317/2163/1539 1312/2160/1534
f 1315/2161/1537 1320/2167/1542 1319/2168/1543 1314/2162/1538
f 1316/2158/1535 1321/2169/1540 1320/2167/1542 1315/2161/1537
f 1317/2163/1539 1322/2170/1544 1326/2171/1545 1321/2164/1540
f 1318/2166/1541 1323/2172/1546 1322/2170/1544 1317/2163/1539
f 1320/2167/1542 1325/2173/1547 1324/2174/1548 1319/2168/1543
f 1321/2169/1540 1326/2175/1545 1325/2173/1547 1320/2167/1542
f 1322/2170/1544 1327/2176/1549 1331/2177/1550 1326/2171/1545
f 1323/2172/1546 1328/2178/1551 1327/2176/1549 1322/2170/1544
f 1325/2179/1547 1330/2180/1552 1329/2181/1553 1324/2182/1548
f 1326/2183/1545 1331/2184/1550 1330/2180/1552 1325/2179/1547
f 1327/2176/1549 1332/2185/1554 1336/2186/1555 1331/2177/1550
f 1328/2178/1551 1333/2187/1556 1332/2185/1554 1327/2176/1549
f 1330/2180/1552 1335/2188/1557 1334/2189/1558 1329/2181/1553
f 1331/2184/1550 1336/2190/1555 1335/2188/1557 1330/2180/1552
f 1332/2185/1554 1337/2191/1559 1341/2192/1560 1336/2186/1555
f 1333/2187/1556 1338/2193/1561 1337/2191/1559 1332/2185/1554
f 1335/2188/1557 1340/2194/1562 1339/2195/1563 1334/2189/1558
f 1336/2190/1555 1341/2196/1560 1340/2194/1562 1335/2188/1557
f 1337/2191/1559 1342/2197/1564 1346/2198/1565 1341/2192/1560
f 1338/2193/1561 1343/2199/1566 1342/2197/1564 1337/2191/1559
f 1340/2194/1562 1345/2200/1567 1344/2201/1568 1339/2195/1563
f 1341/2196/1560 1346/2202/1565 1345/2200/1567 1340/2194/1562
f 1342/2197/1564 1347/2203/1569 1351/2204/1570 1346/2198/1565
f 1343/2199/1566 1348/2205/1571 1347/2203/1569 1342/2197/1564
f 1345/2200/1567 1350/2206/1572 1349/2207/1573 1344/2201/1568
f 1346/2202/1565 1351/2208/1570 1350/2206/1572 1345/2200/1567
f 1347/2203/1569 1352/2209/1574 1360/2210/1575 1351/2204/1570
f 1348/2205/1571 1353/2211/1576 1352/2209/1574 1347/2203/1569
f 1350/2206/1572 1359/2212/1577 1358/2213/1578 1349/2207/1573
f 1351/2208/1570 1360/2214/1575 1359/2212/1577 1350/2206/1572
f 1352/2209/1574 1361/2215/1579 1370/2216/1580 1360/2210/1575
f 1353/2217/1576 1362/2218/1581 1361/2219/1579 1352/2220/1574
f 1355/2221/1582 1364/2222/1583 1363/2223/1584 1354/2224/1585
f 1356/2225/1586 1365/2226/1587 1364/2222/1583 1355/2221/1582
f 1357/2227/1588 1366/2228/1589 1365/2226/1587 1356/2225/1586
f 4243/2229/1590 1367/2230/1591 1366/2228/1589 1357/2227/1588
f 1358/2231/1578 1368/2232/1592 1367/2233/1591 4243/2234/1590
f 1359/2235/1577 1369/2236/1593 1368/2232/1592 1358/2231/1578
f 1360/2237/1575 1370/2238/1580 1369/2236/1593 1359/2235/1577
f 1361/2215/1579 1371/2239/1594 1380/2240/1595 1370/2216/1580
f 1362/2218/1581 1372/2241/1596 1371/2242/1594 1361/2219/1579
f 1364/2222/1583 1374/2243/1597 1373/2244/1598 1363/2223/1584
f 1365/2226/1587 1375/2245/1599 1374/2243/1597 1364/2222/1583
f 1366/2228/1589 1376/2246/1600 1375/2245/1599 1365/2226/1587
f 1367/2230/1591 1377/2247/1601 1376/2246/1600 1366/2228/1589
f 1368/2248/1592 1378/2249/1602 1377/2250/1601 1367/2251/1591
f 1369/2236/1593 1379/2252/1603 1378/2253/1602 1368/2232/1592
f 1370/2238/1580 1380/2254/1595 1379/2252/1603 1369/2236/1593
f 1371/2239/1594 1381/2255/1604 1390/2256/1605 1380/2240/1595
f 1372/2241/1596 1382/2257/1606 1381/2258/1604 1371/2242/1594
f 1374/2243/1597 1384/2259/1607 1383/2260/1608 1373/2244/1598
f 1375/2245/1599 1385/2261/1609 1384/2259/1607 1374/2243/1597
f 1376/2246/1600 1386/2262/1610 1385/2261/1609 1375/2245/1599
f 1377/2247/1601 1387/2263/1611 1386/2262/1610 1376/2246/1600
f 1378/2253/1602 1388/2264/1612 1387/2265/1611 1377/2266/1601
f 1379/2252/1603 1389/2267/1613 1388/2264/1612 1378/2253/1602
f 1380/2254/1595 1390/2268/1605 1389/2267/1613 1379/2252/1603
f 1381/2269/1604 1391/2270/1614 1400/2271/1615 1390/2268/1605
f 1382/2257/1606 1392/2272/1616 1391/2273/1614 1381/2258/1604
f 1384/2259/1607 1394/2274/1617 1393/2275/1618 1383/2260/1608
f 1385/2261/1609 1395/2276/1619 1394/2274/1617 1384/2259/1607
f 1386/2262/1610 1396/2277/1620 1395/2276/1619 1385/2261/1609
f 1387/2263/1611 1397/2278/1621 1396/2277/1620 1386/2262/1610
f 1388/2264/1612 1398/2279/1622 1397/2280/1621 1387/2265/1611
f 1389/2267/1613 1399/2281/1623 1398/2279/1622 1388/2264/1612
f 1390/2268/1605 1400/2271/1615 1399/2281/1623 1389/2267/1613
f 1391/2273/1614 1401/2282/1624 1410/2283/1625 1400/2284/1615
f 1392/2272/1616 1402/2285/1626 1401/2282/1624 1391/2273/1614
f 1394/2274/1617 1404/2286/1627 1403/2287/1628 1393/2275/1618
f 1395/2276/1619 1405/2288/1629 1404/2286/1627 1394/2274/1617
f 1396/2277/1620 1406/2289/1630 1405/2288/1629 1395/2276/1619
f 1397/2278/1621 1407/2290/1631 1406/2289/1630 1396/2277/1620
f 1398/2279/1622 1408/2291/1632 1407/2292/1631 1397/2280/1621
f 1399/2281/1623 1409/2293/1633 1408/2291/1632 1398/2279/1622
f 1400/2271/1615 1410/2294/1625 1409/2293/1633 1399/2281/1623
f 1401/2282/1624 1411/2295/1634 1420/2296/1635 1410/2283/1625
f 1402/2285/1626 1412/2297/1636 1411/2295/1634 1401/2282/1624
f 1404/2298/1627 1414/2299/1637 1413/2300/1638 1403/2301/1628
f 1405/2302/1629 1415/2303/1639 1414/2304/1637 1404/2305/1627
f 1406/2289/1630 1416/2306/1640 1415/2307/1639 1405/2288/1629
f 1407/2290/1631 1417/2308/1641 1416/2306/1640 1406/2289/1630
f 1408/2291/1632 1418/2309/1642 1417/2310/1641 1407/2292/1631
f 1409/2293/1633 1419/2311/1643 1418/2309/1642 1408/2291/1632
f 1410/2294/1625 1420/2312/1635 1419/2311/1643 1409/2293/1633
f 6026/2313/1644 6051/2314/1645 6073/2315/1646 6048/2316/1647
f 6029/2317/1648 6052/2318/1649 6051/2319/1645 6026/2320/1644
f 6031/2321/1650 6054/2322/1651 6052/2323/1649 6029/2324/1648
f 6033/2325/1652 6056/2326/1653 6054/2327/1651 6031/2328/1650
f 6034/2329/1654 6058/2330/1655 6056/2326/1653 6033/2331/1652
f 6039/2332/1656 6062/2333/1657 6060/2334/1658 6037/2335/1659
f 6041/2336/1660 6064/2337/1661 6062/2338/1657 6039/2332/1656
f 6043/2339/1662 6067/2340/1663 6064/2341/1661 6041/2342/1660
f 1418/2309/1642 6044/2343/1664 6042/2344/1665 1417/2310/1641
f 6045/2345/1666 6068/2346/1667 6067/2347/1663 6043/2348/1662
f 6047/2349/1668 6070/2350/1669 6068/2351/1667 6045/2352/1666
f 6048/2353/1647 6073/2354/1646 6070/2355/1669 6047/2356/1668
f 5573/2357/1670 6030/2358/1671 6028/2359/1672 1412/2297/1636
f 1411/2295/1634 6027/2360/1673 6049/2361/1674 1420/2296/1635
f 5572/2362/1675 6032/2363/1676 6030/2364/1671 5573/2365/1670
f 1413/2300/1638 6035/2366/1677 6032/2367/1676 5572/2362/1675
f 6037/2368/1659 6060/2369/1658 6058/2330/1655 6034/2329/1654
f 1414/2299/1637 6036/2370/1678 6035/2366/1677 1413/2300/1638
f 1415/2303/1639 6038/2371/1679 6036/2372/1678 1414/2304/1637
f 1416/2373/1640 6040/2374/1680 6038/2375/1679 1415/2303/1639
f 1417/2376/1641 6042/2377/1665 6040/2378/1680 1416/2373/1640
f 1419/2311/1643 6046/2379/1681 6044/2380/1664 1418/2309/1642
f 1420/2312/1635 6049/2381/1674 6046/2379/1681 1419/2311/1643
f 6053/2382/1682 1422/2383/1683 1421/2384/1684 6050/2385/1685
f 6055/2386/1686 1423/2387/1687 1422/2383/1683 6053/2388/1682
f 6050/2389/1685 1421/2384/1684 1432/2390/1688 6072/2391/1689
f 6057/2392/1690 1424/2393/1691 1423/2394/1687 6055/2395/1686
f 6059/2396/1692 1425/2397/1693 1424/2393/1691 6057/2398/1690
f 6061/2399/1694 1426/2400/1695 1425/2397/1693 6059/2396/1692
f 6063/2401/1696 1427/2402/1697 1426/2403/1695 6061/2404/1694
f 6065/2405/1698 1428/2406/1699 1427/2402/1697 6063/2407/1696
f 6066/2408/1700 1429/2409/1701 1428/2406/1699 6065/2405/1698
f 6069/2410/1702 1430/2411/1703 1429/2412/1701 6066/2413/1700
f 6071/2414/1704 1431/2415/1705 1430/2411/1703 6069/2410/1702
f 6072/2416/1689 1432/2417/1688 1431/2415/1705 6071/2418/1704
f 6077/2419/1706 6100/2420/1707 6099/2421/1708 6074/2422/1709
f 1422/2383/1683 5651/2423/1710 5645/2424/1711 1421/2384/1684
f 1423/2387/1687 5658/2425/1712 5651/2423/1710 1422/2383/1683
f 1424/2393/1691 5665/2426/1713 5658/2427/1712 1423/2394/1687
f 1425/2397/1693 5673/2428/1714 5665/2426/1713 1424/2393/1691
f 1426/2400/1695 5680/2429/1715 5673/2428/1714 1425/2397/1693
f 1427/2430/1697 5687/2431/1716 5680/2429/1715 1426/2400/1695
f 1428/2406/1699 5694/2432/1717 5687/2433/1716 1427/2402/1697
f 1429/2409/1701 5701/2434/1718 5694/2432/1717 1428/2406/1699
f 1430/2411/1703 5707/2435/1719 5701/2436/1718 1429/2412/1701
f 1431/2415/1705 5714/2437/1720 5707/2435/1719 1430/2411/1703
f 1432/2417/1688 5722/2438/1721 5714/2437/1720 1431/2415/1705
f 2862/2439/1722 5736/2440/1723 5729/2441/1724 2861/2442/1725
f 1433/2443/1726 1438/2444/1727 1442/2445/1728 1437/2446/1729
f 1434/4/4 1439/3/3 1438/2444/1727 1433/2443/1726
f 5995/2447/2 6000/2448/10 2875/2449/1730 1445/2450/1731
f 1435/2451/1732 1440/2452/1733 4298/2453/1734
f 1436/2454/1735 1441/2455/1736 1440/2452/1733 1435/2451/1732
f 1437/2456/1729 1442/2457/1728 1441/2455/1736 1436/2454/1735
f 1438/2458/1727 1443/2459/1737 1448/2460/1738 1442/2461/1728
f 1439/3/3 1444/2462/1739 1443/2463/1737 1438/2444/1727
f 1440/2452/1733 1446/2464/1740 4304/2465/1741 4298/2453/1734
f 1441/2455/1736 1447/2466/1742 1446/2464/1740 1440/2452/1733
f 1442/2457/1728 1448/2467/1738 1447/2466/1742 1441/2455/1736
f 1443/2459/1737 1449/2468/1743 1455/2469/1744 1448/2460/1738
f 1444/2470/1739 1450/2471/1745 1449/2468/1743 1443/2459/1737
f 1445/2472/1731 1451/2473/1746 1450/2474/1745 1444/2475/1739
f 1446/2464/1740 1453/2476/1747 1452/2477/1748 4304/2465/1741
f 1447/2466/1742 1454/2478/1749 1453/2476/1747 1446/2464/1740
f 1448/2460/1738 1455/2469/1744 1454/2479/1749 1447/2480/1742
f 1449/2468/1743 1456/2481/1750 1462/2482/1751 1455/2469/1744
f 1450/2471/1745 1457/2483/1752 1456/2481/1750 1449/2468/1743
f 1451/2473/1746 1458/2484/1753 1457/2485/1752 1450/2474/1745
f 1453/2476/1747 1460/2486/1754 1459/2487/1755 1452/2477/1748
f 1454/2478/1749 1461/2488/1756 1460/2486/1754 1453/2476/1747
f 1455/2469/1744 1462/2482/1751 1461/2489/1756 1454/2479/1749
f 1456/2481/1750 1463/2490/1757 1468/2491/1758 1462/2482/1751
f 1457/2483/1752 1464/2492/1759 1463/2490/1757 1456/2481/1750
f 1458/2484/1753 1465/2493/1760 1464/2494/1759 1457/2485/1752
f 1460/2486/1754 1466/2495/1761 4320/2496/1762 1459/2487/1755
f 1461/2489/1756 1467/2497/1763 1466/2498/1761 1460/2499/1754
f 1462/2482/1751 1468/2491/1758 1467/2497/1763 1461/2489/1756
f 1463/2490/1757 1469/2500/1764 1474/2501/1765 1468/2491/1758
f 1464/2494/1759 1470/2502/1766 1469/2503/1764 1463/2504/1757
f 1465/2493/1760 2873/2505/1767 1470/2502/1766 1464/2494/1759
f 1466/2506/1761 1472/2507/1768 1471/2508/1769 4320/2509/1762
f 1467/2497/1763 1473/2510/1770 1472/2511/1768 1466/2498/1761
f 1468/2491/1758 1474/2501/1765 1473/2510/1770 1467/2497/1763
f 1469/2500/1764 1475/2512/1771 1479/2513/1772 1474/2501/1765
f 1470/2502/1766 1476/2514/1773 1475/2515/1771 1469/2503/1764
f 2873/2505/1767 2876/2516/1774 1476/2514/1773 1470/2502/1766
f 1472/2507/1768 1477/2517/1775 4332/2518/1776 1471/2508/1769
f 1473/2510/1770 1478/2519/1777 1477/2520/1775 1472/2511/1768
f 1474/2501/1765 1479/2513/1772 1478/2519/1777 1473/2510/1770
f 1475/2512/1771 1480/2521/1778 1485/2522/1779 1479/2513/1772
f 1476/2514/1773 1481/2523/1780 1480/2524/1778 1475/2515/1771
f 2876/2516/1774 2882/2525/1781 1481/2523/1780 1476/2514/1773
f 1477/2517/1775 1483/2526/1782 1482/2527/1783 4332/2518/1776
f 1478/2519/1777 1484/2528/1784 1483/2529/1782 1477/2520/1775
f 1479/2513/1772 1485/2522/1779 1484/2528/1784 1478/2519/1777
f 1480/2524/1778 1486/2530/1785 1491/2531/1786 1485/2532/1779
f 1481/2523/1780 1487/2533/1787 1486/2530/1785 1480/2524/1778
f 2882/2525/1781 2888/2534/1788 1487/2533/1787 1481/2523/1780
f 1483/2526/1782 1489/2535/1789 1488/2536/1790 1482/2527/1783
f 1484/2528/1784 1490/2537/1791 1489/2538/1789 1483/2529/1782
f 1485/2522/1779 1491/2539/1786 1490/2537/1791 1484/2528/1784
f 1486/2530/1785 1492/2540/1792 1497/2541/1793 1491/2531/1786
f 1487/2533/1787 1493/2542/1794 1492/2540/1792 1486/2530/1785
f 2888/2534/1788 1494/2543/1795 1493/2542/1794 1487/2533/1787
f 1489/2535/1789 1495/2544/1796 4350/2545/1797 1488/2536/1790
f 1490/2546/1791 1496/2547/1798 1495/2544/1796 1489/2535/1789
f 1491/2539/1786 1497/2548/1793 1496/2549/1798 1490/2537/1791
f 1492/2540/1792 1498/2550/1799 1504/2551/1800 1497/2541/1793
f 1493/2542/1794 1499/2552/1801 1498/2550/1799 1492/2540/1792
f 1494/2543/1795 1500/2553/1802 1499/2552/1801 1493/2542/1794
f 1495/2544/1796 1502/2554/1803 1501/2555/1804 4350/2545/1797
f 1496/2547/1798 1503/2556/1805 1502/2554/1803 1495/2544/1796
f 1497/2557/1793 1504/2558/1800 1503/2556/1805 1496/2547/1798
f 1498/2550/1799 1505/2559/1806 1510/2560/1807 1504/2551/1800
f 1499/2552/1801 1506/2561/1808 1505/2559/1806 1498/2550/1799
f 1500/2553/1802 2904/2562/1809 1506/2561/1808 1499/2552/1801
f 1502/2554/1803 1508/2563/1810 1507/2564/1811 1501/2555/1804
f 1503/2556/1805 1509/2565/1812 1508/2563/1810 1502/2554/1803
f 1504/2558/1800 1510/2566/1807 1509/2565/1812 1503/2556/1805
f 1505/2559/1806 1511/2567/1813 1516/2568/1814 1510/2560/1807
f 1506/2561/1808 1512/2569/1815 1511/2567/1813 1505/2559/1806
f 2904/2562/1809 2910/2570/1816 1512/2569/1815 1506/2561/1808
f 1508/2563/1810 1514/2571/1817 1513/2572/1818 1507/2564/1811
f 1509/2565/1812 1515/2573/1819 1514/2571/1817 1508/2563/1810
f 1510/2566/1807 1516/2574/1814 1515/2573/1819 1509/2565/1812
f 1511/2567/1813 1517/2575/1820 1522/2576/1821 1516/2568/1814
f 1512/2569/1815 1518/2577/1822 1517/2575/1820 1511/2567/1813
f 2910/2570/1816 2916/2578/1823 1518/2577/1822 1512/2569/1815
f 1514/2571/1817 1520/2579/1824 1519/2580/1825 1513/2572/1818
f 1515/2573/1819 1521/2581/1826 1520/2579/1824 1514/2571/1817
f 1516/2574/1814 1522/2582/1821 1521/2581/1826 1515/2573/1819
f 1517/2583/1820 1523/2584/1827 1528/2585/1828 1522/2586/1821
f 1518/2577/1822 1524/2587/1829 1523/2588/1827 1517/2575/1820
f 2916/2578/1823 2923/2589/1830 1524/2587/1829 1518/2577/1822
f 1520/2579/1824 1526/2590/1831 1525/2591/1832 1519/2580/1825
f 1521/2581/1826 1527/2592/1833 1526/2590/1831 1520/2579/1824
f 1522/2586/1821 1528/2585/1828 1527/2593/1833 1521/2594/1826
f 1523/2584/1827 1529/2595/1834 1534/2596/1835 1528/2585/1828
f 1524/2597/1829 1530/2598/1836 1529/2595/1834 1523/2584/1827
f 2923/2599/1830 2930/2600/1837 1530/2601/1836 1524/2602/1829
f 1526/2590/1831 1532/2603/1838 1531/2604/1839 1525/2591/1832
f 1527/2592/1833 1533/2605/1840 1532/2603/1838 1526/2590/1831
f 1528/2585/1828 1534/2596/1835 1533/2606/1840 1527/2593/1833
f 1529/2595/1834 1535/2607/1841 1540/2608/1842 1534/2596/1835
f 1530/2598/1836 1536/2609/1843 1535/2607/1841 1529/2595/1834
f 2930/2600/1837 2936/2610/1844 1536/2611/1843 1530/2601/1836
f 1532/2603/1838 1538/2612/1845 1537/2613/1846 1531/2604/1839
f 1533/2605/1840 1539/2614/1847 1538/2612/1845 1532/2603/1838
f 1534/2596/1835 1540/2608/1842 1539/2615/1847 1533/2606/1840
f 1535/2607/1841 1541/2616/1848 1547/2617/1849 1540/2608/1842
f 1536/2609/1843 1542/2618/1850 1541/2616/1848 1535/2607/1841
f 2936/2610/1844 1543/2619/1851 1542/2620/1850 1536/2611/1843
f 1538/2612/1845 1545/2621/1852 1544/2622/1853 1537/2613/1846
f 1539/2615/1847 1546/2623/1854 1545/2624/1852 1538/2625/1845
f 1540/2608/1842 1547/2617/1849 1546/2623/1854 1539/2615/1847
f 1541/2616/1848 1548/2626/1855 1553/2627/1856 1547/2617/1849
f 1542/2618/1850 1549/2628/1857 1548/2626/1855 1541/2616/1848
f 1543/2619/1851 2948/2629/1858 1549/2630/1857 1542/2620/1850
f 1545/2621/1852 1551/2631/1859 1550/2632/1860 1544/2622/1853
f 1546/2623/1854 1552/2633/1861 1551/2634/1859 1545/2624/1852
f 1547/2617/1849 1553/2627/1856 1552/2633/1861 1546/2623/1854
f 1548/2626/1855 1554/2635/1862 1559/2636/1863 1553/2627/1856
f 1549/2630/1857 1555/2637/1864 1554/2638/1862 1548/2639/1855
f 2948/2629/1858 1556/2640/1865 1555/2637/1864 1549/2630/1857
f 1551/2631/1859 1557/2641/1866 4407/2642/1867 1550/2632/1860
f 1552/2633/1861 1558/2643/1868 1557/2644/1866 1551/2634/1859
f 1553/2627/1856 1559/2636/1863 1558/2643/1868 1552/2633/1861
f 1554/2635/1862 1560/2645/1869 1565/2646/1870 1559/2636/1863
f 1555/2637/1864 1561/2647/1871 1560/2648/1869 1554/2638/1862
f 1556/2640/1865 2961/2649/1872 1561/2647/1871 1555/2637/1864
f 1557/2641/1866 1563/2650/1873 1562/2651/1874 4407/2642/1867
f 1558/2643/1868 1564/2652/1875 1563/2653/1873 1557/2644/1866
f 1559/2636/1863 1565/2646/1870 1564/2652/1875 1558/2643/1868
f 1560/2645/1869 1566/2654/1876 1571/2655/1877 1565/2646/1870
f 1561/2647/1871 1567/2656/1878 1566/2657/1876 1560/2648/1869
f 2961/2649/1872 2967/2658/1879 1567/2656/1878 1561/2647/1871
f 1563/2650/1873 1569/2659/1880 1568/2660/1881 1562/2651/1874
f 1564/2652/1875 1570/2661/1882 1569/2662/1880 1563/2653/1873
f 1565/2646/1870 1571/2655/1877 1570/2661/1882 1564/2652/1875
f 1566/2657/1876 1572/2663/1883 1577/2664/1884 1571/2665/1877
f 1567/2656/1878 1573/2666/1885 1572/2663/1883 1566/2657/1876
f 2967/2658/1879 1574/2667/1886 1573/2666/1885 1567/2656/1878
f 1569/2659/1880 1575/2668/1887 4426/2669/1888 1568/2660/1881
f 1570/2670/1882 1576/2671/1889 1575/2672/1887 1569/2673/1880
f 1571/2674/1877 1577/2675/1884 1576/2671/1889 1570/2670/1882
f 1572/2663/1883 1578/2676/1890 1583/2677/1891 1577/2664/1884
f 1573/2666/1885 1579/2678/1892 1578/2676/1890 1572/2663/1883
f 1574/2667/1886 2980/2679/1893 1579/2678/1892 1573/2666/1885
f 1575/2668/1887 1581/2680/1894 1580/2681/1895 4426/2669/1888
f 1576/2671/1889 1582/2682/1896 1581/2683/1894 1575/2672/1887
f 1577/2675/1884 1583/2684/1891 1582/2682/1896 1576/2671/1889
f 1578/2676/1890 1584/2685/1897 1590/2686/1898 1583/2677/1891
f 1579/2678/1892 1585/2687/1899 1584/2685/1897 1578/2676/1890
f 2980/2679/1893 1586/2688/1900 1585/2687/1899 1579/2678/1892
f 1581/2680/1894 1588/2689/1901 1587/2690/1902 1580/2681/1895
f 1582/2682/1896 1589/2691/1903 1588/2692/1901 1581/2683/1894
f 1583/2684/1891 1590/2693/1898 1589/2691/1903 1582/2682/1896
f 1584/2685/1897 1591/2694/1904 1596/2695/1905 1590/2686/1898
f 1585/2687/1899 1592/2696/1906 1591/2694/1904 1584/2685/1897
f 1586/2688/1900 2993/2697/1907 1592/2696/1906 1585/2687/1899
f 1588/2689/1901 1594/2698/1908 1593/2699/1909 1587/2690/1902
f 1589/2691/1903 1595/2700/1910 1594/2701/1908 1588/2692/1901
f 1590/2693/1898 1596/2702/1905 1595/2700/1910 1589/2691/1903
f 1591/2694/1904 1597/2703/1911 1601/2704/1912 1596/2695/1905
f 1592/2696/1906 1598/2705/1913 1597/2703/1911 1591/2694/1904
f 2993/2697/1907 3000/2706/1914 1598/2705/1913 1592/2696/1906
f 1594/2698/1908 1599/2707/1915 4450/2708/1916 1593/2699/1909
f 1595/2700/1910 1600/2709/1917 1599/2710/1915 1594/2701/1908
f 1596/2702/1905 1601/2711/1912 1600/2709/1917 1595/2700/1910
f 1597/2703/1911 1602/2712/1918 1607/2713/1919 1601/2704/1912
f 1598/2705/1913 1603/2714/1920 1602/2712/1918 1597/2703/1911
f 3000/2706/1914 1604/2715/1921 1603/2714/1920 1598/2705/1913
f 1599/2710/1915 1605/2716/1922 4456/2717/1923 4450/2718/1916
f 1600/2709/1917 1606/2719/1924 1605/2716/1922 1599/2710/1915
f 1601/2711/1912 1607/2720/1919 1606/2719/1924 1600/2709/1917
f 1602/2712/1918 1608/2721/1925 1613/2722/1926 1607/2713/1919
f 1603/2714/1920 1609/2723/1927 1608/2721/1925 1602/2712/1918
f 1604/2715/1921 1610/2724/1928 1609/2723/1927 1603/2714/1920
f 1605/2725/1922 1611/2726/1929 4462/2727/1930 4456/2728/1923
f 1606/2719/1924 1612/2729/1931 1611/2730/1929 1605/2716/1922
f 1607/2720/1919 1613/2731/1926 1612/2729/1931 1606/2719/1924
f 1608/2732/1925 1614/2733/1932 1619/2734/1933 1613/2735/1926
f 1609/2723/1927 1615/2736/1934 1614/2737/1932 1608/2721/1925
f 1610/2738/1928 1616/2739/1935 1615/2740/1934 1609/2741/1927
f 1611/2726/1929 1617/2742/1936 4468/2743/1937 4462/2727/1930
f 1612/2729/1931 1618/2744/1938 1617/2745/1936 1611/2730/1929
f 1613/2735/1926 1619/2734/1933 1618/2746/1938 1612/2747/1931
f 1614/2733/1932 1620/2748/1939 1625/2749/1940 1619/2734/1933
f 1615/2736/1934 1621/2750/1941 1620/2751/1939 1614/2737/1932
f 1616/2739/1935 1622/2752/1942 1621/2753/1941 1615/2740/1934
f 1617/2742/1936 1623/2754/1943 4474/2755/1944 4468/2743/1937
f 1618/2744/1938 1624/2756/1945 1623/2757/1943 1617/2745/1936
f 1619/2734/1933 1625/2749/1940 1624/2758/1945 1618/2746/1938
f 1620/2748/1939 1626/2759/1946 1631/2760/1947 1625/2749/1940
f 1621/2753/1941 1627/2761/1948 1626/2762/1946 1620/2763/1939
f 1622/2752/1942 1628/2764/1949 1627/2761/1948 1621/2753/1941
f 1623/2754/1943 1629/2765/1950 4480/2766/1951 4474/2755/1944
f 1624/2758/1945 1630/2767/1952 1629/2768/1950 1623/2769/1943
f 1625/2749/1940 1631/2760/1947 1630/2767/1952 1624/2758/1945
f 1626/2759/1946 1632/2770/1953 1637/2771/1954 1631/2760/1947
f 1627/2761/1948 1633/2772/1955 1632/2773/1953 1626/2762/1946
f 1628/2764/1949 1634/2774/1956 1633/2772/1955 1627/2761/1948
f 1629/2765/1950 1635/2775/1957 4486/2776/1958 4480/2766/1951
f 1630/2767/1952 1636/2777/1959 1635/2778/1957 1629/2768/1950
f 1631/2760/1947 1637/2771/1954 1636/2777/1959 1630/2767/1952
f 1632/2770/1953 1638/2779/1960 1643/2780/1961 1637/2771/1954
f 1633/2772/1955 1639/2781/1962 1638/2782/1960 1632/2773/1953
f 1634/2774/1956 1640/2783/1963 1639/2781/1962 1633/2772/1955
f 1635/2775/1957 1641/2784/1964 4492/2785/1965 4486/2776/1958
f 1636/2777/1959 1642/2786/1966 1641/2787/1964 1635/2778/1957
f 1637/2771/1954 1643/2780/1961 1642/2786/1966 1636/2777/1959
f 1638/2782/1960 1644/2788/1967 1649/2789/1968 1643/2790/1961
f 1639/2781/1962 1645/2791/1969 1644/2788/1967 1638/2782/1960
f 1640/2783/1963 1646/2792/1970 1645/2791/1969 1639/2781/1962
f 1641/2784/1964 1647/2793/1971 4498/2794/1972 4492/2785/1965
f 1642/2786/1966 1648/2795/1973 1647/2796/1971 1641/2787/1964
f 1643/2780/1961 1649/2797/1968 1648/2795/1973 1642/2786/1966
f 1644/2788/1967 1650/2798/1974 1655/2799/1975 1649/2789/1968
f 1645/2791/1969 1651/2800/1976 1650/2798/1974 1644/2788/1967
f 1646/2792/1970 3053/2801/1977 1651/2800/1976 1645/2791/1969
f 1647/2793/1971 1653/2802/1978 1652/2803/1979 4498/2794/1972
f 1648/2804/1973 1654/2805/1980 1653/2802/1978 1647/2793/1971
f 1649/2797/1968 1655/2806/1975 1654/2807/1980 1648/2795/1973
f 1650/2798/1974 1656/2808/1981 1661/2809/1982 1655/2799/1975
f 1651/2800/1976 1657/2810/1983 1656/2808/1981 1650/2798/1974
f 3053/2801/1977 1658/2811/1984 1657/2810/1983 1651/2800/1976
f 1653/2802/1978 1659/2812/1985 4511/2813/1986 1652/2803/1979
f 1654/2805/1980 1660/2814/1987 1659/2812/1985 1653/2802/1978
f 1655/2806/1975 1661/2815/1982 1660/2816/1987 1654/2807/1980
f 1656/2808/1981 1662/2817/1988 1668/2818/1989 1661/2809/1982
f 1657/2810/1983 1663/2819/1990 1662/2817/1988 1656/2808/1981
f 1658/2811/1984 1664/2820/1991 1663/2819/1990 1657/2810/1983
f 1659/2812/1985 1666/2821/1992 1665/2822/1993 4511/2813/1986
f 1660/2814/1987 1667/2823/1994 1666/2821/1992 1659/2812/1985
f 1661/2809/1982 1668/2818/1989 1667/2824/1994 1660/2825/1987
f 1662/2817/1988 1669/2826/1995 1674/2827/1996 1668/2818/1989
f 1663/2819/1990 1670/2828/1997 1669/2826/1995 1662/2817/1988
f 1664/2820/1991 3071/2829/1998 1670/2828/1997 1663/2819/1990
f 1666/2821/1992 1672/2830/1999 1671/2831/2000 1665/2822/1993
f 1667/2823/1994 1673/2832/2001 1672/2830/1999 1666/2821/1992
f 1668/2833/1989 1674/2834/1996 1673/2832/2001 1667/2823/1994
f 1669/2826/1995 1675/2835/2002 1679/2836/2003 1674/2827/1996
f 1670/2828/1997 1676/2837/2004 1675/2835/2002 1669/2826/1995
f 3071/2829/1998 3077/2838/2005 1676/2837/2004 1670/2828/1997
f 1672/2830/1999 1677/2839/2006 4528/2840/2007 1671/2831/2000
f 1673/2832/2001 1678/2841/2008 1677/2839/2006 1672/2830/1999
f 1674/2834/1996 1679/2842/2003 1678/2841/2008 1673/2832/2001
f 1675/2835/2002 1680/2843/2009 1685/2844/2010 1679/2836/2003
f 1676/2837/2004 1681/2845/2011 1680/2843/2009 1675/2835/2002
f 3077/2838/2005 3083/2846/2012 1681/2845/2011 1676/2837/2004
f 1677/2839/2006 1683/2847/2013 1682/2848/2014 4528/2840/2007
f 1678/2841/2008 1684/2849/2015 1683/2847/2013 1677/2839/2006
f 1679/2842/2003 1685/2850/2010 1684/2849/2015 1678/2841/2008
f 1680/2843/2009 1686/2851/2016 1691/2852/2017 1685/2844/2010
f 1681/2845/2011 1687/2853/2018 1686/2851/2016 1680/2843/2009
f 3083/2846/2012 3089/2854/2019 1687/2853/2018 1681/2845/2011
f 1683/2847/2013 1689/2855/2020 1688/2856/2021 1682/2848/2014
f 1684/2849/2015 1690/2857/2022 1689/2855/2020 1683/2847/2013
f 1685/2858/2010 1691/2859/2017 1690/2860/2022 1684/2861/2015
f 1686/2862/2016 1692/2863/2023 1696/2864/2024 1691/2859/2017
f 1687/2853/2018 1693/2865/2025 1692/2866/2023 1686/2851/2016
f 3089/2867/2019 3095/2868/2026 1693/2869/2025 1687/2870/2018
f 1689/2855/2020 1694/2871/2027 4545/2872/2028 1688/2856/2021
f 1690/2857/2022 1695/2873/2029 1694/2871/2027 1689/2855/2020
f 1691/2859/2017 1696/2864/2024 1695/2874/2029 1690/2860/2022
f 1692/2863/2023 1697/2875/2030 1703/2876/2031 1696/2864/2024
f 1693/2865/2025 1698/2877/2032 1697/2878/2030 1692/2866/2023
f 3095/2868/2026 1699/2879/2033 1698/2880/2032 1693/2869/2025
f 1694/2871/2027 1701/2881/2034 1700/2882/2035 4545/2872/2028
f 1695/2873/2029 1702/2883/2036 1701/2881/2034 1694/2871/2027
f 1696/2864/2024 1703/2876/2031 1702/2884/2036 1695/2874/2029
f 1697/2875/2030 1704/2885/2037 1710/2886/2038 1703/2876/2031
f 1698/2887/2032 1705/2888/2039 1704/2885/2037 1697/2875/2030
f 1699/2879/2033 1706/2889/2040 1705/2890/2039 1698/2880/2032
f 1701/2881/2034 1708/2891/2041 1707/2892/2042 1700/2882/2035
f 1702/2883/2036 1709/2893/2043 1708/2891/2041 1701/2881/2034
f 1703/2876/2031 1710/2886/2038 1709/2894/2043 1702/2884/2036
f 1704/2885/2037 1711/2895/2044 1716/2896/2045 1710/2886/2038
f 1705/2890/2039 1712/2897/2046 1711/2898/2044 1704/2899/2037
f 1706/2889/2040 3111/2900/2047 1712/2897/2046 1705/2890/2039
f 1708/2891/2041 1714/2901/2048 1713/2902/2049 1707/2892/2042
f 1709/2893/2043 1715/2903/2050 1714/2901/2048 1708/2891/2041
f 1710/2886/2038 1716/2896/2045 1715/2904/2050 1709/2894/2043
f 1711/2895/2044 1717/2905/2051 1721/2906/2052 1716/2896/2045
f 1712/2897/2046 1718/2907/2053 1717/2908/2051 1711/2898/2044
f 3111/2900/2047 3117/2909/2054 1718/2907/2053 1712/2897/2046
f 1714/2901/2048 1719/2910/2055 4568/2911/2056 1713/2902/2049
f 1715/2904/2050 1720/2912/2057 1719/2913/2055 1714/2914/2048
f 1716/2896/2045 1721/2906/2052 1720/2912/2057 1715/2904/2050
f 1717/2905/2051 1722/2915/2058 1728/2916/2059 1721/2906/2052
f 1718/2907/2053 1723/2917/2060 1722/2918/2058 1717/2908/2051
f 3117/2909/2054 1724/2919/2061 1723/2917/2060 1718/2907/2053
f 1719/2910/2055 1726/2920/2062 1725/2921/2063 4568/2911/2056
f 1720/2912/2057 1727/2922/2064 1726/2923/2062 1719/2913/2055
f 1721/2906/2052 1728/2916/2059 1727/2922/2064 1720/2912/2057
f 1722/2918/2058 1729/2924/2065 1734/2925/2066 1728/2926/2059
f 1723/2917/2060 1730/2927/2067 1729/2924/2065 1722/2918/2058
f 1724/2919/2061 3129/2928/2068 1730/2927/2067 1723/2917/2060
f 1726/2920/2062 1732/2929/2069 1731/2930/2070 1725/2921/2063
f 1727/2922/2064 1733/2931/2071 1732/2932/2069 1726/2923/2062
f 1728/2916/2059 1734/2933/2066 1733/2931/2071 1727/2922/2064
f 1729/2924/2065 1735/2934/2072 1739/2935/2073 1734/2925/2066
f 1730/2927/2067 1736/2936/2074 1735/2934/2072 1729/2924/2065
f 3129/2928/2068 3136/2937/2075 1736/2936/2074 1730/2927/2067
f 1732/2929/2069 1737/2938/2076 4585/2939/2077 1731/2930/2070
f 1733/2940/2071 1738/2941/2078 1737/2942/2076 1732/2943/2069
f 1734/2944/2066 1739/2945/2073 1738/2941/2078 1733/2940/2071
f 1735/2934/2072 1740/2946/2079 1746/2947/2080 1739/2935/2073
f 1736/2936/2074 1741/2948/2081 1740/2946/2079 1735/2934/2072
f 3136/2937/2075 1742/2949/2082 1741/2948/2081 1736/2936/2074
f 1737/2938/2076 1744/2950/2083 1743/2951/2084 4585/2939/2077
f 1738/2941/2078 1745/2952/2085 1744/2953/2083 1737/2942/2076
f 1739/2945/2073 1746/2954/2080 1745/2952/2085 1738/2941/2078
f 1740/2946/2079 1747/2955/2086 1752/2956/2087 1746/2947/2080
f 1741/2948/2081 1748/2957/2088 1747/2955/2086 1740/2946/2079
f 1742/2949/2082 1749/2958/2089 1748/2957/2088 1741/2948/2081
f 1744/2950/2083 1750/2959/2090 4596/2960/2091 1743/2951/2084
f 1745/2952/2085 1751/2961/2092 1750/2962/2090 1744/2953/2083
f 1746/2954/2080 1752/2963/2087 1751/2961/2092 1745/2952/2085
f 1747/2955/2086 1753/2964/2093 1758/2965/2094 1752/2956/2087
f 1748/2957/2088 1754/2966/2095 1753/2964/2093 1747/2955/2086
f 1749/2958/2089 3154/2967/2096 1754/2966/2095 1748/2957/2088
f 1750/2959/2090 1756/2968/2097 1755/2969/2098 4596/2960/2091
f 1751/2961/2092 1757/2970/2099 1756/2971/2097 1750/2962/2090
f 1752/2963/2087 1758/2972/2094 1757/2970/2099 1751/2961/2092
f 1753/2964/2093 1759/2973/2100 1764/2974/2101 1758/2965/2094
f 1754/2966/2095 1760/2975/2102 1759/2973/2100 1753/2964/2093
f 3154/2967/2096 1761/2976/2103 1760/2975/2102 1754/2966/2095
f 1756/2968/2097 1762/2977/2104 4608/2978/2105 1755/2969/2098
f 1757/2970/2099 1763/2979/2106 1762/2980/2104 1756/2971/2097
f 1758/2972/2094 1764/2981/2101 1763/2979/2106 1757/2970/2099
f 1759/2973/2100 1765/2982/2107 1770/2983/2108 1764/2974/2101
f 1760/2975/2102 1766/2984/2109 1765/2982/2107 1759/2973/2100
f 1761/2976/2103 1767/2985/2110 1766/2984/2109 1760/2975/2102
f 1762/2977/2104 1768/2986/2111 4614/2987/2112 4608/2978/2105
f 1763/2979/2106 1769/2988/2113 1768/2989/2111 1762/2980/2104
f 1764/2981/2101 1770/2990/2108 1769/2988/2113 1763/2979/2106
f 1765/2982/2107 1771/2991/2114 1776/2992/2115 1770/2983/2108
f 1766/2984/2109 1772/2993/2116 1771/2991/2114 1765/2982/2107
f 1767/2985/2110 1773/2994/2117 1772/2993/2116 1766/2984/2109
f 1768/2986/2111 1774/2995/2118 4620/2996/2119 4614/2987/2112
f 1769/2988/2113 1775/2997/2120 1774/2998/2118 1768/2989/2111
f 1770/2990/2108 1776/2999/2115 1775/2997/2120 1769/2988/2113
f 1771/3000/2114 1777/3001/2121 1782/3002/2122 1776/3003/2115
f 1772/2993/2116 1778/3004/2123 1777/3005/2121 1771/2991/2114
f 1773/3006/2117 1779/3007/2124 1778/3008/2123 1772/3009/2116
f 1774/2995/2118 1780/3010/2125 4626/3011/2126 4620/2996/2119
f 1775/2997/2120 1781/3012/2127 1780/3013/2125 1774/2998/2118
f 1776/3003/2115 1782/3002/2122 1781/3014/2127 1775/3015/2120
f 1777/3001/2121 1783/3016/2128 1788/3017/2129 1782/3002/2122
f 1778/3004/2123 1784/3018/2130 1783/3019/2128 1777/3005/2121
f 1779/3007/2124 1785/3020/2131 1784/3021/2130 1778/3008/2123
f 1780/3010/2125 1786/3022/2132 4632/3023/2133 4626/3011/2126
f 1781/3012/2127 1787/3024/2134 1786/3025/2132 1780/3013/2125
f 1782/3002/2122 1788/3017/2129 1787/3026/2134 1781/3014/2127
f 1783/3016/2128 1789/3027/2135 1794/3028/2136 1788/3017/2129
f 1784/3021/2130 1790/3029/2137 1789/3030/2135 1783/3031/2128
f 1785/3020/2131 1791/3032/2138 1790/3029/2137 1784/3021/2130
f 1786/3022/2132 1792/3033/2139 4638/3034/2140 4632/3023/2133
f 1787/3035/2134 1793/3036/2141 1792/3033/2139 1786/3022/2132
f 1788/3017/2129 1794/3028/2136 1793/3037/2141 1787/3026/2134
f 1789/3027/2135 1795/3038/2142 1799/3039/2143 1794/3028/2136
f 1790/3029/2137 1796/3040/2144 1795/3041/2142 1789/3030/2135
f 1791/3032/2138 3197/3042/2145 1796/3040/2144 1790/3029/2137
f 1792/3033/2139 1797/3043/2146 4644/3044/2147 4638/3034/2140
f 1793/3036/2141 1798/3045/2148 1797/3043/2146 1792/3033/2139
f 1794/3028/2136 1799/3039/2143 1798/3046/2148 1793/3037/2141
f 1795/3038/2142 1800/3047/2149 1805/3048/2150 1799/3039/2143
f 1796/3040/2144 1801/3049/2151 1800/3050/2149 1795/3041/2142
f 3197/3042/2145 1802/3051/2152 1801/3049/2151 1796/3040/2144
f 1797/3043/2146 1803/3052/2153 4651/3053/2154 4644/3044/2147
f 1798/3045/2148 1804/3054/2155 1803/3052/2153 1797/3043/2146
f 1799/3039/2143 1805/3048/2150 1804/3055/2155 1798/3046/2148
f 1800/3050/2149 1806/3056/2156 1811/3057/2157 1805/3058/2150
f 1801/3049/2151 1807/3059/2158 1806/3056/2156 1800/3050/2149
f 1802/3051/2152 1808/3060/2159 1807/3059/2158 1801/3049/2151
f 1803/3052/2153 1809/3061/2160 4657/3062/2161 4651/3053/2154
f 1804/3054/2155 1810/3063/2162 1809/3061/2160 1803/3052/2153
f 1805/3048/2150 1811/3064/2157 1810/3065/2162 1804/3055/2155
f 1806/3056/2156 1812/3066/2163 1816/3067/2164 1811/3057/2157
f 1807/3059/2158 1813/3068/2165 1812/3066/2163 1806/3056/2156
f 1808/3060/2159 3215/3069/2166 1813/3068/2165 1807/3059/2158
f 1809/3061/2160 1814/3070/2167 4664/3071/2168 4657/3062/2161
f 1810/3063/2162 1815/3072/2169 1814/3070/2167 1809/3061/2160
f 1811/3064/2157 1816/3073/2164 1815/3074/2169 1810/3065/2162
f 1812/3066/2163 1817/3075/2170 1822/3076/2171 1816/3067/2164
f 1813/3068/2165 1818/3077/2172 1817/3075/2170 1812/3066/2163
f 3215/3069/2166 1819/3078/2173 1818/3077/2172 1813/3068/2165
f 1814/3070/2167 1820/3079/2174 4670/3080/2175 4664/3071/2168
f 1815/3072/2169 1821/3081/2176 1820/3079/2174 1814/3070/2167
f 1816/3082/2164 1822/3083/2171 1821/3081/2176 1815/3072/2169
f 1817/3075/2170 1823/3084/2177 1827/3085/2178 1822/3076/2171
f 1818/3077/2172 1824/3086/2179 1823/3084/2177 1817/3075/2170
f 1819/3078/2173 3228/3087/2180 1824/3086/2179 1818/3077/2172
f 1820/3079/2174 1825/3088/2181 4677/3089/2182 4670/3080/2175
f 1821/3081/2176 1826/3090/2183 1825/3088/2181 1820/3079/2174
f 1822/3083/2171 1827/3091/2178 1826/3090/2183 1821/3081/2176
f 1823/3084/2177 1828/3092/2184 1833/3093/2185 1827/3085/2178
f 1824/3086/2179 1829/3094/2186 1828/3092/2184 1823/3084/2177
f 3228/3087/2180 3235/3095/2187 1829/3094/2186 1824/3086/2179
f 1825/3088/2181 1831/3096/2188 1830/3097/2189 4677/3089/2182
f 1826/3090/2183 1832/3098/2190 1831/3096/2188 1825/3088/2181
f 1827/3091/2178 1833/3099/2185 1832/3098/2190 1826/3090/2183
f 1828/3092/2184 1834/3100/2191 1839/3101/2192 1833/3093/2185
f 1829/3094/2186 1835/3102/2193 1834/3100/2191 1828/3092/2184
f 3235/3095/2187 1836/3103/2194 1835/3102/2193 1829/3094/2186
f 1831/3096/2188 1837/3104/2195 4689/3105/2196 1830/3097/2189
f 1832/3098/2190 1838/3106/2197 1837/3104/2195 1831/3096/2188
f 1833/3099/2185 1839/3107/2192 1838/3106/2197 1832/3098/2190
f 1834/3100/2191 1840/3108/2198 1845/3109/2199 1839/3101/2192
f 1835/3102/2193 1841/3110/2200 1840/3108/2198 1834/3100/2191
f 1836/3103/2194 3246/3111/2201 1841/3110/2200 1835/3102/2193
f 1837/3104/2195 1843/3112/2202 1842/3113/2203 4689/3105/2196
f 1838/3106/2197 1844/3114/2204 1843/3112/2202 1837/3104/2195
f 1839/3107/2192 1845/3115/2199 1844/3114/2204 1838/3106/2197
f 1840/3108/2198 1846/3116/2205 1851/3117/2206 1845/3109/2199
f 1841/3110/2200 1847/3118/2207 1846/3116/2205 1840/3108/2198
f 3246/3119/2201 3252/3120/2208 1847/3121/2207 1841/3122/2200
f 1843/3112/2202 1849/3123/2209 1848/3124/2210 1842/3113/2203
f 1844/3114/2204 1850/3125/2211 1849/3123/2209 1843/3112/2202
f 1845/3126/2199 1851/3127/2206 1850/3128/2211 1844/3129/2204
f 1846/3130/2205 1852/3131/2212 1857/3132/2213 1851/3127/2206
f 1847/3118/2207 1853/3133/2214 1852/3134/2212 1846/3116/2205
f 3252/3120/2208 3258/3135/2215 1853/3136/2214 1847/3121/2207
f 1849/3123/2209 1855/3137/2216 1854/3138/2217 1848/3124/2210
f 1850/3125/2211 1856/3139/2218 1855/3137/2216 1849/3123/2209
f 1851/3127/2206 1857/3132/2213 1856/3140/2218 1850/3128/2211
f 1852/3131/2212 1858/3141/2219 1862/3142/2220 1857/3132/2213
f 1853/3133/2214 1859/3143/2221 1858/3144/2219 1852/3134/2212
f 3258/3135/2215 3264/3145/2222 1859/3146/2221 1853/3136/2214
f 1855/3137/2216 1860/3147/2223 4713/3148/2224 1854/3138/2217
f 1856/3139/2218 1861/3149/2225 1860/3147/2223 1855/3137/2216
f 1857/3132/2213 1862/3142/2220 1861/3150/2225 1856/3140/2218
f 1858/3141/2219 1863/3151/2226 1868/3152/2227 1862/3142/2220
f 1859/3146/2221 1864/3153/2228 1863/3154/2226 1858/3155/2219
f 3264/3145/2222 3271/3156/2229 1864/3153/2228 1859/3146/2221
f 1860/3147/2223 1866/3157/2230 1865/3158/2231 4713/3148/2224
f 1861/3149/2225 1867/3159/2232 1866/3157/2230 1860/3147/2223
f 1862/3142/2220 1868/3152/2227 1867/3160/2232 1861/3150/2225
f 1863/3151/2226 1869/3161/2233 1874/3162/2234 1868/3152/2227
f 1864/3153/2228 1870/3163/2235 1869/3164/2233 1863/3154/2226
f 3271/3156/2229 3277/3165/2236 1870/3163/2235 1864/3153/2228
f 1866/3157/2230 1872/3166/2237 1871/3167/2238 1865/3158/2231
f 1867/3159/2232 1873/3168/2239 1872/3166/2237 1866/3157/2230
f 1868/3152/2227 1874/3162/2234 1873/3169/2239 1867/3160/2232
f 1869/3161/2233 1875/3170/2240 1881/3171/2241 1874/3162/2234
f 1870/3163/2235 1876/3172/2242 1875/3173/2240 1869/3164/2233
f 3277/3165/2236 1877/3174/2243 1876/3172/2242 1870/3163/2235
f 1872/3166/2237 1879/3175/2244 1878/3176/2245 1871/3167/2238
f 1873/3168/2239 1880/3177/2246 1879/3175/2244 1872/3166/2237
f 1874/3162/2234 1881/3171/2241 1880/3178/2246 1873/3169/2239
f 1875/3170/2240 1882/3179/2247 1887/3180/2248 1881/3171/2241
f 1876/3172/2242 1883/3181/2249 1882/3182/2247 1875/3173/2240
f 1877/3174/2243 1884/3183/2250 1883/3181/2249 1876/3172/2242
f 1879/3175/2244 1885/3184/2251 4738/3185/2252 1878/3176/2245
f 1880/3177/2246 1886/3186/2253 1885/3184/2251 1879/3175/2244
f 1881/3171/2241 1887/3180/2248 1886/3187/2253 1880/3178/2246
f 1882/3182/2247 1888/3188/2254 1893/3189/2255 1887/3190/2248
f 1883/3181/2249 1889/3191/2256 1888/3188/2254 1882/3182/2247
f 1884/3183/2250 1890/3192/2257 1889/3191/2256 1883/3181/2249
f 1885/3184/2251 1891/3193/2258 4745/3194/2259 4738/3185/2252
f 1886/3186/2253 1892/3195/2260 1891/3193/2258 1885/3184/2251
f 1887/3180/2248 1893/3196/2255 1892/3197/2260 1886/3187/2253
f 1888/3188/2254 1894/3198/2261 1899/3199/2262 1893/3189/2255
f 1889/3191/2256 1895/3200/2263 1894/3198/2261 1888/3188/2254
f 1890/3192/2257 1896/3201/2264 1895/3200/2263 1889/3191/2256
f 1891/3193/2258 1897/3202/2265 4751/3203/2266 4745/3194/2259
f 1892/3204/2260 1898/3205/2267 1897/3206/2265 1891/3207/2258
f 1893/3208/2255 1899/3209/2262 1898/3205/2267 1892/3204/2260
f 1894/3198/2261 1900/3210/2268 1905/3211/2269 1899/3199/2262
f 1895/3200/2263 1901/3212/2270 1900/3210/2268 1894/3198/2261
f 1896/3201/2264 3307/3213/2271 1901/3212/2270 1895/3200/2263
f 1897/3202/2265 1903/3214/2272 1902/3215/2273 4751/3203/2266
f 1898/3205/2267 1904/3216/2274 1903/3217/2272 1897/3206/2265
f 1899/3209/2262 1905/3218/2269 1904/3216/2274 1898/3205/2267
f 1900/3210/2268 1906/3219/2275 1911/3220/2276 1905/3211/2269
f 1901/3212/2270 1907/3221/2277 1906/3219/2275 1900/3210/2268
f 3307/3213/2271 1908/3222/2278 1907/3221/2277 1901/3212/2270
f 1903/3214/2272 1909/3223/2279 4764/3224/2280 1902/3215/2273
f 1904/3216/2274 1910/3225/2281 1909/3226/2279 1903/3217/2272
f 1905/3218/2269 1911/3227/2276 1910/3225/2281 1904/3216/2274
f 1906/3219/2275 1912/3228/2282 1918/3229/2283 1911/3220/2276
f 1907/3221/2277 1913/3230/2284 1912/3228/2282 1906/3219/2275
f 1908/3222/2278 1914/3231/2285 1913/3230/2284 1907/3221/2277
f 1909/3223/2279 1916/3232/2286 1915/3233/2287 4764/3224/2280
f 1910/3225/2281 1917/3234/2288 1916/3235/2286 1909/3226/2279
f 1911/3227/2276 1918/3236/2283 1917/3234/2288 1910/3225/2281
f 1912/3228/2282 1919/3237/2289 1924/3238/2290 1918/3229/2283
f 1913/3230/2284 1920/3239/2291 1919/3237/2289 1912/3228/2282
f 1914/3231/2285 1921/3240/2292 1920/3239/2291 1913/3230/2284
f 1916/3232/2286 1922/3241/2293 4776/3242/2294 1915/3233/2287
f 1917/3234/2288 1923/3243/2295 1922/3244/2293 1916/3235/2286
f 1918/3236/2283 1924/3245/2290 1923/3243/2295 1917/3234/2288
f 1919/3237/2289 1925/3246/2296 1930/3247/2297 1924/3238/2290
f 1920/3239/2291 1926/3248/2298 1925/3246/2296 1919/3237/2289
f 1921/3240/2292 1927/3249/2299 1926/3248/2298 1920/3239/2291
f 1922/3241/2293 1928/3250/2300 4782/3251/2301 4776/3242/2294
f 1923/3243/2295 1929/3252/2302 1928/3253/2300 1922/3244/2293
f 1924/3245/2290 1930/3254/2297 1929/3252/2302 1923/3243/2295
f 1925/3246/2296 1931/3255/2303 1936/3256/2304 1930/3247/2297
f 1926/3248/2298 1932/3257/2305 1931/3255/2303 1925/3246/2296
f 1927/3249/2299 1933/3258/2306 1932/3257/2305 1926/3248/2298
f 1928/3250/2300 1934/3259/2307 4788/3260/2308 4782/3251/2301
f 1929/3252/2302 1935/3261/2309 1934/3262/2307 1928/3253/2300
f 1930/3254/2297 1936/3263/2304 1935/3261/2309 1929/3252/2302
f 1931/3264/2303 1937/3265/2310 1942/3266/2311 1936/3267/2304
f 1932/3257/2305 1938/3268/2312 1937/3269/2310 1931/3255/2303
f 1933/3270/2306 1939/3271/2313 1938/3272/2312 1932/3273/2305
f 1934/3259/2307 1940/3274/2314 4794/3275/2315 4788/3260/2308
f 1935/3261/2309 1941/3276/2316 1940/3277/2314 1934/3262/2307
f 1936/3267/2304 1942/3266/2311 1941/3278/2316 1935/3279/2309
f 1937/3265/2310 1943/3280/2317 1948/3281/2318 1942/3266/2311
f 1938/3268/2312 1944/3282/2319 1943/3283/2317 1937/3269/2310
f 1939/3271/2313 1945/3284/2320 1944/3285/2319 1938/3272/2312
f 1940/3274/2314 1946/3286/2321 4800/3287/2322 4794/3275/2315
f 1941/3288/2316 1947/3289/2323 1946/3286/2321 1940/3274/2314
f 1942/3266/2311 1948/3281/2318 1947/3290/2323 1941/3278/2316
f 1943/3280/2317 1949/3291/2324 1954/3292/2325 1948/3281/2318
f 1944/3285/2319 1950/3293/2326 1949/3294/2324 1943/3295/2317
f 1945/3284/2320 1951/3296/2327 1950/3293/2326 1944/3285/2319
f 1946/3286/2321 1952/3297/2328 4806/3298/2329 4800/3287/2322
f 1947/3289/2323 1953/3299/2330 1952/3297/2328 1946/3286/2321
f 1948/3281/2318 1954/3292/2325 1953/3300/2330 1947/3290/2323
f 1949/3291/2324 1955/3301/2331 1960/3302/2332 1954/3292/2325
f 1950/3293/2326 1956/3303/2333 1955/3304/2331 1949/3294/2324
f 1951/3296/2327 1957/3305/2334 1956/3303/2333 1950/3293/2326
f 1952/3297/2328 1958/3306/2335 4812/3307/2336 4806/3298/2329
f 1953/3299/2330 1959/3308/2337 1958/3306/2335 1952/3297/2328
f 1954/3292/2325 1960/3302/2332 1959/3309/2337 1953/3300/2330
f 1955/3301/2331 1961/3310/2338 1965/3311/2339 1960/3302/2332
f 1956/3303/2333 1962/3312/2340 1961/3313/2338 1955/3304/2331
f 1957/3305/2334 3366/3314/2341 1962/3312/2340 1956/3303/2333
f 1958/3306/2335 1963/3315/2342 4818/3316/2343 4812/3307/2336
f 1959/3308/2337 1964/3317/2344 1963/3315/2342 1958/3306/2335
f 1960/3302/2332 1965/3311/2339 1964/3318/2344 1959/3309/2337
f 1961/3313/2338 1966/3319/2345 1972/3320/2346 1965/3321/2339
f 1962/3312/2340 1967/3322/2347 1966/3319/2345 1961/3313/2338
f 3366/3314/2341 1968/3323/2348 1967/3322/2347 1962/3312/2340
f 1963/3315/2342 1970/3324/2349 1969/3325/2350 4818/3316/2343
f 1964/3317/2344 1971/3326/2351 1970/3324/2349 1963/3315/2342
f 1965/3311/2339 1972/3327/2346 1971/3328/2351 1964/3318/2344
f 1966/3319/2345 1973/3329/2352 1978/3330/2353 1972/3320/2346
f 1967/3322/2347 1974/3331/2354 1973/3329/2352 1966/3319/2345
f 1968/3323/2348 3378/3332/2355 1974/3331/2354 1967/3322/2347
f 1970/3324/2349 1976/3333/2356 1975/3334/2357 1969/3325/2350
f 1971/3326/2351 1977/3335/2358 1976/3333/2356 1970/3324/2349
f 1972/3327/2346 1978/3336/2353 1977/3337/2358 1971/3328/2351
f 1973/3329/2352 1979/3338/2359 1984/3339/2360 1978/3330/2353
f 1974/3331/2354 1980/3340/2361 1979/3338/2359 1973/3329/2352
f 3378/3332/2355 1981/3341/2362 1980/3340/2361 1974/3331/2354
f 1976/3333/2356 1982/3342/2363 4835/3343/2364 1975/3334/2357
f 1977/3335/2358 1983/3344/2365 1982/3342/2363 1976/3333/2356
f 1978/3345/2353 1984/3346/2360 1983/3344/2365 1977/3335/2358
f 1979/3338/2359 1985/3347/2366 1991/3348/2367 1984/3339/2360
f 1980/3340/2361 1986/3349/2368 1985/3347/2366 1979/3338/2359
f 1981/3341/2362 1987/3350/2369 1986/3349/2368 1980/3340/2361
f 1982/3342/2363 1989/3351/2370 1988/3352/2371 4835/3343/2364
f 1983/3344/2365 1990/3353/2372 1989/3351/2370 1982/3342/2363
f 1984/3346/2360 1991/3354/2367 1990/3353/2372 1983/3344/2365
f 1985/3347/2366 1992/3355/2373 1997/3356/2374 1991/3348/2367
f 1986/3349/2368 1993/3357/2375 1992/3355/2373 1985/3347/2366
f 1987/3350/2369 3395/3358/2376 1993/3357/2375 1986/3349/2368
f 1989/3351/2370 1995/3359/2377 1994/3360/2378 1988/3352/2371
f 1990/3353/2372 1996/3361/2379 1995/3359/2377 1989/3351/2370
f 1991/3354/2367 1997/3362/2374 1996/3361/2379 1990/3353/2372
f 1992/3355/2373 1998/3363/2380 2002/3364/2381 1997/3356/2374
f 1993/3357/2375 1999/3365/2382 1998/3363/2380 1992/3355/2373
f 3395/3358/2376 3401/3366/2383 1999/3365/2382 1993/3357/2375
f 1995/3359/2377 2000/3367/2384 4853/3368/2385 1994/3360/2378
f 1996/3361/2379 2001/3369/2386 2000/3367/2384 1995/3359/2377
f 1997/3362/2374 2002/3370/2381 2001/3369/2386 1996/3361/2379
f 1998/3363/2380 2003/3371/2387 2007/3372/2388 2002/3364/2381
f 1999/3365/2382 2004/3373/2389 2003/3371/2387 1998/3363/2380
f 3401/3366/2383 3407/3374/2390 2004/3373/2389 1999/3365/2382
f 2000/3367/2384 2005/3375/2391 4859/3376/2392 4853/3368/2385
f 2001/3369/2386 2006/3377/2393 2005/3375/2391 2000/3367/2384
f 2002/3370/2381 2007/3378/2388 2006/3377/2393 2001/3369/2386
f 2003/3379/2387 2008/3380/2394 2013/3381/2395 2007/3382/2388
f 2004/3373/2389 2009/3383/2396 2008/3384/2394 2003/3371/2387
f 3407/3385/2390 3413/3386/2397 2009/3387/2396 2004/3388/2389
f 2005/3375/2391 2011/3389/2398 2010/3390/2399 4859/3376/2392
f 2006/3377/2393 2012/3391/2400 2011/3389/2398 2005/3375/2391
f 2007/3382/2388 2013/3381/2395 2012/3392/2400 2006/3393/2393
f 2008/3380/2394 2014/3394/2401 2019/3395/2402 2013/3381/2395
f 2009/3383/2396 2015/3396/2403 2014/3397/2401 2008/3384/2394
f 3413/3386/2397 3419/3398/2404 2015/3399/2403 2009/3387/2396
f 2011/3389/2398 2017/3400/2405 2016/3401/2406 2010/3390/2399
f 2012/3391/2400 2018/3402/2407 2017/3400/2405 2011/3389/2398
f 2013/3381/2395 2019/3395/2402 2018/3403/2407 2012/3392/2400
f 2014/3394/2401 2020/3404/2408 2025/3405/2409 2019/3395/2402
f 2015/3396/2403 2021/3406/2410 2020/3407/2408 2014/3397/2401
f 3419/3398/2404 3425/3408/2411 2021/3409/2410 2015/3399/2403
f 2017/3400/2405 2023/3410/2412 2022/3411/2413 2016/3401/2406
f 2018/3402/2407 2024/3412/2414 2023/3410/2412 2017/3400/2405
f 2019/3395/2402 2025/3405/2409 2024/3413/2414 2018/3403/2407
f 2020/3404/2408 2026/3414/2415 2031/3415/2416 2025/3405/2409
f 2021/3409/2410 2027/3416/2417 2026/3417/2415 2020/3418/2408
f 3425/3408/2411 2028/3419/2418 2027/3416/2417 2021/3409/2410
f 2023/3410/2412 2029/3420/2419 4883/3421/2420 2022/3411/2413
f 2024/3412/2414 2030/3422/2421 2029/3420/2419 2023/3410/2412
f 2025/3405/2409 2031/3415/2416 2030/3423/2421 2024/3413/2414
f 2026/3414/2415 2032/3424/2422 2037/3425/2423 2031/3415/2416
f 2027/3416/2417 2033/3426/2424 2032/3427/2422 2026/3417/2415
f 2028/3419/2418 3437/3428/2425 2033/3426/2424 2027/3416/2417
f 2029/3420/2419 2035/3429/2426 2034/3430/2427 4883/3421/2420
f 2030/3422/2421 2036/3431/2428 2035/3429/2426 2029/3420/2419
f 2031/3415/2416 2037/3425/2423 2036/3432/2428 2030/3423/2421
f 2032/3424/2422 2038/3433/2429 2044/3434/2430 2037/3425/2423
f 2033/3426/2424 2039/3435/2431 2038/3436/2429 2032/3427/2422
f 3437/3428/2425 2040/3437/2432 2039/3435/2431 2033/3426/2424
f 2035/3429/2426 2042/3438/2433 2041/3439/2434 2034/3430/2427
f 2036/3431/2428 2043/3440/2435 2042/3438/2433 2035/3429/2426
f 2037/3425/2423 2044/3434/2430 2043/3441/2435 2036/3432/2428
f 2038/3433/2429 2045/3442/2436 2049/3443/2437 2044/3434/2430
f 2039/3435/2431 2046/3444/2438 2045/3445/2436 2038/3436/2429
f 2040/3437/2432 3450/3446/2439 2046/3444/2438 2039/3435/2431
f 2042/3438/2433 2047/3447/2440 4901/3448/2441 2041/3439/2434
f 2043/3440/2435 2048/3449/2442 2047/3447/2440 2042/3438/2433
f 2044/3434/2430 2049/3443/2437 2048/3450/2442 2043/3441/2435
f 2045/3445/2436 2050/3451/2443 2054/3452/2444 2049/3453/2437
f 2046/3444/2438 2051/3454/2445 2050/3451/2443 2045/3445/2436
f 3450/3446/2439 3456/3455/2446 2051/3454/2445 2046/3444/2438
f 2047/3447/2440 2052/3456/2447 4908/3457/2448 4901/3448/2441
f 2048/3449/2442 2053/3458/2449 2052/3456/2447 2047/3447/2440
f 2049/3459/2437 2054/3460/2444 2053/3461/2449 2048/3462/2442
f 2050/3451/2443 2055/3463/2450 2061/3464/2451 2054/3452/2444
f 2051/3454/2445 2056/3465/2452 2055/3463/2450 2050/3451/2443
f 3456/3455/2446 2057/3466/2453 2056/3465/2452 2051/3454/2445
f 2052/3456/2447 2059/3467/2454 2058/3468/2455 4908/3457/2448
f 2053/3461/2449 2060/3469/2456 2059/3470/2454 2052/3471/2447
f 2054/3460/2444 2061/3472/2451 2060/3469/2456 2053/3461/2449
f 2055/3463/2450 2062/3473/2457 2067/3474/2458 2061/3464/2451
f 2056/3465/2452 2063/3475/2459 2062/3473/2457 2055/3463/2450
f 2057/3466/2453 2064/3476/2460 2063/3475/2459 2056/3465/2452
f 2059/3467/2454 2065/3477/2461 4920/3478/2462 2058/3468/2455
f 2060/3469/2456 2066/3479/2463 2065/3480/2461 2059/3470/2454
f 2061/3472/2451 2067/3481/2458 2066/3479/2463 2060/3469/2456
f 2062/3473/2457 2068/3482/2464 2072/3483/2465 2067/3474/2458
f 2063/3475/2459 2069/3484/2466 2068/3482/2464 2062/3473/2457
f 2064/3476/2460 3475/3485/2467 2069/3484/2466 2063/3475/2459
f 2065/3477/2461 2070/3486/2468 4926/3487/2469 4920/3478/2462
f 2066/3479/2463 2071/3488/2470 2070/3489/2468 2065/3480/2461
f 2067/3481/2458 2072/3490/2465 2071/3488/2470 2066/3479/2463
f 2068/3482/2464 2073/3491/2471 2078/3492/2472 2072/3483/2465
f 2069/3484/2466 2074/3493/2473 2073/3491/2471 2068/3482/2464
f 3475/3485/2467 3482/3494/2474 2074/3493/2473 2069/3484/2466
f 2070/3486/2468 2076/3495/2475 2075/3496/2476 4926/3487/2469
f 2071/3488/2470 2077/3497/2477 2076/3498/2475 2070/3489/2468
f 2072/3490/2465 2078/3499/2472 2077/3497/2477 2071/3488/2470
f 2073/3491/2471 2079/3500/2478 2084/3501/2479 2078/3492/2472
f 2074/3493/2473 2080/3502/2480 2079/3500/2478 2073/3491/2471
f 3482/3494/2474 2081/3503/2481 2080/3502/2480 2074/3493/2473
f 2076/3495/2475 2082/3504/2482 4938/3505/2483 2075/3496/2476
f 2077/3497/2477 2083/3506/2484 2082/3507/2482 2076/3498/2475
f 2078/3499/2472 2084/3508/2479 2083/3506/2484 2077/3497/2477
f 2079/3500/2478 2085/3509/2485 2090/3510/2486 2084/3501/2479
f 2080/3502/2480 2086/3511/2487 2085/3509/2485 2079/3500/2478
f 2081/3503/2481 2087/3512/2488 2086/3511/2487 2080/3502/2480
f 2082/3504/2482 2088/3513/2489 4944/3514/2490 4938/3505/2483
f 2083/3506/2484 2089/3515/2491 2088/3516/2489 2082/3507/2482
f 2084/3508/2479 2090/3517/2486 2089/3515/2491 2083/3506/2484
f 2085/3518/2485 2091/3519/2492 2096/3520/2493 2090/3521/2486
f 2086/3511/2487 2092/3522/2494 2091/3523/2492 2085/3509/2485
f 2087/3512/2488 2093/3524/2495 2092/3522/2494 2086/3511/2487
f 2088/3513/2489 2094/3525/2496 4950/3526/2497 4944/3514/2490
f 2089/3515/2491 2095/3527/2498 2094/3528/2496 2088/3516/2489
f 2090/3517/2486 2096/3529/2493 2095/3527/2498 2089/3515/2491
f 2091/3519/2492 2097/3530/2499 2102/3531/2500 2096/3520/2493
f 2092/3522/2494 2098/3532/2501 2097/3533/2499 2091/3523/2492
f 2093/3534/2495 2099/3535/2502 2098/3536/2501 2092/3537/2494
f 2094/3525/2496 2100/3538/2503 4956/3539/2504 4950/3526/2497
f 2095/3540/2498 2101/3541/2505 2100/3538/2503 2094/3525/2496
f 2096/3520/2493 2102/3531/2500 2101/3542/2505 2095/3543/2498
f 2097/3530/2499 2103/3544/2506 2108/3545/2507 2102/3531/2500
f 2098/3532/2501 2104/3546/2508 2103/3547/2506 2097/3533/2499
f 2099/3535/2502 2105/3548/2509 2104/3549/2508 2098/3536/2501
f 2100/3538/2503 2106/3550/2510 4962/3551/2511 4956/3539/2504
f 2101/3541/2505 2107/3552/2512 2106/3550/2510 2100/3538/2503
f 2102/3531/2500 2108/3545/2507 2107/3553/2512 2101/3542/2505
f 2103/3544/2506 2109/3554/2513 2114/3555/2514 2108/3545/2507
f 2104/3549/2508 2110/3556/2515 2109/3557/2513 2103/3558/2506
f 2105/3548/2509 2111/3559/2516 2110/3556/2515 2104/3549/2508
f 2106/3550/2510 2112/3560/2517 4968/3561/2518 4962/3551/2511
f 2107/3552/2512 2113/3562/2519 2112/3560/2517 2106/3550/2510
f 2108/3545/2507 2114/3555/2514 2113/3563/2519 2107/3553/2512
f 2109/3554/2513 2115/3564/2520 2121/3565/2521 2114/3555/2514
f 2110/3556/2515 2116/3566/2522 2115/3567/2520 2109/3557/2513
f 2111/3559/2516 2117/3568/2523 2116/3566/2522 2110/3556/2515
f 2112/3560/2517 2119/3569/2524 2118/3570/2525 4968/3561/2518
f 2113/3562/2519 2120/3571/2526 2119/3569/2524 2112/3560/2517
f 2114/3555/2514 2121/3565/2521 2120/3572/2526 2113/3563/2519
f 2115/3564/2520 2122/3573/2527 2126/3574/2528 2121/3565/2521
f 2116/3566/2522 2123/3575/2529 2122/3576/2527 2115/3567/2520
f 2117/3568/2523 3529/3577/2530 2123/3575/2529 2116/3566/2522
f 2119/3569/2524 2124/3578/2531 4979/3579/2532 2118/3570/2525
f 2120/3571/2526 2125/3580/2533 2124/3578/2531 2119/3569/2524
f 2121/3565/2521 2126/3574/2528 2125/3581/2533 2120/3572/2526
f 2122/3576/2527 2127/3582/2534 2133/3583/2535 2126/3584/2528
f 2123/3575/2529 2128/3585/2536 2127/3582/2534 2122/3576/2527
f 3529/3577/2530 2129/3586/2537 2128/3585/2536 2123/3575/2529
f 2124/3578/2531 2131/3587/2538 2130/3588/2539 4979/3579/2532
f 2125/3580/2533 2132/3589/2540 2131/3587/2538 2124/3578/2531
f 2126/3574/2528 2133/3590/2535 2132/3591/2540 2125/3581/2533
f 2127/3582/2534 2134/3592/2541 2138/3593/2542 2133/3583/2535
f 2128/3585/2536 2135/3594/2543 2134/3592/2541 2127/3582/2534
f 2129/3586/2537 3541/3595/2544 2135/3594/2543 2128/3585/2536
f 2131/3587/2538 2136/3596/2545 4991/3597/2546 2130/3588/2539
f 2132/3589/2540 2137/3598/2547 2136/3596/2545 2131/3587/2538
f 2133/3599/2535 2138/3600/2542 2137/3598/2547 2132/3589/2540
f 2134/3592/2541 2139/3601/2548 2143/3602/2549 2138/3593/2542
f 2135/3594/2543 2140/3603/2550 2139/3601/2548 2134/3592/2541
f 3541/3595/2544 3547/3604/2551 2140/3603/2550 2135/3594/2543
f 2136/3596/2545 2141/3605/2552 4997/3606/2553 4991/3597/2546
f 2137/3598/2547 2142/3607/2554 2141/3605/2552 2136/3596/2545
f 2138/3600/2542 2143/3608/2549 2142/3607/2554 2137/3598/2547
f 2139/3601/2548 2144/3609/2555 2150/3610/2556 2143/3602/2549
f 2140/3603/2550 2145/3611/2557 2144/3609/2555 2139/3601/2548
f 3547/3604/2551 2146/3612/2558 2145/3611/2557 2140/3603/2550
f 2141/3605/2552 2148/3613/2559 2147/3614/2560 4997/3606/2553
f 2142/3607/2554 2149/3615/2561 2148/3613/2559 2141/3605/2552
f 2143/3608/2549 2150/3616/2556 2149/3615/2561 2142/3607/2554
f 2144/3609/2555 2151/3617/2562 2156/3618/2563 2150/3610/2556
f 2145/3611/2557 2152/3619/2564 2151/3617/2562 2144/3609/2555
f 2146/3612/2558 3559/3620/2565 2152/3619/2564 2145/3611/2557
f 2148/3613/2559 2154/3621/2566 2153/3622/2567 2147/3614/2560
f 2149/3615/2561 2155/3623/2568 2154/3621/2566 2148/3613/2559
f 2150/3616/2556 2156/3624/2563 2155/3623/2568 2149/3615/2561
f 2151/3617/2562 2157/3625/2569 2161/3626/2570 2156/3618/2563
f 2152/3619/2564 2158/3627/2571 2157/3625/2569 2151/3617/2562
f 3559/3620/2565 3565/3628/2572 2158/3627/2571 2152/3619/2564
f 2154/3621/2566 2159/3629/2573 5015/3630/2574 2153/3622/2567
f 2155/3623/2568 2160/3631/2575 2159/3629/2573 2154/3621/2566
f 2156/3624/2563 2161/3632/2570 2160/3631/2575 2155/3623/2568
f 2157/3625/2569 2162/3633/2576 2167/3634/2577 2161/3626/2570
f 2158/3627/2571 2163/3635/2578 2162/3633/2576 2157/3625/2569
f 3565/3628/2572 3572/3636/2579 2163/3635/2578 2158/3627/2571
f 2159/3629/2573 2165/3637/2580 2164/3638/2581 5015/3630/2574
f 2160/3631/2575 2166/3639/2582 2165/3637/2580 2159/3629/2573
f 2161/3632/2570 2167/3640/2577 2166/3639/2582 2160/3631/2575
f 2162/3641/2576 2168/3642/2583 2173/3643/2584 2167/3644/2577
f 2163/3635/2578 2169/3645/2585 2168/3646/2583 2162/3633/2576
f 3572/3647/2579 3578/3648/2586 2169/3649/2585 2163/3650/2578
f 2165/3637/2580 2171/3651/2587 2170/3652/2588 2164/3638/2581
f 2166/3639/2582 2172/3653/2589 2171/3651/2587 2165/3637/2580
f 2167/3640/2577 2173/3654/2584 2172/3653/2589 2166/3639/2582
f 2168/3642/2583 2174/3655/2590 2179/3656/2591 2173/3643/2584
f 2169/3645/2585 2175/3657/2592 2174/3658/2590 2168/3646/2583
f 3578/3648/2586 2176/3659/2593 2175/3660/2592 2169/3649/2585
f 2171/3651/2587 2177/3661/2594 5032/3662/2595 2170/3652/2588
f 2172/3653/2589 2178/3663/2596 2177/3661/2594 2171/3651/2587
f 2173/3643/2584 2179/3656/2591 2178/3664/2596 2172/3665/2589
f 2174/3655/2590 2180/3666/2597 2185/3667/2598 2179/3656/2591
f 2175/3657/2592 2181/3668/2599 2180/3669/2597 2174/3658/2590
f 2176/3659/2593 3589/3670/2600 2181/3671/2599 2175/3660/2592
f 2177/3661/2594 2183/3672/2601 2182/3673/2602 5032/3662/2595
f 2178/3663/2596 2184/3674/2603 2183/3672/2601 2177/3661/2594
f 2179/3656/2591 2185/3667/2598 2184/3675/2603 2178/3664/2596
f 2180/3666/2597 2186/3676/2604 2192/3677/2605 2185/3667/2598
f 2181/3671/2599 2187/3678/2606 2186/3679/2604 2180/3680/2597
f 3589/3670/2600 2188/3681/2607 2187/3678/2606 2181/3671/2599
f 2183/3672/2601 2190/3682/2608 2189/3683/2609 2182/3673/2602
f 2184/3674/2603 2191/3684/2610 2190/3682/2608 2183/3672/2601
f 2185/3667/2598 2192/3677/2605 2191/3685/2610 2184/3675/2603
f 2186/3676/2604 2193/3686/2611 2198/3687/2612 2192/3677/2605
f 2187/3678/2606 2194/3688/2613 2193/3689/2611 2186/3679/2604
f 2188/3681/2607 3601/3690/2614 2194/3688/2613 2187/3678/2606
f 2190/3682/2608 2196/3691/2615 2195/3692/2616 2189/3683/2609
f 2191/3684/2610 2197/3693/2617 2196/3691/2615 2190/3682/2608
f 2192/3677/2605 2198/3687/2612 2197/3694/2617 2191/3685/2610
f 2193/3686/2611 2199/3695/2618 2204/3696/2619 2198/3687/2612
f 2194/3688/2613 2200/3697/2620 2199/3698/2618 2193/3689/2611
f 3601/3690/2614 3607/3699/2621 2200/3697/2620 2194/3688/2613
f 2196/3691/2615 2202/3700/2622 2201/3701/2623 2195/3692/2616
f 2197/3693/2617 2203/3702/2624 2202/3700/2622 2196/3691/2615
f 2198/3687/2612 2204/3696/2619 2203/3703/2624 2197/3694/2617
f 2199/3695/2618 2205/3704/2625 2211/3705/2626 2204/3696/2619
f 2200/3697/2620 2206/3706/2627 2205/3707/2625 2199/3698/2618
f 3607/3699/2621 2207/3708/2628 2206/3706/2627 2200/3697/2620
f 2202/3700/2622 2209/3709/2629 2208/3710/2630 2201/3701/2623
f 2203/3702/2624 2210/3711/2631 2209/3709/2629 2202/3700/2622
f 2204/3696/2619 2211/3705/2626 2210/3712/2631 2203/3703/2624
f 2205/3713/2625 2212/3714/2632 2218/3715/2633 2211/3716/2626
f 2206/3706/2627 2213/3717/2634 2212/3718/2632 2205/3707/2625
f 2207/3708/2628 2214/3719/2635 2213/3717/2634 2206/3706/2627
f 2209/3709/2629 2216/3720/2636 2215/3721/2637 2208/3710/2630
f 2210/3711/2631 2217/3722/2638 2216/3720/2636 2209/3709/2629
f 2211/3716/2626 2218/3715/2633 2217/3723/2638 2210/3724/2631
f 2212/3714/2632 2219/3725/2639 2223/3726/2640 2218/3715/2633
f 2213/3717/2634 2220/3727/2641 2219/3728/2639 2212/3718/2632
f 2214/3719/2635 3626/3729/2642 2220/3727/2641 2213/3717/2634
f 2216/3720/2636 2221/3730/2643 5074/3731/2644 2215/3721/2637
f 2217/3723/2638 2222/3732/2645 2221/3733/2643 2216/3734/2636
f 2218/3715/2633 2223/3726/2640 2222/3732/2645 2217/3723/2638
f 2219/3725/2639 2224/3735/2646 2230/3736/2647 2223/3726/2640
f 2220/3727/2641 2225/3737/2648 2224/3738/2646 2219/3728/2639
f 3626/3729/2642 2226/3739/2649 2225/3737/2648 2220/3727/2641
f 2221/3730/2643 2228/3740/2650 2227/3741/2651 5074/3731/2644
f 2222/3732/2645 2229/3742/2652 2228/3743/2650 2221/3733/2643
f 2223/3726/2640 2230/3736/2647 2229/3742/2652 2222/3732/2645
f 2224/3738/2646 2231/3744/2653 2235/3745/2654 2230/3746/2647
f 2225/3737/2648 2232/3747/2655 2231/3744/2653 2224/3738/2646
f 2226/3739/2649 3638/3748/2656 2232/3747/2655 2225/3737/2648
f 2228/3740/2650 2233/3749/2657 5086/3750/2658 2227/3741/2651
f 2229/3742/2652 2234/3751/2659 2233/3752/2657 2228/3743/2650
f 2230/3736/2647 2235/3753/2654 2234/3751/2659 2229/3742/2652
f 2231/3744/2653 2236/3754/2660 2241/3755/2661 2235/3745/2654
f 2232/3747/2655 2237/3756/2662 2236/3754/2660 2231/3744/2653
f 3638/3748/2656 3645/3757/2663 2237/3756/2662 2232/3747/2655
f 2233/3749/2657 2239/3758/2664 2238/3759/2665 5086/3750/2658
f 2234/3751/2659 2240/3760/2666 2239/3761/2664 2233/3752/2657
f 2235/3753/2654 2241/3762/2661 2240/3760/2666 2234/3751/2659
f 2236/3754/2660 2242/3763/2667 2247/3764/2668 2241/3755/2661
f 2237/3756/2662 2243/3765/2669 2242/3763/2667 2236/3754/2660
f 3645/3757/2663 2244/3766/2670 2243/3765/2669 2237/3756/2662
f 2239/3758/2664 2245/3767/2671 5099/3768/2672 2238/3759/2665
f 2240/3760/2666 2246/3769/2673 2245/3770/2671 2239/3761/2664
f 2241/3762/2661 2247/3771/2668 2246/3769/2673 2240/3760/2666
f 2242/3763/2667 2248/3772/2674 2253/3773/2675 2247/3764/2668
f 2243/3765/2669 2249/3774/2676 2248/3772/2674 2242/3763/2667
f 2244/3766/2670 2250/3775/2677 2249/3774/2676 2243/3765/2669
f 2245/3767/2671 2251/3776/2678 5105/3777/2679 5099/3768/2672
f 2246/3769/2673 2252/3778/2680 2251/3779/2678 2245/3770/2671
f 2247/3771/2668 2253/3780/2675 2252/3778/2680 2246/3769/2673
f 2248/3781/2674 2254/3782/2681 2259/3783/2682 2253/3784/2675
f 2249/3774/2676 2255/3785/2683 2254/3786/2681 2248/3772/2674
f 2250/3775/2677 2256/3787/2684 2255/3785/2683 2249/3774/2676
f 2251/3776/2678 2257/3788/2685 5111/3789/2686 5105/3777/2679
f 2252/3778/2680 2258/3790/2687 2257/3791/2685 2251/3779/2678
f 2253/3780/2675 2259/3792/2682 2258/3790/2687 2252/3778/2680
f 2254/3782/2681 2260/3793/2688 2266/3794/2689 2259/3783/2682
f 2255/3785/2683 2261/3795/2690 2260/3796/2688 2254/3786/2681
f 2256/3797/2684 2262/3798/2691 2261/3799/2690 2255/3800/2683
f 2257/3788/2685 2264/3801/2692 2263/3802/2693 5111/3789/2686
f 2258/3803/2687 2265/3804/2694 2264/3801/2692 2257/3788/2685
f 2259/3783/2682 2266/3794/2689 2265/3805/2694 2258/3806/2687
f 2260/3793/2688 2267/3807/2695 2272/3808/2696 2266/3794/2689
f 2261/3795/2690 2268/3809/2697 2267/3810/2695 2260/3796/2688
f 2262/3798/2691 2269/3811/2698 2268/3812/2697 2261/3799/2690
f 2264/3801/2692 2270/3813/2699 5124/3814/2700 2263/3802/2693
f 2265/3804/2694 2271/3815/2701 2270/3813/2699 2264/3801/2692
f 2266/3794/2689 2272/3808/2696 2271/3816/2701 2265/3805/2694
f 2267/3807/2695 2273/3817/2702 2278/3818/2703 2272/3808/2696
f 2268/3812/2697 2274/3819/2704 2273/3820/2702 2267/3821/2695
f 2269/3811/2698 2275/3822/2705 2274/3819/2704 2268/3812/2697
f 2270/3813/2699 2276/3823/2706 5130/3824/2707 5124/3814/2700
f 2271/3815/2701 2277/3825/2708 2276/3823/2706 2270/3813/2699
f 2272/3808/2696 2278/3818/2703 2277/3826/2708 2271/3816/2701
f 2273/3817/2702 2279/3827/2709 2285/3828/2710 2278/3818/2703
f 2274/3819/2704 2280/3829/2711 2279/3830/2709 2273/3820/2702
f 2275/3822/2705 2281/3831/2712 2280/3829/2711 2274/3819/2704
f 2276/3823/2706 2283/3832/2713 2282/3833/2714 5130/3824/2707
f 2277/3825/2708 2284/3834/2715 2283/3832/2713 2276/3823/2706
f 2278/3818/2703 2285/3828/2710 2284/3835/2715 2277/3826/2708
f 2279/3827/2709 2286/3836/2716 2290/3837/2717 2285/3828/2710
f 2280/3829/2711 2287/3838/2718 2286/3839/2716 2279/3830/2709
f 2281/3831/2712 3694/3840/2719 2287/3838/2718 2280/3829/2711
f 2283/3832/2713 2288/3841/2720 5141/3842/2721 2282/3833/2714
f 2284/3834/2715 2289/3843/2722 2288/3841/2720 2283/3832/2713
f 2285/3828/2710 2290/3837/2717 2289/3844/2722 2284/3835/2715
f 2286/3839/2716 2291/3845/2723 2296/3846/2724 2290/3847/2717
f 2287/3838/2718 2292/3848/2725 2291/3845/2723 2286/3839/2716
f 3694/3840/2719 2293/3849/2726 2292/3848/2725 2287/3838/2718
f 2288/3841/2720 2294/3850/2727 5147/3851/2728 5141/3842/2721
f 2289/3843/2722 2295/3852/2729 2294/3850/2727 2288/3841/2720
f 2290/3837/2717 2296/3853/2724 2295/3854/2729 2289/3844/2722
f 2291/3845/2723 2297/3855/2730 2302/3856/2731 2296/3846/2724
f 2292/3848/2725 2298/3857/2732 2297/3855/2730 2291/3845/2723
f 2293/3849/2726 3706/3858/2733 2298/3857/2732 2292/3848/2725
f 2294/3850/2727 2300/3859/2734 2299/3860/2735 5147/3851/2728
f 2295/3852/2729 2301/3861/2736 2300/3859/2734 2294/3850/2727
f 2296/3862/2724 2302/3863/2731 2301/3861/2736 2295/3852/2729
f 2297/3855/2730 2303/3864/2737 2308/3865/2738 2302/3856/2731
f 2298/3857/2732 2304/3866/2739 2303/3864/2737 2297/3855/2730
f 3706/3858/2733 2305/3867/2740 2304/3866/2739 2298/3857/2732
f 2300/3859/2734 2306/3868/2741 5158/3869/2742 2299/3860/2735
f 2301/3861/2736 2307/3870/2743 2306/3868/2741 2300/3859/2734
f 2302/3863/2731 2308/3871/2738 2307/3870/2743 2301/3861/2736
f 2303/3864/2737 2309/3872/2744 2315/3873/2745 2308/3865/2738
f 2304/3866/2739 2310/3874/2746 2309/3872/2744 2303/3864/2737
f 2305/3867/2740 2311/3875/2747 2310/3874/2746 2304/3866/2739
f 2306/3868/2741 2313/3876/2748 2312/3877/2749 5158/3869/2742
f 2307/3870/2743 2314/3878/2750 2313/3876/2748 2306/3868/2741
f 2308/3871/2738 2315/3879/2745 2314/3878/2750 2307/3870/2743
f 2309/3872/2744 2316/3880/2751 2321/3881/2752 2315/3873/2745
f 2310/3874/2746 2317/3882/2753 2316/3880/2751 2309/3872/2744
f 2311/3875/2747 3723/3883/2754 2317/3882/2753 2310/3874/2746
f 2313/3876/2748 2319/3884/2755 2318/3885/2756 2312/3877/2749
f 2314/3878/2750 2320/3886/2757 2319/3884/2755 2313/3876/2748
f 2315/3879/2745 2321/3887/2752 2320/3886/2757 2314/3878/2750
f 2316/3880/2751 2322/3888/2758 2327/3889/2759 2321/3881/2752
f 2317/3882/2753 2323/3890/2760 2322/3888/2758 2316/3880/2751
f 3723/3883/2754 3729/3891/2761 2323/3890/2760 2317/3882/2753
f 2319/3884/2755 2325/3892/2762 2324/3893/2763 2318/3885/2756
f 2320/3886/2757 2326/3894/2764 2325/3892/2762 2319/3884/2755
f 2321/3887/2752 2327/3895/2759 2326/3894/2764 2320/3886/2757
f 2322/3888/2758 2328/3896/2765 2334/3897/2766 2327/3889/2759
f 2323/3890/2760 2329/3898/2767 2328/3896/2765 2322/3888/2758
f 3729/3891/2761 2330/3899/2768 2329/3898/2767 2323/3890/2760
f 2325/3892/2762 2332/3900/2769 2331/3901/2770 2324/3893/2763
f 2326/3894/2764 2333/3902/2771 2332/3900/2769 2325/3892/2762
f 2327/3895/2759 2334/3903/2766 2333/3902/2771 2326/3894/2764
f 2328/3904/2765 2335/3905/2772 2341/3906/2773 2334/3907/2766
f 2329/3898/2767 2336/3908/2774 2335/3909/2772 2328/3896/2765
f 2330/3910/2768 2337/3911/2775 2336/3912/2774 2329/3913/2767
f 2332/3900/2769 2339/3914/2776 2338/3915/2777 2331/3901/2770
f 2333/3902/2771 2340/3916/2778 2339/3914/2776 2332/3900/2769
f 2334/3903/2766 2341/3917/2773 2340/3916/2778 2333/3902/2771
f 2335/3905/2772 2342/3918/2779 2347/3919/2780 2341/3906/2773
f 2336/3908/2774 2343/3920/2781 2342/3921/2779 2335/3909/2772
f 2337/3911/2775 3746/3922/2782 2343/3923/2781 2336/3912/2774
f 2339/3914/2776 2345/3924/2783 2344/3925/2784 2338/3915/2777
f 2340/3916/2778 2346/3926/2785 2345/3924/2783 2339/3914/2776
f 2341/3906/2773 2347/3919/2780 2346/3927/2785 2340/3928/2778
f 2342/3918/2779 2348/3929/2786 2353/3930/2787 2347/3919/2780
f 2343/3920/2781 2349/3931/2788 2348/3932/2786 2342/3921/2779
f 3746/3922/2782 3752/3933/2789 2349/3934/2788 2343/3923/2781
f 2345/3924/2783 2351/3935/2790 2350/3936/2791 2344/3925/2784
f 2346/3926/2785 2352/3937/2792 2351/3935/2790 2345/3924/2783
f 2347/3919/2780 2353/3930/2787 2352/3938/2792 2346/3927/2785
f 2348/3929/2786 2354/3939/2793 2359/3940/2794 2353/3930/2787
f 2349/3934/2788 2355/3941/2795 2354/3942/2793 2348/3943/2786
f 3752/3933/2789 3759/3944/2796 2355/3941/2795 2349/3934/2788
f 2351/3935/2790 2357/3945/2797 2356/3946/2798 2350/3936/2791
f 2352/3937/2792 2358/3947/2799 2357/3945/2797 2351/3935/2790
f 2353/3930/2787 2359/3940/2794 2358/3948/2799 2352/3938/2792
f 2354/3939/2793 2360/3949/2800 2365/3950/2801 2359/3940/2794
f 2355/3941/2795 2361/3951/2802 2360/3952/2800 2354/3942/2793
f 3759/3944/2796 3765/3953/2803 2361/3951/2802 2355/3941/2795
f 2357/3945/2797 2363/3954/2804 2362/3955/2805 2356/3946/2798
f 2358/3947/2799 2364/3956/2806 2363/3954/2804 2357/3945/2797
f 2359/3940/2794 2365/3950/2801 2364/3957/2806 2358/3948/2799
f 2360/3949/2800 2366/3958/2807 2371/3959/2808 2365/3950/2801
f 2361/3951/2802 2367/3960/2809 2366/3961/2807 2360/3952/2800
f 3765/3953/2803 3771/3962/2810 2367/3960/2809 2361/3951/2802
f 2363/3954/2804 2369/3963/2811 2368/3964/2812 2362/3955/2805
f 2364/3956/2806 2370/3965/2813 2369/3963/2811 2363/3954/2804
f 2365/3950/2801 2371/3959/2808 2370/3966/2813 2364/3957/2806
f 2366/3958/2807 2372/3967/2814 2376/3968/2815 2371/3959/2808
f 2367/3960/2809 2373/3969/2816 2372/3970/2814 2366/3961/2807
f 3771/3962/2810 3778/3971/2817 2373/3969/2816 2367/3960/2809
f 2369/3963/2811 2374/3972/2818 5224/3973/2819 2368/3964/2812
f 2370/3965/2813 2375/3974/2820 2374/3972/2818 2369/3963/2811
f 2371/3959/2808 2376/3968/2815 2375/3975/2820 2370/3966/2813
f 2372/3976/2814 2377/3977/2821 2382/3978/2822 2376/3979/2815
f 2373/3969/2816 2378/3980/2823 2377/3981/2821 2372/3970/2814
f 3778/3971/2817 2379/3982/2824 2378/3980/2823 2373/3969/2816
f 2374/3972/2818 2380/3983/2825 5231/3984/2826 5224/3973/2819
f 2375/3974/2820 2381/3985/2827 2380/3983/2825 2374/3972/2818
f 2376/3979/2815 2382/3978/2822 2381/3986/2827 2375/3987/2820
f 2377/3977/2821 2383/3988/2828 2388/3989/2829 2382/3978/2822
f 2378/3980/2823 2384/3990/2830 2383/3991/2828 2377/3981/2821
f 2379/3982/2824 2385/3992/2831 2384/3990/2830 2378/3980/2823
f 2380/3983/2825 2386/3993/2832 5237/3994/2833 5231/3984/2826
f 2381/3986/2827 2387/3995/2834 2386/3996/2832 2380/3997/2825
f 2382/3978/2822 2388/3989/2829 2387/3995/2834 2381/3986/2827
f 2383/3988/2828 2389/3998/2835 2395/3999/2836 2388/3989/2829
f 2384/3990/2830 2390/4000/2837 2389/4001/2835 2383/3991/2828
f 2385/3992/2831 2391/4002/2838 2390/4000/2837 2384/3990/2830
f 2386/3993/2832 2393/4003/2839 2392/4004/2840 5237/3994/2833
f 2387/3995/2834 2394/4005/2841 2393/4006/2839 2386/3996/2832
f 2388/3989/2829 2395/3999/2836 2394/4005/2841 2387/3995/2834
f 2389/3998/2835 2396/4007/2842 2401/4008/2843 2395/3999/2836
f 2390/4000/2837 2397/4009/2844 2396/4010/2842 2389/4001/2835
f 2391/4002/2838 2398/4011/2845 2397/4009/2844 2390/4000/2837
f 2393/4003/2839 2399/4012/2846 5248/4013/2847 2392/4004/2840
f 2394/4005/2841 2400/4014/2848 2399/4015/2846 2393/4006/2839
f 2395/3999/2836 2401/4008/2843 2400/4014/2848 2394/4005/2841
f 2396/4007/2842 2402/4016/2849 2408/4017/2850 2401/4008/2843
f 2397/4009/2844 2403/4018/2851 2402/4019/2849 2396/4010/2842
f 2398/4011/2845 2404/4020/2852 2403/4018/2851 2397/4009/2844
f 2399/4012/2846 2406/4021/2853 2405/4022/2854 5248/4013/2847
f 2400/4014/2848 2407/4023/2855 2406/4024/2853 2399/4015/2846
f 2401/4008/2843 2408/4017/2850 2407/4023/2855 2400/4014/2848
f 2402/4016/2849 2409/4025/2856 2414/4026/2857 2408/4017/2850
f 2403/4018/2851 2410/4027/2858 2409/4028/2856 2402/4019/2849
f 2404/4020/2852 2411/4029/2859 2410/4027/2858 2403/4018/2851
f 2406/4021/2853 2412/4030/2860 5260/4031/2861 2405/4022/2854
f 2407/4023/2855 2413/4032/2862 2412/4033/2860 2406/4024/2853
f 2408/4017/2850 2414/4026/2857 2413/4032/2862 2407/4023/2855
f 2409/4034/2856 2415/4035/2863 2420/4036/2864 2414/4037/2857
f 2410/4027/2858 2416/4038/2865 2415/4039/2863 2409/4028/2856
f 2411/4029/2859 2417/4040/2866 2416/4038/2865 2410/4027/2858
f 2412/4030/2860 2418/4041/2867 5266/4042/2868 5260/4031/2861
f 2413/4032/2862 2419/4043/2869 2418/4044/2867 2412/4033/2860
f 2414/4026/2857 2420/4045/2864 2419/4043/2869 2413/4032/2862
f 2415/4035/2863 2421/4046/2870 2426/4047/2871 2420/4036/2864
f 2416/4038/2865 2422/4048/2872 2421/4049/2870 2415/4039/2863
f 2417/4040/2866 2423/4050/2873 2422/4048/2872 2416/4038/2865
f 2418/4041/2867 2424/4051/2874 5272/4052/2875 5266/4042/2868
f 2419/4043/2869 2425/4053/2876 2424/4054/2874 2418/4044/2867
f 2420/4045/2864 2426/4055/2871 2425/4053/2876 2419/4043/2869
f 2421/4046/2870 2427/4056/2877 2432/4057/2878 2426/4047/2871
f 2422/4048/2872 2428/4058/2879 2427/4059/2877 2421/4049/2870
f 2423/4060/2873 2429/4061/2880 2428/4062/2879 2422/4063/2872
f 2424/4051/2874 2430/4064/2881 5278/4065/2882 5272/4052/2875
f 2425/4066/2876 2431/4067/2883 2430/4064/2881 2424/4051/2874
f 2426/4047/2871 2432/4057/2878 2431/4068/2883 2425/4069/2876
f 2427/4056/2877 2433/4070/2884 2438/4071/2885 2432/4057/2878
f 2428/4058/2879 2434/4072/2886 2433/4073/2884 2427/4059/2877
f 2429/4061/2880 2435/4074/2887 2434/4075/2886 2428/4062/2879
f 2430/4064/2881 2436/4076/2888 5284/4077/2889 5278/4065/2882
f 2431/4067/2883 2437/4078/2890 2436/4076/2888 2430/4064/2881
f 2432/4057/2878 2438/4071/2885 2437/4079/2890 2431/4068/2883
f 2433/4070/2884 2439/4080/2891 2444/4081/2892 2438/4071/2885
f 2434/4075/2886 2440/4082/2893 2439/4083/2891 2433/4084/2884
f 2435/4074/2887 2441/4085/2894 2440/4082/2893 2434/4075/2886
f 2436/4076/2888 2442/4086/2895 5290/4087/2896 5284/4077/2889
f 2437/4078/2890 2443/4088/2897 2442/4086/2895 2436/4076/2888
f 2438/4071/2885 2444/4081/2892 2443/4089/2897 2437/4079/2890
f 2439/4080/2891 2445/4090/2898 2450/4091/2899 2444/4081/2892
f 2440/4082/2893 2446/4092/2900 2445/4093/2898 2439/4083/2891
f 2441/4085/2894 2447/4094/2901 2446/4092/2900 2440/4082/2893
f 2442/4086/2895 2448/4095/2902 5296/4096/2903 5290/4087/2896
f 2443/4088/2897 2449/4097/2904 2448/4095/2902 2442/4086/2895
f 2444/4081/2892 2450/4091/2899 2449/4098/2904 2443/4089/2897
f 2445/4090/2898 2451/4099/2905 2456/4100/2906 2450/4091/2899
f 2446/4092/2900 2452/4101/2907 2451/4102/2905 2445/4093/2898
f 2447/4094/2901 2453/4103/2908 2452/4101/2907 2446/4092/2900
f 2448/4095/2902 2454/4104/2909 5303/4105/2910 5296/4096/2903
f 2449/4097/2904 2455/4106/2911 2454/4104/2909 2448/4095/2902
f 2450/4091/2899 2456/4100/2906 2455/4107/2911 2449/4098/2904
f 2451/4099/2905 2457/4108/2912 2462/4109/2913 2456/4100/2906
f 2452/4101/2907 2458/4110/2914 2457/4111/2912 2451/4102/2905
f 2453/4103/2908 3860/4112/2915 2458/4110/2914 2452/4101/2907
f 2454/4104/2909 2460/4113/2916 2459/4114/2917 5303/4105/2910
f 2455/4106/2911 2461/4115/2918 2460/4113/2916 2454/4104/2909
f 2456/4116/2906 2462/4117/2913 2461/4115/2918 2455/4106/2911
f 2457/4111/2912 2463/4118/2919 2467/4119/2920 2462/4120/2913
f 2458/4110/2914 2464/4121/2921 2463/4118/2919 2457/4111/2912
f 3860/4112/2915 3867/4122/2922 2464/4121/2921 2458/4110/2914
f 2460/4113/2916 2465/4123/2923 5314/4124/2924 2459/4114/2917
f 2461/4115/2918 2466/4125/2925 2465/4123/2923 2460/4113/2916
f 2462/4117/2913 2467/4126/2920 2466/4125/2925 2461/4115/2918
f 2463/4118/2919 2468/4127/2926 2473/4128/2927 2467/4119/2920
f 2464/4121/2921 2469/4129/2928 2468/4127/2926 2463/4118/2919
f 3867/4122/2922 2470/4130/2929 2469/4129/2928 2464/4121/2921
f 2465/4123/2923 2471/4131/2930 5321/4132/2931 5314/4124/2924
f 2466/4125/2925 2472/4133/2932 2471/4131/2930 2465/4123/2923
f 2467/4126/2920 2473/4134/2927 2472/4133/2932 2466/4125/2925
f 2468/4127/2926 2474/4135/2933 2479/4136/2934 2473/4128/2927
f 2469/4129/2928 2475/4137/2935 2474/4135/2933 2468/4127/2926
f 2470/4130/2929 2476/4138/2936 2475/4137/2935 2469/4129/2928
f 2471/4131/2930 2477/4139/2937 5328/4140/2938 5321/4132/2931
f 2472/4133/2932 2478/4141/2939 2477/4139/2937 2471/4131/2930
f 2473/4134/2927 2479/4142/2934 2478/4141/2939 2472/4133/2932
f 2474/4135/2933 2480/4143/2940 2485/4144/2941 2479/4136/2934
f 2475/4137/2935 2481/4145/2942 2480/4143/2940 2474/4135/2933
f 2476/4138/2936 3885/4146/2943 2481/4145/2942 2475/4137/2935
f 2477/4139/2937 2483/4147/2944 2482/4148/2945 5328/4140/2938
f 2478/4141/2939 2484/4149/2946 2483/4147/2944 2477/4139/2937
f 2479/4142/2934 2485/4150/2941 2484/4149/2946 2478/4141/2939
f 2480/4143/2940 2486/4151/2947 2491/4152/2948 2485/4144/2941
f 2481/4145/2942 2487/4153/2949 2486/4151/2947 2480/4143/2940
f 3885/4146/2943 2488/4154/2950 2487/4153/2949 2481/4145/2942
f 2483/4147/2944 2489/4155/2951 5340/4156/2952 2482/4148/2945
f 2484/4149/2946 2490/4157/2953 2489/4155/2951 2483/4147/2944
f 2485/4150/2941 2491/4158/2948 2490/4157/2953 2484/4149/2946
f 2486/4159/2947 2492/4160/2954 2497/4161/2955 2491/4162/2948
f 2487/4153/2949 2493/4163/2956 2492/4164/2954 2486/4151/2947
f 2488/4154/2950 3896/4165/2957 2493/4163/2956 2487/4153/2949
f 2489/4155/2951 2495/4166/2958 2494/4167/2959 5340/4156/2952
f 2490/4157/2953 2496/4168/2960 2495/4166/2958 2489/4155/2951
f 2491/4158/2948 2497/4169/2955 2496/4168/2960 2490/4157/2953
f 2492/4160/2954 2498/4170/2961 2504/4171/2962 2497/4161/2955
f 2493/4163/2956 2499/4172/2963 2498/4173/2961 2492/4164/2954
f 3896/4174/2957 2500/4175/2964 2499/4176/2963 2493/4177/2956
f 2495/4166/2958 2502/4178/2965 2501/4179/2966 2494/4167/2959
f 2496/4168/2960 2503/4180/2967 2502/4178/2965 2495/4166/2958
f 2497/4169/2955 2504/4181/2962 2503/4180/2967 2496/4168/2960
f 2498/4170/2961 2505/4182/2968 2509/4183/2969 2504/4171/2962
f 2499/4172/2963 2506/4184/2970 2505/4185/2968 2498/4173/2961
f 2500/4175/2964 3908/4186/2971 2506/4187/2970 2499/4176/2963
f 2502/4178/2965 2507/4188/2972 5356/4189/2973 2501/4179/2966
f 2503/4180/2967 2508/4190/2974 2507/4188/2972 2502/4178/2965
f 2504/4171/2962 2509/4183/2969 2508/4191/2974 2503/4192/2967
f 2505/4182/2968 2510/4193/2975 2515/4194/2976 2509/4183/2969
f 2506/4195/2970 2511/4196/2977 2510/4193/2975 2505/4182/2968
f 3908/4186/2971 3915/4197/2978 2511/4198/2977 2506/4187/2970
f 2507/4188/2972 2513/4199/2979 2512/4200/2980 5356/4189/2973
f 2508/4190/2974 2514/4201/2981 2513/4199/2979 2507/4188/2972
f 2509/4183/2969 2515/4194/2976 2514/4202/2981 2508/4191/2974
f 2510/4193/2975 2516/4203/2982 2522/4204/2983 2515/4194/2976
f 2511/4196/2977 2517/4205/2984 2516/4203/2982 2510/4193/2975
f 3915/4197/2978 2518/4206/2985 2517/4207/2984 2511/4198/2977
f 2513/4199/2979 2520/4208/2986 2519/4209/2987 2512/4200/2980
f 2514/4201/2981 2521/4210/2988 2520/4208/2986 2513/4199/2979
f 2515/4194/2976 2522/4204/2983 2521/4211/2988 2514/4202/2981
f 2516/4203/2982 2523/4212/2989 2527/4213/2990 2522/4204/2983
f 2517/4207/2984 2524/4214/2991 2523/4215/2989 2516/4216/2982
f 2518/4206/2985 3926/4217/2992 2524/4214/2991 2517/4207/2984
f 2520/4208/2986 2525/4218/2993 5375/4219/2994 2519/4209/2987
f 2521/4210/2988 2526/4220/2995 2525/4218/2993 2520/4208/2986
f 2522/4204/2983 2527/4213/2990 2526/4221/2995 2521/4211/2988
f 2523/4212/2989 2528/4222/2996 2534/4223/2997 2527/4213/2990
f 2524/4214/2991 2529/4224/2998 2528/4225/2996 2523/4215/2989
f 3926/4217/2992 2530/4226/2999 2529/4224/2998 2524/4214/2991
f 2525/4218/2993 2532/4227/3000 2531/4228/3001 5375/4219/2994
f 2526/4220/2995 2533/4229/3002 2532/4227/3000 2525/4218/2993
f 2527/4213/2990 2534/4223/2997 2533/4230/3002 2526/4221/2995
f 2528/4222/2996 2535/4231/3003 2539/4232/3004 2534/4223/2997
f 2529/4224/2998 2536/4233/3005 2535/4234/3003 2528/4225/2996
f 2530/4226/2999 3939/4235/3006 2536/4233/3005 2529/4224/2998
f 2532/4227/3000 2537/4236/3007 5387/4237/3008 2531/4228/3001
f 2533/4229/3002 2538/4238/3009 2537/4236/3007 2532/4227/3000
f 2534/4223/2997 2539/4232/3004 2538/4239/3009 2533/4230/3002
f 2535/4240/3003 2540/4241/3010 2546/4242/3011 2539/4243/3004
f 2536/4233/3005 2541/4244/3012 2540/4245/3010 2535/4234/3003
f 3939/4235/3006 2542/4246/3013 2541/4244/3012 2536/4233/3005
f 2537/4236/3007 2544/4247/3014 2543/4248/3015 5387/4237/3008
f 2538/4238/3009 2545/4249/3016 2544/4247/3014 2537/4236/3007
f 2539/4243/3004 2546/4242/3011 2545/4250/3016 2538/4251/3009
f 2540/4241/3010 2547/4252/3017 2552/4253/3018 2546/4242/3011
f 2541/4244/3012 2548/4254/3019 2547/4255/3017 2540/4245/3010
f 2542/4246/3013 2549/4256/3020 2548/4254/3019 2541/4244/3012
f 2544/4247/3014 2550/4257/3021 5400/4258/3022 2543/4248/3015
f 2545/4250/3016 2551/4259/3023 2550/4260/3021 2544/4261/3014
f 2546/4242/3011 2552/4253/3018 2551/4259/3023 2545/4250/3016
f 2547/4252/3017 2553/4262/3024 2558/4263/3025 2552/4253/3018
f 2548/4254/3019 2554/4264/3026 2553/4265/3024 2547/4255/3017
f 2549/4256/3020 2555/4266/3027 2554/4264/3026 2548/4254/3019
f 2550/4257/3021 2556/4267/3028 5407/4268/3029 5400/4258/3022
f 2551/4259/3023 2557/4269/3030 2556/4270/3028 2550/4260/3021
f 2552/4253/3018 2558/4263/3025 2557/4269/3030 2551/4259/3023
f 2553/4262/3024 2559/4271/3031 2564/4272/3032 2558/4263/3025
f 2554/4264/3026 2560/4273/3033 2559/4274/3031 2553/4265/3024
f 2555/4266/3027 2561/4275/3034 2560/4273/3033 2554/4264/3026
f 2556/4267/3028 2562/4276/3035 5413/4277/3036 5407/4268/3029
f 2557/4269/3030 2563/4278/3037 2562/4279/3035 2556/4270/3028
f 2558/4263/3025 2564/4272/3032 2563/4278/3037 2557/4269/3030
f 2559/4271/3031 2565/4280/3038 2569/4281/3039 2564/4272/3032
f 2560/4273/3033 2566/4282/3040 2565/4283/3038 2559/4274/3031
f 2561/4275/3034 3968/4284/3041 2566/4282/3040 2560/4273/3033
f 2562/4276/3035 2567/4285/3042 5420/4286/3043 5413/4277/3036
f 2563/4278/3037 2568/4287/3044 2567/4288/3042 2562/4279/3035
f 2564/4272/3032 2569/4281/3039 2568/4287/3044 2563/4278/3037
f 2565/4280/3038 2570/4289/3045 2575/4290/3046 2569/4281/3039
f 2566/4282/3040 2571/4291/3047 2570/4292/3045 2565/4283/3038
f 3968/4284/3041 2572/4293/3048 2571/4291/3047 2566/4282/3040
f 2567/4285/3042 2573/4294/3049 5427/4295/3050 5420/4286/3043
f 2568/4287/3044 2574/4296/3051 2573/4297/3049 2567/4288/3042
f 2569/4281/3039 2575/4290/3046 2574/4296/3051 2568/4287/3044
f 2570/4298/3045 2576/4299/3052 2581/4300/3053 2575/4301/3046
f 2571/4291/3047 2577/4302/3054 2576/4303/3052 2570/4292/3045
f 2572/4293/3048 2578/4304/3055 2577/4302/3054 2571/4291/3047
f 2573/4294/3049 2579/4305/3056 5433/4306/3057 5427/4295/3050
f 2574/4296/3051 2580/4307/3058 2579/4308/3056 2573/4297/3049
f 2575/4290/3046 2581/4309/3053 2580/4307/3058 2574/4296/3051
f 2576/4299/3052 2582/4310/3059 2587/4311/3060 2581/4300/3053
f 2577/4302/3054 2583/4312/3061 2582/4313/3059 2576/4303/3052
f 2578/4314/3055 2584/4315/3062 2583/4316/3061 2577/4317/3054
f 2579/4305/3056 2585/4318/3063 5439/4319/3064 5433/4306/3057
f 2580/4307/3058 2586/4320/3065 2585/4321/3063 2579/4308/3056
f 2581/4300/3053 2587/4311/3060 2586/4322/3065 2580/4323/3058
f 2582/4310/3059 2588/4324/3066 2593/4325/3067 2587/4311/3060
f 2583/4326/3061 2589/4327/3068 2588/4324/3066 2582/4310/3059
f 2584/4315/3062 2590/4328/3069 2589/4329/3068 2583/4316/3061
f 2585/4318/3063 2591/4330/3070 5445/4331/3071 5439/4319/3064
f 2586/4320/3065 2592/4332/3072 2591/4333/3070 2585/4321/3063
f 2587/4311/3060 2593/4325/3067 2592/4334/3072 2586/4322/3065
f 2588/4324/3066 2594/4335/3073 2599/4336/3074 2593/4325/3067
f 2589/4327/3068 2595/4337/3075 2594/4335/3073 2588/4324/3066
f 2590/4328/3069 2596/4338/3076 2595/4339/3075 2589/4329/3068
f 2591/4330/3070 2597/4340/3077 5451/4341/3078 5445/4331/3071
f 2592/4342/3072 2598/4343/3079 2597/4340/3077 2591/4330/3070
f 2593/4325/3067 2599/4336/3074 2598/4344/3079 2592/4334/3072
f 2594/4335/3073 2600/4345/3080 2605/4346/3081 2599/4336/3074
f 2595/4339/3075 2601/4347/3082 2600/4348/3080 2594/4349/3073
f 2596/4338/3076 2602/4350/3083 2601/4347/3082 2595/4339/3075
f 2597/4340/3077 2603/4351/3084 5457/4352/3085 5451/4341/3078
f 2598/4343/3079 2604/4353/3086 2603/4351/3084 2597/4340/3077
f 2599/4336/3074 2605/4346/3081 2604/4354/3086 2598/4344/3079
f 2600/4345/3080 2606/4355/3087 2611/4356/3088 2605/4346/3081
f 2601/4347/3082 2607/4357/3089 2606/4358/3087 2600/4348/3080
f 2602/4350/3083 2608/4359/3090 2607/4357/3089 2601/4347/3082
f 2603/4351/3084 2609/4360/3091 5463/4361/3092 5457/4352/3085
f 2604/4353/3086 2610/4362/3093 2609/4360/3091 2603/4351/3084
f 2605/4346/3081 2611/4356/3088 2610/4363/3093 2604/4354/3086
f 2606/4355/3087 2612/4364/3094 2617/4365/3095 2611/4356/3088
f 2607/4357/3089 2613/4366/3096 2612/4367/3094 2606/4358/3087
f 2608/4359/3090 2614/4368/3097 2613/4366/3096 2607/4357/3089
f 2609/4360/3091 2615/4369/3098 5469/4370/3099 5463/4361/3092
f 2610/4362/3093 2616/4371/3100 2615/4369/3098 2609/4360/3091
f 2611/4356/3088 2617/4365/3095 2616/4372/3100 2610/4363/3093
f 2612/4364/3094 2618/4373/3101 2623/4374/3102 2617/4365/3095
f 2613/4366/3096 2619/4375/3103 2618/4376/3101 2612/4367/3094
f 2614/4368/3097 2620/4377/3104 2619/4375/3103 2613/4366/3096
f 2615/4369/3098 2621/4378/3105 5475/4379/3106 5469/4370/3099
f 2616/4371/3100 2622/4380/3107 2621/4378/3105 2615/4369/3098
f 2617/4365/3095 2623/4374/3102 2622/4381/3107 2616/4372/3100
f 2618/4376/3101 2624/4382/3108 2629/4383/3109 2623/4384/3102
f 2619/4375/3103 2625/4385/3110 2624/4382/3108 2618/4376/3101
f 2620/4377/3104 2626/4386/3111 2625/4385/3110 2619/4375/3103
f 2621/4378/3105 2627/4387/3112 5481/4388/3113 5475/4379/3106
f 2622/4380/3107 2628/4389/3114 2627/4387/3112 2621/4378/3105
f 2623/4390/3102 2629/4391/3109 2628/4389/3114 2622/4380/3107
f 2624/4382/3108 2630/4392/3115 2636/4393/3116 2629/4383/3109
f 2625/4385/3110 2631/4394/3117 2630/4392/3115 2624/4382/3108
f 2626/4386/3111 2632/4395/3118 2631/4394/3117 2625/4385/3110
f 2627/4387/3112 2634/4396/3119 2633/4397/3120 5481/4388/3113
f 2628/4389/3114 2635/4398/3121 2634/4396/3119 2627/4387/3112
f 2629/4391/3109 2636/4399/3116 2635/4398/3121 2628/4389/3114
f 2630/4392/3115 2637/4400/3122 2642/4401/3123 2636/4393/3116
f 2631/4394/3117 2638/4402/3124 2637/4400/3122 2630/4392/3115
f 2632/4395/3118 2639/4403/3125 2638/4402/3124 2631/4394/3117
f 2634/4396/3119 2640/4404/3126 5492/4405/3127 2633/4397/3120
f 2635/4398/3121 2641/4406/3128 2640/4404/3126 2634/4396/3119
f 2636/4399/3116 2642/4407/3123 2641/4406/3128 2635/4398/3121
f 2637/4400/3122 2643/4408/3129 2647/4409/3130 2642/4401/3123
f 2638/4402/3124 2644/4410/3131 2643/4408/3129 2637/4400/3122
f 2639/4403/3125 4044/4411/3132 2644/4410/3131 2638/4402/3124
f 2640/4404/3126 2645/4412/3133 5497/4413/3134 5492/4405/3127
f 2641/4406/3128 2646/4414/3135 2645/4412/3133 2640/4404/3126
f 2642/4407/3123 2647/4415/3130 2646/4414/3135 2641/4406/3128
f 2643/4408/3129 2648/4416/3136 2653/4417/3137 2647/4409/3130
f 2644/4410/3131 2649/4418/3138 2648/4416/3136 2643/4408/3129
f 4044/4411/3132 4050/4419/3139 2649/4418/3138 2644/4410/3131
f 2645/4412/3133 2651/4420/3140 2650/4421/3141 5497/4413/3134
f 2646/4414/3135 2652/4422/3142 2651/4420/3140 2645/4412/3133
f 2647/4415/3130 2653/4423/3137 2652/4422/3142 2646/4414/3135
f 2648/4424/3136 2654/4425/3143 2658/4426/3144 2653/4427/3137
f 2649/4418/3138 2655/4428/3145 2654/4429/3143 2648/4416/3136
f 4050/4419/3139 4057/4430/3146 2655/4428/3145 2649/4418/3138
f 2651/4420/3140 2656/4431/3147 2650/4421/3141
f 2652/4422/3142 2657/4432/3148 2656/4431/3147 2651/4420/3140
f 2653/4423/3137 2658/4433/3144 2657/4432/3148 2652/4422/3142
f 2654/4425/3143 2659/4434/3149 2663/4435/3150 2658/4426/3144
f 2655/4436/3145 2660/4437/3151 2659/4434/3149 2654/4425/3143
f 4057/4438/3146 4063/4439/3152 2660/4440/3151 2655/4441/3145
f 2657/4432/3148 2662/4442/3153 2661/4443/3154 2656/4431/3147
f 2658/4426/3144 2663/4435/3150 2662/4444/3153 2657/4445/3148
f 2659/4434/3149 2664/4446/3155 2668/4447/3156 2663/4435/3150
f 2660/4437/3151 2665/4448/3157 2664/4446/3155 2659/4434/3149
f 4063/4439/3152 4069/4449/3158 2665/4450/3157 2660/4440/3151
f 2662/4442/3153 2667/4451/3159 2666/4452/3160 2661/4443/3154
f 2663/4435/3150 2668/4447/3156 2667/4453/3159 2662/4444/3153
f 2664/4446/3155 2669/4454/3161 2673/4455/3162 2668/4447/3156
f 2665/4448/3157 2670/4456/3163 2669/4454/3161 2664/4446/3155
f 4069/4449/3158 4075/4457/3164 2670/4458/3163 2665/4450/3157
f 2667/4451/3159 2672/4459/3165 2671/4460/3166 2666/4452/3160
f 2668/4447/3156 2673/4455/3162 2672/4461/3165 2667/4453/3159
f 2669/4454/3161 2674/4462/3167 2679/4463/3168 2673/4455/3162
f 2670/4456/3163 2675/4464/3169 2674/4462/3167 2669/4454/3161
f 4075/4457/3164 2676/4465/3170 2675/4466/3169 2670/4458/3163
f 2672/4459/3165 2678/4467/3171 2677/4468/3172 2671/4460/3166
f 2673/4455/3162 2679/4463/3168 2678/4469/3171 2672/4461/3165
f 2674/4462/3167 2680/4470/3173 2684/4471/3174 2679/4463/3168
f 2675/4466/3169 2681/4472/3175 2680/4473/3173 2674/4474/3167
f 2676/4465/3170 4087/4475/3176 2681/4472/3175 2675/4466/3169
f 2678/4467/3171 2683/4476/3177 2682/4477/3178 2677/4468/3172
f 2679/4463/3168 2684/4471/3174 2683/4478/3177 2678/4469/3171
f 2680/4470/3173 2685/4479/3179 2689/4480/3180 2684/4471/3174
f 2681/4472/3175 2686/4481/3181 2685/4482/3179 2680/4473/3173
f 4087/4475/3176 4094/4483/3182 2686/4481/3181 2681/4472/3175
f 2683/4476/3177 2688/4484/3183 2687/4485/3184 2682/4477/3178
f 2684/4471/3174 2689/4480/3180 2688/4486/3183 2683/4478/3177
f 2685/4479/3179 2690/4487/3185 2695/4488/3186 2689/4480/3180
f 2686/4481/3181 2691/4489/3187 2690/4490/3185 2685/4482/3179
f 4094/4483/3182 2692/4491/3188 2691/4489/3187 2686/4481/3181
f 2688/4484/3183 2694/4492/3189 2693/4493/3190 2687/4485/3184
f 2689/4480/3180 2695/4488/3186 2694/4494/3189 2688/4486/3183
f 2690/4495/3185 2696/4496/3191 2700/4497/3192 2695/4498/3186
f 2691/4489/3187 2697/4499/3193 2696/4500/3191 2690/4490/3185
f 2692/4491/3188 2697/4499/3193 2691/4489/3187
f 2694/4501/3189 2699/4502/3194 2698/4503/3195 2693/4504/3190
f 2695/4498/3186 2700/4497/3192 2699/4505/3194 2694/4506/3189
f 2696/4496/3191 2701/4507/3196 2705/4508/3197 2700/4497/3192
f 2697/4499/3193 2702/4509/3198 2701/4510/3196 2696/4500/3191
f 2699/4505/3194 2704/4511/3199 2703/4512/3200 2698/4513/3195
f 2700/4497/3192 2705/4508/3197 2704/4511/3199 2699/4505/3194
f 2701/4507/3196 2706/4514/3201 2710/4515/3202 2705/4508/3197
f 2702/4509/3198 2707/4516/3203 2706/4517/3201 2701/4510/3196
f 2704/4511/3199 2709/4518/3204 2708/4519/3205 2703/4512/3200
f 2705/4508/3197 2710/4515/3202 2709/4518/3204 2704/4511/3199
f 2706/4517/3201 2711/4520/3206 2715/4521/3207 2710/4522/3202
f 2707/4516/3203 2712/4523/3208 2711/4520/3206 2706/4517/3201
f 2709/4518/3204 2714/4524/3209 2713/4525/3210 2708/4519/3205
f 2710/4515/3202 2715/4526/3207 2714/4524/3209 2709/4518/3204
f 2711/4520/3206 2716/4527/3211 2720/4528/3212 2715/4521/3207
f 2712/4523/3208 2717/4529/3213 2716/4527/3211 2711/4520/3206
f 2714/4524/3209 2719/4530/3214 2718/4531/3215 2713/4525/3210
f 2715/4526/3207 2720/4532/3212 2719/4530/3214 2714/4524/3209
f 2716/4527/3211 2721/4533/3216 2725/4534/3217 2720/4528/3212
f 2717/4529/3213 2722/4535/3218 2721/4533/3216 2716/4527/3211
f 2719/4530/3214 2724/4536/3219 2723/4537/3220 2718/4531/3215
f 2720/4532/3212 2725/4538/3217 2724/4536/3219 2719/4530/3214
f 2721/4533/3216 2726/4539/3221 2730/4540/3222 2725/4534/3217
f 2722/4541/3218 2727/4542/3223 2726/4543/3221 2721/4544/3216
f 2724/4536/3219 2729/4545/3224 2728/4546/3225 2723/4537/3220
f 2725/4538/3217 2730/4547/3222 2729/4545/3224 2724/4536/3219
f 2726/4539/3221 2731/4548/3226 2735/4549/3227 2730/4540/3222
f 2727/4542/3223 2732/4550/3228 2731/4551/3226 2726/4543/3221
f 2729/4545/3224 2734/4552/3229 2733/4553/3230 2728/4546/3225
f 2730/4554/3222 2735/4555/3227 2734/4556/3229 2729/4557/3224
f 2731/4548/3226 2736/4558/3231 2740/4559/3232 2735/4549/3227
f 2732/4550/3228 2737/4560/3233 2736/4561/3231 2731/4551/3226
f 2734/4556/3229 2739/4562/3234 2738/4563/3235 2733/4564/3230
f 2735/4555/3227 2740/4565/3232 2739/4562/3234 2734/4556/3229
f 2736/4566/3231 2741/4567/3236 2745/4568/3237 2740/4565/3232
f 2737/4560/3233 2742/4569/3238 2741/4570/3236 2736/4561/3231
f 2739/4562/3234 2744/4571/3239 2743/4572/3240 2738/4563/3235
f 2740/4565/3232 2745/4568/3237 2744/4571/3239 2739/4562/3234
f 2741/4567/3236 2746/4573/3241 2750/4574/3242 2745/4568/3237
f 2742/4569/3238 2747/4575/3243 2746/4576/3241 2741/4570/3236
f 2744/4571/3239 2749/4577/3244 2748/4578/3245 2743/4572/3240
f 2745/4568/3237 2750/4574/3242 2749/4577/3244 2744/4571/3239
f 2746/4576/3241 2751/4579/3246 2755/4580/3247 2750/4581/3242
f 2747/4575/3243 2752/4582/3248 2751/4579/3246 2746/4576/3241
f 2749/4577/3244 2754/4583/3249 2753/4584/3250 2748/4578/3245
f 2750/4574/3242 2755/4585/3247 2754/4583/3249 2749/4577/3244
f 2751/4579/3246 2756/4586/3251 2760/4587/3252 2755/4580/3247
f 2752/4582/3248 2757/4588/3253 2756/4586/3251 2751/4579/3246
f 2754/4583/3249 2759/4589/3254 2758/4590/3255 2753/4584/3250
f 2755/4585/3247 2760/4591/3252 2759/4589/3254 2754/4583/3249
f 2756/4586/3251 2761/4592/3256 2765/4593/3257 2760/4587/3252
f 2757/4588/3253 2762/4594/3258 2761/4592/3256 2756/4586/3251
f 2759/4589/3254 2764/4595/3259 2763/4596/3260 2758/4590/3255
f 2760/4591/3252 2765/4597/3257 2764/4595/3259 2759/4589/3254
f 2761/4592/3256 2766/4598/3261 2770/4599/3262 2765/4593/3257
f 2762/4594/3258 2767/4600/3263 2766/4598/3261 2761/4592/3256
f 2764/4601/3259 2769/4602/3264 2768/4603/3265 2763/4604/3260
f 2765/4593/3257 2770/4599/3262 2769/4605/3264 2764/4606/3259
f 2766/4598/3261 2771/4607/3266 2775/4608/3267 2770/4599/3262
f 2767/4600/3263 2772/4609/3268 2771/4607/3266 2766/4598/3261
f 2769/4602/3264 2774/4610/3269 2773/4611/3270 2768/4603/3265
f 2770/4599/3262 2775/4608/3267 2774/4612/3269 2769/4605/3264
f 2771/4607/3266 2776/4613/3271 2780/4614/3272 2775/4608/3267
f 2772/4609/3268 2777/4615/3273 2776/4613/3271 2771/4607/3266
f 2774/4610/3269 2779/4616/3274 2778/4617/3275 2773/4611/3270
f 2775/4608/3267 2780/4614/3272 2779/4618/3274 2774/4612/3269
f 2776/4613/3271 2781/4619/3276 2785/4620/3277 2780/4614/3272
f 2777/4615/3273 2782/4621/3278 2781/4619/3276 2776/4613/3271
f 2779/4616/3274 2784/4622/3279 2783/4623/3280 2778/4617/3275
f 2780/4614/3272 2785/4620/3277 2784/4624/3279 2779/4618/3274
f 2781/4619/3276 2786/4625/3281 2790/4626/3282 2785/4620/3277
f 2782/4621/3278 2787/4627/3283 2786/4625/3281 2781/4619/3276
f 2784/4622/3279 2789/4628/3284 2788/4629/3285 2783/4623/3280
f 2785/4620/3277 2790/4626/3282 2789/4630/3284 2784/4624/3279
f 2786/4625/3281 2791/4631/3286 2798/4632/3287 2790/4626/3282
f 2787/4633/3283 2792/4634/3288 2791/4635/3286 2786/4636/3281
f 2793/4637/3289 2801/4638/3290 5586/4639/3291 5595/4640/3292
f 2789/4641/3284 2797/4642/3293 2796/4643/3294 2788/4644/3285
f 2790/4645/3282 2798/4646/3287 2797/4642/3293 2789/4641/3284
f 2791/4631/3286 2799/4647/3295 2808/4648/3296 2798/4632/3287
f 2792/4634/3288 2800/4649/3297 2799/4650/3295 2791/4635/3286
f 2811/4651/3298 2821/4652/3299 4192/4653/3300 4198/4654/3301
f 2794/4655/3302 2802/4656/3303 2801/4638/3290 2793/4637/3289
f 2795/4657/3304 2803/4658/3305 2802/4656/3303 2794/4655/3302
f 5623/4659/3306 2804/4660/3307 2803/4658/3305 2795/4657/3304
f 5622/4661/3308 2805/4662/3309 2804/4660/3307 5623/4659/3306
f 2796/4643/3294 2806/4663/3310 2805/4664/3309 5622/4665/3308
f 2797/4642/3293 2807/4666/3311 2806/4663/3310 2796/4643/3294
f 2798/4646/3287 2808/4667/3296 2807/4666/3311 2797/4642/3293
f 2799/4647/3295 2809/4668/3312 2818/4669/3313 2808/4648/3296
f 2800/4649/3297 2810/4670/3314 2809/4671/3312 2799/4650/3295
f 1363/2223/1584 4207/4672/3315 4216/4673/3316 1354/2224/1585
f 2802/4656/3303 2812/4674/3317 2811/4651/3298 2801/4638/3290
f 2803/4658/3305 2813/4675/3318 2812/4674/3317 2802/4656/3303
f 2804/4660/3307 2814/4676/3319 2813/4675/3318 2803/4658/3305
f 2805/4662/3309 2815/4677/3320 2814/4676/3319 2804/4660/3307
f 2806/4678/3310 2816/4679/3321 2815/4677/3320 2805/4662/3309
f 2807/4666/3311 2817/4680/3322 2816/4681/3321 2806/4663/3310
f 2808/4667/3296 2818/4682/3313 2817/4680/3322 2807/4666/3311
f 2809/4683/3312 2819/4684/3323 2828/4685/3324 2818/4682/3313
f 2810/4670/3314 2820/4686/3325 2819/4687/3323 2809/4671/3312
f 1373/2244/1598 1383/2260/1608 5569/4688/3326 5577/4689/3327
f 2812/4674/3317 2822/4690/3328 2821/4652/3299 2811/4651/3298
f 2813/4675/3318 2823/4691/3329 2822/4690/3328 2812/4674/3317
f 2814/4676/3319 2824/4692/3330 2823/4691/3329 2813/4675/3318
f 2815/4677/3320 2825/4693/3331 2824/4692/3330 2814/4676/3319
f 2816/4679/3321 2826/4694/3332 2825/4693/3331 2815/4677/3320
f 2817/4680/3322 2827/4695/3333 2826/4696/3332 2816/4681/3321
f 2818/4682/3313 2828/4685/3324 2827/4695/3333 2817/4680/3322
f 2819/4684/3323 2829/4697/3334 2838/4698/3335 2828/4685/3324
f 2820/4686/3325 2830/4699/3336 2829/4700/3334 2819/4687/3323
f 4225/4701/3337 1355/2221/1582 1354/2224/1585 4216/4673/3316
f 2822/4690/3328 2832/4702/3338 2831/4703/3339 2821/4652/3299
f 2823/4691/3329 2833/4704/3340 2832/4702/3338 2822/4690/3328
f 2824/4692/3330 2834/4705/3341 2833/4704/3340 2823/4691/3329
f 2825/4693/3331 2835/4706/3342 2834/4705/3341 2824/4692/3330
f 2826/4694/3332 2836/4707/3343 2835/4706/3342 2825/4693/3331
f 2827/4695/3333 2837/4708/3344 2836/4709/3343 2826/4696/3332
f 2828/4685/3324 2838/4698/3335 2837/4708/3344 2827/4695/3333
f 2829/4700/3334 2839/4710/3345 2848/4711/3346 2838/4712/3335
f 2830/4699/3336 2840/4713/3347 2839/4710/3345 2829/4700/3334
f 1355/2221/1582 4225/4701/3337 4234/4714/3348 1356/2225/1586
f 2832/4702/3338 2842/4715/3349 2841/4716/3350 2831/4703/3339
f 2833/4704/3340 2843/4717/3351 2842/4715/3349 2832/4702/3338
f 2834/4705/3341 2844/4718/3352 2843/4717/3351 2833/4704/3340
f 2835/4706/3342 2845/4719/3353 2844/4718/3352 2834/4705/3341
f 2836/4709/3343 2846/4720/3354 2845/4721/3353 2835/4722/3342
f 2837/4708/3344 2847/4723/3355 2846/4720/3354 2836/4709/3343
f 2838/4698/3335 2848/4724/3346 2847/4723/3355 2837/4708/3344
f 2839/4710/3345 2849/4725/3356 2860/4726/3357 2848/4711/3346
f 2840/4713/3347 2850/4727/3358 2849/4725/3356 2839/4710/3345
f 5570/4728/3359 5569/4688/3326 1383/2260/1608 1393/2275/1618
f 2842/4715/3349 2854/4729/3360 2853/4730/3361 2841/4716/3350
f 2843/4717/3351 2855/4731/3362 2854/4729/3360 2842/4715/3349
f 2844/4718/3352 2856/4732/3363 2855/4731/3362 2843/4717/3351
f 2845/4719/3353 2857/4733/3364 2856/4732/3363 2844/4718/3352
f 2846/4720/3354 2858/4734/3365 2857/4735/3364 2845/4721/3353
f 2847/4723/3355 2859/4736/3366 2858/4734/3365 2846/4720/3354
f 2848/4724/3346 2860/4737/3357 2859/4736/3366 2847/4723/3355
f 6074/2422/1709 6099/4738/1708 6121/4739/3367 6096/4740/3368
f 6079/4741/3369 6102/4742/3370 6100/2420/1707 6077/4743/1706
f 6081/4744/3371 6104/4745/3372 6102/4746/3370 6079/4747/3369
f 6083/4748/3373 6107/4749/3374 6104/4750/3372 6081/4744/3371
f 2854/4751/3360 6084/4752/3375 6082/4753/3376 2853/4754/3361
f 6085/4755/3377 6108/4756/3378 6107/4749/3374 6083/4757/3373
f 6087/4758/3379 6110/4759/3380 6108/4760/3378 6085/4761/3377
f 6089/4762/3381 6112/4763/3382 6110/4764/3380 6087/4765/3379
f 6090/4766/3383 6114/4767/3384 6112/4768/3382 6089/4769/3381
f 6095/4770/3385 6118/4771/3386 6116/4772/3387 6093/4773/3388
f 6096/4774/3368 6121/4775/3367 6118/4771/3386 6095/4776/3385
f 6101/4777/3389 2862/2439/1722 2861/2442/1725 6098/4778/3390
f 2850/4727/3358 6076/4779/3391 6075/4780/3392 2849/4725/3356
f 2849/4725/3356 6075/4781/3392 6097/4782/3393 2860/4726/3357
f 2851/4783/3394 6078/4784/3395 6076/4779/3391 2850/4727/3358
f 2852/4785/3396 6080/4786/3397 6078/4787/3395 2851/4788/3394
f 2853/4754/3361 6082/4753/3376 6080/4789/3397 2852/4785/3396
f 2855/4731/3362 6086/4790/3398 6084/4791/3375 2854/4729/3360
f 2856/4732/3363 6088/4792/3399 6086/4790/3398 2855/4731/3362
f 2857/4733/3364 6091/4793/3400 6088/4792/3399 2856/4732/3363
f 6093/4773/3388 6116/4772/3387 6114/4794/3384 6090/4795/3383
f 2858/4734/3365 6092/4796/3401 6091/4797/3400 2857/4735/3364
f 2859/4736/3366 6094/4798/3402 6092/4796/3401 2858/4734/3365
f 2860/4737/3357 6097/4799/3393 6094/4800/3402 2859/4736/3366
f 6103/4801/3403 2863/4802/3404 2862/2439/1722 6101/4803/3389
f 6098/4778/3390 2861/2442/1725 2872/4804/3405 6120/4805/3406
f 6105/4806/3407 2864/4807/3408 2863/4808/3404 6103/4809/3403
f 6106/4810/3409 2865/4811/3410 2864/4807/3408 6105/4812/3407
f 6109/4813/3411 2866/4814/3412 2865/4811/3410 6106/4815/3409
f 6111/4816/3413 2867/4817/3414 2866/4814/3412 6109/4818/3411
f 6113/4819/3415 2868/4820/3416 2867/4821/3414 6111/4822/3413
f 6115/4823/3417 2869/4824/3418 2868/4825/3416 6113/4826/3415
f 6117/4827/3419 2870/4828/3420 2869/4824/3418 6115/4829/3417
f 6119/4830/3421 2871/4831/3422 2870/4828/3420 6117/4827/3419
f 6120/4832/3406 2872/4833/3405 2871/4831/3422 6119/4830/3421
f 1358/4834/3423 6124/4835/3424 6122/4836/3425 4242/4837/3426
f 2863/4802/3404 5743/4838/3427 5736/2440/1723 2862/2439/1722
f 5756/4839/3428 6220/4840/3429 5749/4841/3430
f 2864/4807/3408 5750/4842/3431 5743/4843/3427 2863/4808/3404
f 2865/4811/3410 5757/4844/3432 5750/4842/3431 2864/4807/3408
f 2866/4814/3412 5763/4845/3433 5757/4844/3432 2865/4811/3410
f 2867/4817/3414 5770/4846/3434 5763/4845/3433 2866/4814/3412
f 2868/4825/3416 5777/4847/3435 5770/4848/3434 2867/4849/3414
f 2869/4824/3418 5785/4850/3436 5777/4847/3435 2868/4825/3416
f 2870/4828/3420 5792/4851/3437 5785/4850/3436 2869/4824/3418
f 2871/4831/3422 5799/4852/3438 5792/4851/3437 2870/4828/3420
f 2872/4833/3405 5806/4853/3439 5799/4852/3438 2871/4831/3422
f 5812/4854/3440 6219/4855/3441 5889/4856/3442
f 1451/4857/1746 2874/4858/3443 2879/4859/3444 1458/4860/1753
f 1445/2450/1731 2875/2449/1730 2874/4858/3443 1451/4857/1746
f 6000/13/10 5/16/11 2881/4861/3445 2875/4862/1730
f 2873/4863/3446 2877/4864/3447 2876/4865/3448
f 1465/4866/3449 2878/4867/3450 2877/4868/3447 2873/4869/3446
f 1458/4860/1753 2879/4859/3444 2878/4867/3450 1465/4866/3449
f 2874/4858/3443 2880/4870/3451 2885/4871/3452 2879/4859/3444
f 2875/4862/1730 2881/4861/3445 2880/4872/3451 2874/4873/3443
f 2877/4864/3447 2883/4874/3453 2882/4875/3454 2876/4865/3448
f 2878/4867/3450 2884/4876/3455 2883/4877/3453 2877/4868/3447
f 2879/4859/3444 2885/4871/3452 2884/4876/3455 2878/4867/3450
f 2880/4872/3451 2886/4878/3456 2891/4879/3457 2885/4880/3452
f 2881/4861/3445 2887/4881/3458 2886/4878/3456 2880/4872/3451
f 5/16/11 4/17/12 2887/4881/3458 2881/4861/3445
f 2883/4874/3453 2889/4882/3459 2888/4883/3460 2882/4875/3454
f 2884/4876/3455 2890/4884/3461 2889/4885/3459 2883/4877/3453
f 2885/4871/3452 2891/4886/3457 2890/4884/3461 2884/4876/3455
f 2886/4878/3456 2892/4887/3462 2896/4888/3463 2891/4879/3457
f 2887/4881/3458 2893/4889/3464 2892/4887/3462 2886/4878/3456
f 4/17/12 8/20/15 2893/4889/3464 2887/4881/3458
f 2889/4882/3459 2894/4890/3465 1494/4891/3466 2888/4883/3460
f 2890/4892/3461 2895/4893/3467 2894/4890/3465 2889/4882/3459
f 2891/4894/3457 2896/4895/3463 2895/4893/3467 2890/4892/3461
f 2892/4887/3462 2897/4896/3468 2901/4897/3469 2896/4888/3463
f 2893/4889/3464 2898/4898/3470 2897/4896/3468 2892/4887/3462
f 8/20/15 7/29/3471 2898/4898/3470 2893/4889/3464
f 2894/4890/3465 2899/4899/3472 1500/4900/3473 1494/4891/3466
f 2895/4893/3467 2900/4901/3474 2899/4899/3472 2894/4890/3465
f 2896/4895/3463 2901/4902/3469 2900/4901/3474 2895/4893/3467
f 2897/4896/3468 2902/4903/3475 2907/4904/3476 2901/4897/3469
f 2898/4898/3470 2903/4905/3477 2902/4903/3475 2897/4896/3468
f 7/29/3471 6/4906/3478 2903/4905/3477 2898/4898/3470
f 2899/4899/3472 2905/4907/3479 2904/4908/3480 1500/4900/3473
f 2900/4901/3474 2906/4909/3481 2905/4907/3479 2899/4899/3472
f 2901/4902/3469 2907/4910/3476 2906/4909/3481 2900/4901/3474
f 2902/4903/3475 2908/4911/3482 2913/4912/3483 2907/4904/3476
f 2903/4905/3477 2909/4913/3484 2908/4911/3482 2902/4903/3475
f 6/4906/3478 11/4914/3485 2909/4913/3484 2903/4905/3477
f 2905/4907/3479 2911/4915/3486 2910/4916/3487 2904/4908/3480
f 2906/4909/3481 2912/4917/3488 2911/4915/3486 2905/4907/3479
f 2907/4904/3476 2913/4912/3483 2912/4918/3488 2906/4919/3481
f 2908/4911/3482 2914/4920/3489 2919/4921/3490 2913/4912/3483
f 2909/4913/3484 2915/4922/3491 2914/4920/3489 2908/4911/3482
f 11/4914/3485 18/4923/3492 2915/4922/3491 2909/4913/3484
f 2911/4915/3486 2917/4924/3493 2916/4925/3494 2910/4916/3487
f 2912/4917/3488 2918/4926/3495 2917/4924/3493 2911/4915/3486
f 2913/4927/3483 2919/4928/3490 2918/4929/3495 2912/4930/3488
f 2914/4931/3489 2920/4932/3496 2926/4933/3497 2919/4928/3490
f 2915/4934/3491 2921/4935/3498 2920/4932/3496 2914/4931/3489
f 18/4936/3492 2922/4937/3499 2921/4938/3498 2915/4939/3491
f 2917/4924/3493 2924/4940/3500 2923/4941/3501 2916/4925/3494
f 2918/4926/3495 2925/4942/3502 2924/4940/3500 2917/4924/3493
f 2919/4928/3490 2926/4933/3497 2925/4943/3502 2918/4929/3495
f 2920/4932/3496 2927/4944/3503 2933/4945/3504 2926/4933/3497
f 2921/4935/3498 2928/4946/3505 2927/4944/3503 2920/4932/3496
f 2922/4937/3499 2929/4947/3506 2928/4948/3505 2921/4938/3498
f 2924/4940/3500 2931/4949/3507 2930/4950/3508 2923/4941/3501
f 2925/4942/3502 2932/4951/3509 2931/4949/3507 2924/4940/3500
f 2926/4933/3497 2933/4945/3504 2932/4952/3509 2925/4943/3502
f 2927/4944/3503 2934/4953/3510 2939/4954/3511 2933/4945/3504
f 2928/4946/3505 2935/4955/3512 2934/4953/3510 2927/4944/3503
f 2929/4947/3506 37/4956/3513 2935/4957/3512 2928/4948/3505
f 2931/4949/3507 2937/4958/3514 2936/4959/3515 2930/4950/3508
f 2932/4951/3509 2938/4960/3516 2937/4958/3514 2931/4949/3507
f 2933/4945/3504 2939/4954/3511 2938/4961/3516 2932/4952/3509
f 2934/4953/3510 2940/4962/3517 2945/4963/3518 2939/4954/3511
f 2935/4955/3512 2941/4964/3519 2940/4962/3517 2934/4953/3510
f 37/4956/3513 2942/4965/3520 2941/4966/3519 2935/4957/3512
f 2937/4958/3514 2943/4967/3521 1543/4968/3522 2936/4959/3515
f 2938/4961/3516 2944/4969/3523 2943/4970/3521 2937/4971/3514
f 2939/4954/3511 2945/4963/3518 2944/4969/3523 2938/4961/3516
f 2940/4962/3517 2946/4972/3524 2951/4973/3525 2945/4963/3518
f 2941/4964/3519 2947/4974/3526 2946/4972/3524 2940/4962/3517
f 2942/4965/3520 50/4975/3527 2947/4976/3526 2941/4966/3519
f 2943/4967/3521 2949/4977/3528 2948/4978/3529 1543/4968/3522
f 2944/4969/3523 2950/4979/3530 2949/4980/3528 2943/4970/3521
f 2945/4963/3518 2951/4973/3525 2950/4979/3530 2944/4969/3523
f 2946/4972/3524 2952/4981/3531 2957/4982/3532 2951/4973/3525
f 2947/4976/3526 2953/4983/3533 2952/4984/3531 2946/4985/3524
f 50/4975/3527 2954/4986/3534 2953/4983/3533 2947/4976/3526
f 2949/4977/3528 2955/4987/3535 1556/4988/3536 2948/4978/3529
f 2950/4979/3530 2956/4989/3537 2955/4990/3535 2949/4980/3528
f 2951/4973/3525 2957/4982/3532 2956/4989/3537 2950/4979/3530
f 2952/4981/3531 2958/4991/3538 2964/4992/3539 2957/4982/3532
f 2953/4983/3533 2959/4993/3540 2958/4994/3538 2952/4984/3531
f 2954/4986/3534 2960/4995/3541 2959/4993/3540 2953/4983/3533
f 2955/4987/3535 2962/4996/3542 2961/4997/3543 1556/4988/3536
f 2956/4989/3537 2963/4998/3544 2962/4999/3542 2955/4990/3535
f 2957/4982/3532 2964/4992/3539 2963/4998/3544 2956/4989/3537
f 2958/5000/3538 2965/5001/3545 2970/5002/3546 2964/5003/3539
f 2959/4993/3540 2966/5004/3547 2965/5005/3545 2958/4994/3538
f 2960/4995/3541 68/5006/3548 2966/5004/3547 2959/4993/3540
f 2962/4996/3542 2968/5007/3549 2967/5008/3550 2961/4997/3543
f 2963/4998/3544 2969/5009/3551 2968/5010/3549 2962/4999/3542
f 2964/4992/3539 2970/5011/3546 2969/5009/3551 2963/4998/3544
f 2965/5001/3545 2971/5012/3552 2976/5013/3553 2970/5002/3546
f 2966/5004/3547 2972/5014/3554 2971/5015/3552 2965/5005/3545
f 68/5006/3548 2973/5016/3555 2972/5014/3554 2966/5004/3547
f 2968/5007/3549 2974/5017/3556 1574/5018/3557 2967/5008/3550
f 2969/5019/3551 2975/5020/3558 2974/5021/3556 2968/5022/3549
f 2970/5002/3546 2976/5013/3553 2975/5020/3558 2969/5019/3551
f 2971/5012/3552 2977/5023/3559 2983/5024/3560 2976/5013/3553
f 2972/5014/3554 2978/5025/3561 2977/5026/3559 2971/5015/3552
f 2973/5016/3555 2979/5027/3562 2978/5025/3561 2972/5014/3554
f 2974/5017/3556 2981/5028/3563 2980/5029/3564 1574/5018/3557
f 2975/5020/3558 2982/5030/3565 2981/5031/3563 2974/5021/3556
f 2976/5013/3553 2983/5024/3560 2982/5030/3565 2975/5020/3558
f 2977/5026/3559 2984/5032/3566 2989/5033/3567 2983/5034/3560
f 2978/5025/3561 2985/5035/3568 2984/5032/3566 2977/5026/3559
f 2979/5027/3562 2986/5036/3569 2985/5035/3568 2978/5025/3561
f 2981/5028/3563 2987/5037/3570 1586/5038/3571 2980/5029/3564
f 2982/5030/3565 2988/5039/3572 2987/5040/3570 2981/5031/3563
f 2983/5024/3560 2989/5041/3567 2988/5039/3572 2982/5030/3565
f 2984/5032/3566 2990/5042/3573 2996/5043/3574 2989/5033/3567
f 2985/5035/3568 2991/5044/3575 2990/5042/3573 2984/5032/3566
f 2986/5036/3569 2992/5045/3576 2991/5044/3575 2985/5035/3568
f 2987/5037/3570 2994/5046/3577 2993/5047/3578 1586/5038/3571
f 2988/5039/3572 2995/5048/3579 2994/5049/3577 2987/5040/3570
f 2989/5041/3567 2996/5050/3574 2995/5048/3579 2988/5039/3572
f 2990/5042/3573 2997/5051/3580 3003/5052/3581 2996/5043/3574
f 2991/5044/3575 2998/5053/3582 2997/5051/3580 2990/5042/3573
f 2992/5045/3576 2999/5054/3583 2998/5053/3582 2991/5044/3575
f 2994/5049/3577 3001/5055/3584 3000/5056/3585 2993/5057/3578
f 2995/5048/3579 3002/5058/3586 3001/5055/3584 2994/5049/3577
f 2996/5050/3574 3003/5059/3581 3002/5058/3586 2995/5048/3579
f 2997/5051/3580 3004/5060/3587 3009/5061/3588 3003/5052/3581
f 2998/5053/3582 3005/5062/3589 3004/5060/3587 2997/5051/3580
f 2999/5054/3583 3006/5063/3590 3005/5062/3589 2998/5053/3582
f 3001/5055/3584 3007/5064/3591 1604/5065/3592 3000/5056/3585
f 3002/5058/3586 3008/5066/3593 3007/5064/3591 3001/5055/3584
f 3003/5059/3581 3009/5067/3588 3008/5066/3593 3002/5058/3586
f 3004/5068/3587 3010/5069/3594 3015/5070/3595 3009/5071/3588
f 3005/5062/3589 3011/5072/3596 3010/5073/3594 3004/5060/3587
f 3006/5074/3590 3012/5075/3597 3011/5076/3596 3005/5077/3589
f 3007/5064/3591 3013/5078/3598 1610/5079/3599 1604/5065/3592
f 3008/5066/3593 3014/5080/3600 3013/5078/3598 3007/5064/3591
f 3009/5071/3588 3015/5070/3595 3014/5081/3600 3008/5082/3593
f 3010/5069/3594 3016/5083/3601 3021/5084/3602 3015/5070/3595
f 3011/5072/3596 3017/5085/3603 3016/5086/3601 3010/5073/3594
f 3012/5075/3597 3018/5087/3604 3017/5088/3603 3011/5076/3596
f 3013/5078/3598 3019/5089/3605 1616/5090/3606 1610/5079/3599
f 3014/5080/3600 3020/5091/3607 3019/5089/3605 3013/5078/3598
f 3015/5070/3595 3021/5084/3602 3020/5092/3607 3014/5081/3600
f 3016/5083/3601 3022/5093/3608 3027/5094/3609 3021/5084/3602
f 3017/5095/3603 3023/5096/3610 3022/5093/3608 3016/5083/3601
f 3018/5087/3604 3024/5097/3611 3023/5098/3610 3017/5088/3603
f 3019/5099/3605 3025/5100/3612 1622/5101/3613 1616/5102/3606
f 3020/5092/3607 3026/5103/3614 3025/5104/3612 3019/5105/3605
f 3021/5084/3602 3027/5094/3609 3026/5103/3614 3020/5092/3607
f 3022/5093/3608 3028/5106/3615 3032/5107/3616 3027/5094/3609
f 3023/5098/3610 3029/5108/3617 3028/5109/3615 3022/5110/3608
f 3024/5097/3611 126/5111/3618 3029/5108/3617 3023/5098/3610
f 3025/5100/3612 3030/5112/3619 1628/5113/3620 1622/5101/3613
f 3026/5103/3614 3031/5114/3621 3030/5115/3619 3025/5104/3612
f 3027/5094/3609 3032/5107/3616 3031/5114/3621 3026/5103/3614
f 3028/5106/3615 3033/5116/3622 3038/5117/3623 3032/5107/3616
f 3029/5108/3617 3034/5118/3624 3033/5119/3622 3028/5109/3615
f 126/5111/3618 3035/5120/3625 3034/5118/3624 3029/5108/3617
f 3030/5112/3619 3036/5121/3626 1634/5122/3627 1628/5113/3620
f 3031/5114/3621 3037/5123/3628 3036/5124/3626 3030/5115/3619
f 3032/5107/3616 3038/5117/3623 3037/5123/3628 3031/5114/3621
f 3033/5116/3622 3039/5125/3629 3044/5126/3630 3038/5117/3623
f 3034/5118/3624 3040/5127/3631 3039/5128/3629 3033/5119/3622
f 3035/5120/3625 3041/5129/3632 3040/5127/3631 3034/5118/3624
f 3036/5121/3626 3042/5130/3633 1640/5131/3634 1634/5122/3627
f 3037/5123/3628 3043/5132/3635 3042/5133/3633 3036/5124/3626
f 3038/5117/3623 3044/5126/3630 3043/5132/3635 3037/5123/3628
f 3039/5128/3629 3045/5134/3636 3049/5135/3637 3044/5136/3630
f 3040/5127/3631 3046/5137/3638 3045/5134/3636 3039/5128/3629
f 3041/5129/3632 143/5138/3639 3046/5137/3638 3040/5127/3631
f 3042/5130/3633 3047/5139/3640 1646/5140/3641 1640/5131/3634
f 3043/5141/3635 3048/5142/3642 3047/5139/3640 3042/5130/3633
f 3044/5126/3630 3049/5143/3637 3048/5144/3642 3043/5132/3635
f 3045/5134/3636 3050/5145/3643 3056/5146/3644 3049/5135/3637
f 3046/5137/3638 3051/5147/3645 3050/5145/3643 3045/5134/3636
f 143/5138/3639 3052/5148/3646 3051/5147/3645 3046/5137/3638
f 3047/5139/3640 3054/5149/3647 3053/5150/3648 1646/5140/3641
f 3048/5142/3642 3055/5151/3649 3054/5149/3647 3047/5139/3640
f 3049/5143/3637 3056/5152/3644 3055/5153/3649 3048/5144/3642
f 3050/5145/3643 3057/5154/3650 3062/5155/3651 3056/5146/3644
f 3051/5147/3645 3058/5156/3652 3057/5154/3650 3050/5145/3643
f 3052/5148/3646 3059/5157/3653 3058/5156/3652 3051/5147/3645
f 3054/5149/3647 3060/5158/3654 1658/5159/3655 3053/5150/3648
f 3055/5151/3649 3061/5160/3656 3060/5158/3654 3054/5149/3647
f 3056/5146/3644 3062/5155/3651 3061/5161/3656 3055/5162/3649
f 3057/5154/3650 3063/5163/3657 3068/5164/3658 3062/5155/3651
f 3058/5156/3652 3064/5165/3659 3063/5163/3657 3057/5154/3650
f 3059/5157/3653 3065/5166/3660 3064/5165/3659 3058/5156/3652
f 3060/5158/3654 3066/5167/3661 1664/5168/3662 1658/5159/3655
f 3061/5160/3656 3067/5169/3663 3066/5167/3661 3060/5158/3654
f 3062/5170/3651 3068/5171/3658 3067/5169/3663 3061/5160/3656
f 3063/5163/3657 3069/5172/3664 3074/5173/3665 3068/5164/3658
f 3064/5165/3659 3070/5174/3666 3069/5172/3664 3063/5163/3657
f 3065/5166/3660 167/5175/3667 3070/5174/3666 3064/5165/3659
f 3066/5167/3661 3072/5176/3668 3071/5177/3669 1664/5168/3662
f 3067/5169/3663 3073/5178/3670 3072/5176/3668 3066/5167/3661
f 3068/5171/3658 3074/5179/3665 3073/5178/3670 3067/5169/3663
f 3069/5172/3664 3075/5180/3671 3080/5181/3672 3074/5173/3665
f 3070/5174/3666 3076/5182/3673 3075/5180/3671 3069/5172/3664
f 167/5175/3667 173/5183/3674 3076/5182/3673 3070/5174/3666
f 3072/5176/3668 3078/5184/3675 3077/5185/3676 3071/5177/3669
f 3073/5178/3670 3079/5186/3677 3078/5184/3675 3072/5176/3668
f 3074/5173/3665 3080/5181/3672 3079/5187/3677 3073/5188/3670
f 3075/5180/3671 3081/5189/3678 3086/5190/3679 3080/5181/3672
f 3076/5182/3673 3082/5191/3680 3081/5189/3678 3075/5180/3671
f 173/5183/3674 179/5192/3681 3082/5191/3680 3076/5182/3673
f 3078/5184/3675 3084/5193/3682 3083/5194/3683 3077/5185/3676
f 3079/5186/3677 3085/5195/3684 3084/5193/3682 3078/5184/3675
f 3080/5196/3672 3086/5197/3679 3085/5198/3684 3079/5199/3677
f 3081/5200/3678 3087/5201/3685 3092/5202/3686 3086/5197/3679
f 3082/5191/3680 3088/5203/3687 3087/5204/3685 3081/5189/3678
f 179/5205/3681 185/5206/3688 3088/5207/3687 3082/5208/3680
f 3084/5193/3682 3090/5209/3689 3089/5210/3690 3083/5194/3683
f 3085/5195/3684 3091/5211/3691 3090/5209/3689 3084/5193/3682
f 3086/5197/3679 3092/5202/3686 3091/5212/3691 3085/5198/3684
f 3087/5201/3685 3093/5213/3692 3098/5214/3693 3092/5202/3686
f 3088/5203/3687 3094/5215/3694 3093/5216/3692 3087/5204/3685
f 185/5206/3688 191/5217/3695 3094/5218/3694 3088/5207/3687
f 3090/5209/3689 3096/5219/3696 3095/5220/3697 3089/5210/3690
f 3091/5211/3691 3097/5221/3698 3096/5219/3696 3090/5209/3689
f 3092/5202/3686 3098/5214/3693 3097/5222/3698 3091/5212/3691
f 3093/5213/3692 3099/5223/3699 3103/5224/3700 3098/5214/3693
f 3094/5225/3694 3100/5226/3701 3099/5223/3699 3093/5213/3692
f 191/5217/3695 197/5227/3702 3100/5228/3701 3094/5218/3694
f 3096/5219/3696 3101/5229/3703 1699/5230/3704 3095/5220/3697
f 3097/5221/3698 3102/5231/3705 3101/5229/3703 3096/5219/3696
f 3098/5214/3693 3103/5224/3700 3102/5232/3705 3097/5222/3698
f 3099/5223/3699 3104/5233/3706 3108/5234/3707 3103/5224/3700
f 3100/5228/3701 3105/5235/3708 3104/5236/3706 3099/5237/3699
f 197/5227/3702 203/5238/3709 3105/5235/3708 3100/5228/3701
f 3101/5229/3703 3106/5239/3710 1706/5240/3711 1699/5230/3704
f 3102/5231/3705 3107/5241/3712 3106/5239/3710 3101/5229/3703
f 3103/5224/3700 3108/5234/3707 3107/5242/3712 3102/5232/3705
f 3104/5233/3706 3109/5243/3713 3114/5244/3714 3108/5234/3707
f 3105/5235/3708 3110/5245/3715 3109/5246/3713 3104/5236/3706
f 203/5238/3709 209/5247/3716 3110/5245/3715 3105/5235/3708
f 3106/5239/3710 3112/5248/3717 3111/5249/3718 1706/5240/3711
f 3107/5242/3712 3113/5250/3719 3112/5251/3717 3106/5252/3710
f 3108/5234/3707 3114/5244/3714 3113/5250/3719 3107/5242/3712
f 3109/5243/3713 3115/5253/3720 3120/5254/3721 3114/5244/3714
f 3110/5245/3715 3116/5255/3722 3115/5256/3720 3109/5246/3713
f 209/5247/3716 215/5257/3723 3116/5255/3722 3110/5245/3715
f 3112/5248/3717 3118/5258/3724 3117/5259/3725 3111/5249/3718
f 3113/5250/3719 3119/5260/3726 3118/5261/3724 3112/5251/3717
f 3114/5244/3714 3120/5254/3721 3119/5260/3726 3113/5250/3719
f 3115/5253/3720 3121/5262/3727 3126/5263/3728 3120/5254/3721
f 3116/5255/3722 3122/5264/3729 3121/5265/3727 3115/5256/3720
f 215/5257/3723 3123/5266/3730 3122/5264/3729 3116/5255/3722
f 3118/5258/3724 3124/5267/3731 1724/5268/3732 3117/5259/3725
f 3119/5260/3726 3125/5269/3733 3124/5270/3731 3118/5261/3724
f 3120/5254/3721 3126/5263/3728 3125/5269/3733 3119/5260/3726
f 3121/5265/3727 3127/5271/3734 3132/5272/3735 3126/5273/3728
f 3122/5264/3729 3128/5274/3736 3127/5271/3734 3121/5265/3727
f 3123/5266/3730 227/5275/3737 3128/5274/3736 3122/5264/3729
f 3124/5267/3731 3130/5276/3738 3129/5277/3739 1724/5268/3732
f 3125/5278/3733 3131/5279/3740 3130/5280/3738 3124/5281/3731
f 3126/5282/3728 3132/5283/3735 3131/5279/3740 3125/5278/3733
f 3127/5271/3734 3133/5284/3741 3139/5285/3742 3132/5272/3735
f 3128/5274/3736 3134/5286/3743 3133/5284/3741 3127/5271/3734
f 227/5275/3737 3135/5287/3744 3134/5286/3743 3128/5274/3736
f 3130/5276/3738 3137/5288/3745 3136/5289/3746 3129/5277/3739
f 3131/5279/3740 3138/5290/3747 3137/5291/3745 3130/5280/3738
f 3132/5283/3735 3139/5292/3742 3138/5290/3747 3131/5279/3740
f 3133/5284/3741 3140/5293/3748 3145/5294/3749 3139/5285/3742
f 3134/5286/3743 3141/5295/3750 3140/5293/3748 3133/5284/3741
f 3135/5287/3744 3142/5296/3751 3141/5295/3750 3134/5286/3743
f 3137/5288/3745 3143/5297/3752 1742/5298/3753 3136/5289/3746
f 3138/5290/3747 3144/5299/3754 3143/5300/3752 3137/5291/3745
f 3139/5292/3742 3145/5301/3749 3144/5299/3754 3138/5290/3747
f 3140/5293/3748 3146/5302/3755 3150/5303/3756 3145/5294/3749
f 3141/5295/3750 3147/5304/3757 3146/5302/3755 3140/5293/3748
f 3142/5296/3751 245/5305/3758 3147/5304/3757 3141/5295/3750
f 3143/5297/3752 3148/5306/3759 1749/5307/3760 1742/5298/3753
f 3144/5299/3754 3149/5308/3761 3148/5309/3759 3143/5300/3752
f 3145/5301/3749 3150/5310/3756 3149/5308/3761 3144/5299/3754
f 3146/5302/3755 3151/5311/3762 3157/5312/3763 3150/5303/3756
f 3147/5304/3757 3152/5313/3764 3151/5311/3762 3146/5302/3755
f 245/5305/3758 3153/5314/3765 3152/5313/3764 3147/5304/3757
f 3148/5306/3759 3155/5315/3766 3154/5316/3767 1749/5307/3760
f 3149/5308/3761 3156/5317/3768 3155/5318/3766 3148/5309/3759
f 3150/5310/3756 3157/5319/3763 3156/5317/3768 3149/5308/3761
f 3151/5311/3762 3158/5320/3769 3163/5321/3770 3157/5312/3763
f 3152/5313/3764 3159/5322/3771 3158/5320/3769 3151/5311/3762
f 3153/5314/3765 3160/5323/3772 3159/5322/3771 3152/5313/3764
f 3155/5315/3766 3161/5324/3773 1761/5325/3774 3154/5316/3767
f 3156/5317/3768 3162/5326/3775 3161/5327/3773 3155/5318/3766
f 3157/5319/3763 3163/5328/3770 3162/5326/3775 3156/5317/3768
f 3158/5320/3769 3164/5329/3776 3169/5330/3777 3163/5321/3770
f 3159/5322/3771 3165/5331/3778 3164/5329/3776 3158/5320/3769
f 3160/5323/3772 3166/5332/3779 3165/5331/3778 3159/5322/3771
f 3161/5324/3773 3167/5333/3780 1767/5334/3781 1761/5325/3774
f 3162/5326/3775 3168/5335/3782 3167/5336/3780 3161/5327/3773
f 3163/5328/3770 3169/5337/3777 3168/5335/3782 3162/5326/3775
f 3164/5338/3776 3170/5339/3783 3175/5340/3784 3169/5341/3777
f 3165/5331/3778 3171/5342/3785 3170/5343/3783 3164/5329/3776
f 3166/5344/3779 3172/5345/3786 3171/5346/3785 3165/5347/3778
f 3167/5333/3780 3173/5348/3787 1773/5349/3788 1767/5334/3781
f 3168/5335/3782 3174/5350/3789 3173/5351/3787 3167/5336/3780
f 3169/5341/3777 3175/5340/3784 3174/5352/3789 3168/5353/3782
f 3170/5339/3783 3176/5354/3790 3181/5355/3791 3175/5340/3784
f 3171/5342/3785 3177/5356/3792 3176/5357/3790 3170/5343/3783
f 3172/5345/3786 3178/5358/3793 3177/5359/3792 3171/5346/3785
f 3173/5348/3787 3179/5360/3794 1779/5361/3795 1773/5349/3788
f 3174/5350/3789 3180/5362/3796 3179/5363/3794 3173/5351/3787
f 3175/5340/3784 3181/5355/3791 3180/5364/3796 3174/5352/3789
f 3176/5354/3790 3182/5365/3797 3187/5366/3798 3181/5355/3791
f 3177/5356/3792 3183/5367/3799 3182/5368/3797 3176/5357/3790
f 3178/5358/3793 3184/5369/3800 3183/5370/3799 3177/5359/3792
f 3179/5360/3794 3185/5371/3801 1785/5372/3802 1779/5361/3795
f 3180/5364/3796 3186/5373/3803 3185/5374/3801 3179/5375/3794
f 3181/5355/3791 3187/5366/3798 3186/5373/3803 3180/5364/3796
f 3182/5365/3797 3188/5376/3804 3193/5377/3805 3187/5366/3798
f 3183/5370/3799 3189/5378/3806 3188/5379/3804 3182/5380/3797
f 3184/5369/3800 3190/5381/3807 3189/5378/3806 3183/5370/3799
f 3185/5371/3801 3191/5382/3808 1791/5383/3809 1785/5372/3802
f 3186/5373/3803 3192/5384/3810 3191/5385/3808 3185/5374/3801
f 3187/5366/3798 3193/5377/3805 3192/5384/3810 3186/5373/3803
f 3188/5376/3804 3194/5386/3811 3200/5387/3812 3193/5377/3805
f 3189/5378/3806 3195/5388/3813 3194/5389/3811 3188/5379/3804
f 3190/5381/3807 3196/5390/3814 3195/5388/3813 3189/5378/3806
f 3191/5382/3808 3198/5391/3815 3197/5392/3816 1791/5383/3809
f 3192/5393/3810 3199/5394/3817 3198/5391/3815 3191/5382/3808
f 3193/5377/3805 3200/5387/3812 3199/5395/3817 3192/5384/3810
f 3194/5386/3811 3201/5396/3818 3206/5397/3819 3200/5387/3812
f 3195/5388/3813 3202/5398/3820 3201/5399/3818 3194/5389/3811
f 3196/5390/3814 3203/5400/3821 3202/5398/3820 3195/5388/3813
f 3198/5391/3815 3204/5401/3822 1802/5402/3823 3197/5392/3816
f 3199/5394/3817 3205/5403/3824 3204/5401/3822 3198/5391/3815
f 3200/5387/3812 3206/5397/3819 3205/5404/3824 3199/5395/3817
f 3201/5399/3818 3207/5405/3825 3211/5406/3826 3206/5407/3819
f 3202/5398/3820 3208/5408/3827 3207/5405/3825 3201/5399/3818
f 3203/5400/3821 303/5409/3828 3208/5408/3827 3202/5398/3820
f 3204/5401/3822 3209/5410/3829 1808/5411/3830 1802/5402/3823
f 3205/5403/3824 3210/5412/3831 3209/5410/3829 3204/5401/3822
f 3206/5397/3819 3211/5413/3826 3210/5414/3831 3205/5404/3824
f 3207/5405/3825 3212/5415/3832 3218/5416/3833 3211/5406/3826
f 3208/5408/3827 3213/5417/3834 3212/5415/3832 3207/5405/3825
f 303/5409/3828 3214/5418/3835 3213/5417/3834 3208/5408/3827
f 3209/5410/3829 3216/5419/3836 3215/5420/3837 1808/5411/3830
f 3210/5412/3831 3217/5421/3838 3216/5419/3836 3209/5410/3829
f 3211/5413/3826 3218/5422/3833 3217/5423/3838 3210/5414/3831
f 3212/5415/3832 3219/5424/3839 3224/5425/3840 3218/5416/3833
f 3213/5417/3834 3220/5426/3841 3219/5424/3839 3212/5415/3832
f 3214/5418/3835 3221/5427/3842 3220/5426/3841 3213/5417/3834
f 3216/5419/3836 3222/5428/3843 1819/5429/3844 3215/5420/3837
f 3217/5421/3838 3223/5430/3845 3222/5428/3843 3216/5419/3836
f 3218/5431/3833 3224/5432/3840 3223/5430/3845 3217/5421/3838
f 3219/5424/3839 3225/5433/3846 3231/5434/3847 3224/5425/3840
f 3220/5426/3841 3226/5435/3848 3225/5433/3846 3219/5424/3839
f 3221/5427/3842 3227/5436/3849 3226/5435/3848 3220/5426/3841
f 3222/5428/3843 3229/5437/3850 3228/5438/3851 1819/5429/3844
f 3223/5430/3845 3230/5439/3852 3229/5437/3850 3222/5428/3843
f 3224/5432/3840 3231/5440/3847 3230/5439/3852 3223/5430/3845
f 3225/5433/3846 3232/5441/3853 3238/5442/3854 3231/5434/3847
f 3226/5435/3848 3233/5443/3855 3232/5441/3853 3225/5433/3846
f 3227/5436/3849 3234/5444/3856 3233/5443/3855 3226/5435/3848
f 3229/5437/3850 3236/5445/3857 3235/5446/3858 3228/5438/3851
f 3230/5439/3852 3237/5447/3859 3236/5445/3857 3229/5437/3850
f 3231/5440/3847 3238/5448/3854 3237/5447/3859 3230/5439/3852
f 3232/5441/3853 3239/5449/3860 3243/5450/3861 3238/5442/3854
f 3233/5443/3855 3240/5451/3862 3239/5449/3860 3232/5441/3853
f 3234/5444/3856 332/5452/3863 3240/5451/3862 3233/5443/3855
f 3236/5445/3857 3241/5453/3864 1836/5454/3865 3235/5446/3858
f 3237/5447/3859 3242/5455/3866 3241/5453/3864 3236/5445/3857
f 3238/5448/3854 3243/5456/3861 3242/5455/3866 3237/5447/3859
f 3239/5449/3860 3244/5457/3867 3249/5458/3868 3243/5450/3861
f 3240/5451/3862 3245/5459/3869 3244/5457/3867 3239/5449/3860
f 332/5452/3863 339/5460/3870 3245/5459/3869 3240/5451/3862
f 3241/5453/3864 3247/5461/3871 3246/5462/3872 1836/5454/3865
f 3242/5455/3866 3248/5463/3873 3247/5461/3871 3241/5453/3864
f 3243/5464/3861 3249/5465/3868 3248/5466/3873 3242/5467/3866
f 3244/5468/3867 3250/5469/3874 3255/5470/3875 3249/5465/3868
f 3245/5459/3869 3251/5471/3876 3250/5472/3874 3244/5457/3867
f 339/5473/3870 345/5474/3877 3251/5475/3876 3245/5476/3869
f 3247/5461/3871 3253/5477/3878 3252/5478/3879 3246/5462/3872
f 3248/5463/3873 3254/5479/3880 3253/5477/3878 3247/5461/3871
f 3249/5465/3868 3255/5470/3875 3254/5480/3880 3248/5466/3873
f 3250/5469/3874 3256/5481/3881 3261/5482/3882 3255/5470/3875
f 3251/5471/3876 3257/5483/3883 3256/5484/3881 3250/5472/3874
f 345/5474/3877 352/5485/3884 3257/5486/3883 3251/5475/3876
f 3253/5477/3878 3259/5487/3885 3258/5488/3886 3252/5478/3879
f 3254/5479/3880 3260/5489/3887 3259/5487/3885 3253/5477/3878
f 3255/5470/3875 3261/5482/3882 3260/5490/3887 3254/5480/3880
f 3256/5481/3881 3262/5491/3888 3267/5492/3889 3261/5482/3882
f 3257/5483/3883 3263/5493/3890 3262/5494/3888 3256/5484/3881
f 352/5485/3884 358/5495/3891 3263/5496/3890 3257/5486/3883
f 3259/5487/3885 3265/5497/3892 3264/5498/3893 3258/5488/3886
f 3260/5489/3887 3266/5499/3894 3265/5497/3892 3259/5487/3885
f 3261/5482/3882 3267/5492/3889 3266/5500/3894 3260/5490/3887
f 3262/5491/3888 3268/5501/3895 3274/5502/3896 3267/5492/3889
f 3263/5496/3890 3269/5503/3897 3268/5504/3895 3262/5505/3888
f 358/5495/3891 3270/5506/3898 3269/5503/3897 3263/5496/3890
f 3265/5497/3892 3272/5507/3899 3271/5508/3900 3264/5498/3893
f 3266/5499/3894 3273/5509/3901 3272/5507/3899 3265/5497/3892
f 3267/5492/3889 3274/5502/3896 3273/5510/3901 3266/5500/3894
f 3268/5501/3895 3275/5511/3902 3280/5512/3903 3274/5502/3896
f 3269/5503/3897 3276/5513/3904 3275/5514/3902 3268/5504/3895
f 3270/5506/3898 371/5515/3905 3276/5513/3904 3269/5503/3897
f 3272/5507/3899 3278/5516/3906 3277/5517/3907 3271/5508/3900
f 3273/5509/3901 3279/5518/3908 3278/5516/3906 3272/5507/3899
f 3274/5502/3896 3280/5512/3903 3279/5519/3908 3273/5510/3901
f 3275/5511/3902 3281/5520/3909 3286/5521/3910 3280/5512/3903
f 3276/5513/3904 3282/5522/3911 3281/5523/3909 3275/5514/3902
f 371/5515/3905 3283/5524/3912 3282/5522/3911 3276/5513/3904
f 3278/5516/3906 3284/5525/3913 1877/5526/3914 3277/5517/3907
f 3279/5518/3908 3285/5527/3915 3284/5525/3913 3278/5516/3906
f 3280/5512/3903 3286/5521/3910 3285/5528/3915 3279/5519/3908
f 3281/5520/3909 3287/5529/3916 3292/5530/3917 3286/5521/3910
f 3282/5522/3911 3288/5531/3918 3287/5532/3916 3281/5523/3909
f 3283/5524/3912 3289/5533/3919 3288/5531/3918 3282/5522/3911
f 3284/5525/3913 3290/5534/3920 1884/5535/3921 1877/5526/3914
f 3285/5527/3915 3291/5536/3922 3290/5534/3920 3284/5525/3913
f 3286/5521/3910 3292/5530/3917 3291/5537/3922 3285/5528/3915
f 3287/5532/3916 3293/5538/3923 3297/5539/3924 3292/5540/3917
f 3288/5531/3918 3294/5541/3925 3293/5538/3923 3287/5532/3916
f 3289/5533/3919 390/5542/3926 3294/5541/3925 3288/5531/3918
f 3290/5534/3920 3295/5543/3927 1890/5544/3928 1884/5535/3921
f 3291/5545/3922 3296/5546/3929 3295/5547/3927 3290/5548/3920
f 3292/5549/3917 3297/5550/3924 3296/5546/3929 3291/5545/3922
f 3293/5538/3923 3298/5551/3930 3303/5552/3931 3297/5539/3924
f 3294/5541/3925 3299/5553/3932 3298/5551/3930 3293/5538/3923
f 390/5542/3926 3300/5554/3933 3299/5553/3932 3294/5541/3925
f 3295/5543/3927 3301/5555/3934 1896/5556/3935 1890/5544/3928
f 3296/5546/3929 3302/5557/3936 3301/5558/3934 3295/5547/3927
f 3297/5550/3924 3303/5559/3931 3302/5557/3936 3296/5546/3929
f 3298/5551/3930 3304/5560/3937 3310/5561/3938 3303/5552/3931
f 3299/5553/3932 3305/5562/3939 3304/5560/3937 3298/5551/3930
f 3300/5554/3933 3306/5563/3940 3305/5562/3939 3299/5553/3932
f 3301/5555/3934 3308/5564/3941 3307/5565/3942 1896/5556/3935
f 3302/5557/3936 3309/5566/3943 3308/5567/3941 3301/5558/3934
f 3303/5559/3931 3310/5568/3938 3309/5566/3943 3302/5557/3936
f 3304/5560/3937 3311/5569/3944 3316/5570/3945 3310/5561/3938
f 3305/5562/3939 3312/5571/3946 3311/5569/3944 3304/5560/3937
f 3306/5563/3940 3313/5572/3947 3312/5571/3946 3305/5562/3939
f 3308/5564/3941 3314/5573/3948 1908/5574/3949 3307/5565/3942
f 3309/5566/3943 3315/5575/3950 3314/5576/3948 3308/5567/3941
f 3310/5568/3938 3316/5577/3945 3315/5575/3950 3309/5566/3943
f 3311/5569/3944 3317/5578/3951 3322/5579/3952 3316/5570/3945
f 3312/5571/3946 3318/5580/3953 3317/5578/3951 3311/5569/3944
f 3313/5572/3947 3319/5581/3954 3318/5580/3953 3312/5571/3946
f 3314/5573/3948 3320/5582/3955 1914/5583/3956 1908/5574/3949
f 3315/5575/3950 3321/5584/3957 3320/5585/3955 3314/5576/3948
f 3316/5577/3945 3322/5586/3952 3321/5584/3957 3315/5575/3950
f 3317/5578/3951 3323/5587/3958 3328/5588/3959 3322/5579/3952
f 3318/5580/3953 3324/5589/3960 3323/5587/3958 3317/5578/3951
f 3319/5581/3954 3325/5590/3961 3324/5589/3960 3318/5580/3953
f 3320/5582/3955 3326/5591/3962 1921/5592/3963 1914/5583/3956
f 3321/5584/3957 3327/5593/3964 3326/5594/3962 3320/5585/3955
f 3322/5586/3952 3328/5595/3959 3327/5593/3964 3321/5584/3957
f 3323/5587/3958 3329/5596/3965 3334/5597/3966 3328/5588/3959
f 3324/5589/3960 3330/5598/3967 3329/5596/3965 3323/5587/3958
f 3325/5590/3961 3331/5599/3968 3330/5598/3967 3324/5589/3960
f 3326/5591/3962 3332/5600/3969 1927/5601/3970 1921/5592/3963
f 3327/5593/3964 3333/5602/3971 3332/5603/3969 3326/5594/3962
f 3328/5595/3959 3334/5604/3966 3333/5602/3971 3327/5593/3964
f 3329/5605/3965 3335/5606/3972 3340/5607/3973 3334/5608/3966
f 3330/5598/3967 3336/5609/3974 3335/5610/3972 3329/5596/3965
f 3331/5611/3968 3337/5612/3975 3336/5613/3974 3330/5614/3967
f 3332/5600/3969 3338/5615/3976 1933/5616/3977 1927/5601/3970
f 3333/5602/3971 3339/5617/3978 3338/5618/3976 3332/5603/3969
f 3334/5608/3966 3340/5607/3973 3339/5619/3978 3333/5620/3971
f 3335/5606/3972 3341/5621/3979 3346/5622/3980 3340/5607/3973
f 3336/5609/3974 3342/5623/3981 3341/5624/3979 3335/5610/3972
f 3337/5612/3975 3343/5625/3982 3342/5626/3981 3336/5613/3974
f 3338/5615/3976 3344/5627/3983 1939/5628/3984 1933/5616/3977
f 3339/5629/3978 3345/5630/3985 3344/5627/3983 3338/5615/3976
f 3340/5607/3973 3346/5622/3980 3345/5631/3985 3339/5619/3978
f 3341/5621/3979 3347/5632/3986 3352/5633/3987 3346/5622/3980
f 3342/5626/3981 3348/5634/3988 3347/5635/3986 3341/5636/3979
f 3343/5625/3982 3349/5637/3989 3348/5634/3988 3342/5626/3981
f 3344/5627/3983 3350/5638/3990 1945/5639/3991 1939/5628/3984
f 3345/5630/3985 3351/5640/3992 3350/5638/3990 3344/5627/3983
f 3346/5622/3980 3352/5633/3987 3351/5641/3992 3345/5631/3985
f 3347/5632/3986 3353/5642/3993 3358/5643/3994 3352/5633/3987
f 3348/5634/3988 3354/5644/3995 3353/5645/3993 3347/5635/3986
f 3349/5637/3989 3355/5646/3996 3354/5644/3995 3348/5634/3988
f 3350/5638/3990 3356/5647/3997 1951/5648/3998 1945/5639/3991
f 3351/5640/3992 3357/5649/3999 3356/5647/3997 3350/5638/3990
f 3352/5633/3987 3358/5643/3994 3357/5650/3999 3351/5641/3992
f 3353/5642/3993 3359/5651/4000 3363/5652/4001 3358/5643/3994
f 3354/5644/3995 3360/5653/4002 3359/5654/4000 3353/5645/3993
f 3355/5646/3996 454/5655/4003 3360/5653/4002 3354/5644/3995
f 3356/5647/3997 3361/5656/4004 1957/5657/4005 1951/5648/3998
f 3357/5649/3999 3362/5658/4006 3361/5656/4004 3356/5647/3997
f 3358/5643/3994 3363/5652/4001 3362/5659/4006 3357/5650/3999
f 3359/5651/4000 3364/5660/4007 3369/5661/4008 3363/5652/4001
f 3360/5653/4002 3365/5662/4009 3364/5663/4007 3359/5654/4000
f 454/5655/4003 460/5664/4010 3365/5662/4009 3360/5653/4002
f 3361/5656/4004 3367/5665/4011 3366/5666/4012 1957/5657/4005
f 3362/5658/4006 3368/5667/4013 3367/5665/4011 3361/5656/4004
f 3363/5652/4001 3369/5661/4008 3368/5668/4013 3362/5659/4006
f 3364/5663/4007 3370/5669/4014 3374/5670/4015 3369/5671/4008
f 3365/5662/4009 3371/5672/4016 3370/5669/4014 3364/5663/4007
f 460/5664/4010 467/5673/4017 3371/5672/4016 3365/5662/4009
f 3367/5665/4011 3372/5674/4018 1968/5675/4019 3366/5666/4012
f 3368/5667/4013 3373/5676/4020 3372/5674/4018 3367/5665/4011
f 3369/5661/4008 3374/5677/4015 3373/5678/4020 3368/5668/4013
f 3370/5669/4014 3375/5679/4021 3381/5680/4022 3374/5670/4015
f 3371/5672/4016 3376/5681/4023 3375/5679/4021 3370/5669/4014
f 467/5673/4017 3377/5682/4024 3376/5681/4023 3371/5672/4016
f 3372/5674/4018 3379/5683/4025 3378/5684/4026 1968/5675/4019
f 3373/5676/4020 3380/5685/4027 3379/5683/4025 3372/5674/4018
f 3374/5686/4015 3381/5687/4022 3380/5685/4027 3373/5676/4020
f 3375/5679/4021 3382/5688/4028 3386/5689/4029 3381/5680/4022
f 3376/5681/4023 3383/5690/4030 3382/5688/4028 3375/5679/4021
f 3377/5682/4024 479/5691/4031 3383/5690/4030 3376/5681/4023
f 3379/5683/4025 3384/5692/4032 1981/5693/4033 3378/5684/4026
f 3380/5685/4027 3385/5694/4034 3384/5692/4032 3379/5683/4025
f 3381/5687/4022 3386/5695/4029 3385/5694/4034 3380/5685/4027
f 3382/5688/4028 3387/5696/4035 3392/5697/4036 3386/5689/4029
f 3383/5690/4030 3388/5698/4037 3387/5696/4035 3382/5688/4028
f 479/5691/4031 3389/5699/4038 3388/5698/4037 3383/5690/4030
f 3384/5692/4032 3390/5700/4039 1987/5701/4040 1981/5693/4033
f 3385/5694/4034 3391/5702/4041 3390/5700/4039 3384/5692/4032
f 3386/5695/4029 3392/5703/4036 3391/5702/4041 3385/5694/4034
f 3387/5696/4035 3393/5704/4042 3398/5705/4043 3392/5697/4036
f 3388/5698/4037 3394/5706/4044 3393/5704/4042 3387/5696/4035
f 3389/5699/4038 490/5707/4045 3394/5706/4044 3388/5698/4037
f 3390/5700/4039 3396/5708/4046 3395/5709/4047 1987/5701/4040
f 3391/5702/4041 3397/5710/4048 3396/5708/4046 3390/5700/4039
f 3392/5703/4036 3398/5711/4043 3397/5710/4048 3391/5702/4041
f 3393/5704/4042 3399/5712/4049 3404/5713/4050 3398/5705/4043
f 3394/5706/4044 3400/5714/4051 3399/5712/4049 3393/5704/4042
f 490/5707/4045 496/5715/4052 3400/5714/4051 3394/5706/4044
f 3396/5708/4046 3402/5716/4053 3401/5717/4054 3395/5709/4047
f 3397/5710/4048 3403/5718/4055 3402/5716/4053 3396/5708/4046
f 3398/5711/4043 3404/5719/4050 3403/5718/4055 3397/5710/4048
f 3399/5712/4049 3405/5720/4056 3410/5721/4057 3404/5713/4050
f 3400/5714/4051 3406/5722/4058 3405/5720/4056 3399/5712/4049
f 496/5715/4052 502/5723/4059 3406/5722/4058 3400/5714/4051
f 3402/5716/4053 3408/5724/4060 3407/5725/4061 3401/5717/4054
f 3403/5718/4055 3409/5726/4062 3408/5724/4060 3402/5716/4053
f 3404/5719/4050 3410/5727/4057 3409/5726/4062 3403/5718/4055
f 3405/5728/4056 3411/5729/4063 3416/5730/4064 3410/5731/4057
f 3406/5722/4058 3412/5732/4065 3411/5733/4063 3405/5720/4056
f 502/5734/4059 508/5735/4066 3412/5736/4065 3406/5737/4058
f 3408/5724/4060 3414/5738/4067 3413/5739/4068 3407/5725/4061
f 3409/5726/4062 3415/5740/4069 3414/5738/4067 3408/5724/4060
f 3410/5731/4057 3416/5730/4064 3415/5741/4069 3409/5742/4062
f 3411/5729/4063 3417/5743/4070 3422/5744/4071 3416/5730/4064
f 3412/5732/4065 3418/5745/4072 3417/5746/4070 3411/5733/4063
f 508/5735/4066 514/5747/4073 3418/5748/4072 3412/5736/4065
f 3414/5738/4067 3420/5749/4074 3419/5750/4075 3413/5739/4068
f 3415/5740/4069 3421/5751/4076 3420/5749/4074 3414/5738/4067
f 3416/5730/4064 3422/5744/4071 3421/5752/4076 3415/5741/4069
f 3417/5743/4070 3423/5753/4077 3428/5754/4078 3422/5744/4071
f 3418/5748/4072 3424/5755/4079 3423/5756/4077 3417/5757/4070
f 514/5747/4073 520/5758/4080 3424/5755/4079 3418/5748/4072
f 3420/5749/4074 3426/5759/4081 3425/5760/4082 3419/5750/4075
f 3421/5751/4076 3427/5761/4083 3426/5759/4081 3420/5749/4074
f 3422/5744/4071 3428/5754/4078 3427/5762/4083 3421/5752/4076
f 3423/5753/4077 3429/5763/4084 3434/5764/4085 3428/5754/4078
f 3424/5755/4079 3430/5765/4086 3429/5766/4084 3423/5756/4077
f 520/5758/4080 3431/5767/4087 3430/5765/4086 3424/5755/4079
f 3426/5759/4081 3432/5768/4088 2028/5769/4089 3425/5760/4082
f 3427/5761/4083 3433/5770/4090 3432/5768/4088 3426/5759/4081
f 3428/5754/4078 3434/5764/4085 3433/5771/4090 3427/5762/4083
f 3429/5763/4084 3435/5772/4091 3440/5773/4092 3434/5764/4085
f 3430/5765/4086 3436/5774/4093 3435/5775/4091 3429/5766/4084
f 3431/5767/4087 532/5776/4094 3436/5774/4093 3430/5765/4086
f 3432/5768/4088 3438/5777/4095 3437/5778/4096 2028/5769/4089
f 3433/5770/4090 3439/5779/4097 3438/5777/4095 3432/5768/4088
f 3434/5764/4085 3440/5773/4092 3439/5780/4097 3433/5771/4090
f 3435/5772/4091 3441/5781/4098 3446/5782/4099 3440/5773/4092
f 3436/5774/4093 3442/5783/4100 3441/5784/4098 3435/5775/4091
f 532/5776/4094 3443/5785/4101 3442/5783/4100 3436/5774/4093
f 3438/5777/4095 3444/5786/4102 2040/5787/4103 3437/5778/4096
f 3439/5779/4097 3445/5788/4104 3444/5786/4102 3438/5777/4095
f 3440/5773/4092 3446/5782/4099 3445/5789/4104 3439/5780/4097
f 3441/5784/4098 3447/5790/4105 3453/5791/4106 3446/5792/4099
f 3442/5783/4100 3448/5793/4107 3447/5790/4105 3441/5784/4098
f 3443/5785/4101 3449/5794/4108 3448/5793/4107 3442/5783/4100
f 3444/5786/4102 3451/5795/4109 3450/5796/4110 2040/5787/4103
f 3445/5788/4104 3452/5797/4111 3451/5795/4109 3444/5786/4102
f 3446/5782/4099 3453/5798/4106 3452/5799/4111 3445/5789/4104
f 3447/5790/4105 3454/5800/4112 3459/5801/4113 3453/5791/4106
f 3448/5793/4107 3455/5802/4114 3454/5800/4112 3447/5790/4105
f 3449/5794/4108 549/5803/4115 3455/5802/4114 3448/5793/4107
f 3451/5795/4109 3457/5804/4116 3456/5805/4117 3450/5796/4110
f 3452/5797/4111 3458/5806/4118 3457/5804/4116 3451/5795/4109
f 3453/5807/4106 3459/5808/4113 3458/5809/4118 3452/5810/4111
f 3454/5800/4112 3460/5811/4119 3465/5812/4120 3459/5801/4113
f 3455/5802/4114 3461/5813/4121 3460/5811/4119 3454/5800/4112
f 549/5803/4115 3462/5814/4122 3461/5813/4121 3455/5802/4114
f 3457/5804/4116 3463/5815/4123 2057/5816/4124 3456/5805/4117
f 3458/5809/4118 3464/5817/4125 3463/5818/4123 3457/5819/4116
f 3459/5808/4113 3465/5820/4120 3464/5817/4125 3458/5809/4118
f 3460/5811/4119 3466/5821/4126 3471/5822/4127 3465/5812/4120
f 3461/5813/4121 3467/5823/4128 3466/5821/4126 3460/5811/4119
f 3462/5814/4122 3468/5824/4129 3467/5823/4128 3461/5813/4121
f 3463/5815/4123 3469/5825/4130 2064/5826/4131 2057/5816/4124
f 3464/5817/4125 3470/5827/4132 3469/5828/4130 3463/5818/4123
f 3465/5820/4120 3471/5829/4127 3470/5827/4132 3464/5817/4125
f 3466/5821/4126 3472/5830/4133 3478/5831/4134 3471/5822/4127
f 3467/5823/4128 3473/5832/4135 3472/5830/4133 3466/5821/4126
f 3468/5824/4129 3474/5833/4136 3473/5832/4135 3467/5823/4128
f 3469/5825/4130 3476/5834/4137 3475/5835/4138 2064/5826/4131
f 3470/5827/4132 3477/5836/4139 3476/5837/4137 3469/5828/4130
f 3471/5829/4127 3478/5838/4134 3477/5836/4139 3470/5827/4132
f 3472/5830/4133 3479/5839/4140 3485/5840/4141 3478/5831/4134
f 3473/5832/4135 3480/5841/4142 3479/5839/4140 3472/5830/4133
f 3474/5833/4136 3481/5842/4143 3480/5841/4142 3473/5832/4135
f 3476/5834/4137 3483/5843/4144 3482/5844/4145 3475/5835/4138
f 3477/5836/4139 3484/5845/4146 3483/5846/4144 3476/5837/4137
f 3478/5838/4134 3485/5847/4141 3484/5845/4146 3477/5836/4139
f 3479/5839/4140 3486/5848/4147 3491/5849/4148 3485/5840/4141
f 3480/5841/4142 3487/5850/4149 3486/5848/4147 3479/5839/4140
f 3481/5842/4143 3488/5851/4150 3487/5850/4149 3480/5841/4142
f 3483/5843/4144 3489/5852/4151 2081/5853/4152 3482/5844/4145
f 3484/5845/4146 3490/5854/4153 3489/5855/4151 3483/5846/4144
f 3485/5847/4141 3491/5856/4148 3490/5854/4153 3484/5845/4146
f 3486/5848/4147 3492/5857/4154 3497/5858/4155 3491/5849/4148
f 3487/5850/4149 3493/5859/4156 3492/5857/4154 3486/5848/4147
f 3488/5851/4150 3494/5860/4157 3493/5859/4156 3487/5850/4149
f 3489/5852/4151 3495/5861/4158 2087/5862/4159 2081/5853/4152
f 3490/5854/4153 3496/5863/4160 3495/5864/4158 3489/5855/4151
f 3491/5856/4148 3497/5865/4155 3496/5863/4160 3490/5854/4153
f 3492/5866/4154 3498/5867/4161 3503/5868/4162 3497/5869/4155
f 3493/5859/4156 3499/5870/4163 3498/5871/4161 3492/5857/4154
f 3494/5872/4157 3500/5873/4164 3499/5874/4163 3493/5875/4156
f 3495/5861/4158 3501/5876/4165 2093/5877/4166 2087/5862/4159
f 3496/5863/4160 3502/5878/4167 3501/5879/4165 3495/5864/4158
f 3497/5869/4155 3503/5868/4162 3502/5880/4167 3496/5881/4160
f 3498/5867/4161 3504/5882/4168 3508/5883/4169 3503/5868/4162
f 3499/5870/4163 3505/5884/4170 3504/5885/4168 3498/5871/4161
f 3500/5873/4164 597/5886/4171 3505/5887/4170 3499/5874/4163
f 3501/5876/4165 3506/5888/4172 2099/5889/4173 2093/5877/4166
f 3502/5890/4167 3507/5891/4174 3506/5888/4172 3501/5876/4165
f 3503/5868/4162 3508/5883/4169 3507/5892/4174 3502/5880/4167
f 3504/5882/4168 3509/5893/4175 3514/5894/4176 3508/5883/4169
f 3505/5887/4170 3510/5895/4177 3509/5896/4175 3504/5897/4168
f 597/5886/4171 3511/5898/4178 3510/5895/4177 3505/5887/4170
f 3506/5888/4172 3512/5899/4179 2105/5900/4180 2099/5889/4173
f 3507/5891/4174 3513/5901/4181 3512/5899/4179 3506/5888/4172
f 3508/5883/4169 3514/5894/4176 3513/5902/4181 3507/5892/4174
f 3509/5893/4175 3515/5903/4182 3520/5904/4183 3514/5894/4176
f 3510/5895/4177 3516/5905/4184 3515/5906/4182 3509/5896/4175
f 3511/5898/4178 3517/5907/4185 3516/5905/4184 3510/5895/4177
f 3512/5899/4179 3518/5908/4186 2111/5909/4187 2105/5900/4180
f 3513/5901/4181 3519/5910/4188 3518/5908/4186 3512/5899/4179
f 3514/5894/4176 3520/5904/4183 3519/5911/4188 3513/5902/4181
f 3515/5903/4182 3521/5912/4189 3526/5913/4190 3520/5904/4183
f 3516/5905/4184 3522/5914/4191 3521/5915/4189 3515/5906/4182
f 3517/5907/4185 3523/5916/4192 3522/5914/4191 3516/5905/4184
f 3518/5908/4186 3524/5917/4193 2117/5918/4194 2111/5909/4187
f 3519/5910/4188 3525/5919/4195 3524/5917/4193 3518/5908/4186
f 3520/5904/4183 3526/5913/4190 3525/5920/4195 3519/5911/4188
f 3521/5915/4189 3527/5921/4196 3532/5922/4197 3526/5923/4190
f 3522/5914/4191 3528/5924/4198 3527/5921/4196 3521/5915/4189
f 3523/5916/4192 620/5925/4199 3528/5924/4198 3522/5914/4191
f 3524/5917/4193 3530/5926/4200 3529/5927/4201 2117/5918/4194
f 3525/5919/4195 3531/5928/4202 3530/5926/4200 3524/5917/4193
f 3526/5913/4190 3532/5929/4197 3531/5930/4202 3525/5920/4195
f 3527/5921/4196 3533/5931/4203 3537/5932/4204 3532/5922/4197
f 3528/5924/4198 3534/5933/4205 3533/5931/4203 3527/5921/4196
f 620/5925/4199 627/5934/4206 3534/5933/4205 3528/5924/4198
f 3530/5926/4200 3535/5935/4207 2129/5936/4208 3529/5927/4201
f 3531/5928/4202 3536/5937/4209 3535/5935/4207 3530/5926/4200
f 3532/5929/4197 3537/5938/4204 3536/5939/4209 3531/5930/4202
f 3533/5931/4203 3538/5940/4210 3544/5941/4211 3537/5932/4204
f 3534/5933/4205 3539/5942/4212 3538/5940/4210 3533/5931/4203
f 627/5934/4206 3540/5943/4213 3539/5942/4212 3534/5933/4205
f 3535/5935/4207 3542/5944/4214 3541/5945/4215 2129/5936/4208
f 3536/5937/4209 3543/5946/4216 3542/5944/4214 3535/5935/4207
f 3537/5947/4204 3544/5948/4211 3543/5946/4216 3536/5937/4209
f 3538/5940/4210 3545/5949/4217 3550/5950/4218 3544/5941/4211
f 3539/5942/4212 3546/5951/4219 3545/5949/4217 3538/5940/4210
f 3540/5943/4213 639/5952/4220 3546/5951/4219 3539/5942/4212
f 3542/5944/4214 3548/5953/4221 3547/5954/4222 3541/5945/4215
f 3543/5946/4216 3549/5955/4223 3548/5953/4221 3542/5944/4214
f 3544/5948/4211 3550/5956/4218 3549/5955/4223 3543/5946/4216
f 3545/5949/4217 3551/5957/4224 3556/5958/4225 3550/5950/4218
f 3546/5951/4219 3552/5959/4226 3551/5957/4224 3545/5949/4217
f 639/5952/4220 3553/5960/4227 3552/5959/4226 3546/5951/4219
f 3548/5953/4221 3554/5961/4228 2146/5962/4229 3547/5954/4222
f 3549/5955/4223 3555/5963/4230 3554/5961/4228 3548/5953/4221
f 3550/5956/4218 3556/5964/4225 3555/5963/4230 3549/5955/4223
f 3551/5957/4224 3557/5965/4231 3562/5966/4232 3556/5958/4225
f 3552/5959/4226 3558/5967/4233 3557/5965/4231 3551/5957/4224
f 3553/5960/4227 651/5968/4234 3558/5967/4233 3552/5959/4226
f 3554/5961/4228 3560/5969/4235 3559/5970/4236 2146/5962/4229
f 3555/5963/4230 3561/5971/4237 3560/5969/4235 3554/5961/4228
f 3556/5964/4225 3562/5972/4232 3561/5971/4237 3555/5963/4230
f 3557/5965/4231 3563/5973/4238 3568/5974/4239 3562/5966/4232
f 3558/5967/4233 3564/5975/4240 3563/5973/4238 3557/5965/4231
f 651/5968/4234 657/5976/4241 3564/5975/4240 3558/5967/4233
f 3560/5969/4235 3566/5977/4242 3565/5978/4243 3559/5970/4236
f 3561/5971/4237 3567/5979/4244 3566/5977/4242 3560/5969/4235
f 3562/5972/4232 3568/5980/4239 3567/5979/4244 3561/5971/4237
f 3563/5981/4238 3569/5982/4245 3575/5983/4246 3568/5984/4239
f 3564/5975/4240 3570/5985/4247 3569/5986/4245 3563/5973/4238
f 657/5976/4241 3571/5987/4248 3570/5985/4247 3564/5975/4240
f 3566/5977/4242 3573/5988/4249 3572/5989/4250 3565/5978/4243
f 3567/5979/4244 3574/5990/4251 3573/5988/4249 3566/5977/4242
f 3568/5980/4239 3575/5991/4246 3574/5990/4251 3567/5979/4244
f 3569/5982/4245 3576/5992/4252 3581/5993/4253 3575/5983/4246
f 3570/5985/4247 3577/5994/4254 3576/5995/4252 3569/5986/4245
f 3571/5996/4248 668/5997/4255 3577/5998/4254 3570/5999/4247
f 3573/5988/4249 3579/6000/4256 3578/6001/4257 3572/5989/4250
f 3574/5990/4251 3580/6002/4258 3579/6000/4256 3573/5988/4249
f 3575/5983/4246 3581/5993/4253 3580/6003/4258 3574/6004/4251
f 3576/5992/4252 3582/6005/4259 3586/6006/4260 3581/5993/4253
f 3577/5994/4254 3583/6007/4261 3582/6008/4259 3576/5995/4252
f 668/5997/4255 675/6009/4262 3583/6010/4261 3577/5998/4254
f 3579/6000/4256 3584/6011/4263 2176/6012/4264 3578/6001/4257
f 3580/6002/4258 3585/6013/4265 3584/6011/4263 3579/6000/4256
f 3581/5993/4253 3586/6006/4260 3585/6014/4265 3580/6003/4258
f 3582/6005/4259 3587/6015/4266 3592/6016/4267 3586/6006/4260
f 3583/6010/4261 3588/6017/4268 3587/6018/4266 3582/6019/4259
f 675/6009/4262 681/6020/4269 3588/6017/4268 3583/6010/4261
f 3584/6011/4263 3590/6021/4270 3589/6022/4271 2176/6012/4264
f 3585/6013/4265 3591/6023/4272 3590/6021/4270 3584/6011/4263
f 3586/6006/4260 3592/6016/4267 3591/6024/4272 3585/6014/4265
f 3587/6015/4266 3593/6025/4273 3598/6026/4274 3592/6016/4267
f 3588/6017/4268 3594/6027/4275 3593/6028/4273 3587/6018/4266
f 681/6020/4269 3595/6029/4276 3594/6027/4275 3588/6017/4268
f 3590/6021/4270 3596/6030/4277 2188/6031/4278 3589/6022/4271
f 3591/6023/4272 3597/6032/4279 3596/6030/4277 3590/6021/4270
f 3592/6016/4267 3598/6026/4274 3597/6033/4279 3591/6024/4272
f 3593/6025/4273 3599/6034/4280 3604/6035/4281 3598/6026/4274
f 3594/6027/4275 3600/6036/4282 3599/6037/4280 3593/6028/4273
f 3595/6029/4276 692/6038/4283 3600/6036/4282 3594/6027/4275
f 3596/6030/4277 3602/6039/4284 3601/6040/4285 2188/6031/4278
f 3597/6032/4279 3603/6041/4286 3602/6039/4284 3596/6030/4277
f 3598/6026/4274 3604/6035/4281 3603/6042/4286 3597/6033/4279
f 3599/6034/4280 3605/6043/4287 3610/6044/4288 3604/6035/4281
f 3600/6036/4282 3606/6045/4289 3605/6046/4287 3599/6037/4280
f 692/6038/4283 699/6047/4290 3606/6045/4289 3600/6036/4282
f 3602/6039/4284 3608/6048/4291 3607/6049/4292 3601/6040/4285
f 3603/6041/4286 3609/6050/4293 3608/6048/4291 3602/6039/4284
f 3604/6035/4281 3610/6044/4288 3609/6051/4293 3603/6042/4286
f 3605/6043/4287 3611/6052/4294 3616/6053/4295 3610/6044/4288
f 3606/6045/4289 3612/6054/4296 3611/6055/4294 3605/6046/4287
f 699/6047/4290 3613/6056/4297 3612/6054/4296 3606/6045/4289
f 3608/6048/4291 3614/6057/4298 2207/6058/4299 3607/6049/4292
f 3609/6050/4293 3615/6059/4300 3614/6057/4298 3608/6048/4291
f 3610/6060/4288 3616/6061/4295 3615/6062/4300 3609/6063/4293
f 3611/6055/4294 3617/6064/4301 3622/6065/4302 3616/6066/4295
f 3612/6054/4296 3618/6067/4303 3617/6064/4301 3611/6055/4294
f 3613/6056/4297 3619/6068/4304 3618/6067/4303 3612/6054/4296
f 3614/6057/4298 3620/6069/4305 2214/6070/4306 2207/6058/4299
f 3615/6059/4300 3621/6071/4307 3620/6069/4305 3614/6057/4298
f 3616/6061/4295 3622/6072/4302 3621/6073/4307 3615/6062/4300
f 3617/6064/4301 3623/6074/4308 3629/6075/4309 3622/6065/4302
f 3618/6067/4303 3624/6076/4310 3623/6074/4308 3617/6064/4301
f 3619/6068/4304 3625/6077/4311 3624/6076/4310 3618/6067/4303
f 3620/6069/4305 3627/6078/4312 3626/6079/4313 2214/6070/4306
f 3621/6073/4307 3628/6080/4314 3627/6081/4312 3620/6082/4305
f 3622/6072/4302 3629/6083/4309 3628/6080/4314 3621/6073/4307
f 3623/6074/4308 3630/6084/4315 3635/6085/4316 3629/6075/4309
f 3624/6076/4310 3631/6086/4317 3630/6084/4315 3623/6074/4308
f 3625/6077/4311 3632/6087/4318 3631/6086/4317 3624/6076/4310
f 3627/6078/4312 3633/6088/4319 2226/6089/4320 3626/6079/4313
f 3628/6080/4314 3634/6090/4321 3633/6091/4319 3627/6081/4312
f 3629/6083/4309 3635/6092/4316 3634/6090/4321 3628/6080/4314
f 3630/6084/4315 3636/6093/4322 3641/6094/4323 3635/6085/4316
f 3631/6086/4317 3637/6095/4324 3636/6093/4322 3630/6084/4315
f 3632/6087/4318 729/6096/4325 3637/6095/4324 3631/6086/4317
f 3633/6088/4319 3639/6097/4326 3638/6098/4327 2226/6089/4320
f 3634/6090/4321 3640/6099/4328 3639/6100/4326 3633/6091/4319
f 3635/6092/4316 3641/6101/4323 3640/6099/4328 3634/6090/4321
f 3636/6093/4322 3642/6102/4329 3648/6103/4330 3641/6094/4323
f 3637/6095/4324 3643/6104/4331 3642/6102/4329 3636/6093/4322
f 729/6096/4325 3644/6105/4332 3643/6104/4331 3637/6095/4324
f 3639/6097/4326 3646/6106/4333 3645/6107/4334 3638/6098/4327
f 3640/6099/4328 3647/6108/4335 3646/6109/4333 3639/6100/4326
f 3641/6101/4323 3648/6110/4330 3647/6108/4335 3640/6099/4328
f 3642/6102/4329 3649/6111/4336 3654/6112/4337 3648/6103/4330
f 3643/6104/4331 3650/6113/4338 3649/6111/4336 3642/6102/4329
f 3644/6105/4332 3651/6114/4339 3650/6113/4338 3643/6104/4331
f 3646/6106/4333 3652/6115/4340 2244/6116/4341 3645/6107/4334
f 3647/6108/4335 3653/6117/4342 3652/6118/4340 3646/6109/4333
f 3648/6110/4330 3654/6119/4337 3653/6117/4342 3647/6108/4335
f 3649/6120/4336 3655/6121/4343 3660/6122/4344 3654/6123/4337
f 3650/6113/4338 3656/6124/4345 3655/6125/4343 3649/6111/4336
f 3651/6114/4339 3657/6126/4346 3656/6124/4345 3650/6113/4338
f 3652/6115/4340 3658/6127/4347 2250/6128/4348 2244/6116/4341
f 3653/6117/4342 3659/6129/4349 3658/6130/4347 3652/6118/4340
f 3654/6119/4337 3660/6131/4344 3659/6129/4349 3653/6117/4342
f 3655/6121/4343 3661/6132/4350 3666/6133/4351 3660/6122/4344
f 3656/6124/4345 3662/6134/4352 3661/6135/4350 3655/6125/4343
f 3657/6136/4346 3663/6137/4353 3662/6138/4352 3656/6139/4345
f 3658/6127/4347 3664/6140/4354 2256/6141/4355 2250/6128/4348
f 3659/6142/4349 3665/6143/4356 3664/6140/4354 3658/6127/4347
f 3660/6122/4344 3666/6133/4351 3665/6144/4356 3659/6145/4349
f 3661/6132/4350 3667/6146/4357 3672/6147/4358 3666/6133/4351
f 3662/6134/4352 3668/6148/4359 3667/6149/4357 3661/6135/4350
f 3663/6137/4353 3669/6150/4360 3668/6151/4359 3662/6138/4352
f 3664/6140/4354 3670/6152/4361 2262/6153/4362 2256/6141/4355
f 3665/6143/4356 3671/6154/4363 3670/6152/4361 3664/6140/4354
f 3666/6133/4351 3672/6147/4358 3671/6155/4363 3665/6144/4356
f 3667/6146/4357 3673/6156/4364 3678/6157/4365 3672/6147/4358
f 3668/6151/4359 3674/6158/4366 3673/6159/4364 3667/6160/4357
f 3669/6150/4360 3675/6161/4367 3674/6158/4366 3668/6151/4359
f 3670/6152/4361 3676/6162/4368 2269/6163/4369 2262/6153/4362
f 3671/6154/4363 3677/6164/4370 3676/6162/4368 3670/6152/4361
f 3672/6147/4358 3678/6157/4365 3677/6165/4370 3671/6155/4363
f 3673/6156/4364 3679/6166/4371 3684/6167/4372 3678/6157/4365
f 3674/6158/4366 3680/6168/4373 3679/6169/4371 3673/6159/4364
f 3675/6161/4367 3681/6170/4374 3680/6168/4373 3674/6158/4366
f 3676/6162/4368 3682/6171/4375 2275/6172/4376 2269/6163/4369
f 3677/6164/4370 3683/6173/4377 3682/6171/4375 3676/6162/4368
f 3678/6157/4365 3684/6167/4372 3683/6174/4377 3677/6165/4370
f 3679/6166/4371 3685/6175/4378 3690/6176/4379 3684/6167/4372
f 3680/6168/4373 3686/6177/4380 3685/6178/4378 3679/6169/4371
f 3681/6170/4374 3687/6179/4381 3686/6177/4380 3680/6168/4373
f 3682/6171/4375 3688/6180/4382 2281/6181/4383 2275/6172/4376
f 3683/6173/4377 3689/6182/4384 3688/6180/4382 3682/6171/4375
f 3684/6167/4372 3690/6176/4379 3689/6183/4384 3683/6174/4377
f 3685/6175/4378 3691/6184/4385 3697/6185/4386 3690/6176/4379
f 3686/6177/4380 3692/6186/4387 3691/6187/4385 3685/6178/4378
f 3687/6179/4381 3693/6188/4388 3692/6186/4387 3686/6177/4380
f 3688/6180/4382 3695/6189/4389 3694/6190/4390 2281/6181/4383
f 3689/6182/4384 3696/6191/4391 3695/6189/4389 3688/6180/4382
f 3690/6176/4379 3697/6185/4386 3696/6192/4391 3689/6183/4384
f 3691/6187/4385 3698/6193/4392 3702/6194/4393 3697/6195/4386
f 3692/6186/4387 3699/6196/4394 3698/6193/4392 3691/6187/4385
f 3693/6188/4388 788/6197/4395 3699/6196/4394 3692/6186/4387
f 3695/6189/4389 3700/6198/4396 2293/6199/4397 3694/6190/4390
f 3696/6191/4391 3701/6200/4398 3700/6198/4396 3695/6189/4389
f 3697/6201/4386 3702/6202/4393 3701/6200/4398 3696/6191/4391
f 3698/6193/4392 3703/6203/4399 3709/6204/4400 3702/6194/4393
f 3699/6196/4394 3704/6205/4401 3703/6203/4399 3698/6193/4392
f 788/6197/4395 3705/6206/4402 3704/6205/4401 3699/6196/4394
f 3700/6198/4396 3707/6207/4403 3706/6208/4404 2293/6199/4397
f 3701/6200/4398 3708/6209/4405 3707/6207/4403 3700/6198/4396
f 3702/6202/4393 3709/6210/4400 3708/6209/4405 3701/6200/4398
f 3703/6203/4399 3710/6211/4406 3714/6212/4407 3709/6204/4400
f 3704/6205/4401 3711/6213/4408 3710/6211/4406 3703/6203/4399
f 3705/6206/4402 800/6214/4409 3711/6213/4408 3704/6205/4401
f 3707/6207/4403 3712/6215/4410 2305/6216/4411 3706/6208/4404
f 3708/6209/4405 3713/6217/4412 3712/6215/4410 3707/6207/4403
f 3709/6210/4400 3714/6218/4407 3713/6217/4412 3708/6209/4405
f 3710/6211/4406 3715/6219/4413 3720/6220/4414 3714/6212/4407
f 3711/6213/4408 3716/6221/4415 3715/6219/4413 3710/6211/4406
f 800/6214/4409 3717/6222/4416 3716/6221/4415 3711/6213/4408
f 3712/6215/4410 3718/6223/4417 2311/6224/4418 2305/6216/4411
f 3713/6217/4412 3719/6225/4419 3718/6223/4417 3712/6215/4410
f 3714/6218/4407 3720/6226/4414 3719/6225/4419 3713/6217/4412
f 3715/6219/4413 3721/6227/4420 3726/6228/4421 3720/6220/4414
f 3716/6221/4415 3722/6229/4422 3721/6227/4420 3715/6219/4413
f 3717/6222/4416 812/6230/4423 3722/6229/4422 3716/6221/4415
f 3718/6223/4417 3724/6231/4424 3723/6232/4425 2311/6224/4418
f 3719/6225/4419 3725/6233/4426 3724/6231/4424 3718/6223/4417
f 3720/6226/4414 3726/6234/4421 3725/6233/4426 3719/6225/4419
f 3721/6227/4420 3727/6235/4427 3732/6236/4428 3726/6228/4421
f 3722/6229/4422 3728/6237/4429 3727/6235/4427 3721/6227/4420
f 812/6230/4423 818/6238/4430 3728/6237/4429 3722/6229/4422
f 3724/6231/4424 3730/6239/4431 3729/6240/4432 3723/6232/4425
f 3725/6233/4426 3731/6241/4433 3730/6239/4431 3724/6231/4424
f 3726/6234/4421 3732/6242/4428 3731/6241/4433 3725/6233/4426
f 3727/6243/4427 3733/6244/4434 3737/6245/4435 3732/6246/4428
f 3728/6237/4429 3734/6247/4436 3733/6248/4434 3727/6235/4427
f 818/6249/4430 824/6250/4437 3734/6251/4436 3728/6252/4429
f 3730/6239/4431 3735/6253/4438 2330/6254/4439 3729/6240/4432
f 3731/6241/4433 3736/6255/4440 3735/6253/4438 3730/6239/4431
f 3732/6242/4428 3737/6256/4435 3736/6255/4440 3731/6241/4433
f 3733/6244/4434 3738/6257/4441 3743/6258/4442 3737/6245/4435
f 3734/6247/4436 3739/6259/4443 3738/6260/4441 3733/6248/4434
f 824/6250/4437 3740/6261/4444 3739/6262/4443 3734/6251/4436
f 3735/6253/4438 3741/6263/4445 2337/6264/4446 2330/6254/4439
f 3736/6255/4440 3742/6265/4447 3741/6263/4445 3735/6253/4438
f 3737/6245/4435 3743/6258/4442 3742/6266/4447 3736/6267/4440
f 3738/6257/4441 3744/6268/4448 3749/6269/4449 3743/6258/4442
f 3739/6259/4443 3745/6270/4450 3744/6271/4448 3738/6260/4441
f 3740/6261/4444 835/6272/4451 3745/6273/4450 3739/6262/4443
f 3741/6263/4445 3747/6274/4452 3746/6275/4453 2337/6264/4446
f 3742/6265/4447 3748/6276/4454 3747/6274/4452 3741/6263/4445
f 3743/6258/4442 3749/6269/4449 3748/6277/4454 3742/6266/4447
f 3744/6268/4448 3750/6278/4455 3755/6279/4456 3749/6269/4449
f 3745/6273/4450 3751/6280/4457 3750/6281/4455 3744/6282/4448
f 835/6272/4451 841/6283/4458 3751/6280/4457 3745/6273/4450
f 3747/6274/4452 3753/6284/4459 3752/6285/4460 3746/6275/4453
f 3748/6276/4454 3754/6286/4461 3753/6284/4459 3747/6274/4452
f 3749/6269/4449 3755/6279/4456 3754/6287/4461 3748/6277/4454
f 3750/6278/4455 3756/6288/4462 3762/6289/4463 3755/6279/4456
f 3751/6280/4457 3757/6290/4464 3756/6291/4462 3750/6281/4455
f 841/6283/4458 3758/6292/4465 3757/6290/4464 3751/6280/4457
f 3753/6284/4459 3760/6293/4466 3759/6294/4467 3752/6285/4460
f 3754/6286/4461 3761/6295/4468 3760/6293/4466 3753/6284/4459
f 3755/6279/4456 3762/6289/4463 3761/6296/4468 3754/6287/4461
f 3756/6288/4462 3763/6297/4469 3768/6298/4470 3762/6289/4463
f 3757/6290/4464 3764/6299/4471 3763/6300/4469 3756/6291/4462
f 3758/6292/4465 853/6301/4472 3764/6299/4471 3757/6290/4464
f 3760/6293/4466 3766/6302/4473 3765/6303/4474 3759/6294/4467
f 3761/6295/4468 3767/6304/4475 3766/6302/4473 3760/6293/4466
f 3762/6289/4463 3768/6298/4470 3767/6305/4475 3761/6296/4468
f 3763/6297/4469 3769/6306/4476 3774/6307/4477 3768/6298/4470
f 3764/6299/4471 3770/6308/4478 3769/6309/4476 3763/6300/4469
f 853/6301/4472 859/6310/4479 3770/6308/4478 3764/6299/4471
f 3766/6302/4473 3772/6311/4480 3771/6312/4481 3765/6303/4474
f 3767/6304/4475 3773/6313/4482 3772/6311/4480 3766/6302/4473
f 3768/6298/4470 3774/6307/4477 3773/6314/4482 3767/6305/4475
f 3769/6315/4476 3775/6316/4483 3781/6317/4484 3774/6318/4477
f 3770/6308/4478 3776/6319/4485 3775/6320/4483 3769/6309/4476
f 859/6310/4479 3777/6321/4486 3776/6319/4485 3770/6308/4478
f 3772/6311/4480 3779/6322/4487 3778/6323/4488 3771/6312/4481
f 3773/6313/4482 3780/6324/4489 3779/6322/4487 3772/6311/4480
f 3774/6318/4477 3781/6317/4484 3780/6325/4489 3773/6326/4482
f 3775/6316/4483 3782/6327/4490 3786/6328/4491 3781/6317/4484
f 3776/6319/4485 3783/6329/4492 3782/6330/4490 3775/6320/4483
f 3777/6321/4486 871/6331/4493 3783/6329/4492 3776/6319/4485
f 3779/6322/4487 3784/6332/4494 2379/6333/4495 3778/6323/4488
f 3780/6325/4489 3785/6334/4496 3784/6335/4494 3779/6336/4487
f 3781/6317/4484 3786/6328/4491 3785/6334/4496 3780/6325/4489
f 3782/6327/4490 3787/6337/4497 3792/6338/4498 3786/6328/4491
f 3783/6329/4492 3788/6339/4499 3787/6340/4497 3782/6330/4490
f 871/6331/4493 3789/6341/4500 3788/6339/4499 3783/6329/4492
f 3784/6332/4494 3790/6342/4501 2385/6343/4502 2379/6333/4495
f 3785/6334/4496 3791/6344/4503 3790/6345/4501 3784/6335/4494
f 3786/6328/4491 3792/6338/4498 3791/6344/4503 3785/6334/4496
f 3787/6337/4497 3793/6346/4504 3798/6347/4505 3792/6338/4498
f 3788/6339/4499 3794/6348/4506 3793/6349/4504 3787/6340/4497
f 3789/6341/4500 3795/6350/4507 3794/6348/4506 3788/6339/4499
f 3790/6342/4501 3796/6351/4508 2391/6352/4509 2385/6343/4502
f 3791/6344/4503 3797/6353/4510 3796/6354/4508 3790/6345/4501
f 3792/6338/4498 3798/6347/4505 3797/6353/4510 3791/6344/4503
f 3793/6346/4504 3799/6355/4511 3804/6356/4512 3798/6347/4505
f 3794/6348/4506 3800/6357/4513 3799/6358/4511 3793/6349/4504
f 3795/6350/4507 3801/6359/4514 3800/6357/4513 3794/6348/4506
f 3796/6351/4508 3802/6360/4515 2398/6361/4516 2391/6352/4509
f 3797/6353/4510 3803/6362/4517 3802/6363/4515 3796/6354/4508
f 3798/6347/4505 3804/6356/4512 3803/6362/4517 3797/6353/4510
f 3799/6355/4511 3805/6364/4518 3810/6365/4519 3804/6356/4512
f 3800/6357/4513 3806/6366/4520 3805/6367/4518 3799/6358/4511
f 3801/6359/4514 3807/6368/4521 3806/6366/4520 3800/6357/4513
f 3802/6360/4515 3808/6369/4522 2404/6370/4523 2398/6361/4516
f 3803/6362/4517 3809/6371/4524 3808/6372/4522 3802/6363/4515
f 3804/6356/4512 3810/6365/4519 3809/6371/4524 3803/6362/4517
f 3805/6373/4518 3811/6374/4525 3816/6375/4526 3810/6376/4519
f 3806/6366/4520 3812/6377/4527 3811/6378/4525 3805/6367/4518
f 3807/6368/4521 3813/6379/4528 3812/6377/4527 3806/6366/4520
f 3808/6369/4522 3814/6380/4529 2411/6381/4530 2404/6370/4523
f 3809/6371/4524 3815/6382/4531 3814/6383/4529 3808/6372/4522
f 3810/6365/4519 3816/6384/4526 3815/6382/4531 3809/6371/4524
f 3811/6374/4525 3817/6385/4532 3822/6386/4533 3816/6375/4526
f 3812/6377/4527 3818/6387/4534 3817/6388/4532 3811/6378/4525
f 3813/6379/4528 3819/6389/4535 3818/6387/4534 3812/6377/4527
f 3814/6380/4529 3820/6390/4536 2417/6391/4537 2411/6381/4530
f 3815/6382/4531 3821/6392/4538 3820/6393/4536 3814/6383/4529
f 3816/6384/4526 3822/6394/4533 3821/6392/4538 3815/6382/4531
f 3817/6385/4532 3823/6395/4539 3828/6396/4540 3822/6386/4533
f 3818/6387/4534 3824/6397/4541 3823/6398/4539 3817/6388/4532
f 3819/6399/4535 3825/6400/4542 3824/6401/4541 3818/6402/4534
f 3820/6390/4536 3826/6403/4543 2423/6404/4544 2417/6391/4537
f 3821/6405/4538 3827/6406/4545 3826/6403/4543 3820/6390/4536
f 3822/6386/4533 3828/6396/4540 3827/6407/4545 3821/6408/4538
f 3823/6395/4539 3829/6409/4546 3834/6410/4547 3828/6396/4540
f 3824/6397/4541 3830/6411/4548 3829/6412/4546 3823/6398/4539
f 3825/6400/4542 3831/6413/4549 3830/6414/4548 3824/6401/4541
f 3826/6403/4543 3832/6415/4550 2429/6416/4551 2423/6404/4544
f 3827/6406/4545 3833/6417/4552 3832/6415/4550 3826/6403/4543
f 3828/6396/4540 3834/6410/4547 3833/6418/4552 3827/6407/4545
f 3829/6409/4546 3835/6419/4553 3840/6420/4554 3834/6410/4547
f 3830/6414/4548 3836/6421/4555 3835/6422/4553 3829/6423/4546
f 3831/6413/4549 3837/6424/4556 3836/6421/4555 3830/6414/4548
f 3832/6415/4550 3838/6425/4557 2435/6426/4558 2429/6416/4551
f 3833/6417/4552 3839/6427/4559 3838/6425/4557 3832/6415/4550
f 3834/6410/4547 3840/6420/4554 3839/6428/4559 3833/6418/4552
f 3835/6419/4553 3841/6429/4560 3846/6430/4561 3840/6420/4554
f 3836/6421/4555 3842/6431/4562 3841/6432/4560 3835/6422/4553
f 3837/6424/4556 3843/6433/4563 3842/6431/4562 3836/6421/4555
f 3838/6425/4557 3844/6434/4564 2441/6435/4565 2435/6426/4558
f 3839/6427/4559 3845/6436/4566 3844/6434/4564 3838/6425/4557
f 3840/6420/4554 3846/6430/4561 3845/6437/4566 3839/6428/4559
f 3841/6429/4560 3847/6438/4567 3852/6439/4568 3846/6430/4561
f 3842/6431/4562 3848/6440/4569 3847/6441/4567 3841/6432/4560
f 3843/6433/4563 3849/6442/4570 3848/6440/4569 3842/6431/4562
f 3844/6434/4564 3850/6443/4571 2447/6444/4572 2441/6435/4565
f 3845/6436/4566 3851/6445/4573 3850/6443/4571 3844/6434/4564
f 3846/6430/4561 3852/6439/4568 3851/6446/4573 3845/6437/4566
f 3847/6438/4567 3853/6447/4574 3857/6448/4575 3852/6439/4568
f 3848/6440/4569 3854/6449/4576 3853/6450/4574 3847/6441/4567
f 3849/6442/4570 940/6451/4577 3854/6449/4576 3848/6440/4569
f 3850/6443/4571 3855/6452/4578 2453/6453/4579 2447/6444/4572
f 3851/6445/4573 3856/6454/4580 3855/6452/4578 3850/6443/4571
f 3852/6439/4568 3857/6448/4575 3856/6455/4580 3851/6446/4573
f 3853/6450/4574 3858/6456/4581 3863/6457/4582 3857/6458/4575
f 3854/6449/4576 3859/6459/4583 3858/6456/4581 3853/6450/4574
f 940/6451/4577 946/6460/4584 3859/6459/4583 3854/6449/4576
f 3855/6452/4578 3861/6461/4585 3860/6462/4586 2453/6453/4579
f 3856/6454/4580 3862/6463/4587 3861/6461/4585 3855/6452/4578
f 3857/6464/4575 3863/6465/4582 3862/6463/4587 3856/6454/4580
f 3858/6456/4581 3864/6466/4588 3870/6467/4589 3863/6457/4582
f 3859/6459/4583 3865/6468/4590 3864/6466/4588 3858/6456/4581
f 946/6460/4584 3866/6469/4591 3865/6468/4590 3859/6459/4583
f 3861/6461/4585 3868/6470/4592 3867/6471/4593 3860/6462/4586
f 3862/6463/4587 3869/6472/4594 3868/6470/4592 3861/6461/4585
f 3863/6465/4582 3870/6473/4589 3869/6472/4594 3862/6463/4587
f 3864/6466/4588 3871/6474/4595 3876/6475/4596 3870/6467/4589
f 3865/6468/4590 3872/6476/4597 3871/6474/4595 3864/6466/4588
f 3866/6469/4591 3873/6477/4598 3872/6476/4597 3865/6468/4590
f 3868/6470/4592 3874/6478/4599 2470/6479/4600 3867/6471/4593
f 3869/6472/4594 3875/6480/4601 3874/6478/4599 3868/6470/4592
f 3870/6473/4589 3876/6481/4596 3875/6480/4601 3869/6472/4594
f 3871/6474/4595 3877/6482/4602 3882/6483/4603 3876/6475/4596
f 3872/6476/4597 3878/6484/4604 3877/6482/4602 3871/6474/4595
f 3873/6477/4598 3879/6485/4605 3878/6484/4604 3872/6476/4597
f 3874/6478/4599 3880/6486/4606 2476/6487/4607 2470/6479/4600
f 3875/6480/4601 3881/6488/4608 3880/6486/4606 3874/6478/4599
f 3876/6481/4596 3882/6489/4603 3881/6488/4608 3875/6480/4601
f 3877/6482/4602 3883/6490/4609 3888/6491/4610 3882/6483/4603
f 3878/6484/4604 3884/6492/4611 3883/6490/4609 3877/6482/4602
f 3879/6485/4605 968/6493/4612 3884/6492/4611 3878/6484/4604
f 3880/6486/4606 3886/6494/4613 3885/6495/4614 2476/6487/4607
f 3881/6488/4608 3887/6496/4615 3886/6494/4613 3880/6486/4606
f 3882/6489/4603 3888/6497/4610 3887/6496/4615 3881/6488/4608
f 3883/6490/4609 3889/6498/4616 3893/6499/4617 3888/6491/4610
f 3884/6492/4611 3890/6500/4618 3889/6498/4616 3883/6490/4609
f 968/6493/4612 974/6501/4619 3890/6500/4618 3884/6492/4611
f 3886/6494/4613 3891/6502/4620 2488/6503/4621 3885/6495/4614
f 3887/6496/4615 3892/6504/4622 3891/6502/4620 3886/6494/4613
f 3888/6497/4610 3893/6505/4617 3892/6504/4622 3887/6496/4615
f 3889/6506/4616 3894/6507/4623 3899/6508/4624 3893/6509/4617
f 3890/6500/4618 3895/6510/4625 3894/6511/4623 3889/6498/4616
f 974/6512/4619 980/6513/4626 3895/6514/4625 3890/6515/4618
f 3891/6502/4620 3897/6516/4627 3896/6517/4628 2488/6503/4621
f 3892/6504/4622 3898/6518/4629 3897/6516/4627 3891/6502/4620
f 3893/6505/4617 3899/6519/4624 3898/6518/4629 3892/6504/4622
f 3894/6507/4623 3900/6520/4630 3905/6521/4631 3899/6508/4624
f 3895/6510/4625 3901/6522/4632 3900/6523/4630 3894/6511/4623
f 980/6513/4626 3902/6524/4633 3901/6525/4632 3895/6514/4625
f 3897/6516/4627 3903/6526/4634 2500/6527/4635 3896/6517/4628
f 3898/6518/4629 3904/6528/4636 3903/6526/4634 3897/6516/4627
f 3899/6508/4624 3905/6521/4631 3904/6529/4636 3898/6530/4629
f 3900/6520/4630 3906/6531/4637 3911/6532/4638 3905/6521/4631
f 3901/6533/4632 3907/6534/4639 3906/6531/4637 3900/6520/4630
f 3902/6524/4633 991/6535/4640 3907/6536/4639 3901/6525/4632
f 3903/6526/4634 3909/6537/4641 3908/6538/4642 2500/6527/4635
f 3904/6528/4636 3910/6539/4643 3909/6537/4641 3903/6526/4634
f 3905/6521/4631 3911/6532/4638 3910/6540/4643 3904/6529/4636
f 3906/6531/4637 3912/6541/4644 3918/6542/4645 3911/6532/4638
f 3907/6534/4639 3913/6543/4646 3912/6541/4644 3906/6531/4637
f 991/6535/4640 3914/6544/4647 3913/6545/4646 3907/6536/4639
f 3909/6537/4641 3916/6546/4648 3915/6547/4649 3908/6538/4642
f 3910/6539/4643 3917/6548/4650 3916/6546/4648 3909/6537/4641
f 3911/6532/4638 3918/6542/4645 3917/6549/4650 3910/6540/4643
f 3912/6541/4644 3919/6550/4651 3923/6551/4652 3918/6542/4645
f 3913/6545/4646 3920/6552/4653 3919/6553/4651 3912/6554/4644
f 3914/6544/4647 1002/6555/4654 3920/6552/4653 3913/6545/4646
f 3916/6546/4648 3921/6556/4655 2518/6557/4656 3915/6547/4649
f 3917/6548/4650 3922/6558/4657 3921/6556/4655 3916/6546/4648
f 3918/6542/4645 3923/6551/4652 3922/6559/4657 3917/6549/4650
f 3919/6550/4651 3924/6560/4658 3929/6561/4659 3923/6551/4652
f 3920/6552/4653 3925/6562/4660 3924/6563/4658 3919/6553/4651
f 1002/6555/4654 1009/6564/4661 3925/6562/4660 3920/6552/4653
f 3921/6556/4655 3927/6565/4662 3926/6566/4663 2518/6557/4656
f 3922/6558/4657 3928/6567/4664 3927/6565/4662 3921/6556/4655
f 3923/6551/4652 3929/6561/4659 3928/6568/4664 3922/6559/4657
f 3924/6560/4658 3930/6569/4665 3935/6570/4666 3929/6561/4659
f 3925/6562/4660 3931/6571/4667 3930/6572/4665 3924/6563/4658
f 1009/6564/4661 3932/6573/4668 3931/6571/4667 3925/6562/4660
f 3927/6565/4662 3933/6574/4669 2530/6575/4670 3926/6566/4663
f 3928/6567/4664 3934/6576/4671 3933/6574/4669 3927/6565/4662
f 3929/6561/4659 3935/6570/4666 3934/6577/4671 3928/6568/4664
f 3930/6578/4665 3936/6579/4672 3942/6580/4673 3935/6581/4666
f 3931/6571/4667 3937/6582/4674 3936/6583/4672 3930/6572/4665
f 3932/6573/4668 3938/6584/4675 3937/6582/4674 3931/6571/4667
f 3933/6574/4669 3940/6585/4676 3939/6586/4677 2530/6575/4670
f 3934/6576/4671 3941/6587/4678 3940/6585/4676 3933/6574/4669
f 3935/6581/4666 3942/6580/4673 3941/6588/4678 3934/6589/4671
f 3936/6579/4672 3943/6590/4679 3947/6591/4680 3942/6580/4673
f 3937/6582/4674 3944/6592/4681 3943/6593/4679 3936/6583/4672
f 3938/6584/4675 1028/6594/4682 3944/6592/4681 3937/6582/4674
f 3940/6585/4676 3945/6595/4683 2542/6596/4684 3939/6586/4677
f 3941/6588/4678 3946/6597/4685 3945/6598/4683 3940/6599/4676
f 3942/6580/4673 3947/6591/4680 3946/6597/4685 3941/6588/4678
f 3943/6590/4679 3948/6600/4686 3953/6601/4687 3947/6591/4680
f 3944/6592/4681 3949/6602/4688 3948/6603/4686 3943/6593/4679
f 1028/6594/4682 3950/6604/4689 3949/6602/4688 3944/6592/4681
f 3945/6595/4683 3951/6605/4690 2549/6606/4691 2542/6596/4684
f 3946/6597/4685 3952/6607/4692 3951/6608/4690 3945/6598/4683
f 3947/6591/4680 3953/6601/4687 3952/6607/4692 3946/6597/4685
f 3948/6600/4686 3954/6609/4693 3959/6610/4694 3953/6601/4687
f 3949/6602/4688 3955/6611/4695 3954/6612/4693 3948/6603/4686
f 3950/6604/4689 3956/6613/4696 3955/6611/4695 3949/6602/4688
f 3951/6605/4690 3957/6614/4697 2555/6615/4698 2549/6606/4691
f 3952/6607/4692 3958/6616/4699 3957/6617/4697 3951/6608/4690
f 3953/6601/4687 3959/6610/4694 3958/6616/4699 3952/6607/4692
f 3954/6609/4693 3960/6618/4700 3964/6619/4701 3959/6610/4694
f 3955/6611/4695 3961/6620/4702 3960/6621/4700 3954/6612/4693
f 3956/6613/4696 1046/6622/4703 3961/6620/4702 3955/6611/4695
f 3957/6614/4697 3962/6623/4704 2561/6624/4705 2555/6615/4698
f 3958/6616/4699 3963/6625/4706 3962/6626/4704 3957/6617/4697
f 3959/6610/4694 3964/6619/4701 3963/6625/4706 3958/6616/4699
f 3960/6618/4700 3965/6627/4707 3971/6628/4708 3964/6619/4701
f 3961/6620/4702 3966/6629/4709 3965/6630/4707 3960/6621/4700
f 1046/6622/4703 3967/6631/4710 3966/6629/4709 3961/6620/4702
f 3962/6623/4704 3969/6632/4711 3968/6633/4712 2561/6624/4705
f 3963/6625/4706 3970/6634/4713 3969/6635/4711 3962/6626/4704
f 3964/6619/4701 3971/6628/4708 3970/6634/4713 3963/6625/4706
f 3965/6636/4707 3972/6637/4714 3977/6638/4715 3971/6639/4708
f 3966/6629/4709 3973/6640/4716 3972/6641/4714 3965/6630/4707
f 3967/6631/4710 3974/6642/4717 3973/6640/4716 3966/6629/4709
f 3969/6632/4711 3975/6643/4718 2572/6644/4719 3968/6633/4712
f 3970/6634/4713 3976/6645/4720 3975/6646/4718 3969/6635/4711
f 3971/6628/4708 3977/6647/4715 3976/6645/4720 3970/6634/4713
f 3972/6637/4714 3978/6648/4721 3983/6649/4722 3977/6638/4715
f 3973/6640/4716 3979/6650/4723 3978/6651/4721 3972/6641/4714
f 3974/6642/4717 3980/6652/4724 3979/6650/4723 3973/6640/4716
f 3975/6643/4718 3981/6653/4725 2578/6654/4726 2572/6644/4719
f 3976/6645/4720 3982/6655/4727 3981/6656/4725 3975/6646/4718
f 3977/6647/4715 3983/6657/4722 3982/6655/4727 3976/6645/4720
f 3978/6648/4721 3984/6658/4728 3989/6659/4729 3983/6649/4722
f 3979/6650/4723 3985/6660/4730 3984/6661/4728 3978/6651/4721
f 3980/6662/4724 3986/6663/4731 3985/6664/4730 3979/6665/4723
f 3981/6653/4725 3987/6666/4732 2584/6667/4733 2578/6654/4726
f 3982/6655/4727 3988/6668/4734 3987/6669/4732 3981/6656/4725
f 3983/6649/4722 3989/6659/4729 3988/6670/4734 3982/6671/4727
f 3984/6658/4728 3990/6672/4735 3994/6673/4736 3989/6659/4729
f 3985/6674/4730 3991/6675/4737 3990/6672/4735 3984/6658/4728
f 3986/6663/4731 1076/6676/4738 3991/6677/4737 3985/6664/4730
f 3987/6666/4732 3992/6678/4739 2590/6679/4740 2584/6667/4733
f 3988/6680/4734 3993/6681/4741 3992/6678/4739 3987/6666/4732
f 3989/6659/4729 3994/6673/4736 3993/6682/4741 3988/6670/4734
f 3990/6672/4735 3995/6683/4742 4000/6684/4743 3994/6673/4736
f 3991/6677/4737 3996/6685/4744 3995/6686/4742 3990/6687/4735
f 1076/6676/4738 3997/6688/4745 3996/6685/4744 3991/6677/4737
f 3992/6678/4739 3998/6689/4746 2596/6690/4747 2590/6679/4740
f 3993/6681/4741 3999/6691/4748 3998/6689/4746 3992/6678/4739
f 3994/6673/4736 4000/6684/4743 3999/6692/4748 3993/6682/4741
f 3995/6683/4742 4001/6693/4749 4006/6694/4750 4000/6684/4743
f 3996/6685/4744 4002/6695/4751 4001/6696/4749 3995/6686/4742
f 3997/6688/4745 4003/6697/4752 4002/6695/4751 3996/6685/4744
f 3998/6689/4746 4004/6698/4753 2602/6699/4754 2596/6690/4747
f 3999/6691/4748 4005/6700/4755 4004/6698/4753 3998/6689/4746
f 4000/6684/4743 4006/6694/4750 4005/6701/4755 3999/6692/4748
f 4001/6693/4749 4007/6702/4756 4012/6703/4757 4006/6694/4750
f 4002/6695/4751 4008/6704/4758 4007/6705/4756 4001/6696/4749
f 4003/6697/4752 4009/6706/4759 4008/6704/4758 4002/6695/4751
f 4004/6698/4753 4010/6707/4760 2608/6708/4761 2602/6699/4754
f 4005/6700/4755 4011/6709/4762 4010/6707/4760 4004/6698/4753
f 4006/6694/4750 4012/6703/4757 4011/6710/4762 4005/6701/4755
f 4007/6702/4756 4013/6711/4763 4018/6712/4764 4012/6703/4757
f 4008/6704/4758 4014/6713/4765 4013/6714/4763 4007/6705/4756
f 4009/6706/4759 4015/6715/4766 4014/6713/4765 4008/6704/4758
f 4010/6707/4760 4016/6716/4767 2614/6717/4768 2608/6708/4761
f 4011/6709/4762 4017/6718/4769 4016/6716/4767 4010/6707/4760
f 4012/6703/4757 4018/6712/4764 4017/6719/4769 4011/6710/4762
f 4013/6714/4763 4019/6720/4770 4024/6721/4771 4018/6722/4764
f 4014/6713/4765 4020/6723/4772 4019/6720/4770 4013/6714/4763
f 4015/6715/4766 4021/6724/4773 4020/6723/4772 4014/6713/4765
f 4016/6716/4767 4022/6725/4774 2620/6726/4775 2614/6717/4768
f 4017/6718/4769 4023/6727/4776 4022/6725/4774 4016/6716/4767
f 4018/6728/4764 4024/6729/4771 4023/6727/4776 4017/6718/4769
f 4019/6720/4770 4025/6730/4777 4029/6731/4778 4024/6721/4771
f 4020/6723/4772 4026/6732/4779 4025/6730/4777 4019/6720/4770
f 4021/6724/4773 1110/6733/4780 4026/6732/4779 4020/6723/4772
f 4022/6725/4774 4027/6734/4781 2626/6735/4782 2620/6726/4775
f 4023/6727/4776 4028/6736/4783 4027/6734/4781 4022/6725/4774
f 4024/6729/4771 4029/6737/4778 4028/6736/4783 4023/6727/4776
f 4025/6730/4777 4030/6738/4784 4035/6739/4785 4029/6731/4778
f 4026/6732/4779 4031/6740/4786 4030/6738/4784 4025/6730/4777
f 1110/6733/4780 4032/6741/4787 4031/6740/4786 4026/6732/4779
f 4027/6734/4781 4033/6742/4788 2632/6743/4789 2626/6735/4782
f 4028/6736/4783 4034/6744/4790 4033/6742/4788 4027/6734/4781
f 4029/6737/4778 4035/6745/4785 4034/6744/4790 4028/6736/4783
f 4030/6738/4784 4036/6746/4791 4041/6747/4792 4035/6739/4785
f 4031/6740/4786 4037/6748/4793 4036/6746/4791 4030/6738/4784
f 4032/6741/4787 4038/6749/4794 4037/6748/4793 4031/6740/4786
f 4033/6742/4788 4039/6750/4795 2639/6751/4796 2632/6743/4789
f 4034/6744/4790 4040/6752/4797 4039/6750/4795 4033/6742/4788
f 4035/6745/4785 4041/6753/4792 4040/6752/4797 4034/6744/4790
f 4036/6746/4791 4042/6754/4798 4047/6755/4799 4041/6747/4792
f 4037/6748/4793 4043/6756/4800 4042/6754/4798 4036/6746/4791
f 4038/6749/4794 1129/6757/4801 4043/6756/4800 4037/6748/4793
f 4039/6750/4795 4045/6758/4802 4044/6759/4803 2639/6751/4796
f 4040/6752/4797 4046/6760/4804 4045/6758/4802 4039/6750/4795
f 4041/6753/4792 4047/6761/4799 4046/6760/4804 4040/6752/4797
f 4042/6762/4798 4048/6763/4805 4053/6764/4806 4047/6765/4799
f 4043/6756/4800 4049/6766/4807 4048/6767/4805 4042/6754/4798
f 1129/6757/4801 1135/6768/4808 4049/6766/4807 4043/6756/4800
f 4045/6758/4802 4051/6769/4809 4050/6770/4810 4044/6759/4803
f 4046/6760/4804 4052/6771/4811 4051/6769/4809 4045/6758/4802
f 4047/6761/4799 4053/6772/4806 4052/6771/4811 4046/6760/4804
f 4048/6763/4805 4054/6773/4812 4060/6774/4813 4053/6764/4806
f 4049/6766/4807 4055/6775/4814 4054/6776/4812 4048/6767/4805
f 1135/6777/4808 4056/6778/4815 4055/6779/4814 4049/6780/4807
f 4051/6769/4809 4058/6781/4816 4057/6782/4817 4050/6770/4810
f 4052/6771/4811 4059/6783/4818 4058/6781/4816 4051/6769/4809
f 4053/6772/4806 4060/6784/4813 4059/6783/4818 4052/6771/4811
f 4054/6773/4812 4061/6785/4819 4066/6786/4820 4060/6774/4813
f 4055/6787/4814 4062/6788/4821 4061/6785/4819 4054/6773/4812
f 4056/6778/4815 1146/6789/4822 4062/6790/4821 4055/6779/4814
f 4058/6781/4816 4064/6791/4823 4063/6792/4824 4057/6782/4817
f 4059/6783/4818 4065/6793/4825 4064/6791/4823 4058/6781/4816
f 4060/6774/4813 4066/6786/4820 4065/6794/4825 4059/6795/4818
f 4061/6785/4819 4067/6796/4826 4072/6797/4827 4066/6786/4820
f 4062/6788/4821 4068/6798/4828 4067/6796/4826 4061/6785/4819
f 1146/6789/4822 1152/6799/4829 4068/6800/4828 4062/6790/4821
f 4064/6791/4823 4070/6801/4830 4069/6802/4831 4063/6792/4824
f 4065/6793/4825 4071/6803/4832 4070/6801/4830 4064/6791/4823
f 4066/6786/4820 4072/6797/4827 4071/6804/4832 4065/6794/4825
f 4067/6796/4826 4073/6805/4833 4078/6806/4834 4072/6797/4827
f 4068/6798/4828 4074/6807/4835 4073/6805/4833 4067/6796/4826
f 1152/6799/4829 1159/6808/4836 4074/6809/4835 4068/6800/4828
f 4070/6801/4830 4076/6810/4837 4075/6811/4838 4069/6802/4831
f 4071/6803/4832 4077/6812/4839 4076/6810/4837 4070/6801/4830
f 4072/6797/4827 4078/6806/4834 4077/6813/4839 4071/6804/4832
f 4073/6805/4833 4079/6814/4840 4084/6815/4841 4078/6806/4834
f 4074/6807/4835 4080/6816/4842 4079/6814/4840 4073/6805/4833
f 1159/6808/4836 4081/6817/4843 4080/6818/4842 4074/6809/4835
f 4076/6810/4837 4082/6819/4844 2676/6820/4845 4075/6811/4838
f 4077/6812/4839 4083/6821/4846 4082/6819/4844 4076/6810/4837
f 4078/6806/4834 4084/6815/4841 4083/6822/4846 4077/6813/4839
f 4079/6814/4840 4085/6823/4847 4090/6824/4848 4084/6815/4841
f 4080/6818/4842 4086/6825/4849 4085/6826/4847 4079/6827/4840
f 4081/6817/4843 1170/6828/4850 4086/6825/4849 4080/6818/4842
f 4082/6819/4844 4088/6829/4851 4087/6830/4852 2676/6820/4845
f 4083/6821/4846 4089/6831/4853 4088/6829/4851 4082/6819/4844
f 4084/6815/4841 4090/6824/4848 4089/6832/4853 4083/6822/4846
f 4085/6823/4847 4091/6833/4854 4097/6834/4855 4090/6824/4848
f 4086/6825/4849 4092/6835/4856 4091/6836/4854 4085/6826/4847
f 1170/6828/4850 4093/6837/4857 4092/6835/4856 4086/6825/4849
f 4088/6829/4851 4095/6838/4858 4094/6839/4859 4087/6830/4852
f 4089/6832/4853 4096/6840/4860 4095/6841/4858 4088/6842/4851
f 4090/6824/4848 4097/6834/4855 4096/6840/4860 4089/6832/4853
f 4091/6843/4854 4098/6844/4861 4102/6845/4862 4097/6846/4855
f 4092/6835/4856 4099/6847/4863 4098/6848/4861 4091/6836/4854
f 4093/6837/4857 1182/6849/4864 4099/6847/4863 4092/6835/4856
f 4095/6838/4858 4100/6850/4865 2692/6851/4866 4094/6839/4859
f 4096/6852/4860 4101/6853/4867 4100/6854/4865 4095/6855/4858
f 4097/6846/4855 4102/6845/4862 4101/6853/4867 4096/6852/4860
f 4098/6844/4861 4103/6856/4868 4107/6857/4869 4102/6845/4862
f 4099/6847/4863 4104/6858/4870 4103/6859/4868 4098/6848/4861
f 1182/6849/4864 4105/6860/4871 4104/6858/4870 4099/6847/4863
f 4100/6850/4865 2697/6861/4872 2692/6851/4866
f 4101/6853/4867 4106/6862/4873 2697/6863/4872 4100/6854/4865
f 4102/6845/4862 4107/6857/4869 4106/6862/4873 4101/6853/4867
f 4103/6856/4868 4108/6864/4874 4111/6865/4875 4107/6857/4869
f 4104/6858/4870 4109/6866/4876 4108/6867/4874 4103/6859/4868
f 4105/6860/4871 1193/6868/4877 4109/6866/4876 4104/6858/4870
f 4106/6862/4873 4110/6869/4878 2702/6870/4879 2697/6863/4872
f 4107/6857/4869 4111/6865/4875 4110/6869/4878 4106/6862/4873
f 4108/6864/4874 4112/6871/4880 4116/6872/4881 4111/6865/4875
f 4109/6866/4876 4113/6873/4882 4112/6874/4880 4108/6867/4874
f 1193/6868/4877 4114/6875/4883 4113/6873/4882 4109/6866/4876
f 4110/6869/4878 4115/6876/4884 2707/6877/4885 2702/6870/4879
f 4111/6865/4875 4116/6872/4881 4115/6876/4884 4110/6869/4878
f 4112/6871/4880 4117/6878/4886 4121/6879/4887 4116/6872/4881
f 4113/6873/4882 4118/6880/4888 4117/6881/4886 4112/6874/4880
f 4114/6875/4883 4119/6882/4889 4118/6880/4888 4113/6873/4882
f 4115/6876/4884 4120/6883/4890 2712/6884/4891 2707/6877/4885
f 4116/6872/4881 4121/6879/4887 4120/6883/4890 4115/6876/4884
f 4117/6878/4886 4122/6885/4892 4126/6886/4893 4121/6879/4887
f 4118/6880/4888 4123/6887/4894 4122/6888/4892 4117/6881/4886
f 4119/6882/4889 4124/6889/4895 4123/6887/4894 4118/6880/4888
f 4120/6883/4890 4125/6890/4896 2717/6891/4897 2712/6884/4891
f 4121/6879/4887 4126/6886/4893 4125/6890/4896 4120/6883/4890
f 4122/6892/4892 4127/6893/4898 4131/6894/4899 4126/6895/4893
f 4123/6887/4894 4128/6896/4900 4127/6897/4898 4122/6888/4892
f 4124/6889/4895 4129/6898/4901 4128/6896/4900 4123/6887/4894
f 4125/6890/4896 4130/6899/4902 2722/6900/4903 2717/6891/4897
f 4126/6886/4893 4131/6901/4899 4130/6899/4902 4125/6890/4896
f 4127/6893/4898 4132/6902/4904 4135/6903/4905 4131/6894/4899
f 4128/6896/4900 4133/6904/4906 4132/6905/4904 4127/6897/4898
f 4129/6906/4901 1224/6907/4907 4133/6908/4906 4128/6909/4900
f 4130/6899/4902 4134/6910/4908 2727/6911/4909 2722/6900/4903
f 4131/6901/4899 4135/6912/4905 4134/6910/4908 4130/6899/4902
f 4132/6902/4904 4136/6913/4910 4139/6914/4911 4135/6903/4905
f 4133/6904/4906 4137/6915/4912 4136/6916/4910 4132/6905/4904
f 1224/6907/4907 1231/6917/4913 4137/6918/4912 4133/6908/4906
f 4134/6910/4908 4138/6919/4914 2732/6920/4915 2727/6911/4909
f 4135/6903/4905 4139/6914/4911 4138/6921/4914 4134/6922/4908
f 4136/6913/4910 4140/6923/4916 4142/6924/4917 4139/6914/4911
f 4137/6918/4912 1238/6925/4918 4140/6926/4916 4136/6927/4910
f 1231/6917/4913 1238/6925/4918 4137/6918/4912
f 4138/6921/4914 4141/6928/4919 2737/6929/4920 2732/6930/4915
f 4139/6914/4911 4142/6924/4917 4141/6928/4919 4138/6921/4914
f 4140/6923/4916 4143/6931/4921 4145/6932/4922 4142/6924/4917
f 1238/6925/4918 1244/6933/4923 4143/6934/4921 4140/6926/4916
f 4141/6928/4919 4144/6935/4924 2742/6936/4925 2737/6929/4920
f 4142/6924/4917 4145/6932/4922 4144/6935/4924 4141/6928/4919
f 4143/6931/4921 4146/6937/4926 4148/6938/4927 4145/6932/4922
f 1244/6933/4923 1250/6939/4928 4146/6940/4926 4143/6934/4921
f 4144/6935/4924 4147/6941/4929 2747/6942/4930 2742/6936/4925
f 4145/6932/4922 4148/6938/4927 4147/6941/4929 4144/6935/4924
f 4146/6940/4926 4149/6943/4931 4151/6944/4932 4148/6945/4927
f 1250/6939/4928 1255/6946/4933 4149/6943/4931 4146/6940/4926
f 4147/6941/4929 4150/6947/4934 2752/6948/4935 2747/6942/4930
f 4148/6938/4927 4151/6949/4932 4150/6947/4934 4147/6941/4929
f 4149/6943/4931 4152/6950/4936 4154/6951/4937 4151/6944/4932
f 1255/6946/4933 1260/6952/4938 4152/6950/4936 4149/6943/4931
f 4150/6947/4934 4153/6953/4939 2757/6954/4940 2752/6948/4935
f 4151/6949/4932 4154/6955/4937 4153/6953/4939 4150/6947/4934
f 4152/6950/4936 4155/6956/4941 4157/6957/4942 4154/6951/4937
f 1260/6952/4938 1265/6958/4943 4155/6956/4941 4152/6950/4936
f 4153/6953/4939 4156/6959/4944 2762/6960/4945 2757/6954/4940
f 4154/6955/4937 4157/6961/4942 4156/6959/4944 4153/6953/4939
f 4155/6956/4941 4158/6962/4946 4160/6963/4947 4157/6957/4942
f 1265/6958/4943 1269/6964/4948 4158/6962/4946 4155/6956/4941
f 4156/6965/4944 4159/6966/4949 2767/6967/4950 2762/6968/4945
f 4157/6957/4942 4160/6963/4947 4159/6969/4949 4156/6970/4944
f 4158/6962/4946 4161/6971/4951 4163/6972/4952 4160/6963/4947
f 1269/6964/4948 1274/6973/4953 4161/6971/4951 4158/6962/4946
f 4159/6966/4949 4162/6974/4954 2772/6975/4955 2767/6967/4950
f 4160/6963/4947 4163/6972/4952 4162/6976/4954 4159/6969/4949
f 4161/6971/4951 4164/6977/4956 4166/6978/4957 4163/6972/4952
f 1274/6973/4953 1279/6979/4958 4164/6977/4956 4161/6971/4951
f 4162/6974/4954 4165/6980/4959 2777/6981/4960 2772/6975/4955
f 4163/6972/4952 4166/6978/4957 4165/6982/4959 4162/6976/4954
f 4164/6977/4956 4167/6983/4961 4169/6984/4962 4166/6978/4957
f 1279/6979/4958 1284/6985/4963 4167/6983/4961 4164/6977/4956
f 5570/4728/3359 1393/2275/1618 1403/2287/1628 5571/6986/4964
f 4165/6980/4959 4168/6987/4965 2782/6988/4966 2777/6981/4960
f 4166/6978/4957 4169/6984/4962 4168/6989/4965 4165/6982/4959
f 4167/6983/4961 4170/6990/4967 4172/6991/4968 4169/6984/4962
f 1284/6985/4963 1289/6992/4969 4170/6990/4967 4167/6983/4961
f 2794/4655/3302 2793/4637/3289 5595/4640/3292 5604/6993/4970
f 4168/6987/4965 4171/6994/4971 2787/6995/4972 2782/6988/4966
f 4169/6984/4962 4172/6991/4968 4171/6996/4971 4168/6989/4965
f 4170/6990/4967 4173/6997/4973 4175/6998/4974 4172/6991/4968
f 1289/6992/4969 1294/6999/4975 4173/6997/4973 4170/6990/4967
f 5613/7000/4976 2795/4657/3304 2794/4655/3302 5604/6993/4970
f 4171/6994/4971 4174/7001/4977 2792/7002/4978 2787/6995/4972
f 4172/7003/4968 4175/7004/4974 4174/7005/4977 4171/7006/4971
f 4173/6997/4973 4176/7007/4979 4178/7008/4980 4175/6998/4974
f 1294/7009/4975 1299/7010/4981 4176/7011/4979 4173/7012/4973
f 4192/4653/3300 2821/4652/3299 2831/4703/3339 4193/7013/4982
f 4174/7001/4977 4177/7014/4983 2800/7015/4984 2792/7002/4978
f 4175/7004/4974 4178/7016/4980 4177/7017/4983 4174/7005/4977
f 4176/7018/4979 4179/7019/4985 4181/7020/4986 4178/7016/4980
f 1299/7010/4981 1304/7021/4987 4179/7022/4985 4176/7011/4979
f 2841/4716/3350 4194/7023/4988 4193/7013/4982 2831/4703/3339
f 4177/7017/4983 4180/7024/4989 2810/7025/4990 2800/7026/4984
f 4178/7016/4980 4181/7020/4986 4180/7024/4989 4177/7017/4983
f 4179/7019/4985 4182/7027/4991 4184/7028/4992 4181/7020/4986
f 1304/7021/4987 1309/7029/4993 4182/7030/4991 4179/7022/4985
f 4244/7031/4994 1357/2227/1588 1356/2225/1586 4234/4714/3348
f 4180/7024/4989 4183/7032/4995 2820/7033/4996 2810/7025/4990
f 4181/7020/4986 4184/7028/4992 4183/7032/4995 4180/7024/4989
f 4182/7027/4991 4185/7034/4997 4187/7035/4998 4184/7028/4992
f 1309/7029/4993 1314/7036/4999 4185/7037/4997 4182/7030/4991
f 1413/2300/1638 5572/2362/1675 5571/7038/4964 1403/2301/1628
f 4183/7032/4995 4186/7039/5000 2830/7040/5001 2820/7033/4996
f 4184/7028/4992 4187/7035/4998 4186/7039/5000 4183/7032/4995
f 4185/7034/4997 4188/7041/5002 4190/7042/5003 4187/7035/4998
f 1314/7036/4999 1319/7043/5004 4188/7044/5002 4185/7037/4997
f 5624/7045/5005 5623/7046/3306 2795/7047/3304 5613/7048/4976
f 4186/7039/5000 4189/7049/5006 2840/7050/5007 2830/7040/5001
f 4187/7035/4998 4190/7042/5003 4189/7049/5006 4186/7039/5000
f 4188/7044/5002 4191/7051/5008 4196/7052/5009 4190/7053/5003
f 1319/7043/5004 1324/7054/5010 4191/7051/5008 4188/7044/5002
f 2852/7055/3396 4194/7023/4988 2841/4716/3350 2853/4730/3361
f 4189/7049/5006 4195/7056/5011 2850/7057/5012 2840/7050/5007
f 4190/7042/5003 4196/7058/5009 4195/7056/5011 4189/7049/5006
f 4191/7051/5008 4197/7059/5013 4205/7060/5014 4196/7052/5009
f 1324/7054/5010 1329/7061/5015 4197/7059/5013 4191/7051/5008
f 4193/7013/4982 4199/7062/5016 4198/4654/3301 4192/4653/3300
f 4194/7023/4988 4200/7063/5017 4199/7062/5016 4193/7013/4982
f 2852/7055/3396 4201/7064/5018 4200/7063/5017 4194/7023/4988
f 2851/7065/5019 4202/7066/5020 4201/7067/5018 2852/7068/3396
f 2850/7069/5012 4203/7070/5021 4202/7066/5020 2851/7065/5019
f 4195/7071/5011 4204/7072/5022 4203/7070/5021 2850/7069/5012
f 4196/7058/5009 4205/7073/5014 4204/7074/5022 4195/7056/5011
f 4197/7059/5013 4206/7075/5023 4214/7076/5024 4205/7060/5014
f 1329/7061/5015 1334/7077/5025 4206/7075/5023 4197/7059/5013
f 4199/7062/5016 4208/7078/5026 4207/4672/3315 4198/4654/3301
f 4200/7063/5017 4209/7079/5027 4208/7078/5026 4199/7062/5016
f 4201/7064/5018 4210/7080/5028 4209/7079/5027 4200/7063/5017
f 4202/7081/5020 4211/7082/5029 4210/7080/5028 4201/7064/5018
f 4203/7070/5021 4212/7083/5030 4211/7084/5029 4202/7066/5020
f 4204/7072/5022 4213/7085/5031 4212/7083/5030 4203/7070/5021
f 4205/7086/5014 4214/7087/5024 4213/7085/5031 4204/7072/5022
f 4206/7075/5023 4215/7088/5032 4223/7089/5033 4214/7076/5024
f 1334/7077/5025 1339/7090/5034 4215/7088/5032 4206/7075/5023
f 4208/7078/5026 4217/7091/5035 4216/4673/3316 4207/4672/3315
f 4209/7079/5027 4218/7092/5036 4217/7091/5035 4208/7078/5026
f 4210/7080/5028 4219/7093/5037 4218/7092/5036 4209/7079/5027
f 4211/7082/5029 4220/7094/5038 4219/7093/5037 4210/7080/5028
f 4212/7083/5030 4221/7095/5039 4220/7096/5038 4211/7084/5029
f 4213/7085/5031 4222/7097/5040 4221/7095/5039 4212/7083/5030
f 4214/7087/5024 4223/7098/5033 4222/7097/5040 4213/7085/5031
f 4215/7088/5032 4224/7099/5041 4232/7100/5042 4223/7089/5033
f 1339/7090/5034 1344/7101/5043 4224/7099/5041 4215/7088/5032
f 4217/7091/5035 4226/7102/5044 4225/4701/3337 4216/4673/3316
f 4218/7092/5036 4227/7103/5045 4226/7102/5044 4217/7091/5035
f 4219/7093/5037 4228/7104/5046 4227/7103/5045 4218/7092/5036
f 4220/7094/5038 4229/7105/5047 4228/7104/5046 4219/7093/5037
f 4221/7095/5039 4230/7106/5048 4229/7107/5047 4220/7096/5038
f 4222/7097/5040 4231/7108/5049 4230/7106/5048 4221/7095/5039
f 4223/7098/5033 4232/7109/5042 4231/7108/5049 4222/7097/5040
f 4224/7099/5041 4233/7110/5050 4241/7111/5051 4232/7100/5042
f 1344/7101/5043 1349/7112/5052 4233/7110/5050 4224/7099/5041
f 4226/7102/5044 4235/7113/5053 4234/4714/3348 4225/4701/3337
f 4227/7103/5045 4236/7114/5054 4235/7113/5053 4226/7102/5044
f 4228/7104/5046 4237/7115/5055 4236/7114/5054 4227/7103/5045
f 4229/7105/5047 4238/7116/5056 4237/7115/5055 4228/7104/5046
f 4230/7106/5048 4239/7117/5057 4238/7118/5056 4229/7107/5047
f 4231/7108/5049 4240/7119/5058 4239/7117/5057 4230/7106/5048
f 4232/7109/5042 4241/7120/5051 4240/7119/5058 4231/7108/5049
f 4233/7110/5050 4242/4837/3426 4251/7121/5059 4241/7111/5051
f 1349/7112/5052 1358/4834/3423 4242/4837/3426 4233/7110/5050
f 4235/7113/5053 4245/7122/5060 4244/7031/4994 4234/4714/3348
f 4236/7114/5054 4246/7123/5061 4245/7122/5060 4235/7113/5053
f 4237/7115/5055 4247/7124/5062 4246/7123/5061 4236/7114/5054
f 4238/7116/5056 4248/7125/5063 4247/7124/5062 4237/7115/5055
f 4239/7117/5057 4249/7126/5064 4248/7127/5063 4238/7118/5056
f 4240/7119/5058 4250/7128/5065 4249/7126/5064 4239/7117/5057
f 4241/7111/5051 4251/7121/5059 4250/7129/5065 4240/7130/5058
f 6125/7131/5066 6148/7132/5067 6146/7133/5068 6123/7134/5069
f 6123/7134/5069 6146/7135/5068 6169/7136/5070 6144/7137/5071
f 6127/7138/5072 6150/7139/5073 6148/7140/5067 6125/7141/5066
f 6129/7142/5074 6152/7143/5075 6150/7139/5073 6127/7138/5072
f 6133/7144/5076 6156/7145/5077 6154/7146/5078 6130/7147/5079
f 6135/7148/5080 6158/7149/5081 6156/7150/5077 6133/7144/5076
f 6137/7151/5082 6160/7152/5083 6158/7153/5081 6135/7154/5080
f 6139/7155/5084 6163/7156/5085 6160/7152/5083 6137/7157/5082
f 4249/7126/5064 6140/7158/5086 6138/7159/5087 4248/7127/5063
f 6141/7160/5088 6164/7161/5089 6163/7162/5085 6139/7163/5084
f 6143/7164/5090 6166/7165/5091 6164/7166/5089 6141/7167/5088
f 6144/7168/5071 6169/7136/5070 6166/7169/5091 6143/7170/5090
f 4242/4837/3426 6122/4836/3425 6145/7171/5092 4251/7121/5059
f 4243/7172/5093 6126/7173/5094 6124/7174/3424 1358/7175/3423
f 1357/7176/1588 6128/7177/5095 6126/7173/5094 4243/7172/5093
f 6130/7178/5079 6154/7179/5078 6152/7143/5075 6129/7180/5074
f 4244/7031/4994 6131/7181/5096 6128/7182/5095 1357/2227/1588
f 4245/7122/5060 6132/7183/5097 6131/7181/5096 4244/7031/4994
f 4246/7123/5061 6134/7184/5098 6132/7183/5097 4245/7122/5060
f 4247/7124/5062 6136/7185/5099 6134/7184/5098 4246/7123/5061
f 4248/7127/5063 6138/7186/5087 6136/7187/5099 4247/7188/5062
f 4250/7128/5065 6142/7189/5100 6140/7190/5086 4249/7126/5064
f 4251/7121/5059 6145/7191/5092 6142/7192/5100 4250/7129/5065
f 6149/7193/5101 4253/7194/5102 4252/7195/5103 6147/7196/5104
f 6151/7197/5105 4254/7198/5106 4253/7199/5102 6149/7200/5101
f 6147/7201/5104 4252/7195/5103 4263/7202/5107 6168/7203/5108
f 6153/7204/5109 4255/7205/5110 4254/7198/5106 6151/7206/5105
f 6155/7207/5111 4256/7208/5112 4255/7209/5110 6153/7210/5109
f 6157/7211/5113 4257/7212/5114 4256/7208/5112 6155/7207/5111
f 6159/7213/5115 4258/7214/5116 4257/7215/5114 6157/7216/5113
f 6161/7217/5117 4259/7218/5118 4258/7214/5116 6159/7219/5115
f 6162/7220/5119 4260/7221/5120 4259/7218/5118 6161/7217/5117
f 6165/7222/5121 4261/7223/5122 4260/7221/5120 6162/7224/5119
f 6167/7225/5123 4262/7226/5124 4261/7227/5122 6165/7228/5121
f 6168/7229/5108 4263/7202/5107 4262/7226/5124 6167/7230/5123
f 6173/7231/5125 6196/7232/5126 6194/7233/5127 6171/7234/5128
f 4253/7235/5102 5819/7236/5129 5813/7237/5130 4252/7238/5103
f 4254/7239/5106 5826/7240/5131 5819/7236/5129 4253/7235/5102
f 4255/7241/5110 5833/7242/5132 5826/7240/5131 4254/7239/5106
f 4256/7243/5112 5841/7244/5133 5833/7242/5132 4255/7241/5110
f 4257/7245/5114 5848/7246/5134 5841/7244/5133 4256/7243/5112
f 4258/7214/5116 5855/7247/5135 5848/7248/5134 4257/7215/5114
f 4259/7218/5118 5862/7249/5136 5855/7247/5135 4258/7214/5116
f 4260/7221/5120 5869/7250/5137 5862/7249/5136 4259/7218/5118
f 4261/7223/5122 5875/7251/5138 5869/7250/5137 4260/7221/5120
f 4262/7226/5124 5882/7252/5139 5875/7253/5138 4261/7227/5122
f 4263/7202/5107 5890/7254/5140 5882/7252/5139 4262/7226/5124
f 5633/7255/5141 5904/7256/5142 5897/7257/5143 5632/7258/5144
f 24/44/31 4264/7259/5145 4268/7260/5146 30/7261/38
f 17/6/6 4265/7262/17 4264/7259/5145 24/44/31
f 43/7263/5147 4266/7264/5148 49/7265/5149
f 36/7266/5150 4267/7267/5151 4266/7268/5148 43/7269/5147
f 30/7261/38 4268/7260/5146 4267/7267/5151 36/7266/5150
f 4264/7259/5145 4269/7270/5152 4273/7271/5153 4268/7260/5146
f 4265/22/17 4270/21/16 4269/7272/5152 4264/7273/5145
f 5995/2447/2 1445/2450/1731 1444/7274/1739 1439/7275/3
f 4266/7264/5148 4271/7276/5154 56/7277/5155 49/7265/5149
f 4267/7267/5151 4272/7278/5156 4271/7279/5154 4266/7268/5148
f 4268/7260/5146 4273/7271/5153 4272/7278/5156 4267/7267/5151
f 4269/7280/5152 4274/7281/5157 4278/7282/5158 4273/7283/5153
f 4270/21/16 4275/7284/5159 4274/7285/5157 4269/7272/5152
f 1434/4/4 1433/2443/1726 4275/7284/5159 4270/21/16
f 4271/7276/5154 4276/7286/5160 62/7287/5161 56/7277/5155
f 4272/7278/5156 4277/7288/5162 4276/7289/5160 4271/7279/5154
f 4273/7283/5153 4278/7282/5158 4277/7290/5162 4272/7291/5156
f 4274/7281/5157 4279/7292/5163 4284/7293/5164 4278/7282/5158
f 4275/7284/5159 4280/7294/5165 4279/7295/5163 4274/7285/5157
f 1433/2443/1726 1437/2446/1729 4280/7294/5165 4275/7284/5159
f 4276/7286/5160 4282/7296/5166 4281/7297/5167 62/7287/5161
f 4277/7290/5162 4283/7298/5168 4282/7299/5166 4276/7300/5160
f 4278/7282/5158 4284/7293/5164 4283/7298/5168 4277/7290/5162
f 4279/7292/5163 4285/7301/5169 4290/7302/5170 4284/7293/5164
f 4280/7294/5165 4286/7303/5171 4285/7304/5169 4279/7295/5163
f 1437/2446/1729 1436/7305/5172 4286/7303/5171 4280/7294/5165
f 4282/7296/5166 4288/7306/5173 4287/7307/5174 4281/7297/5167
f 4283/7298/5168 4289/7308/5175 4288/7309/5173 4282/7299/5166
f 4284/7293/5164 4290/7302/5170 4289/7308/5175 4283/7298/5168
f 4285/7301/5169 4291/7310/5176 4295/7311/5177 4290/7302/5170
f 4286/7303/5171 4292/7312/5178 4291/7313/5176 4285/7304/5169
f 1436/7305/5172 1435/7314/5179 4292/7312/5178 4286/7303/5171
f 4288/7309/5173 4293/7315/5180 79/7316/5181 4287/7317/5174
f 4289/7308/5175 4294/7318/5182 4293/7315/5180 4288/7309/5173
f 4290/7302/5170 4295/7311/5177 4294/7318/5182 4289/7308/5175
f 4291/7313/5176 4296/7319/5183 4301/7320/5184 4295/7321/5177
f 4292/7312/5178 4297/7322/5185 4296/7319/5183 4291/7313/5176
f 1435/7314/5179 4298/7323/5186 4297/7322/5185 4292/7312/5178
f 4293/7315/5180 4299/7324/5187 85/7325/5188 79/7316/5181
f 4294/7318/5182 4300/7326/5189 4299/7324/5187 4293/7315/5180
f 4295/7311/5177 4301/7327/5184 4300/7326/5189 4294/7318/5182
f 4296/7319/5183 4302/7328/5190 4307/7329/5191 4301/7320/5184
f 4297/7322/5185 4303/7330/5192 4302/7328/5190 4296/7319/5183
f 4298/7331/5186 4304/7332/5193 4303/7333/5192 4297/7334/5185
f 4299/7324/5187 4305/7335/5194 91/7336/5195 85/7325/5188
f 4300/7326/5189 4306/7337/5196 4305/7335/5194 4299/7324/5187
f 4301/7327/5184 4307/7338/5191 4306/7337/5196 4300/7326/5189
f 4302/7339/5190 4308/7340/5197 4312/7341/5198 4307/7342/5191
f 4303/7330/5192 4309/7343/5199 4308/7344/5197 4302/7328/5190
f 4304/7332/5193 1452/7345/5200 4309/7346/5199 4303/7333/5192
f 4305/7335/5194 4310/7347/5201 97/7348/5202 91/7336/5195
f 4306/7337/5196 4311/7349/5203 4310/7347/5201 4305/7335/5194
f 4307/7342/5191 4312/7341/5198 4311/7350/5203 4306/7351/5196
f 4308/7340/5197 4313/7352/5204 4317/7353/5205 4312/7341/5198
f 4309/7354/5199 4314/7355/5206 4313/7352/5204 4308/7340/5197
f 1452/7345/5200 1459/7356/5207 4314/7357/5206 4309/7346/5199
f 4310/7347/5201 4315/7358/5208 103/7359/5209 97/7348/5202
f 4311/7349/5203 4316/7360/5210 4315/7358/5208 4310/7347/5201
f 4312/7341/5198 4317/7353/5205 4316/7361/5210 4311/7350/5203
f 4313/7352/5204 4318/7362/5211 4323/7363/5212 4317/7353/5205
f 4314/7355/5206 4319/7364/5213 4318/7362/5211 4313/7352/5204
f 1459/7356/5207 4320/7365/5214 4319/7366/5213 4314/7357/5206
f 4315/7358/5208 4321/7367/5215 109/7368/5216 103/7359/5209
f 4316/7361/5210 4322/7369/5217 4321/7370/5215 4315/7371/5208
f 4317/7353/5205 4323/7363/5212 4322/7369/5217 4316/7361/5210
f 4318/7362/5211 4324/7372/5218 4329/7373/5219 4323/7363/5212
f 4319/7364/5213 4325/7374/5220 4324/7372/5218 4318/7362/5211
f 4320/7365/5214 1471/7375/5221 4325/7376/5220 4319/7366/5213
f 4321/7367/5215 4327/7377/5222 4326/7378/5223 109/7368/5216
f 4322/7369/5217 4328/7379/5224 4327/7380/5222 4321/7370/5215
f 4323/7363/5212 4329/7373/5219 4328/7379/5224 4322/7369/5217
f 4324/7372/5218 4330/7381/5225 4335/7382/5226 4329/7373/5219
f 4325/7374/5220 4331/7383/5227 4330/7381/5225 4324/7372/5218
f 1471/7375/5221 4332/7384/5228 4331/7385/5227 4325/7376/5220
f 4327/7386/5222 4333/7387/5229 120/7388/5230 4326/7389/5223
f 4328/7379/5224 4334/7390/5231 4333/7391/5229 4327/7380/5222
f 4329/7373/5219 4335/7382/5226 4334/7390/5231 4328/7379/5224
f 4330/7381/5225 4336/7392/5232 4341/7393/5233 4335/7382/5226
f 4331/7385/5227 4337/7394/5234 4336/7395/5232 4330/7396/5225
f 4332/7384/5228 1482/7397/5235 4337/7394/5234 4331/7385/5227
f 4333/7387/5229 4339/7398/5236 4338/7399/5237 120/7388/5230
f 4334/7390/5231 4340/7400/5238 4339/7401/5236 4333/7391/5229
f 4335/7382/5226 4341/7393/5233 4340/7400/5238 4334/7390/5231
f 4336/7392/5232 4342/7402/5239 4347/7403/5240 4341/7393/5233
f 4337/7394/5234 4343/7404/5241 4342/7405/5239 4336/7395/5232
f 1482/7397/5235 1488/7406/5242 4343/7404/5241 4337/7394/5234
f 4339/7398/5236 4345/7407/5243 4344/7408/5244 4338/7399/5237
f 4340/7400/5238 4346/7409/5245 4345/7410/5243 4339/7401/5236
f 4341/7393/5233 4347/7403/5240 4346/7409/5245 4340/7400/5238
f 4342/7405/5239 4348/7411/5246 4353/7412/5247 4347/7413/5240
f 4343/7404/5241 4349/7414/5248 4348/7411/5246 4342/7405/5239
f 1488/7406/5242 4350/7415/5249 4349/7414/5248 4343/7404/5241
f 4345/7407/5243 4351/7416/5250 137/7417/5251 4344/7408/5244
f 4346/7409/5245 4352/7418/5252 4351/7419/5250 4345/7410/5243
f 4347/7403/5240 4353/7420/5247 4352/7418/5252 4346/7409/5245
f 4348/7411/5246 4354/7421/5253 4359/7422/5254 4353/7412/5247
f 4349/7414/5248 4355/7423/5255 4354/7421/5253 4348/7411/5246
f 4350/7415/5249 1501/7424/5256 4355/7423/5255 4349/7414/5248
f 4351/7416/5250 4357/7425/5257 4356/7426/5258 137/7417/5251
f 4352/7427/5252 4358/7428/5259 4357/7425/5257 4351/7416/5250
f 4353/7420/5247 4359/7429/5254 4358/7430/5259 4352/7418/5252
f 4354/7421/5253 4360/7431/5260 4364/7432/5261 4359/7422/5254
f 4355/7423/5255 4361/7433/5262 4360/7431/5260 4354/7421/5253
f 1501/7424/5256 1507/7434/5263 4361/7433/5262 4355/7423/5255
f 4357/7425/5257 4362/7435/5264 149/7436/5265 4356/7426/5258
f 4358/7428/5259 4363/7437/5266 4362/7435/5264 4357/7425/5257
f 4359/7422/5254 4364/7432/5261 4363/7438/5266 4358/7439/5259
f 4360/7431/5260 4365/7440/5267 4370/7441/5268 4364/7432/5261
f 4361/7433/5262 4366/7442/5269 4365/7440/5267 4360/7431/5260
f 1507/7434/5263 1513/7443/5270 4366/7442/5269 4361/7433/5262
f 4362/7435/5264 4368/7444/5271 4367/7445/5272 149/7436/5265
f 4363/7437/5266 4369/7446/5273 4368/7444/5271 4362/7435/5264
f 4364/7432/5261 4370/7441/5268 4369/7447/5273 4363/7438/5266
f 4365/7440/5267 4371/7448/5274 4375/7449/5275 4370/7441/5268
f 4366/7442/5269 4372/7450/5276 4371/7448/5274 4365/7440/5267
f 1513/7443/5270 1519/7451/5277 4372/7450/5276 4366/7442/5269
f 4368/7444/5271 4373/7452/5278 160/7453/5279 4367/7445/5272
f 4369/7446/5273 4374/7454/5280 4373/7452/5278 4368/7444/5271
f 4370/7441/5268 4375/7449/5275 4374/7455/5280 4369/7447/5273
f 4371/7448/5274 4376/7456/5281 4380/7457/5282 4375/7449/5275
f 4372/7450/5276 4377/7458/5283 4376/7456/5281 4371/7448/5274
f 1519/7459/5277 1525/7460/5284 4377/7461/5283 4372/7462/5276
f 4373/7452/5278 4378/7463/5285 166/7464/5286 160/7453/5279
f 4374/7454/5280 4379/7465/5287 4378/7463/5285 4373/7452/5278
f 4375/7449/5275 4380/7457/5282 4379/7466/5287 4374/7455/5280
f 4376/7456/5281 4381/7467/5288 4386/7468/5289 4380/7457/5282
f 4377/7458/5283 4382/7469/5290 4381/7467/5288 4376/7456/5281
f 1525/7460/5284 1531/7470/5291 4382/7471/5290 4377/7461/5283
f 4378/7463/5285 4384/7472/5292 4383/7473/5293 166/7464/5286
f 4379/7465/5287 4385/7474/5294 4384/7472/5292 4378/7463/5285
f 4380/7475/5282 4386/7476/5289 4385/7477/5294 4379/7478/5287
f 4381/7479/5288 4387/7480/5295 4392/7481/5296 4386/7476/5289
f 4382/7482/5290 4388/7483/5297 4387/7480/5295 4381/7479/5288
f 1531/7470/5291 1537/7484/5298 4388/7485/5297 4382/7471/5290
f 4384/7472/5292 4390/7486/5299 4389/7487/5300 4383/7473/5293
f 4385/7474/5294 4391/7488/5301 4390/7486/5299 4384/7472/5292
f 4386/7476/5289 4392/7481/5296 4391/7489/5301 4385/7477/5294
f 4387/7480/5295 4393/7490/5302 4398/7491/5303 4392/7481/5296
f 4388/7483/5297 4394/7492/5304 4393/7490/5302 4387/7480/5295
f 1537/7484/5298 1544/7493/5305 4394/7494/5304 4388/7485/5297
f 4390/7486/5299 4396/7495/5306 4395/7496/5307 4389/7487/5300
f 4391/7488/5301 4397/7497/5308 4396/7495/5306 4390/7486/5299
f 4392/7481/5296 4398/7491/5303 4397/7498/5308 4391/7489/5301
f 4393/7490/5302 4399/7499/5309 4404/7500/5310 4398/7491/5303
f 4394/7492/5304 4400/7501/5311 4399/7499/5309 4393/7490/5302
f 1544/7493/5305 1550/7502/5312 4400/7503/5311 4394/7494/5304
f 4396/7495/5306 4402/7504/5313 4401/7505/5314 4395/7496/5307
f 4397/7498/5308 4403/7506/5315 4402/7507/5313 4396/7508/5306
f 4398/7491/5303 4404/7500/5310 4403/7506/5315 4397/7498/5308
f 4399/7499/5309 4405/7509/5316 4411/7510/5317 4404/7500/5310
f 4400/7501/5311 4406/7511/5318 4405/7509/5316 4399/7499/5309
f 1550/7502/5312 4407/7512/5319 4406/7513/5318 4400/7503/5311
f 4402/7504/5313 4409/7514/5320 4408/7515/5321 4401/7505/5314
f 4403/7506/5315 4410/7516/5322 4409/7517/5320 4402/7507/5313
f 4404/7500/5310 4411/7510/5317 4410/7516/5322 4403/7506/5315
f 4405/7509/5316 4412/7518/5323 4417/7519/5324 4411/7510/5317
f 4406/7513/5318 4413/7520/5325 4412/7521/5323 4405/7522/5316
f 4407/7512/5319 1562/7523/5326 4413/7520/5325 4406/7513/5318
f 4409/7514/5320 4415/7524/5327 4414/7525/5328 4408/7515/5321
f 4410/7516/5322 4416/7526/5329 4415/7527/5327 4409/7517/5320
f 4411/7510/5317 4417/7519/5324 4416/7526/5329 4410/7516/5322
f 4412/7518/5323 4418/7528/5330 4423/7529/5331 4417/7519/5324
f 4413/7520/5325 4419/7530/5332 4418/7531/5330 4412/7521/5323
f 1562/7523/5326 1568/7532/5333 4419/7530/5332 4413/7520/5325
f 4415/7524/5327 4421/7533/5334 4420/7534/5335 4414/7525/5328
f 4416/7526/5329 4422/7535/5336 4421/7536/5334 4415/7527/5327
f 4417/7519/5324 4423/7529/5331 4422/7535/5336 4416/7526/5329
f 4418/7531/5330 4424/7537/5337 4430/7538/5338 4423/7539/5331
f 4419/7530/5332 4425/7540/5339 4424/7537/5337 4418/7531/5330
f 1568/7532/5333 4426/7541/5340 4425/7540/5339 4419/7530/5332
f 4421/7533/5334 4428/7542/5341 4427/7543/5342 4420/7534/5335
f 4422/7535/5336 4429/7544/5343 4428/7545/5341 4421/7536/5334
f 4423/7529/5331 4430/7546/5338 4429/7544/5343 4422/7535/5336
f 4424/7537/5337 4431/7547/5344 4435/7548/5345 4430/7538/5338
f 4425/7540/5339 4432/7549/5346 4431/7547/5344 4424/7537/5337
f 4426/7541/5340 1580/7550/5347 4432/7549/5346 4425/7540/5339
f 4428/7542/5341 4433/7551/5348 221/7552/5349 4427/7543/5342
f 4429/7553/5343 4434/7554/5350 4433/7555/5348 4428/7556/5341
f 4430/7557/5338 4435/7558/5345 4434/7554/5350 4429/7553/5343
f 4431/7547/5344 4436/7559/5351 4441/7560/5352 4435/7548/5345
f 4432/7549/5346 4437/7561/5353 4436/7559/5351 4431/7547/5344
f 1580/7550/5347 1587/7562/5354 4437/7561/5353 4432/7549/5346
f 4433/7551/5348 4439/7563/5355 4438/7564/5356 221/7552/5349
f 4434/7554/5350 4440/7565/5357 4439/7566/5355 4433/7555/5348
f 4435/7558/5345 4441/7567/5352 4440/7565/5357 4434/7554/5350
f 4436/7559/5351 4442/7568/5358 4447/7569/5359 4441/7560/5352
f 4437/7561/5353 4443/7570/5360 4442/7568/5358 4436/7559/5351
f 1587/7562/5354 1593/7571/5361 4443/7570/5360 4437/7561/5353
f 4439/7563/5355 4445/7572/5362 4444/7573/5363 4438/7564/5356
f 4440/7565/5357 4446/7574/5364 4445/7575/5362 4439/7566/5355
f 4441/7567/5352 4447/7576/5359 4446/7574/5364 4440/7565/5357
f 4442/7568/5358 4448/7577/5365 4453/7578/5366 4447/7569/5359
f 4443/7570/5360 4449/7579/5367 4448/7577/5365 4442/7568/5358
f 1593/7571/5361 4450/7580/5368 4449/7579/5367 4443/7570/5360
f 4445/7572/5362 4451/7581/5369 238/7582/5370 4444/7573/5363
f 4446/7574/5364 4452/7583/5371 4451/7584/5369 4445/7575/5362
f 4447/7576/5359 4453/7585/5366 4452/7583/5371 4446/7574/5364
f 4448/7577/5365 4454/7586/5372 4459/7587/5373 4453/7578/5366
f 4449/7579/5367 4455/7588/5374 4454/7586/5372 4448/7577/5365
f 4450/7580/5368 4456/7589/5375 4455/7588/5374 4449/7579/5367
f 4451/7581/5369 4457/7590/5376 244/7591/5377 238/7582/5370
f 4452/7583/5371 4458/7592/5378 4457/7593/5376 4451/7584/5369
f 4453/7585/5366 4459/7594/5373 4458/7592/5378 4452/7583/5371
f 4454/7586/5372 4460/7595/5379 4465/7596/5380 4459/7587/5373
f 4455/7588/5374 4461/7597/5381 4460/7595/5379 4454/7586/5372
f 4456/7589/5375 4462/7598/5382 4461/7597/5381 4455/7588/5374
f 4457/7590/5376 4463/7599/5383 251/7600/5384 244/7591/5377
f 4458/7592/5378 4464/7601/5385 4463/7602/5383 4457/7593/5376
f 4459/7594/5373 4465/7603/5380 4464/7601/5385 4458/7592/5378
f 4460/7604/5379 4466/7605/5386 4471/7606/5387 4465/7607/5380
f 4461/7597/5381 4467/7608/5388 4466/7609/5386 4460/7595/5379
f 4462/7610/5382 4468/7611/5389 4467/7612/5388 4461/7613/5381
f 4463/7599/5383 4469/7614/5390 257/7615/5391 251/7600/5384
f 4464/7601/5385 4470/7616/5392 4469/7617/5390 4463/7602/5383
f 4465/7607/5380 4471/7606/5387 4470/7618/5392 4464/7619/5385
f 4466/7605/5386 4472/7620/5393 4477/7621/5394 4471/7606/5387
f 4467/7608/5388 4473/7622/5395 4472/7623/5393 4466/7609/5386
f 4468/7611/5389 4474/7624/5396 4473/7625/5395 4467/7612/5388
f 4469/7614/5390 4475/7626/5397 263/7627/5398 257/7615/5391
f 4470/7616/5392 4476/7628/5399 4475/7629/5397 4469/7617/5390
f 4471/7606/5387 4477/7621/5394 4476/7630/5399 4470/7618/5392
f 4472/7620/5393 4478/7631/5400 4483/7632/5401 4477/7621/5394
f 4473/7622/5395 4479/7633/5402 4478/7634/5400 4472/7623/5393
f 4474/7624/5396 4480/7635/5403 4479/7636/5402 4473/7625/5395
f 4475/7626/5397 4481/7637/5404 269/7638/5405 263/7627/5398
f 4476/7630/5399 4482/7639/5406 4481/7640/5404 4475/7641/5397
f 4477/7621/5394 4483/7632/5401 4482/7639/5406 4476/7630/5399
f 4478/7631/5400 4484/7642/5407 4489/7643/5408 4483/7632/5401
f 4479/7636/5402 4485/7644/5409 4484/7645/5407 4478/7646/5400
f 4480/7635/5403 4486/7647/5410 4485/7644/5409 4479/7636/5402
f 4481/7637/5404 4487/7648/5411 275/7649/5412 269/7638/5405
f 4482/7639/5406 4488/7650/5413 4487/7651/5411 4481/7640/5404
f 4483/7632/5401 4489/7643/5408 4488/7650/5413 4482/7639/5406
f 4484/7642/5407 4490/7652/5414 4495/7653/5415 4489/7643/5408
f 4485/7644/5409 4491/7654/5416 4490/7655/5414 4484/7645/5407
f 4486/7647/5410 4492/7656/5417 4491/7654/5416 4485/7644/5409
f 4487/7648/5411 4493/7657/5418 281/7658/5419 275/7649/5412
f 4488/7650/5413 4494/7659/5420 4493/7660/5418 4487/7651/5411
f 4489/7643/5408 4495/7653/5415 4494/7659/5420 4488/7650/5413
f 4490/7652/5414 4496/7661/5421 4502/7662/5422 4495/7653/5415
f 4491/7654/5416 4497/7663/5423 4496/7664/5421 4490/7655/5414
f 4492/7656/5417 4498/7665/5424 4497/7663/5423 4491/7654/5416
f 4493/7657/5418 4500/7666/5425 4499/7667/5426 281/7658/5419
f 4494/7668/5420 4501/7669/5427 4500/7666/5425 4493/7657/5418
f 4495/7653/5415 4502/7662/5422 4501/7670/5427 4494/7659/5420
f 4496/7664/5421 4503/7671/5428 4508/7672/5429 4502/7673/5422
f 4497/7663/5423 4504/7674/5430 4503/7671/5428 4496/7664/5421
f 4498/7665/5424 1652/7675/5431 4504/7674/5430 4497/7663/5423
f 4500/7666/5425 4506/7676/5432 4505/7677/5433 4499/7667/5426
f 4501/7669/5427 4507/7678/5434 4506/7676/5432 4500/7666/5425
f 4502/7662/5422 4508/7679/5429 4507/7680/5434 4501/7670/5427
f 4503/7671/5428 4509/7681/5435 4515/7682/5436 4508/7672/5429
f 4504/7674/5430 4510/7683/5437 4509/7681/5435 4503/7671/5428
f 1652/7675/5431 4511/7684/5438 4510/7683/5437 4504/7674/5430
f 4506/7676/5432 4513/7685/5439 4512/7686/5440 4505/7677/5433
f 4507/7678/5434 4514/7687/5441 4513/7685/5439 4506/7676/5432
f 4508/7679/5429 4515/7688/5436 4514/7689/5441 4507/7680/5434
f 4509/7681/5435 4516/7690/5442 4520/7691/5443 4515/7682/5436
f 4510/7683/5437 4517/7692/5444 4516/7690/5442 4509/7681/5435
f 4511/7684/5438 1665/7693/5445 4517/7692/5444 4510/7683/5437
f 4513/7685/5439 4518/7694/5446 302/7695/5447 4512/7686/5440
f 4514/7687/5441 4519/7696/5448 4518/7694/5446 4513/7685/5439
f 4515/7697/5436 4520/7698/5443 4519/7696/5448 4514/7687/5441
f 4516/7690/5442 4521/7699/5449 4525/7700/5450 4520/7691/5443
f 4517/7692/5444 4522/7701/5451 4521/7699/5449 4516/7690/5442
f 1665/7693/5445 1671/7702/5452 4522/7701/5451 4517/7692/5444
f 4518/7694/5446 4523/7703/5453 309/7704/5454 302/7695/5447
f 4519/7696/5448 4524/7705/5455 4523/7703/5453 4518/7694/5446
f 4520/7698/5443 4525/7706/5450 4524/7705/5455 4519/7696/5448
f 4521/7699/5449 4526/7707/5456 4532/7708/5457 4525/7700/5450
f 4522/7701/5451 4527/7709/5458 4526/7707/5456 4521/7699/5449
f 1671/7702/5452 4528/7710/5459 4527/7709/5458 4522/7701/5451
f 4523/7703/5453 4530/7711/5460 4529/7712/5461 309/7704/5454
f 4524/7705/5455 4531/7713/5462 4530/7711/5460 4523/7703/5453
f 4525/7706/5450 4532/7714/5457 4531/7713/5462 4524/7705/5455
f 4526/7707/5456 4533/7715/5463 4537/7716/5464 4532/7708/5457
f 4527/7709/5458 4534/7717/5465 4533/7715/5463 4526/7707/5456
f 4528/7710/5459 1682/7718/5466 4534/7717/5465 4527/7709/5458
f 4530/7711/5460 4535/7719/5467 320/7720/5468 4529/7712/5461
f 4531/7713/5462 4536/7721/5469 4535/7719/5467 4530/7711/5460
f 4532/7714/5457 4537/7722/5464 4536/7721/5469 4531/7713/5462
f 4533/7715/5463 4538/7723/5470 4542/7724/5471 4537/7716/5464
f 4534/7717/5465 4539/7725/5472 4538/7723/5470 4533/7715/5463
f 1682/7726/5466 1688/7727/5473 4539/7728/5472 4534/7729/5465
f 4535/7719/5467 4540/7730/5474 326/7731/5475 320/7720/5468
f 4536/7721/5469 4541/7732/5476 4540/7730/5474 4535/7719/5467
f 4537/7722/5464 4542/7733/5471 4541/7732/5476 4536/7721/5469
f 4538/7723/5470 4543/7734/5477 4549/7735/5478 4542/7724/5471
f 4539/7725/5472 4544/7736/5479 4543/7734/5477 4538/7723/5470
f 1688/7727/5473 4545/7737/5480 4544/7738/5479 4539/7728/5472
f 4540/7730/5474 4547/7739/5481 4546/7740/5482 326/7731/5475
f 4541/7732/5476 4548/7741/5483 4547/7739/5481 4540/7730/5474
f 4542/7742/5471 4549/7743/5478 4548/7744/5483 4541/7745/5476
f 4543/7746/5477 4550/7747/5484 4554/7748/5485 4549/7743/5478
f 4544/7736/5479 4551/7749/5486 4550/7750/5484 4543/7734/5477
f 4545/7737/5480 1700/7751/5487 4551/7752/5486 4544/7738/5479
f 4547/7739/5481 4552/7753/5488 338/7754/5489 4546/7740/5482
f 4548/7741/5483 4553/7755/5490 4552/7753/5488 4547/7739/5481
f 4549/7743/5478 4554/7748/5485 4553/7756/5490 4548/7744/5483
f 4550/7747/5484 4555/7757/5491 4560/7758/5492 4554/7748/5485
f 4551/7759/5486 4556/7760/5493 4555/7757/5491 4550/7747/5484
f 1700/7751/5487 1707/7761/5494 4556/7762/5493 4551/7752/5486
f 4552/7753/5488 4558/7763/5495 4557/7764/5496 338/7754/5489
f 4553/7755/5490 4559/7765/5497 4558/7763/5495 4552/7753/5488
f 4554/7748/5485 4560/7758/5492 4559/7766/5497 4553/7756/5490
f 4555/7757/5491 4561/7767/5498 4565/7768/5499 4560/7758/5492
f 4556/7760/5493 4562/7769/5500 4561/7767/5498 4555/7757/5491
f 1707/7761/5494 1713/7770/5501 4562/7771/5500 4556/7762/5493
f 4558/7763/5495 4563/7772/5502 351/7773/5503 4557/7764/5496
f 4559/7765/5497 4564/7774/5504 4563/7772/5502 4558/7763/5495
f 4560/7758/5492 4565/7768/5499 4564/7775/5504 4559/7766/5497
f 4561/7767/5498 4566/7776/5505 4572/7777/5506 4565/7768/5499
f 4562/7771/5500 4567/7778/5507 4566/7779/5505 4561/7780/5498
f 1713/7770/5501 4568/7781/5508 4567/7778/5507 4562/7771/5500
f 4563/7772/5502 4570/7782/5509 4569/7783/5510 351/7773/5503
f 4564/7774/5504 4571/7784/5511 4570/7782/5509 4563/7772/5502
f 4565/7768/5499 4572/7777/5506 4571/7785/5511 4564/7775/5504
f 4566/7776/5505 4573/7786/5512 4577/7787/5513 4572/7777/5506
f 4567/7778/5507 4574/7788/5514 4573/7789/5512 4566/7779/5505
f 4568/7781/5508 1725/7790/5515 4574/7788/5514 4567/7778/5507
f 4570/7782/5509 4575/7791/5516 364/7792/5517 4569/7783/5510
f 4571/7785/5511 4576/7793/5518 4575/7794/5516 4570/7795/5509
f 4572/7777/5506 4577/7787/5513 4576/7793/5518 4571/7785/5511
f 4573/7786/5512 4578/7796/5519 4582/7797/5520 4577/7787/5513
f 4574/7788/5514 4579/7798/5521 4578/7799/5519 4573/7789/5512
f 1725/7790/5515 1731/7800/5522 4579/7798/5521 4574/7788/5514
f 4575/7791/5516 4580/7801/5523 370/7802/5524 364/7792/5517
f 4576/7793/5518 4581/7803/5525 4580/7804/5523 4575/7794/5516
f 4577/7787/5513 4582/7797/5520 4581/7803/5525 4576/7793/5518
f 4578/7799/5519 4583/7805/5526 4588/7806/5527 4582/7807/5520
f 4579/7798/5521 4584/7808/5528 4583/7805/5526 4578/7799/5519
f 1731/7800/5522 4585/7809/5529 4584/7808/5528 4579/7798/5521
f 4580/7801/5523 4586/7810/5530 377/7811/5531 370/7802/5524
f 4581/7812/5525 4587/7813/5532 4586/7814/5530 4580/7815/5523
f 4582/7797/5520 4588/7816/5527 4587/7817/5532 4581/7803/5525
f 4583/7805/5526 4589/7818/5533 4593/7819/5534 4588/7806/5527
f 4584/7808/5528 4590/7820/5535 4589/7818/5533 4583/7805/5526
f 4585/7809/5529 1743/7821/5536 4590/7820/5535 4584/7808/5528
f 4586/7810/5530 4591/7822/5537 383/7823/5538 377/7811/5531
f 4587/7813/5532 4592/7824/5539 4591/7825/5537 4586/7814/5530
f 4588/7826/5527 4593/7827/5534 4592/7824/5539 4587/7813/5532
f 4589/7818/5533 4594/7828/5540 4599/7829/5541 4593/7819/5534
f 4590/7820/5535 4595/7830/5542 4594/7828/5540 4589/7818/5533
f 1743/7821/5536 4596/7831/5543 4595/7830/5542 4590/7820/5535
f 4591/7822/5537 4597/7832/5544 389/7833/5545 383/7823/5538
f 4592/7824/5539 4598/7834/5546 4597/7835/5544 4591/7825/5537
f 4593/7827/5534 4599/7836/5541 4598/7834/5546 4592/7824/5539
f 4594/7828/5540 4600/7837/5547 4605/7838/5548 4599/7829/5541
f 4595/7830/5542 4601/7839/5549 4600/7837/5547 4594/7828/5540
f 4596/7831/5543 1755/7840/5550 4601/7839/5549 4595/7830/5542
f 4597/7832/5544 4603/7841/5551 4602/7842/5552 389/7833/5545
f 4598/7834/5546 4604/7843/5553 4603/7844/5551 4597/7835/5544
f 4599/7836/5541 4605/7845/5548 4604/7843/5553 4598/7834/5546
f 4600/7837/5547 4606/7846/5554 4611/7847/5555 4605/7838/5548
f 4601/7839/5549 4607/7848/5556 4606/7846/5554 4600/7837/5547
f 1755/7840/5550 4608/7849/5557 4607/7848/5556 4601/7839/5549
f 4603/7841/5551 4609/7850/5558 401/7851/5559 4602/7842/5552
f 4604/7843/5553 4610/7852/5560 4609/7853/5558 4603/7844/5551
f 4605/7845/5548 4611/7854/5555 4610/7852/5560 4604/7843/5553
f 4606/7846/5554 4612/7855/5561 4617/7856/5562 4611/7847/5555
f 4607/7848/5556 4613/7857/5563 4612/7855/5561 4606/7846/5554
f 4608/7849/5557 4614/7858/5564 4613/7857/5563 4607/7848/5556
f 4609/7850/5558 4615/7859/5565 407/7860/5566 401/7851/5559
f 4610/7852/5560 4616/7861/5567 4615/7862/5565 4609/7853/5558
f 4611/7854/5555 4617/7863/5562 4616/7861/5567 4610/7852/5560
f 4612/7855/5561 4618/7864/5568 4623/7865/5569 4617/7856/5562
f 4613/7857/5563 4619/7866/5570 4618/7864/5568 4612/7855/5561
f 4614/7858/5564 4620/7867/5571 4619/7866/5570 4613/7857/5563
f 4615/7859/5565 4621/7868/5572 413/7869/5573 407/7860/5566
f 4616/7861/5567 4622/7870/5574 4621/7871/5572 4615/7862/5565
f 4617/7863/5562 4623/7872/5569 4622/7870/5574 4616/7861/5567
f 4618/7873/5568 4624/7874/5575 4629/7875/5576 4623/7876/5569
f 4619/7866/5570 4625/7877/5577 4624/7878/5575 4618/7864/5568
f 4620/7879/5571 4626/7880/5578 4625/7881/5577 4619/7882/5570
f 4621/7868/5572 4627/7883/5579 419/7884/5580 413/7869/5573
f 4622/7870/5574 4628/7885/5581 4627/7886/5579 4621/7871/5572
f 4623/7876/5569 4629/7875/5576 4628/7887/5581 4622/7888/5574
f 4624/7874/5575 4630/7889/5582 4635/7890/5583 4629/7875/5576
f 4625/7877/5577 4631/7891/5584 4630/7892/5582 4624/7878/5575
f 4626/7880/5578 4632/7893/5585 4631/7894/5584 4625/7881/5577
f 4627/7883/5579 4633/7895/5586 425/7896/5587 419/7884/5580
f 4628/7885/5581 4634/7897/5588 4633/7898/5586 4627/7886/5579
f 4629/7875/5576 4635/7890/5583 4634/7899/5588 4628/7887/5581
f 4630/7889/5582 4636/7900/5589 4641/7901/5590 4635/7890/5583
f 4631/7891/5584 4637/7902/5591 4636/7903/5589 4630/7892/5582
f 4632/7893/5585 4638/7904/5592 4637/7905/5591 4631/7894/5584
f 4633/7895/5586 4639/7906/5593 431/7907/5594 425/7896/5587
f 4634/7908/5588 4640/7909/5595 4639/7906/5593 4633/7895/5586
f 4635/7890/5583 4641/7901/5590 4640/7910/5595 4634/7899/5588
f 4636/7900/5589 4642/7911/5596 4648/7912/5597 4641/7901/5590
f 4637/7905/5591 4643/7913/5598 4642/7914/5596 4636/7915/5589
f 4638/7904/5592 4644/7916/5599 4643/7913/5598 4637/7905/5591
f 4639/7906/5593 4646/7917/5600 4645/7918/5601 431/7907/5594
f 4640/7909/5595 4647/7919/5602 4646/7917/5600 4639/7906/5593
f 4641/7901/5590 4648/7912/5597 4647/7920/5602 4640/7910/5595
f 4642/7911/5596 4649/7921/5603 4654/7922/5604 4648/7912/5597
f 4643/7913/5598 4650/7923/5605 4649/7924/5603 4642/7914/5596
f 4644/7916/5599 4651/7925/5606 4650/7923/5605 4643/7913/5598
f 4646/7917/5600 4652/7926/5607 442/7927/5608 4645/7918/5601
f 4647/7919/5602 4653/7928/5609 4652/7926/5607 4646/7917/5600
f 4648/7912/5597 4654/7922/5604 4653/7929/5609 4647/7920/5602
f 4649/7921/5603 4655/7930/5610 4661/7931/5611 4654/7922/5604
f 4650/7923/5605 4656/7932/5612 4655/7933/5610 4649/7924/5603
f 4651/7925/5606 4657/7934/5613 4656/7932/5612 4650/7923/5605
f 4652/7926/5607 4659/7935/5614 4658/7936/5615 442/7927/5608
f 4653/7928/5609 4660/7937/5616 4659/7935/5614 4652/7926/5607
f 4654/7922/5604 4661/7931/5611 4660/7938/5616 4653/7929/5609
f 4655/7933/5610 4662/7939/5617 4667/7940/5618 4661/7941/5611
f 4656/7932/5612 4663/7942/5619 4662/7939/5617 4655/7933/5610
f 4657/7934/5613 4664/7943/5620 4663/7942/5619 4656/7932/5612
f 4659/7935/5614 4665/7944/5621 453/7945/5622 4658/7936/5615
f 4660/7937/5616 4666/7946/5623 4665/7944/5621 4659/7935/5614
f 4661/7931/5611 4667/7947/5618 4666/7948/5623 4660/7938/5616
f 4662/7939/5617 4668/7949/5624 4674/7950/5625 4667/7940/5618
f 4663/7942/5619 4669/7951/5626 4668/7949/5624 4662/7939/5617
f 4664/7943/5620 4670/7952/5627 4669/7951/5626 4663/7942/5619
f 4665/7944/5621 4672/7953/5628 4671/7954/5629 453/7945/5622
f 4666/7946/5623 4673/7955/5630 4672/7953/5628 4665/7944/5621
f 4667/7947/5618 4674/7956/5625 4673/7957/5630 4666/7948/5623
f 4668/7949/5624 4675/7958/5631 4680/7959/5632 4674/7950/5625
f 4669/7951/5626 4676/7960/5633 4675/7958/5631 4668/7949/5624
f 4670/7952/5627 4677/7961/5634 4676/7960/5633 4669/7951/5626
f 4672/7953/5628 4678/7962/5635 466/7963/5636 4671/7954/5629
f 4673/7955/5630 4679/7964/5637 4678/7962/5635 4672/7953/5628
f 4674/7965/5625 4680/7966/5632 4679/7964/5637 4673/7955/5630
f 4675/7958/5631 4681/7967/5638 4686/7968/5639 4680/7959/5632
f 4676/7960/5633 4682/7969/5640 4681/7967/5638 4675/7958/5631
f 4677/7961/5634 1830/7970/5641 4682/7969/5640 4676/7960/5633
f 4678/7962/5635 4684/7971/5642 4683/7972/5643 466/7963/5636
f 4679/7964/5637 4685/7973/5644 4684/7971/5642 4678/7962/5635
f 4680/7966/5632 4686/7974/5639 4685/7973/5644 4679/7964/5637
f 4681/7967/5638 4687/7975/5645 4692/7976/5646 4686/7968/5639
f 4682/7969/5640 4688/7977/5647 4687/7975/5645 4681/7967/5638
f 1830/7970/5641 4689/7978/5648 4688/7977/5647 4682/7969/5640
f 4684/7971/5642 4690/7979/5649 478/7980/5650 4683/7972/5643
f 4685/7973/5644 4691/7981/5651 4690/7979/5649 4684/7971/5642
f 4686/7974/5639 4692/7982/5646 4691/7981/5651 4685/7973/5644
f 4687/7975/5645 4693/7983/5652 4698/7984/5653 4692/7976/5646
f 4688/7977/5647 4694/7985/5654 4693/7983/5652 4687/7975/5645
f 4689/7978/5648 1842/7986/5655 4694/7985/5654 4688/7977/5647
f 4690/7979/5649 4696/7987/5656 4695/7988/5657 478/7980/5650
f 4691/7981/5651 4697/7989/5658 4696/7987/5656 4690/7979/5649
f 4692/7982/5646 4698/7990/5653 4697/7989/5658 4691/7981/5651
f 4693/7983/5652 4699/7991/5659 4704/7992/5660 4698/7984/5653
f 4694/7985/5654 4700/7993/5661 4699/7991/5659 4693/7983/5652
f 1842/7994/5655 1848/7995/5662 4700/7996/5661 4694/7997/5654
f 4696/7987/5656 4702/7998/5663 4701/7999/5664 4695/7988/5657
f 4697/7989/5658 4703/8000/5665 4702/7998/5663 4696/7987/5656
f 4698/7990/5653 4704/8001/5660 4703/8000/5665 4697/7989/5658
f 4699/8002/5659 4705/8003/5666 4710/8004/5667 4704/8005/5660
f 4700/7993/5661 4706/8006/5668 4705/8007/5666 4699/7991/5659
f 1848/7995/5662 1854/8008/5669 4706/8009/5668 4700/7996/5661
f 4702/7998/5663 4708/8010/5670 4707/8011/5671 4701/7999/5664
f 4703/8000/5665 4709/8012/5672 4708/8010/5670 4702/7998/5663
f 4704/8005/5660 4710/8004/5667 4709/8013/5672 4703/8014/5665
f 4705/8003/5666 4711/8015/5673 4717/8016/5674 4710/8004/5667
f 4706/8006/5668 4712/8017/5675 4711/8018/5673 4705/8007/5666
f 1854/8008/5669 4713/8019/5676 4712/8020/5675 4706/8009/5668
f 4708/8010/5670 4715/8021/5677 4714/8022/5678 4707/8011/5671
f 4709/8012/5672 4716/8023/5679 4715/8021/5677 4708/8010/5670
f 4710/8004/5667 4717/8016/5674 4716/8024/5679 4709/8013/5672
f 4711/8015/5673 4718/8025/5680 4723/8026/5681 4717/8016/5674
f 4712/8017/5675 4719/8027/5682 4718/8028/5680 4711/8018/5673
f 4713/8019/5676 1865/8029/5683 4719/8030/5682 4712/8020/5675
f 4715/8021/5677 4721/8031/5684 4720/8032/5685 4714/8022/5678
f 4716/8023/5679 4722/8033/5686 4721/8031/5684 4715/8021/5677
f 4717/8016/5674 4723/8026/5681 4722/8034/5686 4716/8024/5679
f 4718/8025/5680 4724/8035/5687 4729/8036/5688 4723/8026/5681
f 4719/8037/5682 4725/8038/5689 4724/8035/5687 4718/8025/5680
f 1865/8029/5683 1871/8039/5690 4725/8040/5689 4719/8030/5682
f 4721/8031/5684 4727/8041/5691 4726/8042/5692 4720/8032/5685
f 4722/8033/5686 4728/8043/5693 4727/8041/5691 4721/8031/5684
f 4723/8026/5681 4729/8036/5688 4728/8044/5693 4722/8034/5686
f 4724/8035/5687 4730/8045/5694 4735/8046/5695 4729/8036/5688
f 4725/8040/5689 4731/8047/5696 4730/8048/5694 4724/8049/5687
f 1871/8039/5690 1878/8050/5697 4731/8047/5696 4725/8040/5689
f 4727/8041/5691 4733/8051/5698 4732/8052/5699 4726/8042/5692
f 4728/8043/5693 4734/8053/5700 4733/8051/5698 4727/8041/5691
f 4729/8036/5688 4735/8046/5695 4734/8054/5700 4728/8044/5693
f 4730/8045/5694 4736/8055/5701 4742/8056/5702 4735/8046/5695
f 4731/8047/5696 4737/8057/5703 4736/8058/5701 4730/8048/5694
f 1878/8050/5697 4738/8059/5704 4737/8057/5703 4731/8047/5696
f 4733/8051/5698 4740/8060/5705 4739/8061/5706 4732/8052/5699
f 4734/8053/5700 4741/8062/5707 4740/8060/5705 4733/8051/5698
f 4735/8046/5695 4742/8056/5702 4741/8063/5707 4734/8054/5700
f 4736/8055/5701 4743/8064/5708 4748/8065/5709 4742/8056/5702
f 4737/8057/5703 4744/8066/5710 4743/8067/5708 4736/8058/5701
f 4738/8059/5704 4745/8068/5711 4744/8066/5710 4737/8057/5703
f 4740/8060/5705 4746/8069/5712 531/8070/5713 4739/8061/5706
f 4741/8062/5707 4747/8071/5714 4746/8069/5712 4740/8060/5705
f 4742/8056/5702 4748/8065/5709 4747/8072/5714 4741/8063/5707
f 4743/8067/5708 4749/8073/5715 4755/8074/5716 4748/8075/5709
f 4744/8066/5710 4750/8076/5717 4749/8073/5715 4743/8067/5708
f 4745/8068/5711 4751/8077/5718 4750/8076/5717 4744/8066/5710
f 4746/8069/5712 4753/8078/5719 4752/8079/5720 531/8070/5713
f 4747/8071/5714 4754/8080/5721 4753/8078/5719 4746/8069/5712
f 4748/8081/5709 4755/8082/5716 4754/8083/5721 4747/8084/5714
f 4749/8073/5715 4756/8085/5722 4761/8086/5723 4755/8074/5716
f 4750/8076/5717 4757/8087/5724 4756/8085/5722 4749/8073/5715
f 4751/8077/5718 1902/8088/5725 4757/8087/5724 4750/8076/5717
f 4753/8078/5719 4759/8089/5726 4758/8090/5727 4752/8079/5720
f 4754/8083/5721 4760/8091/5728 4759/8092/5726 4753/8093/5719
f 4755/8082/5716 4761/8094/5723 4760/8091/5728 4754/8083/5721
f 4756/8085/5722 4762/8095/5729 4767/8096/5730 4761/8086/5723
f 4757/8087/5724 4763/8097/5731 4762/8095/5729 4756/8085/5722
f 1902/8088/5725 4764/8098/5732 4763/8097/5731 4757/8087/5724
f 4759/8089/5726 4765/8099/5733 548/8100/5734 4758/8090/5727
f 4760/8091/5728 4766/8101/5735 4765/8102/5733 4759/8092/5726
f 4761/8094/5723 4767/8103/5730 4766/8101/5735 4760/8091/5728
f 4762/8095/5729 4768/8104/5736 4773/8105/5737 4767/8096/5730
f 4763/8097/5731 4769/8106/5738 4768/8104/5736 4762/8095/5729
f 4764/8098/5732 1915/8107/5739 4769/8106/5738 4763/8097/5731
f 4765/8099/5733 4771/8108/5740 4770/8109/5741 548/8100/5734
f 4766/8101/5735 4772/8110/5742 4771/8111/5740 4765/8102/5733
f 4767/8103/5730 4773/8112/5737 4772/8110/5742 4766/8101/5735
f 4768/8104/5736 4774/8113/5743 4779/8114/5744 4773/8105/5737
f 4769/8106/5738 4775/8115/5745 4774/8113/5743 4768/8104/5736
f 1915/8107/5739 4776/8116/5746 4775/8115/5745 4769/8106/5738
f 4771/8108/5740 4777/8117/5747 560/8118/5748 4770/8109/5741
f 4772/8110/5742 4778/8119/5749 4777/8120/5747 4771/8111/5740
f 4773/8112/5737 4779/8121/5744 4778/8119/5749 4772/8110/5742
f 4774/8113/5743 4780/8122/5750 4785/8123/5751 4779/8114/5744
f 4775/8115/5745 4781/8124/5752 4780/8122/5750 4774/8113/5743
f 4776/8116/5746 4782/8125/5753 4781/8124/5752 4775/8115/5745
f 4777/8117/5747 4783/8126/5754 566/8127/5755 560/8118/5748
f 4778/8119/5749 4784/8128/5756 4783/8129/5754 4777/8120/5747
f 4779/8121/5744 4785/8130/5751 4784/8128/5756 4778/8119/5749
f 4780/8122/5750 4786/8131/5757 4791/8132/5758 4785/8123/5751
f 4781/8124/5752 4787/8133/5759 4786/8131/5757 4780/8122/5750
f 4782/8125/5753 4788/8134/5760 4787/8133/5759 4781/8124/5752
f 4783/8126/5754 4789/8135/5761 572/8136/5762 566/8127/5755
f 4784/8128/5756 4790/8137/5763 4789/8138/5761 4783/8129/5754
f 4785/8130/5751 4791/8139/5758 4790/8137/5763 4784/8128/5756
f 4786/8140/5757 4792/8141/5764 4797/8142/5765 4791/8143/5758
f 4787/8133/5759 4793/8144/5766 4792/8145/5764 4786/8131/5757
f 4788/8146/5760 4794/8147/5767 4793/8148/5766 4787/8149/5759
f 4789/8135/5761 4795/8150/5768 578/8151/5769 572/8136/5762
f 4790/8137/5763 4796/8152/5770 4795/8153/5768 4789/8138/5761
f 4791/8143/5758 4797/8142/5765 4796/8154/5770 4790/8155/5763
f 4792/8141/5764 4798/8156/5771 4803/8157/5772 4797/8142/5765
f 4793/8144/5766 4799/8158/5773 4798/8159/5771 4792/8145/5764
f 4794/8147/5767 4800/8160/5774 4799/8161/5773 4793/8148/5766
f 4795/8150/5768 4801/8162/5775 584/8163/5776 578/8151/5769
f 4796/8152/5770 4802/8164/5777 4801/8165/5775 4795/8153/5768
f 4797/8142/5765 4803/8157/5772 4802/8166/5777 4796/8154/5770
f 4798/8156/5771 4804/8167/5778 4809/8168/5779 4803/8157/5772
f 4799/8158/5773 4805/8169/5780 4804/8170/5778 4798/8159/5771
f 4800/8160/5774 4806/8171/5781 4805/8172/5780 4799/8161/5773
f 4801/8162/5775 4807/8173/5782 590/8174/5783 584/8163/5776
f 4802/8175/5777 4808/8176/5784 4807/8173/5782 4801/8162/5775
f 4803/8157/5772 4809/8168/5779 4808/8177/5784 4802/8166/5777
f 4804/8167/5778 4810/8178/5785 4815/8179/5786 4809/8168/5779
f 4805/8172/5780 4811/8180/5787 4810/8181/5785 4804/8182/5778
f 4806/8171/5781 4812/8183/5788 4811/8180/5787 4805/8172/5780
f 4807/8173/5782 4813/8184/5789 596/8185/5790 590/8174/5783
f 4808/8176/5784 4814/8186/5791 4813/8184/5789 4807/8173/5782
f 4809/8168/5779 4815/8179/5786 4814/8187/5791 4808/8177/5784
f 4810/8178/5785 4816/8188/5792 4821/8189/5793 4815/8179/5786
f 4811/8180/5787 4817/8190/5794 4816/8191/5792 4810/8181/5785
f 4812/8183/5788 4818/8192/5795 4817/8190/5794 4811/8180/5787
f 4813/8184/5789 4819/8193/5796 603/8194/5797 596/8185/5790
f 4814/8186/5791 4820/8195/5798 4819/8193/5796 4813/8184/5789
f 4815/8179/5786 4821/8189/5793 4820/8196/5798 4814/8187/5791
f 4816/8188/5792 4822/8197/5799 4827/8198/5800 4821/8189/5793
f 4817/8190/5794 4823/8199/5801 4822/8200/5799 4816/8191/5792
f 4818/8192/5795 1969/8201/5802 4823/8199/5801 4817/8190/5794
f 4819/8193/5796 4825/8202/5803 4824/8203/5804 603/8194/5797
f 4820/8195/5798 4826/8204/5805 4825/8202/5803 4819/8193/5796
f 4821/8189/5793 4827/8198/5800 4826/8205/5805 4820/8196/5798
f 4822/8200/5799 4828/8206/5806 4832/8207/5807 4827/8208/5800
f 4823/8199/5801 4829/8209/5808 4828/8206/5806 4822/8200/5799
f 1969/8201/5802 1975/8210/5809 4829/8209/5808 4823/8199/5801
f 4825/8202/5803 4830/8211/5810 614/8212/5811 4824/8203/5804
f 4826/8204/5805 4831/8213/5812 4830/8211/5810 4825/8202/5803
f 4827/8198/5800 4832/8214/5807 4831/8215/5812 4826/8205/5805
f 4828/8206/5806 4833/8216/5813 4839/8217/5814 4832/8207/5807
f 4829/8209/5808 4834/8218/5815 4833/8216/5813 4828/8206/5806
f 1975/8210/5809 4835/8219/5816 4834/8218/5815 4829/8209/5808
f 4830/8211/5810 4837/8220/5817 4836/8221/5818 614/8212/5811
f 4831/8213/5812 4838/8222/5819 4837/8220/5817 4830/8211/5810
f 4832/8223/5807 4839/8224/5814 4838/8222/5819 4831/8213/5812
f 4833/8216/5813 4840/8225/5820 4844/8226/5821 4839/8217/5814
f 4834/8218/5815 4841/8227/5822 4840/8225/5820 4833/8216/5813
f 4835/8219/5816 1988/8228/5823 4841/8227/5822 4834/8218/5815
f 4837/8220/5817 4842/8229/5824 626/8230/5825 4836/8221/5818
f 4838/8222/5819 4843/8231/5826 4842/8229/5824 4837/8220/5817
f 4839/8224/5814 4844/8232/5821 4843/8231/5826 4838/8222/5819
f 4840/8225/5820 4845/8233/5827 4850/8234/5828 4844/8226/5821
f 4841/8227/5822 4846/8235/5829 4845/8233/5827 4840/8225/5820
f 1988/8228/5823 1994/8236/5830 4846/8235/5829 4841/8227/5822
f 4842/8229/5824 4848/8237/5831 4847/8238/5832 626/8230/5825
f 4843/8231/5826 4849/8239/5833 4848/8237/5831 4842/8229/5824
f 4844/8232/5821 4850/8240/5828 4849/8239/5833 4843/8231/5826
f 4845/8233/5827 4851/8241/5834 4856/8242/5835 4850/8234/5828
f 4846/8235/5829 4852/8243/5836 4851/8241/5834 4845/8233/5827
f 1994/8236/5830 4853/8244/5837 4852/8243/5836 4846/8235/5829
f 4848/8237/5831 4854/8245/5838 638/8246/5839 4847/8238/5832
f 4849/8239/5833 4855/8247/5840 4854/8245/5838 4848/8237/5831
f 4850/8240/5828 4856/8248/5835 4855/8247/5840 4849/8239/5833
f 4851/8241/5834 4857/8249/5841 4862/8250/5842 4856/8242/5835
f 4852/8243/5836 4858/8251/5843 4857/8249/5841 4851/8241/5834
f 4853/8244/5837 4859/8252/5844 4858/8251/5843 4852/8243/5836
f 4854/8245/5838 4860/8253/5845 645/8254/5846 638/8246/5839
f 4855/8247/5840 4861/8255/5847 4860/8253/5845 4854/8245/5838
f 4856/8248/5835 4862/8256/5842 4861/8255/5847 4855/8247/5840
f 4857/8249/5841 4863/8257/5848 4868/8258/5849 4862/8250/5842
f 4858/8251/5843 4864/8259/5850 4863/8257/5848 4857/8249/5841
f 4859/8260/5844 2010/8261/5851 4864/8262/5850 4858/8263/5843
f 4860/8253/5845 4866/8264/5852 4865/8265/5853 645/8254/5846
f 4861/8255/5847 4867/8266/5854 4866/8264/5852 4860/8253/5845
f 4862/8256/5842 4868/8267/5849 4867/8266/5854 4861/8255/5847
f 4863/8268/5848 4869/8269/5855 4874/8270/5856 4868/8271/5849
f 4864/8259/5850 4870/8272/5857 4869/8273/5855 4863/8257/5848
f 2010/8261/5851 2016/8274/5858 4870/8275/5857 4864/8262/5850
f 4866/8264/5852 4872/8276/5859 4871/8277/5860 4865/8265/5853
f 4867/8266/5854 4873/8278/5861 4872/8276/5859 4866/8264/5852
f 4868/8271/5849 4874/8270/5856 4873/8279/5861 4867/8280/5854
f 4869/8269/5855 4875/8281/5862 4880/8282/5863 4874/8270/5856
f 4870/8272/5857 4876/8283/5864 4875/8284/5862 4869/8273/5855
f 2016/8274/5858 2022/8285/5865 4876/8286/5864 4870/8275/5857
f 4872/8276/5859 4878/8287/5866 4877/8288/5867 4871/8277/5860
f 4873/8278/5861 4879/8289/5868 4878/8287/5866 4872/8276/5859
f 4874/8270/5856 4880/8282/5863 4879/8290/5868 4873/8279/5861
f 4875/8281/5862 4881/8291/5869 4887/8292/5870 4880/8282/5863
f 4876/8283/5864 4882/8293/5871 4881/8294/5869 4875/8284/5862
f 2022/8285/5865 4883/8295/5872 4882/8296/5871 4876/8286/5864
f 4878/8287/5866 4885/8297/5873 4884/8298/5874 4877/8288/5867
f 4879/8289/5868 4886/8299/5875 4885/8297/5873 4878/8287/5866
f 4880/8282/5863 4887/8292/5870 4886/8300/5875 4879/8290/5868
f 4881/8291/5869 4888/8301/5876 4892/8302/5877 4887/8292/5870
f 4882/8296/5871 4889/8303/5878 4888/8304/5876 4881/8305/5869
f 4883/8295/5872 2034/8306/5879 4889/8303/5878 4882/8296/5871
f 4885/8297/5873 4890/8307/5880 674/8308/5881 4884/8298/5874
f 4886/8299/5875 4891/8309/5882 4890/8307/5880 4885/8297/5873
f 4887/8292/5870 4892/8302/5877 4891/8310/5882 4886/8300/5875
f 4888/8301/5876 4893/8311/5883 4898/8312/5884 4892/8302/5877
f 4889/8303/5878 4894/8313/5885 4893/8314/5883 4888/8304/5876
f 2034/8306/5879 2041/8315/5886 4894/8313/5885 4889/8303/5878
f 4890/8307/5880 4896/8316/5887 4895/8317/5888 674/8308/5881
f 4891/8309/5882 4897/8318/5889 4896/8316/5887 4890/8307/5880
f 4892/8302/5877 4898/8312/5884 4897/8319/5889 4891/8310/5882
f 4893/8311/5883 4899/8320/5890 4905/8321/5891 4898/8312/5884
f 4894/8313/5885 4900/8322/5892 4899/8323/5890 4893/8314/5883
f 2041/8315/5886 4901/8324/5893 4900/8322/5892 4894/8313/5885
f 4896/8316/5887 4903/8325/5894 4902/8326/5895 4895/8317/5888
f 4897/8318/5889 4904/8327/5896 4903/8325/5894 4896/8316/5887
f 4898/8312/5884 4905/8321/5891 4904/8328/5896 4897/8319/5889
f 4899/8320/5890 4906/8329/5897 4912/8330/5898 4905/8321/5891
f 4900/8322/5892 4907/8331/5899 4906/8332/5897 4899/8323/5890
f 4901/8324/5893 4908/8333/5900 4907/8331/5899 4900/8322/5892
f 4903/8325/5894 4910/8334/5901 4909/8335/5902 4902/8326/5895
f 4904/8327/5896 4911/8336/5903 4910/8334/5901 4903/8325/5894
f 4905/8321/5891 4912/8330/5898 4911/8337/5903 4904/8328/5896
f 4906/8332/5897 4913/8338/5904 4917/8339/5905 4912/8340/5898
f 4907/8331/5899 4914/8341/5906 4913/8338/5904 4906/8332/5897
f 4908/8333/5900 2058/8342/5907 4914/8341/5906 4907/8331/5899
f 4910/8334/5901 4915/8343/5908 698/8344/5909 4909/8335/5902
f 4911/8336/5903 4916/8345/5910 4915/8343/5908 4910/8334/5901
f 4912/8346/5898 4917/8347/5905 4916/8348/5910 4911/8349/5903
f 4913/8338/5904 4918/8350/5911 4923/8351/5912 4917/8339/5905
f 4914/8341/5906 4919/8352/5913 4918/8350/5911 4913/8338/5904
f 2058/8342/5907 4920/8353/5914 4919/8352/5913 4914/8341/5906
f 4915/8343/5908 4921/8354/5915 705/8355/5916 698/8344/5909
f 4916/8348/5910 4922/8356/5917 4921/8357/5915 4915/8358/5908
f 4917/8347/5905 4923/8359/5912 4922/8356/5917 4916/8348/5910
f 4918/8350/5911 4924/8360/5918 4929/8361/5919 4923/8351/5912
f 4919/8352/5913 4925/8362/5920 4924/8360/5918 4918/8350/5911
f 4920/8353/5914 4926/8363/5921 4925/8362/5920 4919/8352/5913
f 4921/8354/5915 4927/8364/5922 711/8365/5923 705/8355/5916
f 4922/8356/5917 4928/8366/5924 4927/8367/5922 4921/8357/5915
f 4923/8359/5912 4929/8368/5919 4928/8366/5924 4922/8356/5917
f 4924/8360/5918 4930/8369/5925 4935/8370/5926 4929/8361/5919
f 4925/8362/5920 4931/8371/5927 4930/8369/5925 4924/8360/5918
f 4926/8363/5921 2075/8372/5928 4931/8371/5927 4925/8362/5920
f 4927/8364/5922 4933/8373/5929 4932/8374/5930 711/8365/5923
f 4928/8366/5924 4934/8375/5931 4933/8376/5929 4927/8367/5922
f 4929/8368/5919 4935/8377/5926 4934/8375/5931 4928/8366/5924
f 4930/8369/5925 4936/8378/5932 4941/8379/5933 4935/8370/5926
f 4931/8371/5927 4937/8380/5934 4936/8378/5932 4930/8369/5925
f 2075/8372/5928 4938/8381/5935 4937/8380/5934 4931/8371/5927
f 4933/8373/5929 4939/8382/5936 722/8383/5937 4932/8374/5930
f 4934/8375/5931 4940/8384/5938 4939/8385/5936 4933/8376/5929
f 4935/8377/5926 4941/8386/5933 4940/8384/5938 4934/8375/5931
f 4936/8378/5932 4942/8387/5939 4947/8388/5940 4941/8379/5933
f 4937/8380/5934 4943/8389/5941 4942/8387/5939 4936/8378/5932
f 4938/8381/5935 4944/8390/5942 4943/8389/5941 4937/8380/5934
f 4939/8382/5936 4945/8391/5943 728/8392/5944 722/8383/5937
f 4940/8384/5938 4946/8393/5945 4945/8394/5943 4939/8385/5936
f 4941/8386/5933 4947/8395/5940 4946/8393/5945 4940/8384/5938
f 4942/8387/5939 4948/8396/5946 4953/8397/5947 4947/8388/5940
f 4943/8389/5941 4949/8398/5948 4948/8396/5946 4942/8387/5939
f 4944/8390/5942 4950/8399/5949 4949/8398/5948 4943/8389/5941
f 4945/8391/5943 4951/8400/5950 735/8401/5951 728/8392/5944
f 4946/8393/5945 4952/8402/5952 4951/8403/5950 4945/8394/5943
f 4947/8395/5940 4953/8404/5947 4952/8402/5952 4946/8393/5945
f 4948/8405/5946 4954/8406/5953 4959/8407/5954 4953/8408/5947
f 4949/8398/5948 4955/8409/5955 4954/8410/5953 4948/8396/5946
f 4950/8411/5949 4956/8412/5956 4955/8413/5955 4949/8414/5948
f 4951/8400/5950 4957/8415/5957 741/8416/5958 735/8401/5951
f 4952/8402/5952 4958/8417/5959 4957/8418/5957 4951/8403/5950
f 4953/8408/5947 4959/8407/5954 4958/8419/5959 4952/8420/5952
f 4954/8406/5953 4960/8421/5960 4965/8422/5961 4959/8407/5954
f 4955/8409/5955 4961/8423/5962 4960/8424/5960 4954/8410/5953
f 4956/8412/5956 4962/8425/5963 4961/8426/5962 4955/8413/5955
f 4957/8415/5957 4963/8427/5964 747/8428/5965 741/8416/5958
f 4958/8429/5959 4964/8430/5966 4963/8427/5964 4957/8415/5957
f 4959/8407/5954 4965/8422/5961 4964/8431/5966 4958/8419/5959
f 4960/8421/5960 4966/8432/5967 4971/8433/5968 4965/8422/5961
f 4961/8423/5962 4967/8434/5969 4966/8435/5967 4960/8424/5960
f 4962/8425/5963 4968/8436/5970 4967/8437/5969 4961/8426/5962
f 4963/8427/5964 4969/8438/5971 753/8439/5972 747/8428/5965
f 4964/8430/5966 4970/8440/5973 4969/8438/5971 4963/8427/5964
f 4965/8422/5961 4971/8433/5968 4970/8441/5973 4964/8431/5966
f 4966/8432/5967 4972/8442/5974 4976/8443/5975 4971/8433/5968
f 4967/8437/5969 4973/8444/5976 4972/8445/5974 4966/8446/5967
f 4968/8436/5970 2118/8447/5977 4973/8444/5976 4967/8437/5969
f 4969/8438/5971 4974/8448/5978 759/8449/5979 753/8439/5972
f 4970/8440/5973 4975/8450/5980 4974/8448/5978 4969/8438/5971
f 4971/8433/5968 4976/8443/5975 4975/8451/5980 4970/8441/5973
f 4972/8442/5974 4977/8452/5981 4982/8453/5982 4976/8443/5975
f 4973/8444/5976 4978/8454/5983 4977/8455/5981 4972/8445/5974
f 2118/8447/5977 4979/8456/5984 4978/8454/5983 4973/8444/5976
f 4974/8448/5978 4980/8457/5985 765/8458/5986 759/8449/5979
f 4975/8450/5980 4981/8459/5987 4980/8457/5985 4974/8448/5978
f 4976/8443/5975 4982/8453/5982 4981/8460/5987 4975/8451/5980
f 4977/8452/5981 4983/8461/5988 4988/8462/5989 4982/8453/5982
f 4978/8454/5983 4984/8463/5990 4983/8464/5988 4977/8455/5981
f 4979/8456/5984 2130/8465/5991 4984/8463/5990 4978/8454/5983
f 4980/8457/5985 4986/8466/5992 4985/8467/5993 765/8458/5986
f 4981/8459/5987 4987/8468/5994 4986/8466/5992 4980/8457/5985
f 4982/8453/5982 4988/8462/5989 4987/8469/5994 4981/8460/5987
f 4983/8464/5988 4989/8470/5995 4994/8471/5996 4988/8472/5989
f 4984/8463/5990 4990/8473/5997 4989/8470/5995 4983/8464/5988
f 2130/8465/5991 4991/8474/5998 4990/8473/5997 4984/8463/5990
f 4986/8466/5992 4992/8475/5999 776/8476/6000 4985/8467/5993
f 4987/8468/5994 4993/8477/6001 4992/8475/5999 4986/8466/5992
f 4988/8462/5989 4994/8478/5996 4993/8479/6001 4987/8469/5994
f 4989/8470/5995 4995/8480/6002 5001/8481/6003 4994/8471/5996
f 4990/8473/5997 4996/8482/6004 4995/8480/6002 4989/8470/5995
f 4991/8474/5998 4997/8483/6005 4996/8482/6004 4990/8473/5997
f 4992/8475/5999 4999/8484/6006 4998/8485/6007 776/8476/6000
f 4993/8477/6001 5000/8486/6008 4999/8484/6006 4992/8475/5999
f 4994/8487/5996 5001/8488/6003 5000/8486/6008 4993/8477/6001
f 4995/8480/6002 5002/8489/6009 5006/8490/6010 5001/8481/6003
f 4996/8482/6004 5003/8491/6011 5002/8489/6009 4995/8480/6002
f 4997/8483/6005 2147/8492/6012 5003/8491/6011 4996/8482/6004
f 4999/8484/6006 5004/8493/6013 787/8494/6014 4998/8485/6007
f 5000/8486/6008 5005/8495/6015 5004/8493/6013 4999/8484/6006
f 5001/8488/6003 5006/8496/6010 5005/8495/6015 5000/8486/6008
f 5002/8489/6009 5007/8497/6016 5012/8498/6017 5006/8490/6010
f 5003/8491/6011 5008/8499/6018 5007/8497/6016 5002/8489/6009
f 2147/8492/6012 2153/8500/6019 5008/8499/6018 5003/8491/6011
f 5004/8493/6013 5010/8501/6020 5009/8502/6021 787/8494/6014
f 5005/8495/6015 5011/8503/6022 5010/8501/6020 5004/8493/6013
f 5006/8496/6010 5012/8504/6017 5011/8503/6022 5005/8495/6015
f 5007/8497/6016 5013/8505/6023 5018/8506/6024 5012/8498/6017
f 5008/8499/6018 5014/8507/6025 5013/8505/6023 5007/8497/6016
f 2153/8500/6019 5015/8508/6026 5014/8507/6025 5008/8499/6018
f 5010/8501/6020 5016/8509/6027 799/8510/6028 5009/8502/6021
f 5011/8503/6022 5017/8511/6029 5016/8509/6027 5010/8501/6020
f 5012/8504/6017 5018/8512/6024 5017/8511/6029 5011/8503/6022
f 5013/8505/6023 5019/8513/6030 5023/8514/6031 5018/8506/6024
f 5014/8507/6025 5020/8515/6032 5019/8513/6030 5013/8505/6023
f 5015/8516/6026 2164/8517/6033 5020/8518/6032 5014/8519/6025
f 5016/8509/6027 5021/8520/6034 806/8521/6035 799/8510/6028
f 5017/8511/6029 5022/8522/6036 5021/8520/6034 5016/8509/6027
f 5018/8512/6024 5023/8523/6031 5022/8522/6036 5017/8511/6029
f 5019/8513/6030 5024/8524/6037 5029/8525/6038 5023/8514/6031
f 5020/8515/6032 5025/8526/6039 5024/8524/6037 5019/8513/6030
f 2164/8517/6033 2170/8527/6040 5025/8528/6039 5020/8518/6032
f 5021/8520/6034 5027/8529/6041 5026/8530/6042 806/8521/6035
f 5022/8522/6036 5028/8531/6043 5027/8529/6041 5021/8520/6034
f 5023/8523/6031 5029/8532/6038 5028/8531/6043 5022/8522/6036
f 5024/8533/6037 5030/8534/6044 5036/8535/6045 5029/8536/6038
f 5025/8526/6039 5031/8537/6046 5030/8538/6044 5024/8524/6037
f 2170/8527/6040 5032/8539/6047 5031/8540/6046 5025/8528/6039
f 5027/8529/6041 5034/8541/6048 5033/8542/6049 5026/8530/6042
f 5028/8531/6043 5035/8543/6050 5034/8541/6048 5027/8529/6041
f 5029/8532/6038 5036/8544/6045 5035/8543/6050 5028/8531/6043
f 5030/8534/6044 5037/8545/6051 5042/8546/6052 5036/8535/6045
f 5031/8537/6046 5038/8547/6053 5037/8548/6051 5030/8538/6044
f 5032/8539/6047 2182/8549/6054 5038/8550/6053 5031/8540/6046
f 5034/8541/6048 5040/8551/6055 5039/8552/6056 5033/8542/6049
f 5035/8543/6050 5041/8553/6057 5040/8551/6055 5034/8541/6048
f 5036/8535/6045 5042/8546/6052 5041/8554/6057 5035/8555/6050
f 5037/8545/6051 5043/8556/6058 5048/8557/6059 5042/8546/6052
f 5038/8558/6053 5044/8559/6060 5043/8556/6058 5037/8545/6051
f 2182/8549/6054 2189/8560/6061 5044/8561/6060 5038/8550/6053
f 5040/8551/6055 5046/8562/6062 5045/8563/6063 5039/8552/6056
f 5041/8553/6057 5047/8564/6064 5046/8562/6062 5040/8551/6055
f 5042/8546/6052 5048/8557/6059 5047/8565/6064 5041/8554/6057
f 5043/8556/6058 5049/8566/6065 5054/8567/6066 5048/8557/6059
f 5044/8561/6060 5050/8568/6067 5049/8569/6065 5043/8570/6058
f 2189/8560/6061 2195/8571/6068 5050/8568/6067 5044/8561/6060
f 5046/8562/6062 5052/8572/6069 5051/8573/6070 5045/8563/6063
f 5047/8564/6064 5053/8574/6071 5052/8572/6069 5046/8562/6062
f 5048/8557/6059 5054/8567/6066 5053/8575/6071 5047/8565/6064
f 5049/8566/6065 5055/8576/6072 5060/8577/6073 5054/8567/6066
f 5050/8568/6067 5056/8578/6074 5055/8579/6072 5049/8569/6065
f 2195/8571/6068 2201/8580/6075 5056/8578/6074 5050/8568/6067
f 5052/8572/6069 5058/8581/6076 5057/8582/6077 5051/8573/6070
f 5053/8574/6071 5059/8583/6078 5058/8581/6076 5052/8572/6069
f 5054/8567/6066 5060/8577/6073 5059/8584/6078 5053/8575/6071
f 5055/8576/6072 5061/8585/6079 5066/8586/6080 5060/8577/6073
f 5056/8578/6074 5062/8587/6081 5061/8588/6079 5055/8579/6072
f 2201/8580/6075 2208/8589/6082 5062/8587/6081 5056/8578/6074
f 5058/8581/6076 5064/8590/6083 5063/8591/6084 5057/8582/6077
f 5059/8583/6078 5065/8592/6085 5064/8590/6083 5058/8581/6076
f 5060/8577/6073 5066/8586/6080 5065/8593/6085 5059/8584/6078
f 5061/8585/6079 5067/8594/6086 5071/8595/6087 5066/8586/6080
f 5062/8587/6081 5068/8596/6088 5067/8597/6086 5061/8588/6079
f 2208/8589/6082 2215/8598/6089 5068/8596/6088 5062/8587/6081
f 5064/8590/6083 5069/8599/6090 852/8600/6091 5063/8591/6084
f 5065/8592/6085 5070/8601/6092 5069/8599/6090 5064/8590/6083
f 5066/8586/6080 5071/8595/6087 5070/8602/6092 5065/8593/6085
f 5067/8603/6086 5072/8604/6093 5078/8605/6094 5071/8606/6087
f 5068/8596/6088 5073/8607/6095 5072/8608/6093 5067/8597/6086
f 2215/8598/6089 5074/8609/6096 5073/8607/6095 5068/8596/6088
f 5069/8599/6090 5076/8610/6097 5075/8611/6098 852/8600/6091
f 5070/8601/6092 5077/8612/6099 5076/8610/6097 5069/8599/6090
f 5071/8606/6087 5078/8605/6094 5077/8613/6099 5070/8614/6092
f 5072/8604/6093 5079/8615/6100 5083/8616/6101 5078/8605/6094
f 5073/8607/6095 5080/8617/6102 5079/8618/6100 5072/8608/6093
f 5074/8609/6096 2227/8619/6103 5080/8617/6102 5073/8607/6095
f 5076/8610/6097 5081/8620/6104 865/8621/6105 5075/8611/6098
f 5077/8613/6099 5082/8622/6106 5081/8623/6104 5076/8624/6097
f 5078/8605/6094 5083/8616/6101 5082/8622/6106 5077/8613/6099
f 5079/8615/6100 5084/8625/6107 5090/8626/6108 5083/8616/6101
f 5080/8617/6102 5085/8627/6109 5084/8628/6107 5079/8618/6100
f 2227/8619/6103 5086/8629/6110 5085/8627/6109 5080/8617/6102
f 5081/8620/6104 5088/8630/6111 5087/8631/6112 865/8621/6105
f 5082/8622/6106 5089/8632/6113 5088/8633/6111 5081/8623/6104
f 5083/8616/6101 5090/8626/6108 5089/8632/6113 5082/8622/6106
f 5084/8625/6107 5091/8634/6114 5096/8635/6115 5090/8626/6108
f 5085/8627/6109 5092/8636/6116 5091/8637/6114 5084/8628/6107
f 5086/8629/6110 2238/8638/6117 5092/8636/6116 5085/8627/6109
f 5088/8630/6111 5094/8639/6118 5093/8640/6119 5087/8631/6112
f 5089/8632/6113 5095/8641/6120 5094/8642/6118 5088/8633/6111
f 5090/8626/6108 5096/8635/6115 5095/8641/6120 5089/8632/6113
f 5091/8637/6114 5097/8643/6121 5102/8644/6122 5096/8645/6115
f 5092/8636/6116 5098/8646/6123 5097/8643/6121 5091/8637/6114
f 2238/8638/6117 5099/8647/6124 5098/8646/6123 5092/8636/6116
f 5094/8639/6118 5100/8648/6125 882/8649/6126 5093/8640/6119
f 5095/8641/6120 5101/8650/6127 5100/8651/6125 5094/8642/6118
f 5096/8635/6115 5102/8652/6122 5101/8650/6127 5095/8641/6120
f 5097/8643/6121 5103/8653/6128 5108/8654/6129 5102/8644/6122
f 5098/8646/6123 5104/8655/6130 5103/8653/6128 5097/8643/6121
f 5099/8647/6124 5105/8656/6131 5104/8655/6130 5098/8646/6123
f 5100/8648/6125 5106/8657/6132 888/8658/6133 882/8649/6126
f 5101/8650/6127 5107/8659/6134 5106/8660/6132 5100/8651/6125
f 5102/8652/6122 5108/8661/6129 5107/8659/6134 5101/8650/6127
f 5103/8662/6128 5109/8663/6135 5115/8664/6136 5108/8665/6129
f 5104/8655/6130 5110/8666/6137 5109/8667/6135 5103/8653/6128
f 5105/8668/6131 5111/8669/6138 5110/8670/6137 5104/8671/6130
f 5106/8657/6132 5113/8672/6139 5112/8673/6140 888/8658/6133
f 5107/8659/6134 5114/8674/6141 5113/8675/6139 5106/8660/6132
f 5108/8661/6129 5115/8676/6136 5114/8674/6141 5107/8659/6134
f 5109/8663/6135 5116/8677/6142 5121/8678/6143 5115/8664/6136
f 5110/8666/6137 5117/8679/6144 5116/8680/6142 5109/8667/6135
f 5111/8669/6138 2263/8681/6145 5117/8682/6144 5110/8670/6137
f 5113/8672/6139 5119/8683/6146 5118/8684/6147 5112/8673/6140
f 5114/8674/6141 5120/8685/6148 5119/8686/6146 5113/8675/6139
f 5115/8664/6136 5121/8678/6143 5120/8687/6148 5114/8688/6141
f 5116/8677/6142 5122/8689/6149 5127/8690/6150 5121/8678/6143
f 5117/8679/6144 5123/8691/6151 5122/8692/6149 5116/8680/6142
f 2263/8681/6145 5124/8693/6152 5123/8694/6151 5117/8682/6144
f 5119/8683/6146 5125/8695/6153 904/8696/6154 5118/8684/6147
f 5120/8697/6148 5126/8698/6155 5125/8695/6153 5119/8683/6146
f 5121/8678/6143 5127/8690/6150 5126/8699/6155 5120/8687/6148
f 5122/8689/6149 5128/8700/6156 5133/8701/6157 5127/8690/6150
f 5123/8691/6151 5129/8702/6158 5128/8703/6156 5122/8692/6149
f 5124/8693/6152 5130/8704/6159 5129/8705/6158 5123/8694/6151
f 5125/8695/6153 5131/8706/6160 910/8707/6161 904/8696/6154
f 5126/8698/6155 5132/8708/6162 5131/8706/6160 5125/8695/6153
f 5127/8690/6150 5133/8701/6157 5132/8709/6162 5126/8699/6155
f 5128/8700/6156 5134/8710/6163 5138/8711/6164 5133/8701/6157
f 5129/8705/6158 5135/8712/6165 5134/8713/6163 5128/8714/6156
f 5130/8704/6159 2282/8715/6166 5135/8712/6165 5129/8705/6158
f 5131/8706/6160 5136/8716/6167 916/8717/6168 910/8707/6161
f 5132/8708/6162 5137/8718/6169 5136/8716/6167 5131/8706/6160
f 5133/8701/6157 5138/8711/6164 5137/8719/6169 5132/8709/6162
f 5134/8710/6163 5139/8720/6170 5144/8721/6171 5138/8711/6164
f 5135/8712/6165 5140/8722/6172 5139/8723/6170 5134/8713/6163
f 2282/8715/6166 5141/8724/6173 5140/8722/6172 5135/8712/6165
f 5136/8716/6167 5142/8725/6174 922/8726/6175 916/8717/6168
f 5137/8718/6169 5143/8727/6176 5142/8725/6174 5136/8716/6167
f 5138/8711/6164 5144/8721/6171 5143/8728/6176 5137/8719/6169
f 5139/8720/6170 5145/8729/6177 5150/8730/6178 5144/8721/6171
f 5140/8722/6172 5146/8731/6179 5145/8732/6177 5139/8723/6170
f 5141/8724/6173 5147/8733/6180 5146/8731/6179 5140/8722/6172
f 5142/8725/6174 5148/8734/6181 928/8735/6182 922/8726/6175
f 5143/8727/6176 5149/8736/6183 5148/8734/6181 5142/8725/6174
f 5144/8721/6171 5150/8730/6178 5149/8737/6183 5143/8728/6176
f 5145/8732/6177 5151/8738/6184 5155/8739/6185 5150/8740/6178
f 5146/8731/6179 5152/8741/6186 5151/8738/6184 5145/8732/6177
f 5147/8733/6180 2299/8742/6187 5152/8741/6186 5146/8731/6179
f 5148/8734/6181 5153/8743/6188 934/8744/6189 928/8735/6182
f 5149/8736/6183 5154/8745/6190 5153/8743/6188 5148/8734/6181
f 5150/8746/6178 5155/8747/6185 5154/8745/6190 5149/8736/6183
f 5151/8738/6184 5156/8748/6191 5162/8749/6192 5155/8739/6185
f 5152/8741/6186 5157/8750/6193 5156/8748/6191 5151/8738/6184
f 2299/8742/6187 5158/8751/6194 5157/8750/6193 5152/8741/6186
f 5153/8743/6188 5160/8752/6195 5159/8753/6196 934/8744/6189
f 5154/8745/6190 5161/8754/6197 5160/8752/6195 5153/8743/6188
f 5155/8747/6185 5162/8755/6192 5161/8754/6197 5154/8745/6190
f 5156/8748/6191 5163/8756/6198 5168/8757/6199 5162/8749/6192
f 5157/8750/6193 5164/8758/6200 5163/8756/6198 5156/8748/6191
f 5158/8751/6194 2312/8759/6201 5164/8758/6200 5157/8750/6193
f 5160/8752/6195 5166/8760/6202 5165/8761/6203 5159/8753/6196
f 5161/8754/6197 5167/8762/6204 5166/8760/6202 5160/8752/6195
f 5162/8755/6192 5168/8763/6199 5167/8762/6204 5161/8754/6197
f 5163/8756/6198 5169/8764/6205 5173/8765/6206 5168/8757/6199
f 5164/8758/6200 5170/8766/6207 5169/8764/6205 5163/8756/6198
f 2312/8759/6201 2318/8767/6208 5170/8766/6207 5164/8758/6200
f 5166/8760/6202 5171/8768/6209 952/8769/6210 5165/8761/6203
f 5167/8762/6204 5172/8770/6211 5171/8768/6209 5166/8760/6202
f 5168/8763/6199 5173/8771/6206 5172/8770/6211 5167/8762/6204
f 5169/8764/6205 5174/8772/6212 5179/8773/6213 5173/8765/6206
f 5170/8766/6207 5175/8774/6214 5174/8772/6212 5169/8764/6205
f 2318/8767/6208 2324/8775/6215 5175/8774/6214 5170/8766/6207
f 5171/8768/6209 5177/8776/6216 5176/8777/6217 952/8769/6210
f 5172/8770/6211 5178/8778/6218 5177/8776/6216 5171/8768/6209
f 5173/8771/6206 5179/8779/6213 5178/8778/6218 5172/8770/6211
f 5174/8772/6212 5180/8780/6219 5185/8781/6220 5179/8773/6213
f 5175/8774/6214 5181/8782/6221 5180/8780/6219 5174/8772/6212
f 2324/8783/6215 2331/8784/6222 5181/8785/6221 5175/8786/6214
f 5177/8776/6216 5183/8787/6223 5182/8788/6224 5176/8777/6217
f 5178/8778/6218 5184/8789/6225 5183/8787/6223 5177/8776/6216
f 5179/8779/6213 5185/8790/6220 5184/8789/6225 5178/8778/6218
f 5180/8791/6219 5186/8792/6226 5191/8793/6227 5185/8794/6220
f 5181/8782/6221 5187/8795/6228 5186/8796/6226 5180/8780/6219
f 2331/8784/6222 2338/8797/6229 5187/8798/6228 5181/8785/6221
f 5183/8787/6223 5189/8799/6230 5188/8800/6231 5182/8788/6224
f 5184/8789/6225 5190/8801/6232 5189/8799/6230 5183/8787/6223
f 5185/8790/6220 5191/8802/6227 5190/8801/6232 5184/8789/6225
f 5186/8792/6226 5192/8803/6233 5197/8804/6234 5191/8793/6227
f 5187/8795/6228 5193/8805/6235 5192/8806/6233 5186/8796/6226
f 2338/8797/6229 2344/8807/6236 5193/8808/6235 5187/8798/6228
f 5189/8799/6230 5195/8809/6237 5194/8810/6238 5188/8800/6231
f 5190/8801/6232 5196/8811/6239 5195/8809/6237 5189/8799/6230
f 5191/8802/6227 5197/8812/6234 5196/8811/6239 5190/8801/6232
f 5192/8803/6233 5198/8813/6240 5203/8814/6241 5197/8804/6234
f 5193/8815/6235 5199/8816/6242 5198/8813/6240 5192/8803/6233
f 2344/8807/6236 2350/8817/6243 5199/8818/6242 5193/8808/6235
f 5195/8809/6237 5201/8819/6244 5200/8820/6245 5194/8810/6238
f 5196/8811/6239 5202/8821/6246 5201/8819/6244 5195/8809/6237
f 5197/8804/6234 5203/8814/6241 5202/8822/6246 5196/8823/6239
f 5198/8813/6240 5204/8824/6247 5209/8825/6248 5203/8814/6241
f 5199/8816/6242 5205/8826/6249 5204/8824/6247 5198/8813/6240
f 2350/8817/6243 2356/8827/6250 5205/8828/6249 5199/8818/6242
f 5201/8819/6244 5207/8829/6251 5206/8830/6252 5200/8820/6245
f 5202/8821/6246 5208/8831/6253 5207/8829/6251 5201/8819/6244
f 5203/8814/6241 5209/8825/6248 5208/8832/6253 5202/8822/6246
f 5204/8824/6247 5210/8833/6254 5215/8834/6255 5209/8825/6248
f 5205/8826/6249 5211/8835/6256 5210/8833/6254 5204/8824/6247
f 2356/8827/6250 2362/8836/6257 5211/8837/6256 5205/8828/6249
f 5207/8829/6251 5213/8838/6258 5212/8839/6259 5206/8830/6252
f 5208/8831/6253 5214/8840/6260 5213/8838/6258 5207/8829/6251
f 5209/8825/6248 5215/8834/6255 5214/8841/6260 5208/8832/6253
f 5210/8833/6254 5216/8842/6261 5221/8843/6262 5215/8834/6255
f 5211/8837/6256 5217/8844/6263 5216/8845/6261 5210/8846/6254
f 2362/8836/6257 2368/8847/6264 5217/8844/6263 5211/8837/6256
f 5213/8838/6258 5219/8848/6265 5218/8849/6266 5212/8839/6259
f 5214/8840/6260 5220/8850/6267 5219/8848/6265 5213/8838/6258
f 5215/8834/6255 5221/8843/6262 5220/8851/6267 5214/8841/6260
f 5216/8842/6261 5222/8852/6268 5228/8853/6269 5221/8843/6262
f 5217/8844/6263 5223/8854/6270 5222/8855/6268 5216/8845/6261
f 2368/8847/6264 5224/8856/6271 5223/8854/6270 5217/8844/6263
f 5219/8848/6265 5226/8857/6272 5225/8858/6273 5218/8849/6266
f 5220/8850/6267 5227/8859/6274 5226/8857/6272 5219/8848/6265
f 5221/8843/6262 5228/8853/6269 5227/8860/6274 5220/8851/6267
f 5222/8852/6268 5229/8861/6275 5234/8862/6276 5228/8853/6269
f 5223/8854/6270 5230/8863/6277 5229/8864/6275 5222/8855/6268
f 5224/8856/6271 5231/8865/6278 5230/8863/6277 5223/8854/6270
f 5226/8857/6272 5232/8866/6279 1008/8867/6280 5225/8858/6273
f 5227/8859/6274 5233/8868/6281 5232/8866/6279 5226/8857/6272
f 5228/8853/6269 5234/8862/6276 5233/8869/6281 5227/8860/6274
f 5229/8870/6275 5235/8871/6282 5240/8872/6283 5234/8873/6276
f 5230/8863/6277 5236/8874/6284 5235/8875/6282 5229/8864/6275
f 5231/8865/6278 5237/8876/6285 5236/8874/6284 5230/8863/6277
f 5232/8866/6279 5238/8877/6286 1015/8878/6287 1008/8867/6280
f 5233/8868/6281 5239/8879/6288 5238/8877/6286 5232/8866/6279
f 5234/8873/6276 5240/8872/6283 5239/8880/6288 5233/8881/6281
f 5235/8871/6282 5241/8882/6289 5245/8883/6290 5240/8872/6283
f 5236/8874/6284 5242/8884/6291 5241/8885/6289 5235/8875/6282
f 5237/8876/6285 2392/8886/6292 5242/8884/6291 5236/8874/6284
f 5238/8877/6286 5243/8887/6293 1021/8888/6294 1015/8878/6287
f 5239/8880/6288 5244/8889/6295 5243/8890/6293 5238/8891/6286
f 5240/8872/6283 5245/8883/6290 5244/8889/6295 5239/8880/6288
f 5241/8882/6289 5246/8892/6296 5251/8893/6297 5245/8883/6290
f 5242/8884/6291 5247/8894/6298 5246/8895/6296 5241/8885/6289
f 2392/8886/6292 5248/8896/6299 5247/8894/6298 5242/8884/6291
f 5243/8887/6293 5249/8897/6300 1027/8898/6301 1021/8888/6294
f 5244/8889/6295 5250/8899/6302 5249/8900/6300 5243/8890/6293
f 5245/8883/6290 5251/8893/6297 5250/8899/6302 5244/8889/6295
f 5246/8892/6296 5252/8901/6303 5257/8902/6304 5251/8893/6297
f 5247/8894/6298 5253/8903/6305 5252/8904/6303 5246/8895/6296
f 5248/8896/6299 2405/8905/6306 5253/8903/6305 5247/8894/6298
f 5249/8897/6300 5255/8906/6307 5254/8907/6308 1027/8898/6301
f 5250/8899/6302 5256/8908/6309 5255/8909/6307 5249/8900/6300
f 5251/8893/6297 5257/8902/6304 5256/8908/6309 5250/8899/6302
f 5252/8901/6303 5258/8910/6310 5263/8911/6311 5257/8902/6304
f 5253/8903/6305 5259/8912/6312 5258/8913/6310 5252/8904/6303
f 2405/8905/6306 5260/8914/6313 5259/8912/6312 5253/8903/6305
f 5255/8906/6307 5261/8915/6314 1039/8916/6315 5254/8907/6308
f 5256/8908/6309 5262/8917/6316 5261/8918/6314 5255/8909/6307
f 5257/8902/6304 5263/8911/6311 5262/8917/6316 5256/8908/6309
f 5258/8910/6310 5264/8919/6317 5269/8920/6318 5263/8911/6311
f 5259/8912/6312 5265/8921/6319 5264/8922/6317 5258/8913/6310
f 5260/8914/6313 5266/8923/6320 5265/8921/6319 5259/8912/6312
f 5261/8915/6314 5267/8924/6321 1045/8925/6322 1039/8916/6315
f 5262/8917/6316 5268/8926/6323 5267/8927/6321 5261/8918/6314
f 5263/8911/6311 5269/8920/6318 5268/8926/6323 5262/8917/6316
f 5264/8928/6317 5270/8929/6324 5275/8930/6325 5269/8931/6318
f 5265/8921/6319 5271/8932/6326 5270/8933/6324 5264/8922/6317
f 5266/8934/6320 5272/8935/6327 5271/8936/6326 5265/8937/6319
f 5267/8924/6321 5273/8938/6328 1052/8939/6329 1045/8925/6322
f 5268/8926/6323 5274/8940/6330 5273/8941/6328 5267/8927/6321
f 5269/8920/6318 5275/8942/6325 5274/8940/6330 5268/8926/6323
f 5270/8929/6324 5276/8943/6331 5281/8944/6332 5275/8930/6325
f 5271/8932/6326 5277/8945/6333 5276/8946/6331 5270/8933/6324
f 5272/8935/6327 5278/8947/6334 5277/8948/6333 5271/8936/6326
f 5273/8938/6328 5279/8949/6335 1058/8950/6336 1052/8939/6329
f 5274/8940/6330 5280/8951/6337 5279/8952/6335 5273/8941/6328
f 5275/8930/6325 5281/8944/6332 5280/8953/6337 5274/8954/6330
f 5276/8943/6331 5282/8955/6338 5287/8956/6339 5281/8944/6332
f 5277/8957/6333 5283/8958/6340 5282/8955/6338 5276/8943/6331
f 5278/8947/6334 5284/8959/6341 5283/8960/6340 5277/8948/6333
f 5279/8949/6335 5285/8961/6342 1064/8962/6343 1058/8950/6336
f 5280/8963/6337 5286/8964/6344 5285/8961/6342 5279/8949/6335
f 5281/8944/6332 5287/8956/6339 5286/8965/6344 5280/8953/6337
f 5282/8955/6338 5288/8966/6345 5293/8967/6346 5287/8956/6339
f 5283/8958/6340 5289/8968/6347 5288/8966/6345 5282/8955/6338
f 5284/8959/6341 5290/8969/6348 5289/8970/6347 5283/8960/6340
f 5285/8961/6342 5291/8971/6349 1070/8972/6350 1064/8962/6343
f 5286/8964/6344 5292/8973/6351 5291/8971/6349 5285/8961/6342
f 5287/8956/6339 5293/8967/6346 5292/8974/6351 5286/8965/6344
f 5288/8966/6345 5294/8975/6352 5300/8976/6353 5293/8967/6346
f 5289/8970/6347 5295/8977/6354 5294/8978/6352 5288/8979/6345
f 5290/8969/6348 5296/8980/6355 5295/8977/6354 5289/8970/6347
f 5291/8971/6349 5298/8981/6356 5297/8982/6357 1070/8972/6350
f 5292/8973/6351 5299/8983/6358 5298/8981/6356 5291/8971/6349
f 5293/8967/6346 5300/8976/6353 5299/8984/6358 5292/8974/6351
f 5294/8975/6352 5301/8985/6359 5306/8986/6360 5300/8976/6353
f 5295/8977/6354 5302/8987/6361 5301/8988/6359 5294/8978/6352
f 5296/8980/6355 5303/8989/6362 5302/8987/6361 5295/8977/6354
f 5298/8981/6356 5304/8990/6363 1082/8991/6364 5297/8982/6357
f 5299/8983/6358 5305/8992/6365 5304/8990/6363 5298/8981/6356
f 5300/8976/6353 5306/8986/6360 5305/8993/6365 5299/8984/6358
f 5301/8985/6359 5307/8994/6366 5311/8995/6367 5306/8986/6360
f 5302/8987/6361 5308/8996/6368 5307/8997/6366 5301/8988/6359
f 5303/8989/6362 2459/8998/6369 5308/8996/6368 5302/8987/6361
f 5304/8990/6363 5309/8999/6370 1088/9000/6371 1082/8991/6364
f 5305/8992/6365 5310/9001/6372 5309/8999/6370 5304/8990/6363
f 5306/8986/6360 5311/8995/6367 5310/9002/6372 5305/8993/6365
f 5307/8997/6366 5312/9003/6373 5318/9004/6374 5311/9005/6367
f 5308/8996/6368 5313/9006/6375 5312/9003/6373 5307/8997/6366
f 2459/8998/6369 5314/9007/6376 5313/9006/6375 5308/8996/6368
f 5309/8999/6370 5316/9008/6377 5315/9009/6378 1088/9000/6371
f 5310/9001/6372 5317/9010/6379 5316/9008/6377 5309/8999/6370
f 5311/9011/6367 5318/9012/6374 5317/9010/6379 5310/9001/6372
f 5312/9003/6373 5319/9013/6380 5325/9014/6381 5318/9004/6374
f 5313/9006/6375 5320/9015/6382 5319/9013/6380 5312/9003/6373
f 5314/9007/6376 5321/9016/6383 5320/9015/6382 5313/9006/6375
f 5316/9008/6377 5323/9017/6384 5322/9018/6385 5315/9009/6378
f 5317/9010/6379 5324/9019/6386 5323/9017/6384 5316/9008/6377
f 5318/9012/6374 5325/9020/6381 5324/9019/6386 5317/9010/6379
f 5319/9013/6380 5326/9021/6387 5331/9022/6388 5325/9014/6381
f 5320/9015/6382 5327/9023/6389 5326/9021/6387 5319/9013/6380
f 5321/9016/6383 5328/9024/6390 5327/9023/6389 5320/9015/6382
f 5323/9017/6384 5329/9025/6391 1104/9026/6392 5322/9018/6385
f 5324/9019/6386 5330/9027/6393 5329/9025/6391 5323/9017/6384
f 5325/9020/6381 5331/9028/6388 5330/9027/6393 5324/9019/6386
f 5326/9021/6387 5332/9029/6394 5337/9030/6395 5331/9022/6388
f 5327/9023/6389 5333/9031/6396 5332/9029/6394 5326/9021/6387
f 5328/9024/6390 2482/9032/6397 5333/9031/6396 5327/9023/6389
f 5329/9025/6391 5335/9033/6398 5334/9034/6399 1104/9026/6392
f 5330/9027/6393 5336/9035/6400 5335/9033/6398 5329/9025/6391
f 5331/9028/6388 5337/9036/6395 5336/9035/6400 5330/9027/6393
f 5332/9029/6394 5338/9037/6401 5343/9038/6402 5337/9030/6395
f 5333/9031/6396 5339/9039/6403 5338/9037/6401 5332/9029/6394
f 2482/9032/6397 5340/9040/6404 5339/9039/6403 5333/9031/6396
f 5335/9033/6398 5341/9041/6405 1116/9042/6406 5334/9034/6399
f 5336/9035/6400 5342/9043/6407 5341/9041/6405 5335/9033/6398
f 5337/9036/6395 5343/9044/6402 5342/9043/6407 5336/9035/6400
f 5338/9037/6401 5344/9045/6408 5348/9046/6409 5343/9038/6402
f 5339/9039/6403 5345/9047/6410 5344/9045/6408 5338/9037/6401
f 5340/9048/6404 2494/9049/6411 5345/9050/6410 5339/9051/6403
f 5341/9041/6405 5346/9052/6412 1122/9053/6413 1116/9042/6406
f 5342/9043/6407 5347/9054/6414 5346/9052/6412 5341/9041/6405
f 5343/9044/6402 5348/9055/6409 5347/9054/6414 5342/9043/6407
f 5344/9056/6408 5349/9057/6415 5353/9058/6416 5348/9059/6409
f 5345/9047/6410 5350/9060/6417 5349/9061/6415 5344/9045/6408
f 2494/9049/6411 2501/9062/6418 5350/9063/6417 5345/9050/6410
f 5346/9052/6412 5351/9064/6419 1128/9065/6420 1122/9053/6413
f 5347/9054/6414 5352/9066/6421 5351/9064/6419 5346/9052/6412
f 5348/9055/6409 5353/9067/6416 5352/9066/6421 5347/9054/6414
f 5349/9057/6415 5354/9068/6422 5360/9069/6423 5353/9058/6416
f 5350/9070/6417 5355/9071/6424 5354/9068/6422 5349/9057/6415
f 2501/9062/6418 5356/9072/6425 5355/9073/6424 5350/9063/6417
f 5351/9064/6419 5358/9074/6426 5357/9075/6427 1128/9065/6420
f 5352/9066/6421 5359/9076/6428 5358/9074/6426 5351/9064/6419
f 5353/9058/6416 5360/9069/6423 5359/9077/6428 5352/9078/6421
f 5354/9068/6422 5361/9079/6429 5366/9080/6430 5360/9069/6423
f 5355/9071/6424 5362/9081/6431 5361/9079/6429 5354/9068/6422
f 5356/9072/6425 2512/9082/6432 5362/9083/6431 5355/9073/6424
f 5358/9074/6426 5364/9084/6433 5363/9085/6434 5357/9075/6427
f 5359/9076/6428 5365/9086/6435 5364/9084/6433 5358/9074/6426
f 5360/9069/6423 5366/9080/6430 5365/9087/6435 5359/9077/6428
f 5361/9079/6429 5367/9088/6436 5372/9089/6437 5366/9080/6430
f 5362/9081/6431 5368/9090/6438 5367/9088/6436 5361/9079/6429
f 2512/9082/6432 2519/9091/6439 5368/9092/6438 5362/9083/6431
f 5364/9084/6433 5370/9093/6440 5369/9094/6441 5363/9085/6434
f 5365/9086/6435 5371/9095/6442 5370/9093/6440 5364/9084/6433
f 5366/9080/6430 5372/9089/6437 5371/9096/6442 5365/9087/6435
f 5367/9088/6436 5373/9097/6443 5379/9098/6444 5372/9089/6437
f 5368/9090/6438 5374/9099/6445 5373/9097/6443 5367/9088/6436
f 2519/9091/6439 5375/9100/6446 5374/9101/6445 5368/9092/6438
f 5370/9093/6440 5377/9102/6447 5376/9103/6448 5369/9094/6441
f 5371/9095/6442 5378/9104/6449 5377/9102/6447 5370/9093/6440
f 5372/9089/6437 5379/9098/6444 5378/9105/6449 5371/9096/6442
f 5373/9097/6443 5380/9106/6450 5384/9107/6451 5379/9098/6444
f 5374/9099/6445 5381/9108/6452 5380/9106/6450 5373/9097/6443
f 5375/9100/6446 2531/9109/6453 5381/9110/6452 5374/9101/6445
f 5377/9102/6447 5382/9111/6454 1158/9112/6455 5376/9103/6448
f 5378/9104/6449 5383/9113/6456 5382/9111/6454 5377/9102/6447
f 5379/9098/6444 5384/9107/6451 5383/9114/6456 5378/9105/6449
f 5380/9106/6450 5385/9115/6457 5391/9116/6458 5384/9107/6451
f 5381/9110/6452 5386/9117/6459 5385/9118/6457 5380/9119/6450
f 2531/9109/6453 5387/9120/6460 5386/9117/6459 5381/9110/6452
f 5382/9111/6454 5389/9121/6461 5388/9122/6462 1158/9112/6455
f 5383/9113/6456 5390/9123/6463 5389/9121/6461 5382/9111/6454
f 5384/9107/6451 5391/9116/6458 5390/9124/6463 5383/9114/6456
f 5385/9115/6457 5392/9125/6464 5397/9126/6465 5391/9116/6458
f 5386/9117/6459 5393/9127/6466 5392/9128/6464 5385/9118/6457
f 5387/9120/6460 2543/9129/6467 5393/9127/6466 5386/9117/6459
f 5389/9121/6461 5395/9130/6468 5394/9131/6469 5388/9122/6462
f 5390/9123/6463 5396/9132/6470 5395/9130/6468 5389/9121/6461
f 5391/9116/6458 5397/9126/6465 5396/9133/6470 5390/9124/6463
f 5392/9134/6464 5398/9135/6471 5404/9136/6472 5397/9137/6465
f 5393/9127/6466 5399/9138/6473 5398/9139/6471 5392/9128/6464
f 2543/9129/6467 5400/9140/6474 5399/9138/6473 5393/9127/6466
f 5395/9130/6468 5402/9141/6475 5401/9142/6476 5394/9131/6469
f 5396/9143/6470 5403/9144/6477 5402/9145/6475 5395/9146/6468
f 5397/9137/6465 5404/9136/6472 5403/9144/6477 5396/9143/6470
f 5398/9135/6471 5405/9147/6478 5410/9148/6479 5404/9136/6472
f 5399/9138/6473 5406/9149/6480 5405/9150/6478 5398/9139/6471
f 5400/9140/6474 5407/9151/6481 5406/9149/6480 5399/9138/6473
f 5402/9141/6475 5408/9152/6482 1181/9153/6483 5401/9142/6476
f 5403/9144/6477 5409/9154/6484 5408/9155/6482 5402/9145/6475
f 5404/9136/6472 5410/9148/6479 5409/9154/6484 5403/9144/6477
f 5405/9147/6478 5411/9156/6485 5417/9157/6486 5410/9148/6479
f 5406/9149/6480 5412/9158/6487 5411/9159/6485 5405/9150/6478
f 5407/9151/6481 5413/9160/6488 5412/9158/6487 5406/9149/6480
f 5408/9152/6482 5415/9161/6489 5414/9162/6490 1181/9153/6483
f 5409/9154/6484 5416/9163/6491 5415/9164/6489 5408/9155/6482
f 5410/9148/6479 5417/9157/6486 5416/9163/6491 5409/9154/6484
f 5411/9156/6485 5418/9165/6492 5424/9166/6493 5417/9157/6486
f 5412/9158/6487 5419/9167/6494 5418/9168/6492 5411/9159/6485
f 5413/9160/6488 5420/9169/6495 5419/9167/6494 5412/9158/6487
f 5415/9161/6489 5422/9170/6496 5421/9171/6497 5414/9162/6490
f 5416/9163/6491 5423/9172/6498 5422/9173/6496 5415/9164/6489
f 5417/9157/6486 5424/9166/6493 5423/9172/6498 5416/9163/6491
f 5418/9165/6492 5425/9174/6499 5430/9175/6500 5424/9166/6493
f 5419/9167/6494 5426/9176/6501 5425/9177/6499 5418/9168/6492
f 5420/9169/6495 5427/9178/6502 5426/9176/6501 5419/9167/6494
f 5422/9170/6496 5428/9179/6503 1199/9180/6504 5421/9171/6497
f 5423/9172/6498 5429/9181/6505 5428/9182/6503 5422/9173/6496
f 5424/9166/6493 5430/9175/6500 5429/9181/6505 5423/9172/6498
f 5425/9174/6499 5431/9183/6506 5436/9184/6507 5430/9175/6500
f 5426/9176/6501 5432/9185/6508 5431/9186/6506 5425/9177/6499
f 5427/9178/6502 5433/9187/6509 5432/9185/6508 5426/9176/6501
f 5428/9179/6503 5434/9188/6510 1205/9189/6511 1199/9180/6504
f 5429/9181/6505 5435/9190/6512 5434/9191/6510 5428/9182/6503
f 5430/9175/6500 5436/9184/6507 5435/9190/6512 5429/9181/6505
f 5431/9192/6506 5437/9193/6513 5442/9194/6514 5436/9195/6507
f 5432/9185/6508 5438/9196/6515 5437/9197/6513 5431/9186/6506
f 5433/9198/6509 5439/9199/6516 5438/9200/6515 5432/9201/6508
f 5434/9188/6510 5440/9202/6517 1211/9203/6518 1205/9189/6511
f 5435/9190/6512 5441/9204/6519 5440/9205/6517 5434/9191/6510
f 5436/9184/6507 5442/9206/6514 5441/9204/6519 5435/9190/6512
f 5437/9193/6513 5443/9207/6520 5448/9208/6521 5442/9194/6514
f 5438/9209/6515 5444/9210/6522 5443/9207/6520 5437/9193/6513
f 5439/9199/6516 5445/9211/6523 5444/9212/6522 5438/9200/6515
f 5440/9202/6517 5446/9213/6524 1217/9214/6525 1211/9203/6518
f 5441/9204/6519 5447/9215/6526 5446/9216/6524 5440/9205/6517
f 5442/9194/6514 5448/9208/6521 5447/9217/6526 5441/9218/6519
f 5443/9207/6520 5449/9219/6527 5454/9220/6528 5448/9208/6521
f 5444/9210/6522 5450/9221/6529 5449/9219/6527 5443/9207/6520
f 5445/9211/6523 5451/9222/6530 5450/9223/6529 5444/9212/6522
f 5446/9213/6524 5452/9224/6531 1223/9225/6532 1217/9214/6525
f 5447/9215/6526 5453/9226/6533 5452/9227/6531 5446/9216/6524
f 5448/9208/6521 5454/9220/6528 5453/9228/6533 5447/9217/6526
f 5449/9219/6527 5455/9229/6534 5460/9230/6535 5454/9220/6528
f 5450/9221/6529 5456/9231/6536 5455/9229/6534 5449/9219/6527
f 5451/9222/6530 5457/9232/6537 5456/9233/6536 5450/9223/6529
f 5452/9224/6531 5458/9234/6538 1230/9235/6539 1223/9225/6532
f 5453/9236/6533 5459/9237/6540 5458/9234/6538 5452/9224/6531
f 5454/9220/6528 5460/9230/6535 5459/9238/6540 5453/9228/6533
f 5455/9229/6534 5461/9239/6541 5466/9240/6542 5460/9230/6535
f 5456/9231/6536 5462/9241/6543 5461/9239/6541 5455/9229/6534
f 5457/9232/6537 5463/9242/6544 5462/9243/6543 5456/9233/6536
f 5458/9234/6538 5464/9244/6545 1237/9245/6546 1230/9235/6539
f 5459/9237/6540 5465/9246/6547 5464/9244/6545 5458/9234/6538
f 5460/9230/6535 5466/9240/6542 5465/9247/6547 5459/9238/6540
f 5461/9239/6541 5467/9248/6548 5472/9249/6549 5466/9240/6542
f 5462/9243/6543 5468/9250/6550 5467/9251/6548 5461/9252/6541
f 5463/9242/6544 5469/9253/6551 5468/9250/6550 5462/9243/6543
f 5464/9244/6545 5470/9254/6552 1243/9255/6553 1237/9245/6546
f 5465/9246/6547 5471/9256/6554 5470/9254/6552 5464/9244/6545
f 5466/9240/6542 5472/9249/6549 5471/9257/6554 5465/9247/6547
f 5467/9248/6548 5473/9258/6555 5478/9259/6556 5472/9249/6549
f 5468/9250/6550 5474/9260/6557 5473/9261/6555 5467/9251/6548
f 5469/9253/6551 5475/9262/6558 5474/9260/6557 5468/9250/6550
f 5470/9254/6552 5476/9263/6559 1249/9264/6560 1243/9255/6553
f 5471/9256/6554 5477/9265/6561 5476/9263/6559 5470/9254/6552
f 5472/9249/6549 5478/9259/6556 5477/9266/6561 5471/9257/6554
f 5473/9261/6555 5479/9267/6562 5485/9268/6563 5478/9269/6556
f 5474/9260/6557 5480/9270/6564 5479/9267/6562 5473/9261/6555
f 5475/9262/6558 5481/9271/6565 5480/9270/6564 5474/9260/6557
f 5476/9263/6559 5483/9272/6566 5482/9273/6567 1249/9264/6560
f 5477/9265/6561 5484/9274/6568 5483/9272/6566 5476/9263/6559
f 5478/9259/6556 5485/9275/6563 5484/9276/6568 5477/9266/6561
f 5479/9267/6562 5486/9277/6569 5489/9278/6570 5485/9268/6563
f 5480/9270/6564 5487/9279/6571 5486/9277/6569 5479/9267/6562
f 5481/9271/6565 2633/9280/6572 5487/9279/6571 5480/9270/6564
f 5483/9272/6566 1259/9281/6573 5482/9273/6567
f 5484/9274/6568 5488/9282/6574 1259/9281/6573 5483/9272/6566
f 5485/9283/6563 5489/9284/6570 5488/9282/6574 5484/9274/6568
f 5486/9277/6569 5490/9285/6575 5494/9286/6576 5489/9278/6570
f 5487/9279/6571 5491/9287/6577 5490/9285/6575 5486/9277/6569
f 2633/9280/6572 5492/9288/6578 5491/9287/6577 5487/9279/6571
f 5488/9282/6574 5493/9289/6579 1264/9290/6580 1259/9281/6573
f 5489/9284/6570 5494/9291/6576 5493/9289/6579 5488/9282/6574
f 5490/9285/6575 5495/9292/6581 5499/9293/6582 5494/9286/6576
f 5491/9287/6577 5496/9294/6583 5495/9292/6581 5490/9285/6575
f 5492/9288/6578 5497/9295/6584 5496/9294/6583 5491/9287/6577
f 5494/9291/6576 5499/9296/6582 5498/9297/6585 5493/9289/6579
f 5495/9292/6581 5500/9298/6586 5503/9299/6587 5499/9293/6582
f 5496/9294/6583 5501/9300/6588 5500/9298/6586 5495/9292/6581
f 5497/9295/6584 2650/9301/6589 5501/9300/6588 5496/9294/6583
f 5499/9296/6582 5503/9302/6587 5502/9303/6590 5498/9297/6585
f 5500/9298/6586 5504/9304/6591 5507/9305/6592 5503/9299/6587
f 5501/9300/6588 2656/9306/6593 5504/9304/6591 5500/9298/6586
f 2650/9307/6589 2656/9308/6593 5501/9309/6588
f 5502/9303/6590 5506/9310/6594 1278/9311/6595 1273/9312/6596
f 5503/9302/6587 5507/9313/6592 5506/9310/6594 5502/9303/6590
f 5504/9314/6591 5508/9315/6597 5510/9316/6598 5507/9317/6592
f 2656/9306/6593 2661/9318/6599 5508/9319/6597 5504/9304/6591
f 5506/9310/6594 5509/9320/6600 1283/9321/6601 1278/9311/6595
f 5507/9313/6592 5510/9322/6598 5509/9320/6600 5506/9310/6594
f 5508/9315/6597 5511/9323/6602 5513/9324/6603 5510/9316/6598
f 2661/9318/6599 2666/9325/6604 5511/9326/6602 5508/9319/6597
f 5509/9320/6600 5512/9327/6605 1288/9328/6606 1283/9321/6601
f 5510/9316/6598 5513/9324/6603 5512/9329/6605 5509/9330/6600
f 5511/9323/6602 5514/9331/6607 5516/9332/6608 5513/9324/6603
f 2666/9333/6604 2671/9334/6609 5514/9331/6607 5511/9323/6602
f 5512/9327/6605 5515/9335/6610 1293/9336/6611 1288/9328/6606
f 5513/9324/6603 5516/9332/6608 5515/9337/6610 5512/9329/6605
f 5514/9331/6607 5517/9338/6612 5519/9339/6613 5516/9332/6608
f 2671/9334/6609 2677/9340/6614 5517/9338/6612 5514/9331/6607
f 5515/9337/6610 5518/9341/6615 1298/9342/6616 1293/9343/6611
f 5516/9332/6608 5519/9339/6613 5518/9341/6615 5515/9337/6610
f 5517/9338/6612 5520/9344/6617 5522/9345/6618 5519/9339/6613
f 2677/9346/6614 2682/9347/6619 5520/9348/6617 5517/9349/6612
f 5518/9341/6615 5521/9350/6620 1303/9351/6621 1298/9342/6616
f 5519/9339/6613 5522/9345/6618 5521/9350/6620 5518/9341/6615
f 5520/9344/6617 5523/9352/6622 5525/9353/6623 5522/9345/6618
f 2682/9347/6619 2687/9354/6624 5523/9355/6622 5520/9348/6617
f 5521/9350/6620 5524/9356/6625 1308/9357/6626 1303/9351/6621
f 5522/9345/6618 5525/9353/6623 5524/9356/6625 5521/9350/6620
f 5523/9352/6622 5526/9358/6627 5528/9359/6628 5525/9353/6623
f 2687/9354/6624 2693/9360/6629 5526/9361/6627 5523/9355/6622
f 5524/9356/6625 5527/9362/6630 1313/9363/6631 1308/9357/6626
f 5525/9353/6623 5528/9359/6628 5527/9362/6630 5524/9356/6625
f 5526/9361/6627 5529/9364/6632 5531/9365/6633 5528/9366/6628
f 2693/9360/6629 2698/9367/6634 5529/9364/6632 5526/9361/6627
f 5527/9362/6630 5530/9368/6635 1318/9369/6636 1313/9363/6631
f 5528/9359/6628 5531/9370/6633 5530/9368/6635 5527/9362/6630
f 5529/9364/6632 5532/9371/6637 5534/9372/6638 5531/9365/6633
f 2698/9367/6634 2703/9373/6639 5532/9371/6637 5529/9364/6632
f 5530/9374/6635 5533/9375/6640 1323/9376/6641 1318/9377/6636
f 5531/9378/6633 5534/9379/6638 5533/9375/6640 5530/9374/6635
f 5532/9371/6637 5535/9380/6642 5537/9381/6643 5534/9372/6638
f 2703/9373/6639 2708/9382/6644 5535/9380/6642 5532/9371/6637
f 5533/9375/6640 5536/9383/6645 1328/9384/6646 1323/9376/6641
f 5534/9379/6638 5537/9385/6643 5536/9383/6645 5533/9375/6640
f 5535/9380/6642 5538/9386/6647 5540/9387/6648 5537/9381/6643
f 2708/9382/6644 2713/9388/6649 5538/9386/6647 5535/9380/6642
f 5536/9383/6645 5539/9389/6650 1333/9390/6651 1328/9384/6646
f 5537/9385/6643 5540/9391/6648 5539/9389/6650 5536/9383/6645
f 5538/9386/6647 5541/9392/6652 5543/9393/6653 5540/9387/6648
f 2713/9388/6649 2718/9394/6654 5541/9392/6652 5538/9386/6647
f 5539/9389/6650 5542/9395/6655 1338/9396/6656 1333/9390/6651
f 5540/9391/6648 5543/9397/6653 5542/9395/6655 5539/9389/6650
f 5541/9392/6652 5544/9398/6657 5546/9399/6658 5543/9393/6653
f 2718/9394/6654 2723/9400/6659 5544/9398/6657 5541/9392/6652
f 5542/9395/6655 5545/9401/6660 1343/9402/6661 1338/9396/6656
f 5543/9397/6653 5546/9403/6658 5545/9401/6660 5542/9395/6655
f 5544/9398/6657 5547/9404/6662 5549/9405/6663 5546/9399/6658
f 2723/9400/6659 2728/9406/6664 5547/9404/6662 5544/9398/6657
f 5545/9401/6660 5548/9407/6665 1348/9408/6666 1343/9402/6661
f 5546/9403/6658 5549/9409/6663 5548/9407/6665 5545/9401/6660
f 5547/9404/6662 5550/9410/6667 5552/9411/6668 5549/9405/6663
f 2728/9406/6664 2733/9412/6669 5550/9410/6667 5547/9404/6662
f 5548/9407/6665 5551/9413/6670 1353/9414/6671 1348/9408/6666
f 5549/9415/6663 5552/9416/6668 5551/9417/6670 5548/9418/6665
f 5550/9410/6667 5553/9419/6672 5555/9420/6673 5552/9411/6668
f 2733/9412/6669 2738/9421/6674 5553/9419/6672 5550/9410/6667
f 5551/9413/6670 5554/9422/6675 1362/9423/6676 1353/9414/6671
f 5552/9416/6668 5555/9424/6673 5554/9425/6675 5551/9417/6670
f 5553/9419/6672 5556/9426/6677 5558/9427/6678 5555/9420/6673
f 2738/9428/6674 2743/9429/6679 5556/9430/6677 5553/9431/6672
f 5554/9425/6675 5557/9432/6680 1372/9433/6681 1362/9434/6676
f 5555/9424/6673 5558/9435/6678 5557/9432/6680 5554/9425/6675
f 5556/9436/6677 5559/9437/6682 5561/9438/6683 5558/9435/6678
f 2743/9429/6679 2748/9439/6684 5559/9440/6682 5556/9430/6677
f 5557/9432/6680 5560/9441/6685 1382/9442/6686 1372/9433/6681
f 5558/9435/6678 5561/9438/6683 5560/9441/6685 5557/9432/6680
f 5559/9437/6682 5562/9443/6687 5564/9444/6688 5561/9438/6683
f 2748/9439/6684 2753/9445/6689 5562/9446/6687 5559/9440/6682
f 5560/9441/6685 5563/9447/6690 1392/9448/6691 1382/9442/6686
f 5561/9438/6683 5564/9444/6688 5563/9447/6690 5560/9441/6685
f 5562/9446/6687 5565/9449/6692 5567/9450/6693 5564/9451/6688
f 2753/9445/6689 2758/9452/6694 5565/9449/6692 5562/9446/6687
f 5563/9447/6690 5566/9453/6695 1402/9454/6696 1392/9448/6691
f 5564/9444/6688 5567/9455/6693 5566/9453/6695 5563/9447/6690
f 5565/9449/6692 5568/9456/6697 5575/9457/6698 5567/9450/6693
f 2758/9452/6694 2763/9458/6699 5568/9456/6697 5565/9449/6692
f 5566/9453/6695 5574/9459/6700 1412/9460/6701 1402/9454/6696
f 5567/9455/6693 5575/9461/6698 5574/9459/6700 5566/9453/6695
f 5568/9456/6697 5576/9462/6702 5584/9463/6703 5575/9457/6698
f 2763/9458/6699 2768/9464/6704 5576/9462/6702 5568/9456/6697
f 5570/4728/3359 5578/9465/6705 5577/4689/3327 5569/4688/3326
f 5571/6986/4964 5579/9466/6706 5578/9465/6705 5570/4728/3359
f 5572/9467/1675 5580/9468/6707 5579/9466/6706 5571/6986/4964
f 5573/9469/6708 5581/9470/6709 5580/9468/6707 5572/9467/1675
f 1412/9471/6701 5582/9472/6710 5581/9470/6709 5573/9469/6708
f 5574/9459/6700 5583/9473/6711 5582/9474/6710 1412/9460/6701
f 5575/9461/6698 5584/9475/6703 5583/9473/6711 5574/9459/6700
f 5576/9462/6702 5585/9476/6712 5593/9477/6713 5584/9463/6703
f 2768/9464/6704 2773/9478/6714 5585/9476/6712 5576/9462/6702
f 5578/9465/6705 5587/9479/6715 5586/4639/3291 5577/4689/3327
f 5579/9466/6706 5588/9480/6716 5587/9479/6715 5578/9465/6705
f 5580/9468/6707 5589/9481/6717 5588/9480/6716 5579/9466/6706
f 5581/9470/6709 5590/9482/6718 5589/9481/6717 5580/9468/6707
f 5582/9472/6710 5591/9483/6719 5590/9482/6718 5581/9470/6709
f 5583/9473/6711 5592/9484/6720 5591/9485/6719 5582/9474/6710
f 5584/9463/6703 5593/9477/6713 5592/9486/6720 5583/9487/6711
f 5585/9476/6712 5594/9488/6721 5602/9489/6722 5593/9477/6713
f 2773/9478/6714 2778/9490/6723 5594/9488/6721 5585/9476/6712
f 5587/9479/6715 5596/9491/6724 5595/4640/3292 5586/4639/3291
f 5588/9480/6716 5597/9492/6725 5596/9491/6724 5587/9479/6715
f 5589/9481/6717 5598/9493/6726 5597/9492/6725 5588/9480/6716
f 5590/9482/6718 5599/9494/6727 5598/9493/6726 5589/9481/6717
f 5591/9483/6719 5600/9495/6728 5599/9494/6727 5590/9482/6718
f 5592/9496/6720 5601/9497/6729 5600/9495/6728 5591/9483/6719
f 5593/9477/6713 5602/9489/6722 5601/9498/6729 5592/9486/6720
f 5594/9488/6721 5603/9499/6730 5611/9500/6731 5602/9489/6722
f 2778/9490/6723 2783/9501/6732 5603/9499/6730 5594/9488/6721
f 5596/9491/6724 5605/9502/6733 5604/6993/4970 5595/4640/3292
f 5597/9492/6725 5606/9503/6734 5605/9502/6733 5596/9491/6724
f 5598/9493/6726 5607/9504/6735 5606/9503/6734 5597/9492/6725
f 5599/9494/6727 5608/9505/6736 5607/9504/6735 5598/9493/6726
f 5600/9495/6728 5609/9506/6737 5608/9505/6736 5599/9494/6727
f 5601/9497/6729 5610/9507/6738 5609/9506/6737 5600/9495/6728
f 5602/9489/6722 5611/9500/6731 5610/9508/6738 5601/9498/6729
f 5603/9499/6730 5612/9509/6739 5620/9510/6740 5611/9500/6731
f 2783/9501/6732 2788/9511/6741 5612/9509/6739 5603/9499/6730
f 5605/9512/6733 5614/9513/6742 5613/7048/4976 5604/9514/4970
f 5606/9515/6734 5615/9516/6743 5614/9513/6742 5605/9512/6733
f 5607/9504/6735 5616/9517/6744 5615/9518/6743 5606/9503/6734
f 5608/9505/6736 5617/9519/6745 5616/9517/6744 5607/9504/6735
f 5609/9506/6737 5618/9520/6746 5617/9519/6745 5608/9505/6736
f 5610/9507/6738 5619/9521/6747 5618/9520/6746 5609/9506/6737
f 5611/9500/6731 5620/9510/6740 5619/9522/6747 5610/9508/6738
f 5612/9509/6739 5621/9523/6748 5631/9524/6749 5620/9510/6740
f 2788/9511/6741 2796/9525/6750 5621/9523/6748 5612/9509/6739
f 5614/9513/6742 5625/9526/6751 5624/7045/5005 5613/7048/4976
f 5615/9516/6743 5626/9527/6752 5625/9526/6751 5614/9513/6742
f 5616/9517/6744 5627/9528/6753 5626/9529/6752 5615/9518/6743
f 5617/9519/6745 5628/9530/6754 5627/9528/6753 5616/9517/6744
f 5618/9520/6746 5629/9531/6755 5628/9530/6754 5617/9519/6745
f 5619/9521/6747 5630/9532/6756 5629/9531/6755 5618/9520/6746
f 5620/9510/6740 5631/9524/6749 5630/9533/6756 5619/9522/6747
f 6175/9534/6757 6198/9535/6758 6196/9536/5126 6173/9537/5125
f 6171/9538/5128 6194/9539/5127 6217/9540/6759 6192/9541/6760
f 6177/9542/6761 6200/9543/6762 6198/9544/6758 6175/9545/6757
f 6179/9546/6763 6203/9547/6764 6200/9548/6762 6177/9542/6761
f 5625/9526/6751 6180/9549/6765 6178/9550/6766 5624/7045/5005
f 6181/9551/6767 6204/9552/6768 6203/9553/6764 6179/9546/6763
f 6183/9554/6769 6206/9555/6770 6204/9556/6768 6181/9551/6767
f 6185/9557/6771 6208/9558/6772 6206/9559/6770 6183/9560/6769
f 6186/9561/6773 6210/9562/6774 6208/9558/6772 6185/9557/6771
f 6191/9563/6775 6214/9564/6776 6212/9565/6777 6189/9566/6778
f 6192/9567/6760 6217/9540/6759 6214/9568/6776 6191/9569/6775
f 6195/9570/6779 5632/9571/5144 5643/9572/6780 6216/9573/6781
f 5621/9523/6748 6170/9574/6782 6193/9575/6783 5631/9524/6749
f 2796/9525/6750 6172/9576/6784 6170/9574/6782 5621/9523/6748
f 5622/9577/6785 6174/9578/6786 6172/9579/6784 2796/9580/6750
f 5623/9581/3306 6176/9582/6787 6174/9578/6786 5622/9577/6785
f 5624/7045/5005 6178/9550/6766 6176/9583/6787 5623/7046/3306
f 5626/9527/6752 6182/9584/6788 6180/9549/6765 5625/9526/6751
f 5627/9528/6753 6184/9585/6789 6182/9586/6788 5626/9529/6752
f 5628/9530/6754 6187/9587/6790 6184/9588/6789 5627/9528/6753
f 6189/9589/6778 6212/9590/6777 6210/9591/6774 6186/9592/6773
f 5629/9531/6755 6188/9593/6791 6187/9594/6790 5628/9530/6754
f 5630/9533/6756 6190/9595/6792 6188/9596/6791 5629/9597/6755
f 5631/9524/6749 6193/9575/6783 6190/9595/6792 5630/9533/6756
f 6197/9598/6793 5633/9599/5141 5632/9600/5144 6195/9601/6779
f 6199/9602/6794 5634/9603/6795 5633/9599/5141 6197/9598/6793
f 6201/9604/6796 5635/9605/6797 5634/9606/6795 6199/9607/6794
f 6202/9608/6798 5636/9609/6799 5635/9605/6797 6201/9610/6796
f 6205/9611/6800 5637/9612/6801 5636/9609/6799 6202/9613/6798
f 6207/9614/6802 5638/9615/6803 5637/9612/6801 6205/9616/6800
f 6209/9617/6804 5639/9618/6805 5638/9619/6803 6207/9620/6802
f 6211/9621/6806 5640/9622/6807 5639/9618/6805 6209/9617/6804
f 6213/9623/6808 5641/9624/6809 5640/9622/6807 6211/9625/6806
f 6215/9626/6810 5642/9627/6811 5641/9628/6809 6213/9629/6808
f 6216/9630/6781 5643/9572/6780 5642/9627/6811 6215/9631/6810
f 5924/9632/6812 6221/9633/6813 5917/9634/6814
f 5632/9571/5144 5897/9635/5143 5974/9636/6815 5643/9572/6780
f 5635/9637/6797 5918/9638/6816 5911/9639/6817 5634/9640/6795
f 5636/9609/6799 5925/9641/6818 5918/9642/6816 5635/9605/6797
f 5637/9612/6801 5931/9643/6819 5925/9641/6818 5636/9609/6799
f 5638/9615/6803 5938/9644/6820 5931/9643/6819 5637/9612/6801
f 5639/9618/6805 5945/9645/6821 5938/9646/6820 5638/9619/6803
f 5640/9622/6807 5953/9647/6822 5945/9645/6821 5639/9618/6805
f 5641/9624/6809 5960/9648/6823 5953/9647/6822 5640/9622/6807
f 5642/9627/6811 5967/9649/6824 5960/9650/6823 5641/9628/6809
f 5643/9572/6780 5974/9636/6815 5967/9649/6824 5642/9627/6811
f 5634/9640/6795 5911/9639/6817 5904/7256/5142 5633/7255/5141
f 1421/2384/1684 5645/2424/1711 5722/9651/1721 1432/2390/1688
f 2861/2442/1725 5729/2441/1724 5806/9652/3439 2872/4804/3405
f 4252/7195/5103 5813/9653/5130 5890/7254/5140 4263/7202/5107
f 5925/9641/6818 5931/9643/6819 5933/9654/6825 5930/9655/6826
f 5930/9655/6826 5933/9654/6825 5934/9656/6827 5929/9657/6828
f 5929/9657/6828 5934/9656/6827 5935/9658/6829 5928/9659/6830
f 5928/9660/6830 5935/9661/6829 5936/9662/6831 5927/9663/6832
f 5927/9663/6832 5936/9662/6831 5937/9664/6833 5926/9665/6834
f 5926/9665/6834 5937/9664/6833 5932/9666/6835 5924/9632/6812
f 5701/2436/1718 5707/2435/1719 5709/9667/6836 5706/9668/6837
f 5706/9669/6837 5709/9670/6836 5710/9671/6838 5705/9672/6839
f 5705/9672/6839 5710/9671/6838 5711/9673/6840 5704/9674/6841
f 5704/9675/6841 5711/9676/6840 5712/9677/6842 5703/9678/6843
f 5703/9679/6843 5712/9680/6842 5713/9681/6844 5702/9682/6845
f 5702/9682/6845 5713/9681/6844 5708/9683/6846 5700/9684/6847
f 5757/4844/3432 5763/4845/3433 5765/9685/6848 5762/9686/6849
f 5762/9686/6849 5765/9685/6848 5766/9687/6850 5761/9688/6851
f 5761/9688/6851 5766/9687/6850 5767/9689/6852 5760/9690/6853
f 5760/9691/6853 5767/9692/6852 5768/9693/6854 5759/9694/6855
f 5759/9695/6855 5768/9696/6854 5769/9697/6856 5758/9698/6857
f 5758/9698/6857 5769/9697/6856 5764/9699/6858 5756/4839/3428
f 5645/2424/1711 5651/2423/1710 5653/9700/6859 5650/9701/6860
f 5650/9701/6860 5653/9700/6859 5654/9702/6861 5649/9703/6862
f 5649/9703/6862 5654/9702/6861 5655/9704/6863 5648/9705/6864
f 5648/9705/6864 5655/9704/6863 5656/9706/6865 5647/9707/6866
f 5647/9708/6866 5656/9709/6865 5657/9710/6867 5646/9711/6868
f 5646/9711/6868 5657/9710/6867 5652/9712/6869 5644/9713/6870
f 5644/9713/6870 5721/9714/6871 5723/9715/6872 5646/9711/6868
f 5646/9716/6868 5723/9717/6872 5724/9718/6873 5647/9719/6866
f 5647/9719/6866 5724/9718/6873 5725/9720/6874 5648/9721/6864
f 5648/9705/6864 5725/9722/6874 5726/9723/6875 5649/9703/6862
f 5649/9703/6862 5726/9723/6875 5727/9724/6876 5650/9701/6860
f 5650/9701/6860 5727/9724/6876 5722/9651/1721 5645/2424/1711
f 5813/7237/5130 5819/7236/5129 5821/9725/6877 5818/9726/6878
f 5818/9727/6878 5821/9728/6877 5822/9729/6879 5817/9730/6880
f 5817/9731/6880 5822/9732/6879 5823/9733/6881 5816/9734/6882
f 5816/9734/6882 5823/9733/6881 5824/9735/6883 5815/9736/6884
f 5815/9736/6884 5824/9735/6883 5825/9737/6885 5814/9738/6886
f 5814/9739/6886 5825/9740/6885 5820/9741/6887 5812/4854/3440
f 5869/7250/5137 5875/7251/5138 5877/9742/6888 5874/9743/6889
f 5874/9743/6889 5877/9742/6888 5878/9744/6890 5873/9745/6891
f 5873/9746/6891 5878/9747/6890 5879/9748/6892 5872/9749/6893
f 5872/9749/6893 5879/9748/6892 5880/9750/6894 5871/9751/6895
f 5871/9751/6895 5880/9750/6894 5881/9752/6896 5870/9753/6897
f 5870/9753/6897 5881/9752/6896 5876/9754/6898 5868/9755/6899
f 5812/4854/3440 5889/4856/3442 5891/9756/6900 5814/9739/6886
f 5814/9739/6886 5891/9756/6900 5892/9757/6901 5815/9758/6884
f 5815/9758/6884 5892/9757/6901 5893/9759/6902 5816/9760/6882
f 5816/9761/6882 5893/9762/6902 5894/9763/6903 5817/9730/6880
f 5817/9730/6880 5894/9763/6903 5895/9764/6904 5818/9727/6878
f 5818/9727/6878 5895/9764/6904 5890/7254/5140 5813/9653/5130
f 5707/2435/1719 5714/2437/1720 5716/9765/6905 5709/9667/6836
f 5709/9667/6836 5716/9765/6905 5717/9766/6906 5710/9767/6838
f 5710/9768/6838 5717/9769/6906 5718/9770/6907 5711/9676/6840
f 5711/9676/6840 5718/9770/6907 5719/9771/6908 5712/9677/6842
f 5712/9677/6842 5719/9771/6908 5720/9772/6909 5713/9773/6844
f 5713/9681/6844 5720/9774/6909 5715/9775/6910 5708/9683/6846
f 5875/7253/5138 5882/7252/5139 5884/9776/6911 5877/9777/6888
f 5877/9777/6888 5884/9776/6911 5885/9778/6912 5878/9779/6890
f 5878/9747/6890 5885/9780/6912 5886/9781/6913 5879/9748/6892
f 5879/9748/6892 5886/9781/6913 5887/9782/6914 5880/9750/6894
f 5880/9750/6894 5887/9782/6914 5888/9783/6915 5881/9752/6896
f 5881/9752/6896 5888/9783/6915 5883/9784/6916 5876/9754/6898
f 5763/4845/3433 5770/4846/3434 5772/9785/6917 5765/9685/6848
f 5765/9685/6848 5772/9785/6917 5773/9786/6918 5766/9687/6850
f 5766/9787/6850 5773/9788/6918 5774/9789/6919 5767/9692/6852
f 5767/9692/6852 5774/9789/6919 5775/9790/6920 5768/9693/6854
f 5768/9693/6854 5775/9790/6920 5776/9791/6921 5769/9792/6856
f 5769/9697/6856 5776/9793/6921 5771/9794/6922 5764/9699/6858
f 5651/2423/1710 5658/2425/1712 5660/9795/6923 5653/9700/6859
f 5653/9700/6859 5660/9795/6923 5661/9796/6924 5654/9702/6861
f 5654/9702/6861 5661/9796/6924 5662/9797/6925 5655/9704/6863
f 5655/9798/6863 5662/9799/6925 5663/9800/6926 5656/9709/6865
f 5656/9709/6865 5663/9800/6926 5664/9801/6927 5657/9710/6867
f 5657/9710/6867 5664/9801/6927 5659/9802/6928 5652/9712/6869
f 5819/7236/5129 5826/7240/5131 5828/9803/6929 5821/9725/6877
f 5821/9725/6877 5828/9803/6929 5829/9804/6930 5822/9805/6879
f 5822/9732/6879 5829/9806/6930 5830/9807/6931 5823/9733/6881
f 5823/9733/6881 5830/9807/6931 5831/9808/6932 5824/9735/6883
f 5824/9735/6883 5831/9808/6932 5832/9809/6933 5825/9737/6885
f 5825/9740/6885 5832/9810/6933 5827/9811/6934 5820/9741/6887
f 5931/9643/6819 5938/9644/6820 5940/9812/6935 5933/9654/6825
f 5933/9654/6825 5940/9812/6935 5941/9813/6936 5934/9656/6827
f 5934/9656/6827 5941/9813/6936 5942/9814/6937 5935/9658/6829
f 5935/9661/6829 5942/9815/6937 5943/9816/6938 5936/9662/6831
f 5936/9662/6831 5943/9816/6938 5944/9817/6939 5937/9664/6833
f 5937/9664/6833 5944/9817/6939 5939/9818/6940 5932/9666/6835
f 5714/2437/1720 5722/2438/1721 5727/9819/6876 5716/9765/6905
f 5716/9765/6905 5727/9819/6876 5726/9820/6875 5717/9766/6906
f 5717/9769/6906 5726/9821/6875 5725/9720/6874 5718/9770/6907
f 5718/9770/6907 5725/9720/6874 5724/9718/6873 5719/9771/6908
f 5719/9771/6908 5724/9718/6873 5723/9717/6872 5720/9772/6909
f 5720/9774/6909 5723/9715/6872 5721/9714/6871 5715/9775/6910
f 5882/7252/5139 5890/7254/5140 5895/9764/6904 5884/9776/6911
f 5884/9776/6911 5895/9764/6904 5894/9763/6903 5885/9778/6912
f 5885/9778/6912 5894/9763/6903 5893/9762/6902 5886/9822/6913
f 5886/9781/6913 5893/9759/6902 5892/9757/6901 5887/9782/6914
f 5887/9782/6914 5892/9757/6901 5891/9756/6900 5888/9783/6915
f 5888/9783/6915 5891/9756/6900 5889/4856/3442 5883/9784/6916
f 5770/4848/3434 5777/4847/3435 5779/9823/6941 5772/9824/6917
f 5772/9825/6917 5779/9826/6941 5780/9827/6942 5773/9788/6918
f 5773/9788/6918 5780/9827/6942 5781/9828/6943 5774/9789/6919
f 5774/9789/6919 5781/9828/6943 5782/9829/6944 5775/9790/6920
f 5775/9790/6920 5782/9829/6944 5783/9830/6945 5776/9791/6921
f 5776/9793/6921 5783/9831/6945 5778/9832/6946 5771/9794/6922
f 5658/2427/1712 5665/2426/1713 5667/9833/6947 5660/9834/6923
f 5660/9834/6923 5667/9833/6947 5668/9835/6948 5661/9836/6924
f 5661/9836/6924 5668/9835/6948 5669/9837/6949 5662/9838/6925
f 5662/9799/6925 5669/9839/6949 5670/9840/6950 5663/9800/6926
f 5663/9800/6926 5670/9840/6950 5671/9841/6951 5664/9801/6927
f 5664/9801/6927 5671/9841/6951 5666/9842/6952 5659/9802/6928
f 5938/9646/6820 5945/9645/6821 5947/9843/6953 5940/9844/6935
f 5940/9844/6935 5947/9843/6953 5948/9845/6954 5941/9846/6936
f 5941/9846/6936 5948/9845/6954 5949/9847/6955 5942/9848/6937
f 5942/9815/6937 5949/9849/6955 5950/9850/6956 5943/9816/6938
f 5943/9816/6938 5950/9850/6956 5951/9851/6957 5944/9817/6939
f 5944/9817/6939 5951/9851/6957 5946/9852/6958 5939/9818/6940
f 5826/7240/5131 5833/7242/5132 5835/9853/6959 5828/9803/6929
f 5828/9803/6929 5835/9853/6959 5836/9854/6960 5829/9804/6930
f 5829/9806/6930 5836/9855/6960 5837/9856/6961 5830/9807/6931
f 5830/9807/6931 5837/9856/6961 5838/9857/6962 5831/9808/6932
f 5831/9808/6932 5838/9857/6962 5839/9858/6963 5832/9809/6933
f 5832/9810/6933 5839/9859/6963 5834/9860/6964 5827/9811/6934
f 5777/4847/3435 5785/4850/3436 5790/9861/6965 5779/9823/6941
f 5779/9826/6941 5790/9862/6965 5789/9863/6966 5780/9827/6942
f 5780/9827/6942 5789/9863/6966 5788/9864/6967 5781/9828/6943
f 5781/9828/6943 5788/9864/6967 5787/9865/6968 5782/9829/6944
f 5782/9829/6944 5787/9865/6968 5786/9866/6969 5783/9830/6945
f 5783/9831/6945 5786/9867/6969 5784/9868/6970 5778/9832/6946
f 5945/9645/6821 5953/9647/6822 5958/9869/6971 5947/9843/6953
f 5947/9843/6953 5958/9869/6971 5957/9870/6972 5948/9845/6954
f 5948/9845/6954 5957/9870/6972 5956/9871/6973 5949/9847/6955
f 5949/9849/6955 5956/9872/6973 5955/9873/6974 5950/9850/6956
f 5950/9850/6956 5955/9873/6974 5954/9874/6975 5951/9851/6957
f 5951/9851/6957 5954/9874/6975 5952/9875/6976 5946/9852/6958
f 5665/2426/1713 5673/2428/1714 5678/9876/6977 5667/9833/6947
f 5667/9833/6947 5678/9876/6977 5677/9877/6978 5668/9835/6948
f 5668/9835/6948 5677/9877/6978 5676/9878/6979 5669/9837/6949
f 5669/9839/6949 5676/9879/6979 5675/9880/6980 5670/9840/6950
f 5670/9840/6950 5675/9880/6980 5674/9881/6981 5671/9841/6951
f 5671/9841/6951 5674/9881/6981 5672/9882/6982 5666/9842/6952
f 5833/7242/5132 5841/7244/5133 5846/9883/6983 5835/9853/6959
f 5835/9853/6959 5846/9883/6983 5845/9884/6984 5836/9854/6960
f 5836/9885/6960 5845/9886/6984 5844/9887/6985 5837/9888/6961
f 5837/9888/6961 5844/9887/6985 5843/9889/6986 5838/9890/6962
f 5838/9890/6962 5843/9889/6986 5842/9891/6987 5839/9892/6963
f 5839/9859/6963 5842/9893/6987 5840/9894/6988 5834/9860/6964
f 5785/4850/3436 5792/4851/3437 5797/9895/6989 5790/9861/6965
f 5790/9861/6965 5797/9895/6989 5796/9896/6990 5789/9897/6966
f 5789/9898/6966 5796/9899/6990 5795/9900/6991 5788/9901/6967
f 5788/9901/6967 5795/9900/6991 5794/9902/6992 5787/9903/6968
f 5787/9903/6968 5794/9902/6992 5793/9904/6993 5786/9905/6969
f 5786/9867/6969 5793/9906/6993 5791/9907/6994 5784/9868/6970
f 5896/9908/6995 5973/9909/6996 5975/9910/6997 5898/9911/6998
f 5898/9912/6998 5975/9913/6997 5976/9914/6999 5899/9915/7000
f 5899/9915/7000 5976/9914/6999 5977/9916/7001 5900/9917/7002
f 5900/9918/7002 5977/9919/7001 5978/9920/7003 5901/9921/7004
f 5901/9921/7004 5978/9920/7003 5979/9922/7005 5902/9923/7006
f 5902/9923/7006 5979/9922/7005 5974/9636/6815 5897/9635/5143
f 5841/7244/5133 5848/7246/5134 5853/9924/7007 5846/9883/6983
f 5846/9925/6983 5853/9926/7007 5852/9927/7008 5845/9886/6984
f 5845/9886/6984 5852/9927/7008 5851/9928/7009 5844/9887/6985
f 5844/9887/6985 5851/9928/7009 5850/9929/7010 5843/9889/6986
f 5843/9889/6986 5850/9929/7010 5849/9930/7011 5842/9891/6987
f 5842/9893/6987 5849/9931/7011 5847/9932/7012 5840/9894/6988
f 5673/2428/1714 5680/2429/1715 5685/9933/7013 5678/9876/6977
f 5678/9876/6977 5685/9933/7013 5684/9934/7014 5677/9877/6978
f 5677/9877/6978 5684/9934/7014 5683/9935/7015 5676/9878/6979
f 5676/9879/6979 5683/9936/7015 5682/9937/7016 5675/9880/6980
f 5675/9880/6980 5682/9937/7016 5681/9938/7017 5674/9881/6981
f 5674/9881/6981 5681/9938/7017 5679/9939/7018 5672/9882/6982
f 5953/9647/6822 5960/9648/6823 5965/9940/7019 5958/9869/6971
f 5958/9869/6971 5965/9940/7019 5964/9941/7020 5957/9870/6972
f 5957/9870/6972 5964/9941/7020 5963/9942/7021 5956/9871/6973
f 5956/9872/6973 5963/9943/7021 5962/9944/7022 5955/9873/6974
f 5955/9873/6974 5962/9944/7022 5961/9945/7023 5954/9874/6975
f 5954/9874/6975 5961/9945/7023 5959/9946/7024 5952/9875/6976
f 5897/7257/5143 5904/7256/5142 5909/9947/7025 5902/9948/7006
f 5902/9923/7006 5909/9949/7025 5908/9950/7026 5901/9921/7004
f 5901/9951/7004 5908/9952/7026 5907/9953/7027 5900/9917/7002
f 5900/9917/7002 5907/9953/7027 5906/9954/7028 5899/9915/7000
f 5899/9915/7000 5906/9954/7028 5905/9955/7029 5898/9912/6998
f 5898/9911/6998 5905/9956/7029 5903/9957/7030 5896/9908/6995
f 5729/2441/1724 5736/2440/1723 5741/9958/7031 5734/9959/7032
f 5734/9959/7032 5741/9958/7031 5740/9960/7033 5733/9961/7034
f 5733/9961/7034 5740/9960/7033 5739/9962/7035 5732/9963/7036
f 5732/9964/7036 5739/9965/7035 5738/9966/7037 5731/9967/7038
f 5731/9967/7038 5738/9966/7037 5737/9968/7039 5730/9969/7040
f 5730/9969/7040 5737/9968/7039 5735/9970/7041 5728/9971/7042
f 5728/9971/7042 5805/9972/7043 5807/9973/7044 5730/9969/7040
f 5730/9969/7040 5807/9973/7044 5808/9974/7045 5731/9967/7038
f 5731/9975/7038 5808/9976/7045 5809/9977/7046 5732/9978/7036
f 5732/9963/7036 5809/9979/7046 5810/9980/7047 5733/9961/7034
f 5733/9961/7034 5810/9980/7047 5811/9981/7048 5734/9959/7032
f 5734/9959/7032 5811/9981/7048 5806/9652/3439 5729/2441/1724
f 5848/7248/5134 5855/7247/5135 5860/9982/7049 5853/9983/7007
f 5853/9926/7007 5860/9984/7049 5859/9985/7050 5852/9927/7008
f 5852/9927/7008 5859/9985/7050 5858/9986/7051 5851/9928/7009
f 5851/9928/7009 5858/9986/7051 5857/9987/7052 5850/9929/7010
f 5850/9929/7010 5857/9987/7052 5856/9988/7053 5849/9930/7011
f 5849/9931/7011 5856/9989/7053 5854/9990/7054 5847/9932/7012
f 5792/4851/3437 5799/4852/3438 5804/9991/7055 5797/9895/6989
f 5797/9895/6989 5804/9991/7055 5803/9992/7056 5796/9896/6990
f 5796/9899/6990 5803/9993/7056 5802/9994/7057 5795/9900/6991
f 5795/9900/6991 5802/9994/7057 5801/9995/7058 5794/9902/6992
f 5794/9902/6992 5801/9995/7058 5800/9996/7059 5793/9904/6993
f 5793/9906/6993 5800/9997/7059 5798/9998/7060 5791/9907/6994
f 5960/9650/6823 5967/9649/6824 5972/9999/7061 5965/10000/7019
f 5965/10000/7019 5972/9999/7061 5971/10001/7062 5964/10002/7020
f 5964/10002/7020 5971/10001/7062 5970/10003/7063 5963/10004/7021
f 5963/9943/7021 5970/10005/7063 5969/10006/7064 5962/9944/7022
f 5962/9944/7022 5969/10006/7064 5968/10007/7065 5961/9945/7023
f 5961/9945/7023 5968/10007/7065 5966/10008/7066 5959/9946/7024
f 5680/2429/1715 5687/2431/1716 5692/10009/7067 5685/9933/7013
f 5685/9933/7013 5692/10009/7067 5691/10010/7068 5684/9934/7014
f 5684/10011/7014 5691/10012/7068 5690/10013/7069 5683/10014/7015
f 5683/9936/7015 5690/10015/7069 5689/10016/7070 5682/9937/7016
f 5682/9937/7016 5689/10016/7070 5688/10017/7071 5681/9938/7017
f 5681/9938/7017 5688/10017/7071 5686/10018/7072 5679/9939/7018
f 5904/7256/5142 5911/9639/6817 5916/10019/7073 5909/9947/7025
f 5909/9947/7025 5916/10019/7073 5915/10020/7074 5908/10021/7026
f 5908/9952/7026 5915/10022/7074 5914/10023/7075 5907/9953/7027
f 5907/9953/7027 5914/10023/7075 5913/10024/7076 5906/9954/7028
f 5906/9954/7028 5913/10024/7076 5912/10025/7077 5905/9955/7029
f 5905/9956/7029 5912/10026/7077 5910/10027/7078 5903/9957/7030
f 5736/2440/1723 5743/4838/3427 5748/10028/7079 5741/9958/7031
f 5741/9958/7031 5748/10028/7079 5747/10029/7080 5740/9960/7033
f 5740/9960/7033 5747/10029/7080 5746/10030/7081 5739/9962/7035
f 5739/9965/7035 5746/10031/7081 5745/10032/7082 5738/9966/7037
f 5738/9966/7037 5745/10032/7082 5744/10033/7083 5737/9968/7039
f 5737/9968/7039 5744/10033/7083 5742/10034/7084 5735/9970/7041
f 5911/9639/6817 5918/9638/6816 5923/10035/7085 5916/10019/7073
f 5916/10036/7073 5923/10037/7085 5922/10038/7086 5915/10039/7074
f 5915/10022/7074 5922/10040/7086 5921/10041/7087 5914/10023/7075
f 5914/10023/7075 5921/10041/7087 5920/10042/7088 5913/10024/7076
f 5913/10024/7076 5920/10042/7088 5919/10043/7089 5912/10025/7077
f 5912/10026/7077 5919/10044/7089 5917/9634/6814 5910/10027/7078
f 5799/4852/3438 5806/4853/3439 5811/10045/7048 5804/9991/7055
f 5804/9991/7055 5811/10045/7048 5810/10046/7047 5803/9992/7056
f 5803/9993/7056 5810/10047/7047 5809/9977/7046 5802/9994/7057
f 5802/9994/7057 5809/9977/7046 5808/9976/7045 5801/9995/7058
f 5801/9995/7058 5808/9976/7045 5807/10048/7044 5800/9996/7059
f 5800/9997/7059 5807/9973/7044 5805/9972/7043 5798/9998/7060
f 5855/7247/5135 5862/7249/5136 5867/10049/7090 5860/9982/7049
f 5860/9982/7049 5867/10049/7090 5866/10050/7091 5859/10051/7050
f 5859/9985/7050 5866/10052/7091 5865/10053/7092 5858/9986/7051
f 5858/9986/7051 5865/10053/7092 5864/10054/7093 5857/9987/7052
f 5857/9987/7052 5864/10054/7093 5863/10055/7094 5856/9988/7053
f 5856/9989/7053 5863/10056/7094 5861/10057/7095 5854/9990/7054
f 5687/2433/1716 5694/2432/1717 5699/10058/7096 5692/10059/7067
f 5692/10059/7067 5699/10058/7096 5698/10060/7097 5691/10012/7068
f 5691/10012/7068 5698/10060/7097 5697/10061/7098 5690/10013/7069
f 5690/10015/7069 5697/10062/7098 5696/10063/7099 5689/10016/7070
f 5689/10016/7070 5696/10063/7099 5695/10064/7100 5688/10017/7071
f 5688/10017/7071 5695/10064/7100 5693/10065/7101 5686/10018/7072
f 5967/9649/6824 5974/9636/6815 5979/9922/7005 5972/9999/7061
f 5972/9999/7061 5979/9922/7005 5978/9920/7003 5971/10001/7062
f 5971/10001/7062 5978/9920/7003 5977/9919/7001 5970/10003/7063
f 5970/10003/7063 5977/9919/7001 5976/10066/6999 5969/10067/7064
f 5969/10006/7064 5976/10068/6999 5975/9910/6997 5968/10007/7065
f 5968/10007/7065 5975/9910/6997 5973/9909/6996 5966/10008/7066
f 5743/4843/3427 5750/4842/3431 5755/10069/7102 5748/10070/7079
f 5748/10070/7079 5755/10069/7102 5754/10071/7103 5747/10072/7080
f 5747/10073/7080 5754/10074/7103 5753/10075/7104 5746/10031/7081
f 5746/10031/7081 5753/10075/7104 5752/10076/7105 5745/10032/7082
f 5745/10032/7082 5752/10076/7105 5751/10077/7106 5744/10033/7083
f 5744/10033/7083 5751/10077/7106 5749/4841/3430 5742/10034/7084
f 5694/2432/1717 5701/2434/1718 5706/9669/6837 5699/10058/7096
f 5699/10058/7096 5706/9669/6837 5705/9672/6839 5698/10060/7097
f 5698/10060/7097 5705/9672/6839 5704/9674/6841 5697/10061/7098
f 5697/10062/7098 5704/10078/6841 5703/9679/6843 5696/10063/7099
f 5696/10063/7099 5703/9679/6843 5702/9682/6845 5695/10064/7100
f 5695/10064/7100 5702/9682/6845 5700/9684/6847 5693/10065/7101
f 5750/4842/3431 5757/4844/3432 5762/9686/6849 5755/10069/7102
f 5755/10069/7102 5762/9686/6849 5761/9688/6851 5754/10071/7103
f 5754/10071/7103 5761/9688/6851 5760/9690/6853 5753/10079/7104
f 5753/10075/7104 5760/10080/6853 5759/9695/6855 5752/10076/7105
f 5752/10076/7105 5759/9695/6855 5758/9698/6857 5751/10077/7106
f 5751/10077/7106 5758/9698/6857 5756/4839/3428 5749/4841/3430
f 5918/9642/6816 5925/9641/6818 5930/9655/6826 5923/10037/7085
f 5923/10037/7085 5930/9655/6826 5929/9657/6828 5922/10038/7086
f 5922/10038/7086 5929/9657/6828 5928/9659/6830 5921/10081/7087
f 5921/10041/7087 5928/10082/6830 5927/10083/6832 5920/10042/7088
f 5920/10084/7088 5927/9663/6832 5926/9665/6834 5919/10044/7089
f 5919/10044/7089 5926/9665/6834 5924/9632/6812 5917/9634/6814
f 5862/7249/5136 5869/7250/5137 5874/9743/6889 5867/10049/7090
f 5867/10049/7090 5874/9743/6889 5873/9745/6891 5866/10050/7091
f 5866/10050/7091 5873/9745/6891 5872/10085/6893 5865/10086/7092
f 5865/10087/7092 5872/9749/6893 5871/9751/6895 5864/10088/7093
f 5864/10088/7093 5871/9751/6895 5870/9753/6897 5863/10056/7094
f 5863/10056/7094 5870/9753/6897 5868/9755/6899 5861/10057/7095
f 5700/9684/6847 6218/10089/7107 5693/10065/7101
f 1264/2089/1487 5505/10090/7108 1268/2094/1490 1263/2087/1485
f 1273/2106/1500 1272/2099/1494 1268/2094/1490 5505/10090/7108
f 5505/10091/7109 1264/9290/6580 5493/9289/6579 5498/9297/6585
f 5502/9303/6590 1273/9312/6596 5505/10091/7109 5498/9297/6585
f 5981/10092/7110 5983/10093/7111 5577/4689/3327 5586/4639/3291
f 4198/4654/3301 4207/4672/3315 5982/10094/7112 5980/10095/7113
f 5980/10095/7113 5982/10094/7112 5983/10093/7111 5981/10092/7110
f 2801/4638/3290 2811/4651/3298 5980/10095/7113 5981/10092/7110
f 1373/2244/1598 5983/10093/7111 5982/10094/7112 1363/2223/1584
f 4198/4654/3301 5980/10095/7113 2811/4651/3298
f 1363/2223/1584 5982/10094/7112 4207/4672/3315
f 5577/4689/3327 5983/10093/7111 1373/2244/1598
f 5586/4639/3291 2801/4638/3290 5981/10092/7110
f 5990/10096/7114 5984/5/7114 5986/10097/7115 5993/10098/7115
f 5993/10098/7115 5986/10097/7115 5987/10099/7116 5992/10100/7117
f 5992/10100/7117 5987/10099/7116 5988/10101/7118 5991/10102/7119
f 5991/10103/7119 5988/10104/7118 5985/10105/7120 5989/10106/7121
f 5995/10107/7122 5990/10108/7122 5993/10109/7123 5998/10110/7123
f 5998/10110/7123 5993/10109/7123 5992/10111/7117 5997/10112/7124
f 5997/10112/7124 5992/10111/7117 5991/10113/7119 5996/10114/7125
f 5996/10115/7125 5991/10103/7119 5989/10106/7121 5994/10116/7126
f 6000/2448/7127 5995/2447/7127 5998/10117/7128 6003/10118/7128
f 6003/10118/7128 5998/10117/7128 5997/10119/7124 6002/10120/7129
f 6002/10120/7129 5997/10119/7124 5996/10121/7125 6001/10122/7130
f 6001/10123/7130 5996/10115/7125 5994/10116/7126 5999/10124/7131
f 5984/14/7132 6000/13/7132 6003/10125/7133 5986/10126/7134
f 5986/10127/7134 6003/10128/7133 6002/10129/7129 5987/10130/7116
f 5987/10130/7116 6002/10129/7129 6001/10123/7130 5988/10104/7118
f 5988/10104/7118 6001/10123/7130 5999/10124/7131 5985/10105/7120
f 5984/5/5 5990/10096/1 4265/7262/17 17/6/6
f 6010/10131/7135 6008/10132/7135 6021/10133/7136 6019/10134/7137
f 6014/10135/7138 6017/10136/7138 6024/10137/7139 6023/10138/7140
f 6008/10139/7135 6010/10140/7135 6011/10141/7141 6009/10142/7141
f 6007/10143/7142 6012/10144/7142 6013/10145/7142 6006/10146/7142
f 6015/10147/7143 6016/10148/7143 6017/10136/7138 6014/10135/7138
f 6020/10149/7144 6018/10150/7144 6019/10151/7137 6021/10152/7136
f 6023/10153/7140 6024/10154/7139 6025/10155/7145 6022/10156/7145
f 6147/7201/5104 6168/7203/5108 6169/7136/5070 6146/7135/5068
f 6187/9594/6790 6188/9593/6791 6189/10157/6778 6186/10158/6773
f 6051/2319/1645 6052/2318/1649 6053/2382/1682 6050/2385/1685
f 6050/2389/1685 6072/2391/1689 6073/2315/1646 6051/2314/1645
f 6091/4797/3400 6092/4796/3401 6093/4773/3388 6090/4795/3383
f 6163/7162/5085 6164/7161/5089 6165/7222/5121 6162/7224/5119
f 6035/2366/1677 6036/2370/1678 6037/2368/1659 6034/2329/1654
f 6171/9538/5128 6192/9541/6760 6193/9575/6783 6170/9574/6782
f 6131/7181/5096 6132/7183/5097 6133/7144/5076 6130/7147/5079
f 6107/4749/3374 6108/4756/3378 6109/4813/3411 6106/4815/3409
f 6203/9553/6764 6204/9552/6768 6205/9611/6800 6202/9613/6798
f 6067/2347/1663 6068/2346/1667 6069/10159/1702 6066/10160/1700
f 6170/9574/6782 6172/9576/6784 6173/10161/5125 6171/10162/5128
f 6075/4780/3392 6076/4779/3391 6077/2419/1706 6074/2422/1709
f 6074/2422/1709 6096/4740/3368 6097/4782/3393 6075/4781/3392
f 6146/7133/5068 6148/7132/5067 6149/7193/5101 6147/7196/5104
f 6052/2323/1649 6054/2322/1651 6055/2386/1686 6053/2388/1682
f 6172/9579/6784 6174/9578/6786 6175/9534/6757 6173/9537/5125
f 6092/4796/3401 6094/4798/3402 6095/4770/3385 6093/4773/3388
f 6132/7183/5097 6134/7184/5098 6135/7148/5080 6133/7144/5076
f 6036/2372/1678 6038/2371/1679 6039/2332/1656 6037/2335/1659
f 6108/4760/3378 6110/4759/3380 6111/10163/3413 6109/10164/3411
f 6148/7140/5067 6150/7139/5073 6151/10165/5105 6149/10166/5101
f 6204/9556/6768 6206/9555/6770 6207/9614/6802 6205/9616/6800
f 6068/2351/1667 6070/2350/1669 6071/10167/1704 6069/10168/1702
f 6164/7166/5089 6166/7165/5091 6167/7225/5123 6165/7228/5121
f 6188/9596/6791 6190/9595/6792 6191/9563/6775 6189/9566/6778
f 6076/4779/3391 6078/4784/3395 6079/4741/3369 6077/4743/1706
f 6054/2327/1651 6056/2326/1653 6057/2392/1690 6055/2395/1686
f 6094/4800/3402 6097/4799/3393 6096/4774/3368 6095/4776/3385
f 6206/9559/6770 6208/9558/6772 6209/9617/6804 6207/9620/6802
f 6038/2375/1679 6040/2374/1680 6041/2336/1660 6039/2332/1656
f 6190/9595/6792 6193/9575/6783 6192/9567/6760 6191/9569/6775
f 6110/4764/3380 6112/4763/3382 6113/4819/3415 6111/4822/3413
f 6150/7139/5073 6152/7143/5075 6153/10169/5109 6151/10170/5105
f 6134/7184/5098 6136/7185/5099 6137/10171/5082 6135/10172/5080
f 6070/2355/1669 6073/2354/1646 6072/2416/1689 6071/2418/1704
f 6174/10173/6786 6176/10174/6787 6177/9542/6761 6175/9545/6757
f 6166/7169/5091 6169/7136/5070 6168/7229/5108 6167/7230/5123
f 6078/4787/3395 6080/4786/3397 6081/4744/3371 6079/4747/3369
f 6056/2326/1653 6058/2330/1655 6059/2396/1692 6057/2398/1690
f 6040/2378/1680 6042/2377/1665 6043/2339/1662 6041/2342/1660
f 6112/4768/3382 6114/4767/3384 6115/10175/3417 6113/10176/3415
f 6176/9583/6787 6178/9550/6766 6179/9546/6763 6177/9542/6761
f 6136/7187/5099 6138/7186/5087 6139/10177/5084 6137/10178/5082
f 6152/10179/5075 6154/10180/5078 6155/7207/5111 6153/7210/5109
f 6080/4789/3397 6082/4753/3376 6083/4748/3373 6081/4744/3371
f 6208/9558/6772 6210/9562/6774 6211/9621/6806 6209/9617/6804
f 6195/9570/6779 6216/9573/6781 6217/9540/6759 6194/9539/5127
f 6138/7159/5087 6140/7158/5086 6141/10181/5088 6139/10177/5084
f 6099/2421/1708 6100/2420/1707 6101/4777/3389 6098/4778/3390
f 6098/4778/3390 6120/4805/3406 6121/4739/3367 6099/4738/1708
f 6154/7146/5078 6156/7145/5077 6157/7211/5113 6155/7207/5111
f 6058/2330/1655 6060/2369/1658 6061/2399/1694 6059/2396/1692
f 6210/9591/6774 6212/9590/6777 6213/9623/6808 6211/9625/6806
f 6178/9550/6766 6180/9549/6765 6181/9551/6767 6179/9546/6763
f 6114/4794/3384 6116/4772/3387 6117/10182/3419 6115/10183/3417
f 6042/2344/1665 6044/2343/1664 6045/10184/1666 6043/10185/1662
f 6194/7233/5127 6196/7232/5126 6197/10186/6793 6195/10187/6779
f 6123/7134/5069 6144/7137/5071 6145/7171/5092 6122/4836/3425
f 6027/10188/1673 6028/2359/1672 6029/2317/1648 6026/2320/1644
f 6026/2313/1644 6048/2316/1647 6049/2361/1674 6027/2360/1673
f 6122/4836/3425 6124/4835/3424 6125/7131/5066 6123/7134/5069
f 6082/4753/3376 6084/4752/3375 6085/4755/3377 6083/4757/3373
f 6212/9565/6777 6214/9564/6776 6215/9626/6810 6213/9629/6808
f 6100/2420/1707 6102/4742/3370 6103/4801/3403 6101/4803/3389
f 6060/2334/1658 6062/2333/1657 6063/2401/1696 6061/2404/1694
f 6156/7150/5077 6158/7149/5081 6159/10189/5115 6157/10190/5113
f 6196/9536/5126 6198/9535/6758 6199/10191/6794 6197/10192/6793
f 6116/4772/3387 6118/4771/3386 6119/10193/3421 6117/10194/3419
f 6044/2380/1664 6046/2379/1681 6047/2349/1668 6045/2352/1666
f 6124/7174/3424 6126/7173/5094 6127/7138/5072 6125/7141/5066
f 6028/2359/1672 6030/2358/1671 6031/2321/1650 6029/2324/1648
f 6180/9549/6765 6182/9584/6788 6183/9554/6769 6181/9551/6767
f 6084/4791/3375 6086/4790/3398 6087/4758/3379 6085/4761/3377
f 6140/10195/5086 6142/10196/5100 6143/7164/5090 6141/7167/5088
f 6102/4746/3370 6104/4745/3372 6105/4806/3407 6103/4809/3403
f 6126/7173/5094 6128/7177/5095 6129/7142/5074 6127/7138/5072
f 6182/9586/6788 6184/9585/6789 6185/10197/6771 6183/10198/6769
f 6062/2338/1657 6064/2337/1661 6065/2405/1698 6063/2407/1696
f 6198/9544/6758 6200/9543/6762 6201/9604/6796 6199/9607/6794
f 6118/4771/3386 6121/4775/3367 6120/10199/3406 6119/10200/3421
f 6142/7192/5100 6145/7191/5092 6144/7168/5071 6143/7170/5090
f 6046/2379/1681 6049/2381/1674 6048/10201/1647 6047/10202/1668
f 6214/9568/6776 6217/9540/6759 6216/9630/6781 6215/9631/6810
f 6030/2364/1671 6032/2363/1676 6033/2325/1652 6031/2328/1650
f 6158/7153/5081 6160/7152/5083 6161/7217/5117 6159/7219/5115
f 6086/4790/3398 6088/4792/3399 6089/4762/3381 6087/4765/3379
f 6104/4750/3372 6107/4749/3374 6106/4810/3409 6105/4812/3407
f 6064/2341/1661 6067/2340/1663 6066/2408/1700 6065/2405/1698
f 6160/7152/5083 6163/7156/5085 6162/7220/5119 6161/7217/5117
f 6184/9588/6789 6187/9587/6790 6186/10158/6773 6185/10197/6771
f 6200/9548/6762 6203/9547/6764 6202/9608/6798 6201/9610/6796
f 6032/2367/1676 6035/2366/1677 6034/2329/1654 6033/2331/1652
f 6088/4792/3399 6091/4793/3400 6090/4766/3383 6089/4769/3381
f 6128/7182/5095 6131/7181/5096 6130/10203/5079 6129/10204/5074
f 1412/2297/1636 6028/2359/1672 6027/10188/1673 1411/2295/1634
f 5693/10065/7101 6218/10089/7107 5686/10018/7072
f 5686/10018/7072 6218/10089/7107 5679/9939/7018
f 5679/9939/7018 6218/10089/7107 5672/9882/6982
f 5672/9882/6982 6218/10089/7107 5666/9842/6952
f 5666/9842/6952 6218/10089/7107 5659/9802/6928
f 5659/9802/6928 6218/10089/7107 5652/9712/6869
f 5652/9712/6869 6218/10089/7107 5644/9713/6870
f 5644/9713/6870 6218/10089/7107 5721/9714/6871
f 5721/9714/6871 6218/10089/7107 5715/9775/6910
f 5715/9775/6910 6218/10089/7107 5708/9683/6846
f 5708/9683/6846 6218/10089/7107 5700/9684/6847
f 5861/10057/7095 6219/4855/3441 5854/9990/7054
f 5840/9894/6988 6219/4855/3441 5834/9860/6964
f 5883/9784/6916 6219/4855/3441 5876/9754/6898
f 5827/9811/6934 6219/4855/3441 5820/9741/6887
f 5868/9755/6899 6219/4855/3441 5861/10057/7095
f 5834/9860/6964 6219/4855/3441 5827/9811/6934
f 5876/9754/6898 6219/4855/3441 5868/9755/6899
f 5847/9932/7012 6219/4855/3441 5840/9894/6988
f 5889/4856/3442 6219/4855/3441 5883/9784/6916
f 5854/9990/7054 6219/4855/3441 5847/9932/7012
f 6219/4855/3441 5812/4854/3440 5820/9741/6887
f 5749/4841/3430 6220/4840/3429 5742/10034/7084
f 5728/9971/7042 6220/4840/3429 5805/9972/7043
f 6220/4840/3429 5784/9868/6970 5791/9907/6994
f 5735/9970/7041 6220/4840/3429 5728/9971/7042
f 5778/9832/6946 6220/4840/3429 5771/9794/6922
f 5742/10034/7084 6220/4840/3429 5735/9970/7041
f 5784/9868/6970 6220/4840/3429 5778/9832/6946
f 5798/9998/7060 6220/4840/3429 5791/9907/6994
f 6220/4840/3429 5756/4839/3428 5764/9699/6858
f 5805/9972/7043 6220/4840/3429 5798/9998/7060
f 5764/9699/6858 5771/9794/6922 6220/4840/3429
f 5910/10027/7078 6221/9633/6813 5903/9957/7030
f 6221/9633/6813 5932/9666/6835 5939/9818/6940
f 5973/9909/6996 6221/9633/6813 5966/10008/7066
f 5896/9908/6995 6221/9633/6813 5973/9909/6996
f 5939/9818/6940 5946/9852/6958 6221/9633/6813
f 5903/9957/7030 6221/9633/6813 5896/9908/6995
f 6221/9633/6813 5946/9852/6958 5952/9875/6976
f 5959/9946/7024 6221/9633/6813 5952/9875/6976
f 5917/9634/6814 6221/9633/6813 5910/10027/7078
f 5966/10008/7066 6221/9633/6813 5959/9946/7024
f 6221/9633/6813 5924/9632/6812 5932/9666/6835
f 2/10205/7146 5989/10106/7121 5985/10105/7120 3/10206/7146
