# Blender 5.2.0 LTS
# www.blender.org
o Cube
v -1.000000 0.113099 1.000000 0.7255 0.6745 0.2000
v -1.000000 1.000000 1.000000 0.7255 0.6745 0.2000
v 1.000000 -1.000000 1.000000 0.7255 0.6745 0.2000
v 1.000000 1.000000 1.000000 0.7255 0.6745 0.2000
v 1.000000 0.111252 1.000000 0.7255 0.6745 0.2000
v -0.629950 -0.744510 1.000000 0.7255 0.6745 0.2000
v -0.629950 1.000000 1.000000 0.7255 0.6745 0.2000
v -0.629950 0.113099 1.000000 0.7255 0.6745 0.2000
v 0.575167 -1.000000 1.000000 0.7255 0.6745 0.2000
v 0.575167 0.111252 1.000000 0.7255 0.6745 0.2000
v 0.575167 1.000000 1.000000 0.7255 0.6745 0.2000
v 0.787583 -1.000000 1.000000 0.7255 0.6745 0.2000
v 0.787583 0.111252 1.000000 0.7255 0.6745 0.2000
v 0.787583 1.000000 1.000000 0.7255 0.6745 0.2000
v -0.814975 1.000000 1.000000 0.7255 0.6745 0.2000
v -0.814975 0.114209 1.000000 0.7255 0.6745 0.2000
v -0.816134 0.190945 1.000000 0.7255 0.6745 0.2000
v 1.000000 1.000000 0.851330 0.7255 0.6745 0.2000
v -1.000000 0.113099 0.851330 0.7255 0.6745 0.2000
v 1.000000 -1.000000 0.851330 0.7255 0.6745 0.2000
v -1.000000 1.000000 0.851330 0.7255 0.6745 0.2000
v 1.000000 0.111252 0.851330 0.7255 0.6745 0.2000
v -0.629950 1.000000 0.851330 0.7255 0.6745 0.2000
v -0.629950 -0.744510 0.851330 0.7255 0.6745 0.2000
v 0.575167 1.000000 0.851330 0.7255 0.6745 0.2000
v 0.575167 -1.000000 0.851330 0.7255 0.6745 0.2000
v 0.787583 1.000000 0.851330 0.7255 0.6745 0.2000
v 0.787583 -1.000000 0.851330 0.7255 0.6745 0.2000
v -0.814975 0.114209 0.851330 0.7255 0.6745 0.2000
v -0.814975 1.000000 0.851330 0.7255 0.6745 0.2000
v 1.000000 -1.000000 0.660684 0.7255 0.6745 0.2000
v -1.000000 1.000000 0.660684 0.7255 0.6745 0.2000
v 1.000000 0.111252 0.660684 0.7255 0.6745 0.2000
v 1.000000 1.000000 0.660684 0.7255 0.6745 0.2000
v -1.000000 0.113099 0.660684 0.7255 0.6745 0.2000
v -0.629950 1.000000 0.660684 0.7255 0.6745 0.2000
v -0.629950 -0.744510 0.660684 0.7255 0.6745 0.2000
v 0.575167 1.000000 0.660684 0.7255 0.6745 0.2000
v 0.575167 -1.000000 0.660684 0.7255 0.6745 0.2000
v 0.787583 1.000000 0.660684 0.7255 0.6745 0.2000
v 0.787583 -1.000000 0.660684 0.7255 0.6745 0.2000
v -0.814975 0.114209 0.660684 0.7255 0.6745 0.2000
v -0.810502 1.000000 0.660684 0.7255 0.6745 0.2000
v 1.000000 1.000000 0.246304 0.7255 0.6745 0.2000
v -1.000000 0.113099 0.246304 0.7255 0.6745 0.2000
v -0.629950 1.000000 0.246304 0.7255 0.6745 0.2000
v -0.629950 -0.744510 0.246304 0.7255 0.6745 0.2000
v 0.575167 1.000000 0.246304 0.7255 0.6745 0.2000
v 0.575167 -1.000000 0.246304 0.7255 0.6745 0.2000
v 0.787583 1.000000 0.246304 0.7255 0.6745 0.2000
v 0.787583 -1.000000 0.246304 0.7255 0.6745 0.2000
v -0.814975 0.114209 0.246304 0.7255 0.6745 0.2000
v -0.814975 1.000000 0.246304 0.7255 0.6745 0.2000
v 1.000000 -1.000000 0.246304 0.7255 0.6745 0.2000
v -1.000000 1.000000 0.246304 0.7255 0.6745 0.2000
v 1.000000 0.111252 0.246304 0.7255 0.6745 0.2000
v -0.647382 2.768865 0.667830 0.7255 0.6745 0.2000
v -0.647382 2.768926 0.844973 0.7255 0.6745 0.2000
v -0.800502 2.580737 0.660684 0.7255 0.6745 0.2000
v 0.569424 2.535233 0.246304 0.7255 0.6745 0.2000
v 0.781841 2.535233 0.246304 0.7255 0.6745 0.2000
v 1.000000 1.000000 0.000000 0.7255 0.6745 0.2000
v -1.000000 0.113099 0.000000 0.7255 0.6745 0.2000
v -0.629950 1.000000 0.000000 0.7255 0.6745 0.2000
v -0.629950 -0.744510 0.000000 0.7255 0.6745 0.2000
v 0.575167 1.000000 0.000000 0.7255 0.6745 0.2000
v 0.575167 -1.000000 0.000000 0.7255 0.6745 0.2000
v 0.787583 1.000000 0.000000 0.7255 0.6745 0.2000
v 0.787583 -1.000000 0.000000 0.7255 0.6745 0.2000
v -0.814975 0.114209 0.000000 0.7255 0.6745 0.2000
v -0.814975 1.000000 0.000000 0.7255 0.6745 0.2000
v 1.000000 -1.000000 0.000000 0.7255 0.6745 0.2000
v -1.000000 1.000000 0.000000 0.7255 0.6745 0.2000
v 1.000000 0.111252 0.000000 0.7255 0.6745 0.2000
v 0.569424 2.535233 0.000000 0.7255 0.6745 0.2000
v 0.781841 2.535233 0.000000 0.7255 0.6745 0.2000
v -0.718809 2.529926 0.674998 0.7255 0.6745 0.2000
v -0.724867 2.536106 0.838635 0.7255 0.6745 0.2000
v -0.759719 2.562213 0.674995 0.7255 0.6745 0.2000
v -0.750177 2.560694 0.838637 0.7255 0.6745 0.2000
v -0.781286 2.652201 0.674987 0.7255 0.6745 0.2000
v -0.792086 2.770922 0.674977 0.7255 0.6745 0.2000
v -0.792086 2.771045 0.838617 0.7255 0.6745 0.2000
v -0.752472 2.974513 0.674959 0.7255 0.6745 0.2000
v -0.752472 2.974636 0.838599 0.7255 0.6745 0.2000
v -0.718809 2.990242 0.674958 0.7255 0.6745 0.2000
v -0.718809 2.990366 0.838598 0.7255 0.6745 0.2000
v -0.685146 2.974513 0.674959 0.7255 0.6745 0.2000
v -0.656332 2.652201 0.674987 0.7255 0.6745 0.2000
v 0.679219 2.529926 0.044880 0.7255 0.6745 0.2000
v 0.679219 2.530049 0.208520 0.7255 0.6745 0.2000
v 0.638309 2.562213 0.044878 0.7255 0.6745 0.2000
v 0.638309 2.562336 0.208517 0.7255 0.6745 0.2000
v 0.632095 2.655458 0.044869 0.7255 0.6745 0.2000
v 0.632095 2.655581 0.208509 0.7255 0.6745 0.2000
v 0.621591 2.770922 0.044859 0.7255 0.6745 0.2000
v 0.621591 2.771045 0.208499 0.7255 0.6745 0.2000
v 0.632095 2.886386 0.044849 0.7255 0.6745 0.2000
v 0.632095 2.886509 0.208489 0.7255 0.6745 0.2000
v 0.658831 2.965135 0.044843 0.7255 0.6745 0.2000
v 0.658831 2.965259 0.208482 0.7255 0.6745 0.2000
v 0.679219 2.981226 0.044841 0.7255 0.6745 0.2000
v 0.679219 2.981349 0.208481 0.7255 0.6745 0.2000
v 0.699607 2.965135 0.044843 0.7255 0.6745 0.2000
v 0.699607 2.965259 0.208482 0.7255 0.6745 0.2000
v 0.726343 2.886386 0.044849 0.7255 0.6745 0.2000
v 0.726343 2.886509 0.208489 0.7255 0.6745 0.2000
v 0.736847 2.770922 0.044859 0.7255 0.6745 0.2000
v 0.736847 2.771045 0.208499 0.7255 0.6745 0.2000
v 0.726343 2.655458 0.044869 0.7255 0.6745 0.2000
v 0.726343 2.655581 0.208509 0.7255 0.6745 0.2000
v 0.699607 2.576709 0.044876 0.7255 0.6745 0.2000
v 0.699607 2.576832 0.208516 0.7255 0.6745 0.2000
v -0.350136 1.000000 1.000000 0.7255 0.6745 0.2000
v -0.350136 -0.803832 1.000000 0.7255 0.6745 0.2000
v -0.350136 0.112670 1.000000 0.7255 0.6745 0.2000
v -0.350136 -0.803832 0.851330 0.7255 0.6745 0.2000
v -0.350136 1.000000 0.851330 0.7255 0.6745 0.2000
v -0.350136 1.000000 0.660684 0.7255 0.6745 0.2000
v -0.350136 -0.803832 0.660684 0.7255 0.6745 0.2000
v -0.350136 -0.803832 0.246304 0.7255 0.6745 0.2000
v -0.350136 1.000000 0.246304 0.7255 0.6745 0.2000
v -0.350136 1.000000 0.000000 0.7255 0.6745 0.2000
v -0.350136 -0.803832 0.000000 0.7255 0.6745 0.2000
v -0.309380 -0.812472 1.000000 0.7255 0.6745 0.2000
v -0.309380 0.112608 1.000000 0.7255 0.6745 0.2000
v -0.309380 1.000000 0.851330 0.7255 0.6745 0.2000
v -0.309380 1.000000 0.660684 0.7255 0.6745 0.2000
v -0.309380 1.000000 0.246304 0.7255 0.6745 0.2000
v -0.309380 1.000000 0.000000 0.7255 0.6745 0.2000
v -0.309380 1.000000 1.000000 0.7255 0.6745 0.2000
v -0.309380 -0.812472 0.851330 0.7255 0.6745 0.2000
v -0.309380 -0.812472 0.660684 0.7255 0.6745 0.2000
v -0.309380 -0.812472 0.246304 0.7255 0.6745 0.2000
v -0.309380 -0.812472 0.000000 0.7255 0.6745 0.2000
v 0.240502 -0.929050 1.000000 0.7255 0.6745 0.2000
v 0.240502 0.111765 1.000000 0.7255 0.6745 0.2000
v 0.240502 1.000000 0.851330 0.7255 0.6745 0.2000
v 0.240502 1.000000 0.660684 0.7255 0.6745 0.2000
v 0.240502 1.000000 0.246304 0.7255 0.6745 0.2000
v 0.240502 1.000000 0.000000 0.7255 0.6745 0.2000
v 0.240502 1.000000 1.000000 0.7255 0.6745 0.2000
v 0.240502 -0.929050 0.851330 0.7255 0.6745 0.2000
v 0.240502 -0.929050 0.660684 0.7255 0.6745 0.2000
v 0.240502 -0.929050 0.246304 0.7255 0.6745 0.2000
v 0.240502 -0.929050 0.000000 0.7255 0.6745 0.2000
v 0.152570 1.000000 1.000000 0.7255 0.6745 0.2000
v 0.152570 -0.910408 0.851330 0.7255 0.6745 0.2000
v 0.152570 -0.910408 0.660684 0.7255 0.6745 0.2000
v 0.152570 -0.910408 0.246304 0.7255 0.6745 0.2000
v 0.152570 -0.910408 0.000000 0.7255 0.6745 0.2000
v 0.152570 -0.910408 1.000000 0.7255 0.6745 0.2000
v 0.152570 0.111900 1.000000 0.7255 0.6745 0.2000
v 0.152570 1.000000 0.851330 0.7255 0.6745 0.2000
v 0.152570 1.000000 0.660684 0.7255 0.6745 0.2000
v 0.152570 1.000000 0.246304 0.7255 0.6745 0.2000
v 0.152570 1.000000 0.000000 0.7255 0.6745 0.2000
v 0.146552 -1.005901 1.000000 0.7255 0.6745 0.2000
v 0.234484 -1.024543 1.000000 0.7255 0.6745 0.2000
v 0.234484 -1.024543 0.000000 0.7255 0.6745 0.2000
v 0.234484 -1.024543 0.246304 0.7255 0.6745 0.2000
v 0.234484 -1.024543 0.660684 0.7255 0.6745 0.2000
v 0.234484 -1.024543 0.851330 0.7255 0.6745 0.2000
v 0.146552 -1.005901 0.851330 0.7255 0.6745 0.2000
v 0.146552 -1.005901 0.660684 0.7255 0.6745 0.2000
v 0.146552 -1.005901 0.246304 0.7255 0.6745 0.2000
v 0.146552 -1.005901 0.000000 0.7255 0.6745 0.2000
v -0.309380 -0.912421 0.851330 0.7255 0.6745 0.2000
v -0.350136 -0.903781 0.851330 0.7255 0.6745 0.2000
v -0.309380 -0.912421 0.660684 0.7255 0.6745 0.2000
v -0.350136 -0.903781 0.660684 0.7255 0.6745 0.2000
v -0.309380 -0.912421 0.246304 0.7255 0.6745 0.2000
v -0.350136 -0.903781 0.246304 0.7255 0.6745 0.2000
v -0.309380 -0.912421 0.000000 0.7255 0.6745 0.2000
v -0.350136 -0.903781 0.000000 0.7255 0.6745 0.2000
v -0.350136 -0.903781 1.000000 0.7255 0.6745 0.2000
v -0.309380 -0.912421 1.000000 0.7255 0.6745 0.2000
v -0.626240 -0.592676 0.851330 0.7255 0.6745 0.2000
v -0.626240 -0.592676 1.000000 0.7255 0.6745 0.2000
v -0.626240 -0.592676 0.660684 0.7255 0.6745 0.2000
v -0.346425 -0.651998 0.851330 0.7255 0.6745 0.2000
v -0.626240 -0.592676 0.246304 0.7255 0.6745 0.2000
v -0.346425 -0.651998 0.660684 0.7255 0.6745 0.2000
v -0.626240 -0.592676 0.000000 0.7255 0.6745 0.2000
v -0.346425 -0.651998 0.246304 0.7255 0.6745 0.2000
v -0.346425 -0.651998 0.000000 0.7255 0.6745 0.2000
v -0.346425 -0.651998 1.000000 0.7255 0.6745 0.2000
v -0.735779 2.550485 0.674996 0.7255 0.6745 0.2000
v -0.781286 2.652325 0.838627 0.7255 0.6745 0.2000
v -0.781286 2.889643 0.674966 0.7255 0.6745 0.2000
v -0.781286 2.889766 0.838606 0.7255 0.6745 0.2000
v -0.718809 3.011919 0.674956 0.7255 0.6745 0.2000
v -0.718809 3.012042 0.838596 0.7255 0.6745 0.2000
v -0.685146 2.974636 0.838599 0.7255 0.6745 0.2000
v -0.656332 2.889643 0.674966 0.7255 0.6745 0.2000
v -0.656332 2.889766 0.838606 0.7255 0.6745 0.2000
v -0.656332 2.652325 0.838627 0.7255 0.6745 0.2000
v -0.685146 2.567332 0.674994 0.7255 0.6745 0.2000
v -0.685146 2.567455 0.838634 0.7255 0.6745 0.2000
v 0.663698 2.552444 0.208519 0.7255 0.6745 0.2000
v 0.663698 2.552321 0.044879 0.7255 0.6745 0.2000
v 0.608361 2.650424 0.044870 0.7255 0.6745 0.2000
v 0.608361 2.650547 0.208510 0.7255 0.6745 0.2000
v 0.597399 2.770922 0.044859 0.7255 0.6745 0.2000
v 0.597399 2.771045 0.208499 0.7255 0.6745 0.2000
v 0.608361 2.891420 0.044849 0.7255 0.6745 0.2000
v 0.608361 2.891544 0.208489 0.7255 0.6745 0.2000
v 0.638309 2.979631 0.044841 0.7255 0.6745 0.2000
v 0.638309 2.979754 0.208481 0.7255 0.6745 0.2000
v 0.679219 3.011919 0.044838 0.7255 0.6745 0.2000
v 0.679219 3.012042 0.208478 0.7255 0.6745 0.2000
v 0.720129 2.979631 0.044841 0.7255 0.6745 0.2000
v 0.720129 2.979754 0.208481 0.7255 0.6745 0.2000
v 0.750077 2.891420 0.044849 0.7255 0.6745 0.2000
v 0.750077 2.891544 0.208489 0.7255 0.6745 0.2000
v 0.761039 2.770922 0.044859 0.7255 0.6745 0.2000
v 0.761039 2.771045 0.208499 0.7255 0.6745 0.2000
v 0.750077 2.650424 0.044870 0.7255 0.6745 0.2000
v 0.750077 2.650547 0.208510 0.7255 0.6745 0.2000
v 0.720129 2.562213 0.044878 0.7255 0.6745 0.2000
v 0.720129 2.562336 0.208517 0.7255 0.6745 0.2000
v -0.656858 -0.619626 1.000000 0.7255 0.6745 0.2000
v -0.657027 0.124421 1.000000 0.7255 0.6745 0.2000
v -0.656858 1.000000 1.000000 0.7255 0.6745 0.2000
v -0.656858 1.000000 0.851330 0.7255 0.6745 0.2000
v -0.656858 -0.619626 0.851330 0.7255 0.6745 0.2000
v -0.656858 -0.619626 0.660684 0.7255 0.6745 0.2000
v -0.656858 1.000000 0.660684 0.7255 0.6745 0.2000
v -0.656858 1.000000 0.246304 0.7255 0.6745 0.2000
v -0.774254 -0.873457 0.146293 0.7255 0.6745 0.2000
v -0.650815 2.580737 0.660684 0.7255 0.6745 0.2000
v -0.783639 -0.893750 0.000000 0.7255 0.6745 0.2000
v -0.656858 1.000000 0.000000 0.7255 0.6745 0.2000
v -0.775305 -0.977170 0.132695 0.7255 0.6745 0.2000
v -0.790215 -0.907970 0.132695 0.7255 0.6745 0.2000
v -0.758128 -0.949676 0.146120 0.7255 0.6745 0.2000
v -0.755192 -0.944977 -0.003271 0.7255 0.6745 0.2000
v -0.716774 -1.523497 0.135243 0.7255 0.6745 0.2000
v -0.696603 -1.491212 -0.000388 0.7255 0.6745 0.2000
v -0.699597 -1.496004 0.148668 0.7255 0.6745 0.2000
v -0.794365 -0.981037 0.132695 0.7255 0.6745 0.2000
v -0.809275 -0.943598 0.132695 0.7255 0.6745 0.2000
v 1.000000 1.000000 0.293492 0.7255 0.6745 0.2000
v -1.000000 0.113099 0.293492 0.7255 0.6745 0.2000
v -0.629950 1.000000 0.293492 0.7255 0.6745 0.2000
v -0.629950 -0.744510 0.293492 0.7255 0.6745 0.2000
v 0.575167 1.000000 0.293492 0.7255 0.6745 0.2000
v 0.575167 -1.000000 0.293492 0.7255 0.6745 0.2000
v 0.787583 1.000000 0.293492 0.7255 0.6745 0.2000
v 0.787583 -1.000000 0.293492 0.7255 0.6745 0.2000
v -0.814975 0.114209 0.293492 0.7255 0.6745 0.2000
v -0.814975 1.000000 0.293492 0.7255 0.6745 0.2000
v 1.000000 -1.000000 0.293492 0.7255 0.6745 0.2000
v -1.000000 1.000000 0.293492 0.7255 0.6745 0.2000
v 1.000000 0.111252 0.293492 0.7255 0.6745 0.2000
v -0.350136 -0.803832 0.293492 0.7255 0.6745 0.2000
v -0.350136 1.000000 0.293492 0.7255 0.6745 0.2000
v -0.309380 1.000000 0.293492 0.7255 0.6745 0.2000
v -0.309380 -0.812472 0.293492 0.7255 0.6745 0.2000
v 0.240502 1.000000 0.293492 0.7255 0.6745 0.2000
v 0.240502 -0.929050 0.293492 0.7255 0.6745 0.2000
v 0.152570 -0.910408 0.293492 0.7255 0.6745 0.2000
v 0.152570 1.000000 0.293492 0.7255 0.6745 0.2000
v 0.234484 -1.024543 0.293492 0.7255 0.6745 0.2000
v 0.146552 -1.005901 0.293492 0.7255 0.6745 0.2000
v -0.350136 -0.903781 0.293492 0.7255 0.6745 0.2000
v -0.309380 -0.912421 0.293492 0.7255 0.6745 0.2000
v -0.626240 -0.592676 0.293492 0.7255 0.6745 0.2000
v -0.346425 -0.651998 0.293492 0.7255 0.6745 0.2000
v -0.656858 1.000000 0.293492 0.7255 0.6745 0.2000
v -0.656858 -0.619626 0.293492 0.7255 0.6745 0.2000
v -0.348910 -0.753691 0.246304 0.7255 0.6745 0.2000
v -0.628725 -0.694369 0.246304 0.7255 0.6745 0.2000
v -0.628725 -0.694369 0.293492 0.7255 0.6745 0.2000
v -0.348910 -0.753691 0.293492 0.7255 0.6745 0.2000
v -1.000000 0.113099 -1.000000 0.7255 0.6745 0.2000
v -1.000000 1.000000 -1.000000 0.7255 0.6745 0.2000
v 1.000000 -1.000000 -1.000000 0.7255 0.6745 0.2000
v 1.000000 1.000000 -1.000000 0.7255 0.6745 0.2000
v 1.000000 0.111252 -1.000000 0.7255 0.6745 0.2000
v -0.629950 -0.744510 -1.000000 0.7255 0.6745 0.2000
v -0.629950 1.000000 -1.000000 0.7255 0.6745 0.2000
v -0.629950 0.113099 -1.000000 0.7255 0.6745 0.2000
v 0.575167 -1.000000 -1.000000 0.7255 0.6745 0.2000
v 0.575167 0.111252 -1.000000 0.7255 0.6745 0.2000
v 0.575167 1.000000 -1.000000 0.7255 0.6745 0.2000
v 0.787583 -1.000000 -1.000000 0.7255 0.6745 0.2000
v 0.787583 0.111252 -1.000000 0.7255 0.6745 0.2000
v 0.787583 1.000000 -1.000000 0.7255 0.6745 0.2000
v -0.814975 1.000000 -1.000000 0.7255 0.6745 0.2000
v -0.814975 0.114209 -1.000000 0.7255 0.6745 0.2000
v -0.816134 0.190945 -1.000000 0.7255 0.6745 0.2000
v 1.000000 1.000000 -0.851330 0.7255 0.6745 0.2000
v -1.000000 0.113099 -0.851330 0.7255 0.6745 0.2000
v 1.000000 -1.000000 -0.851330 0.7255 0.6745 0.2000
v -1.000000 1.000000 -0.851330 0.7255 0.6745 0.2000
v 1.000000 0.111252 -0.851330 0.7255 0.6745 0.2000
v -0.629950 1.000000 -0.851330 0.7255 0.6745 0.2000
v -0.629950 -0.744510 -0.851330 0.7255 0.6745 0.2000
v 0.575167 1.000000 -0.851330 0.7255 0.6745 0.2000
v 0.575167 -1.000000 -0.851330 0.7255 0.6745 0.2000
v 0.787583 1.000000 -0.851330 0.7255 0.6745 0.2000
v 0.787583 -1.000000 -0.851330 0.7255 0.6745 0.2000
v -0.814975 0.114209 -0.851330 0.7255 0.6745 0.2000
v -0.810502 1.000000 -0.851330 0.7255 0.6745 0.2000
v 1.000000 -1.000000 -0.660684 0.7255 0.6745 0.2000
v -1.000000 1.000000 -0.660684 0.7255 0.6745 0.2000
v 1.000000 0.111252 -0.660684 0.7255 0.6745 0.2000
v 1.000000 1.000000 -0.660684 0.7255 0.6745 0.2000
v -1.000000 0.113099 -0.660684 0.7255 0.6745 0.2000
v -0.629950 1.000000 -0.660684 0.7255 0.6745 0.2000
v -0.629950 -0.744510 -0.660684 0.7255 0.6745 0.2000
v 0.575167 1.000000 -0.660684 0.7255 0.6745 0.2000
v 0.575167 -1.000000 -0.660684 0.7255 0.6745 0.2000
v 0.787583 1.000000 -0.660684 0.7255 0.6745 0.2000
v 0.787583 -1.000000 -0.660684 0.7255 0.6745 0.2000
v -0.814975 0.114209 -0.660684 0.7255 0.6745 0.2000
v -0.814975 1.000000 -0.660684 0.7255 0.6745 0.2000
v 1.000000 1.000000 -0.246304 0.7255 0.6745 0.2000
v -1.000000 0.113099 -0.246304 0.7255 0.6745 0.2000
v -0.629950 1.000000 -0.246304 0.7255 0.6745 0.2000
v -0.629950 -0.744510 -0.246304 0.7255 0.6745 0.2000
v 0.575167 1.000000 -0.246304 0.7255 0.6745 0.2000
v 0.575167 -1.000000 -0.246304 0.7255 0.6745 0.2000
v 0.787583 1.000000 -0.246304 0.7255 0.6745 0.2000
v 0.787583 -1.000000 -0.246304 0.7255 0.6745 0.2000
v -0.814975 0.114209 -0.246304 0.7255 0.6745 0.2000
v -0.814975 1.000000 -0.246304 0.7255 0.6745 0.2000
v 1.000000 -1.000000 -0.246304 0.7255 0.6745 0.2000
v -1.000000 1.000000 -0.246304 0.7255 0.6745 0.2000
v 1.000000 0.111252 -0.246304 0.7255 0.6745 0.2000
v -0.647382 2.768865 -0.667830 0.7255 0.6745 0.2000
v -0.800502 2.580737 -0.851330 0.7255 0.6745 0.2000
v 0.569424 2.535233 -0.246304 0.7255 0.6745 0.2000
v 0.781841 2.535233 -0.246304 0.7255 0.6745 0.2000
v -0.718809 2.530049 -0.838637 0.7255 0.6745 0.2000
v -0.759719 2.562213 -0.674995 0.7255 0.6745 0.2000
v -0.759719 2.562336 -0.838635 0.7255 0.6745 0.2000
v -0.781286 2.652201 -0.674987 0.7255 0.6745 0.2000
v -0.781286 2.652325 -0.838627 0.7255 0.6745 0.2000
v -0.792086 2.770922 -0.674977 0.7255 0.6745 0.2000
v -0.792086 2.771045 -0.838617 0.7255 0.6745 0.2000
v -0.752472 2.974513 -0.674959 0.7255 0.6745 0.2000
v -0.752472 2.974636 -0.838599 0.7255 0.6745 0.2000
v -0.718809 2.990242 -0.674958 0.7255 0.6745 0.2000
v -0.718809 2.990366 -0.838598 0.7255 0.6745 0.2000
v -0.685146 2.567455 -0.838634 0.7255 0.6745 0.2000
v 0.679219 2.529926 -0.044880 0.7255 0.6745 0.2000
v 0.679219 2.530049 -0.208520 0.7255 0.6745 0.2000
v 0.638309 2.562213 -0.044878 0.7255 0.6745 0.2000
v 0.638309 2.562336 -0.208517 0.7255 0.6745 0.2000
v 0.632095 2.655458 -0.044869 0.7255 0.6745 0.2000
v 0.632095 2.655581 -0.208509 0.7255 0.6745 0.2000
v 0.621591 2.770922 -0.044859 0.7255 0.6745 0.2000
v 0.621591 2.771045 -0.208499 0.7255 0.6745 0.2000
v 0.632095 2.886386 -0.044849 0.7255 0.6745 0.2000
v 0.632095 2.886509 -0.208489 0.7255 0.6745 0.2000
v 0.658831 2.965135 -0.044843 0.7255 0.6745 0.2000
v 0.658831 2.965259 -0.208482 0.7255 0.6745 0.2000
v 0.679219 2.981226 -0.044841 0.7255 0.6745 0.2000
v 0.679219 2.981349 -0.208481 0.7255 0.6745 0.2000
v 0.699607 2.965135 -0.044843 0.7255 0.6745 0.2000
v 0.699607 2.965259 -0.208482 0.7255 0.6745 0.2000
v 0.726343 2.886386 -0.044849 0.7255 0.6745 0.2000
v 0.726343 2.886509 -0.208489 0.7255 0.6745 0.2000
v 0.736847 2.770922 -0.044859 0.7255 0.6745 0.2000
v 0.736847 2.771045 -0.208499 0.7255 0.6745 0.2000
v 0.726343 2.655458 -0.044869 0.7255 0.6745 0.2000
v 0.726343 2.655581 -0.208509 0.7255 0.6745 0.2000
v 0.699607 2.576709 -0.044876 0.7255 0.6745 0.2000
v 0.699607 2.576832 -0.208516 0.7255 0.6745 0.2000
v -0.350136 1.000000 -1.000000 0.7255 0.6745 0.2000
v -0.350136 -0.803832 -1.000000 0.7255 0.6745 0.2000
v -0.350136 0.112670 -1.000000 0.7255 0.6745 0.2000
v -0.350136 -0.803832 -0.851330 0.7255 0.6745 0.2000
v -0.350136 1.000000 -0.851330 0.7255 0.6745 0.2000
v -0.350136 1.000000 -0.660684 0.7255 0.6745 0.2000
v -0.350136 -0.803832 -0.660684 0.7255 0.6745 0.2000
v -0.350136 -0.803832 -0.246304 0.7255 0.6745 0.2000
v -0.350136 1.000000 -0.246304 0.7255 0.6745 0.2000
v -0.309380 -0.812472 -1.000000 0.7255 0.6745 0.2000
v -0.309380 0.112608 -1.000000 0.7255 0.6745 0.2000
v -0.309380 1.000000 -0.851330 0.7255 0.6745 0.2000
v -0.309380 1.000000 -0.660684 0.7255 0.6745 0.2000
v -0.309380 1.000000 -0.246304 0.7255 0.6745 0.2000
v -0.309380 1.000000 -1.000000 0.7255 0.6745 0.2000
v -0.309380 -0.812472 -0.851330 0.7255 0.6745 0.2000
v -0.309380 -0.812472 -0.660684 0.7255 0.6745 0.2000
v -0.309380 -0.812472 -0.246304 0.7255 0.6745 0.2000
v 0.240502 -0.929050 -1.000000 0.7255 0.6745 0.2000
v 0.240502 0.111765 -1.000000 0.7255 0.6745 0.2000
v 0.240502 1.000000 -0.851330 0.7255 0.6745 0.2000
v 0.240502 1.000000 -0.660684 0.7255 0.6745 0.2000
v 0.240502 1.000000 -0.246304 0.7255 0.6745 0.2000
v 0.240502 1.000000 -1.000000 0.7255 0.6745 0.2000
v 0.240502 -0.929050 -0.851330 0.7255 0.6745 0.2000
v 0.240502 -0.929050 -0.660684 0.7255 0.6745 0.2000
v 0.240502 -0.929050 -0.246304 0.7255 0.6745 0.2000
v 0.152570 1.000000 -1.000000 0.7255 0.6745 0.2000
v 0.152570 -0.910408 -0.851330 0.7255 0.6745 0.2000
v 0.152570 -0.910408 -0.660684 0.7255 0.6745 0.2000
v 0.152570 -0.910408 -0.246304 0.7255 0.6745 0.2000
v 0.152570 -0.910408 -1.000000 0.7255 0.6745 0.2000
v 0.152570 0.111900 -1.000000 0.7255 0.6745 0.2000
v 0.152570 1.000000 -0.851330 0.7255 0.6745 0.2000
v 0.152570 1.000000 -0.660684 0.7255 0.6745 0.2000
v 0.152570 1.000000 -0.246304 0.7255 0.6745 0.2000
v 0.146552 -1.005901 -1.000000 0.7255 0.6745 0.2000
v 0.234484 -1.024543 -1.000000 0.7255 0.6745 0.2000
v 0.234484 -1.024543 -0.246304 0.7255 0.6745 0.2000
v 0.234484 -1.024543 -0.660684 0.7255 0.6745 0.2000
v 0.234484 -1.024543 -0.851330 0.7255 0.6745 0.2000
v 0.146552 -1.005901 -0.851330 0.7255 0.6745 0.2000
v 0.146552 -1.005901 -0.660684 0.7255 0.6745 0.2000
v 0.146552 -1.005901 -0.246304 0.7255 0.6745 0.2000
v -0.309380 -0.912421 -0.851330 0.7255 0.6745 0.2000
v -0.350136 -0.903781 -0.851330 0.7255 0.6745 0.2000
v -0.309380 -0.912421 -0.660684 0.7255 0.6745 0.2000
v -0.350136 -0.903781 -0.660684 0.7255 0.6745 0.2000
v -0.309380 -0.912421 -0.246304 0.7255 0.6745 0.2000
v -0.350136 -0.903781 -0.246304 0.7255 0.6745 0.2000
v -0.350136 -0.903781 -1.000000 0.7255 0.6745 0.2000
v -0.309380 -0.912421 -1.000000 0.7255 0.6745 0.2000
v -0.626240 -0.592676 -0.851330 0.7255 0.6745 0.2000
v -0.626240 -0.592676 -1.000000 0.7255 0.6745 0.2000
v -0.626240 -0.592676 -0.660684 0.7255 0.6745 0.2000
v -0.346425 -0.651998 -0.851330 0.7255 0.6745 0.2000
v -0.626240 -0.592676 -0.246304 0.7255 0.6745 0.2000
v -0.346425 -0.651998 -0.660684 0.7255 0.6745 0.2000
v -0.346425 -0.651998 -0.246304 0.7255 0.6745 0.2000
v -0.346425 -0.651998 -1.000000 0.7255 0.6745 0.2000
v -0.730123 2.543632 -0.674997 0.7255 0.6745 0.2000
v -0.735779 2.550608 -0.838636 0.7255 0.6745 0.2000
v -0.781286 2.889643 -0.674966 0.7255 0.6745 0.2000
v -0.781286 2.889766 -0.838606 0.7255 0.6745 0.2000
v -0.718809 3.011919 -0.674956 0.7255 0.6745 0.2000
v -0.718809 3.012042 -0.838596 0.7255 0.6745 0.2000
v -0.685146 2.974513 -0.674959 0.7255 0.6745 0.2000
v -0.685146 2.974636 -0.838599 0.7255 0.6745 0.2000
v -0.656332 2.889643 -0.674966 0.7255 0.6745 0.2000
v -0.656332 2.889766 -0.838606 0.7255 0.6745 0.2000
v -0.646765 2.769632 -0.842854 0.7255 0.6745 0.2000
v -0.656332 2.652201 -0.674987 0.7255 0.6745 0.2000
v -0.656332 2.652325 -0.838627 0.7255 0.6745 0.2000
v -0.685146 2.567332 -0.674994 0.7255 0.6745 0.2000
v 0.663698 2.552444 -0.208519 0.7255 0.6745 0.2000
v 0.663698 2.552321 -0.044879 0.7255 0.6745 0.2000
v 0.608361 2.650424 -0.044870 0.7255 0.6745 0.2000
v 0.608361 2.650547 -0.208510 0.7255 0.6745 0.2000
v 0.597399 2.770922 -0.044859 0.7255 0.6745 0.2000
v 0.597399 2.771045 -0.208499 0.7255 0.6745 0.2000
v 0.608361 2.891420 -0.044849 0.7255 0.6745 0.2000
v 0.608361 2.891544 -0.208489 0.7255 0.6745 0.2000
v 0.638309 2.979631 -0.044841 0.7255 0.6745 0.2000
v 0.638309 2.979754 -0.208481 0.7255 0.6745 0.2000
v 0.679219 3.011919 -0.044838 0.7255 0.6745 0.2000
v 0.679219 3.012042 -0.208478 0.7255 0.6745 0.2000
v 0.720129 2.979631 -0.044841 0.7255 0.6745 0.2000
v 0.720129 2.979754 -0.208481 0.7255 0.6745 0.2000
v 0.750077 2.891420 -0.044849 0.7255 0.6745 0.2000
v 0.750077 2.891544 -0.208489 0.7255 0.6745 0.2000
v 0.761039 2.770922 -0.044859 0.7255 0.6745 0.2000
v 0.761039 2.771045 -0.208499 0.7255 0.6745 0.2000
v 0.750077 2.650424 -0.044870 0.7255 0.6745 0.2000
v 0.750077 2.650547 -0.208510 0.7255 0.6745 0.2000
v 0.720129 2.562213 -0.044878 0.7255 0.6745 0.2000
v 0.720129 2.562336 -0.208517 0.7255 0.6745 0.2000
v -0.656858 -0.619626 -1.000000 0.7255 0.6745 0.2000
v -0.657027 0.124421 -1.000000 0.7255 0.6745 0.2000
v -0.656858 1.000000 -1.000000 0.7255 0.6745 0.2000
v -0.656858 -0.619626 -0.851330 0.7255 0.6745 0.2000
v -0.656858 -0.619626 -0.660684 0.7255 0.6745 0.2000
v -0.656858 1.000000 -0.660684 0.7255 0.6745 0.2000
v -0.656858 1.000000 -0.246304 0.7255 0.6745 0.2000
v -0.783639 -0.893750 -0.138298 0.7255 0.6745 0.2000
v -0.650815 2.580737 -0.660684 0.7255 0.6745 0.2000
v -0.775305 -0.977170 0.000000 0.7255 0.6745 0.2000
v -0.775305 -0.977170 -0.132695 0.7255 0.6745 0.2000
v -0.790215 -0.907970 -0.132695 0.7255 0.6745 0.2000
v -0.790215 -0.907970 0.000000 0.7255 0.6745 0.2000
v -0.758128 -0.949676 -0.146120 0.7255 0.6745 0.2000
v -0.716774 -1.523497 -0.135243 0.7255 0.6745 0.2000
v -0.699597 -1.496004 -0.148668 0.7255 0.6745 0.2000
v -0.794365 -0.981037 0.000000 0.7255 0.6745 0.2000
v -0.794365 -0.981037 -0.132695 0.7255 0.6745 0.2000
v -0.809275 -0.943598 -0.132695 0.7255 0.6745 0.2000
v -0.809275 -0.943598 0.000000 0.7255 0.6745 0.2000
v 1.000000 1.000000 -0.293492 0.7255 0.6745 0.2000
v -1.000000 0.113099 -0.293492 0.7255 0.6745 0.2000
v -0.629950 1.000000 -0.293492 0.7255 0.6745 0.2000
v -0.629950 -0.744510 -0.293492 0.7255 0.6745 0.2000
v 0.575167 1.000000 -0.293492 0.7255 0.6745 0.2000
v 0.575167 -1.000000 -0.293492 0.7255 0.6745 0.2000
v 0.787583 1.000000 -0.293492 0.7255 0.6745 0.2000
v 0.787583 -1.000000 -0.293492 0.7255 0.6745 0.2000
v -0.814975 0.114209 -0.293492 0.7255 0.6745 0.2000
v -0.814975 1.000000 -0.293492 0.7255 0.6745 0.2000
v 1.000000 -1.000000 -0.293492 0.7255 0.6745 0.2000
v -1.000000 1.000000 -0.293492 0.7255 0.6745 0.2000
v 1.000000 0.111252 -0.293492 0.7255 0.6745 0.2000
v -0.350136 -0.803832 -0.293492 0.7255 0.6745 0.2000
v -0.350136 1.000000 -0.293492 0.7255 0.6745 0.2000
v -0.309380 1.000000 -0.293492 0.7255 0.6745 0.2000
v -0.309380 -0.812472 -0.293492 0.7255 0.6745 0.2000
v 0.240502 1.000000 -0.293492 0.7255 0.6745 0.2000
v 0.240502 -0.929050 -0.293492 0.7255 0.6745 0.2000
v 0.152570 -0.910408 -0.293492 0.7255 0.6745 0.2000
v 0.152570 1.000000 -0.293492 0.7255 0.6745 0.2000
v 0.234484 -1.024543 -0.293492 0.7255 0.6745 0.2000
v 0.146552 -1.005901 -0.293492 0.7255 0.6745 0.2000
v -0.350136 -0.903781 -0.293492 0.7255 0.6745 0.2000
v -0.309380 -0.912421 -0.293492 0.7255 0.6745 0.2000
v -0.626240 -0.592676 -0.293492 0.7255 0.6745 0.2000
v -0.346425 -0.651998 -0.293492 0.7255 0.6745 0.2000
v -0.656858 1.000000 -0.293492 0.7255 0.6745 0.2000
v -0.656858 -0.619626 -0.293492 0.7255 0.6745 0.2000
v -0.348910 -0.753691 -0.246304 0.7255 0.6745 0.2000
v -0.628725 -0.694369 -0.246304 0.7255 0.6745 0.2000
v -0.628725 -0.694369 -0.293492 0.7255 0.6745 0.2000
v -0.348910 -0.753691 -0.293492 0.7255 0.6745 0.2000
v 0.162436 -0.912499 1.000000 0.7255 0.6745 0.2000
v 0.162436 0.111884 1.000000 0.7255 0.6745 0.2000
v 0.162436 1.000000 0.851330 0.7255 0.6745 0.2000
v 0.162436 1.000000 0.660684 0.7255 0.6745 0.2000
v 0.162436 1.000000 0.246304 0.7255 0.6745 0.2000
v 0.162436 1.000000 0.000000 0.7255 0.6745 0.2000
v 0.162436 1.000000 1.000000 0.7255 0.6745 0.2000
v 0.156418 -1.007993 1.000000 0.7255 0.6745 0.2000
v 0.156418 -1.007993 0.851330 0.7255 0.6745 0.2000
v 0.156418 -1.007993 0.660684 0.7255 0.6745 0.2000
v 0.156418 -1.007993 0.246304 0.7255 0.6745 0.2000
v 0.156418 -1.007993 0.293492 0.7255 0.6745 0.2000
v 0.162436 1.000000 0.293492 0.7255 0.6745 0.2000
v 0.162436 -0.912499 -1.000000 0.7255 0.6745 0.2000
v 0.162436 0.111884 -1.000000 0.7255 0.6745 0.2000
v 0.162436 1.000000 -0.851330 0.7255 0.6745 0.2000
v 0.162436 1.000000 -0.660684 0.7255 0.6745 0.2000
v 0.162436 1.000000 -0.246304 0.7255 0.6745 0.2000
v 0.162436 1.000000 -1.000000 0.7255 0.6745 0.2000
v 0.156418 -1.007993 -1.000000 0.7255 0.6745 0.2000
v 0.156418 -1.007993 -0.851330 0.7255 0.6745 0.2000
v 0.156418 -1.007993 -0.660684 0.7255 0.6745 0.2000
v 0.156418 -1.007993 -0.246304 0.7255 0.6745 0.2000
v 0.156418 -1.007993 -0.293492 0.7255 0.6745 0.2000
v 0.162436 1.000000 -0.293492 0.7255 0.6745 0.2000
v 0.226213 -0.926020 1.000000 0.7255 0.6745 0.2000
v 0.226213 0.111787 1.000000 0.7255 0.6745 0.2000
v 0.226213 1.000000 0.851330 0.7255 0.6745 0.2000
v 0.226213 1.000000 0.660684 0.7255 0.6745 0.2000
v 0.226213 1.000000 0.246304 0.7255 0.6745 0.2000
v 0.226213 1.000000 0.000000 0.7255 0.6745 0.2000
v 0.220195 -1.021513 1.000000 0.7255 0.6745 0.2000
v 0.226213 1.000000 0.293492 0.7255 0.6745 0.2000
v 0.226213 -0.926020 -1.000000 0.7255 0.6745 0.2000
v 0.226213 0.111787 -1.000000 0.7255 0.6745 0.2000
v 0.226213 1.000000 -0.851330 0.7255 0.6745 0.2000
v 0.226213 1.000000 -0.660684 0.7255 0.6745 0.2000
v 0.226213 1.000000 -0.246304 0.7255 0.6745 0.2000
v 0.220195 -1.021513 -1.000000 0.7255 0.6745 0.2000
v 0.226213 1.000000 -0.293492 0.7255 0.6745 0.2000
v 0.226213 1.000000 1.000000 0.7255 0.6745 0.2000
v 0.220195 -1.021513 0.851330 0.7255 0.6745 0.2000
v 0.220195 -1.021513 0.660684 0.7255 0.6745 0.2000
v 0.220195 -1.021513 0.246304 0.7255 0.6745 0.2000
v 0.220195 -1.021513 0.293492 0.7255 0.6745 0.2000
v 0.226213 1.000000 -1.000000 0.7255 0.6745 0.2000
v 0.220195 -1.021513 -0.851330 0.7255 0.6745 0.2000
v 0.220195 -1.021513 -0.660684 0.7255 0.6745 0.2000
v 0.220195 -1.021513 -0.246304 0.7255 0.6745 0.2000
v 0.220195 -1.021513 -0.293492 0.7255 0.6745 0.2000
v 0.253818 -0.931873 1.000000 0.7255 0.6745 0.2000
v 0.253818 0.111744 1.000000 0.7255 0.6745 0.2000
v 0.253818 1.000000 0.851330 0.7255 0.6745 0.2000
v 0.253818 1.000000 0.660684 0.7255 0.6745 0.2000
v 0.253818 1.000000 0.246304 0.7255 0.6745 0.2000
v 0.253818 1.000000 0.000000 0.7255 0.6745 0.2000
v 0.253818 1.000000 1.000000 0.7255 0.6745 0.2000
v 0.253818 -0.931873 0.851330 0.7255 0.6745 0.2000
v 0.253818 -0.931873 0.660684 0.7255 0.6745 0.2000
v 0.253818 -0.931873 0.246304 0.7255 0.6745 0.2000
v 0.253818 -0.931873 0.000000 0.7255 0.6745 0.2000
v 0.253818 1.000000 0.293492 0.7255 0.6745 0.2000
v 0.253818 -0.931873 0.293492 0.7255 0.6745 0.2000
v 0.253818 -0.931873 -1.000000 0.7255 0.6745 0.2000
v 0.253818 0.111744 -1.000000 0.7255 0.6745 0.2000
v 0.253818 1.000000 -0.851330 0.7255 0.6745 0.2000
v 0.253818 1.000000 -0.660684 0.7255 0.6745 0.2000
v 0.253818 1.000000 -0.246304 0.7255 0.6745 0.2000
v 0.253818 1.000000 -1.000000 0.7255 0.6745 0.2000
v 0.253818 -0.931873 -0.851330 0.7255 0.6745 0.2000
v 0.253818 -0.931873 -0.660684 0.7255 0.6745 0.2000
v 0.253818 -0.931873 -0.246304 0.7255 0.6745 0.2000
v 0.253818 1.000000 -0.293492 0.7255 0.6745 0.2000
v 0.253818 -0.931873 -0.293492 0.7255 0.6745 0.2000
v 0.134917 1.000000 1.000000 0.7255 0.6745 0.2000
v 0.134917 -0.906665 0.851330 0.7255 0.6745 0.2000
v 0.134917 -0.906665 0.660684 0.7255 0.6745 0.2000
v 0.134917 -0.906665 0.246304 0.7255 0.6745 0.2000
v 0.134917 -0.906665 0.000000 0.7255 0.6745 0.2000
v 0.134917 -0.906665 1.000000 0.7255 0.6745 0.2000
v 0.134917 0.111927 1.000000 0.7255 0.6745 0.2000
v 0.134917 1.000000 0.851330 0.7255 0.6745 0.2000
v 0.134917 1.000000 0.660684 0.7255 0.6745 0.2000
v 0.134917 1.000000 0.246304 0.7255 0.6745 0.2000
v 0.134917 1.000000 0.000000 0.7255 0.6745 0.2000
v 0.134917 -0.906665 0.293492 0.7255 0.6745 0.2000
v 0.134917 1.000000 0.293492 0.7255 0.6745 0.2000
v 0.134917 1.000000 -1.000000 0.7255 0.6745 0.2000
v 0.134917 -0.906665 -0.851330 0.7255 0.6745 0.2000
v 0.134917 -0.906665 -0.660684 0.7255 0.6745 0.2000
v 0.134917 -0.906665 -0.246304 0.7255 0.6745 0.2000
v 0.134917 -0.906665 -1.000000 0.7255 0.6745 0.2000
v 0.134917 0.111927 -1.000000 0.7255 0.6745 0.2000
v 0.134917 1.000000 -0.851330 0.7255 0.6745 0.2000
v 0.134917 1.000000 -0.660684 0.7255 0.6745 0.2000
v 0.134917 1.000000 -0.246304 0.7255 0.6745 0.2000
v 0.134917 -0.906665 -0.293492 0.7255 0.6745 0.2000
v 0.134917 1.000000 -0.293492 0.7255 0.6745 0.2000
v -0.217235 1.000000 1.000000 0.7255 0.6745 0.2000
v -0.217235 -0.832008 0.851330 0.7255 0.6745 0.2000
v -0.217235 -0.832008 0.660684 0.7255 0.6745 0.2000
v -0.217235 -0.832008 0.246304 0.7255 0.6745 0.2000
v -0.217235 -0.832008 0.000000 0.7255 0.6745 0.2000
v -0.217235 -0.832008 0.293492 0.7255 0.6745 0.2000
v -0.217235 1.000000 -1.000000 0.7255 0.6745 0.2000
v -0.217235 -0.832008 -0.851330 0.7255 0.6745 0.2000
v -0.217235 -0.832008 -0.660684 0.7255 0.6745 0.2000
v -0.217235 -0.832008 -0.246304 0.7255 0.6745 0.2000
v -0.217235 -0.832008 -0.293492 0.7255 0.6745 0.2000
v -0.217234 -0.832008 1.000000 0.7255 0.6745 0.2000
v -0.217234 0.112467 1.000000 0.7255 0.6745 0.2000
v -0.217234 1.000000 0.851330 0.7255 0.6745 0.2000
v -0.217234 1.000000 0.660684 0.7255 0.6745 0.2000
v -0.217234 1.000000 0.246304 0.7255 0.6745 0.2000
v -0.217234 1.000000 0.000000 0.7255 0.6745 0.2000
v -0.217234 1.000000 0.293492 0.7255 0.6745 0.2000
v -0.217234 -0.832008 -1.000000 0.7255 0.6745 0.2000
v -0.217234 0.112467 -1.000000 0.7255 0.6745 0.2000
v -0.217234 1.000000 -0.851330 0.7255 0.6745 0.2000
v -0.217234 1.000000 -0.660684 0.7255 0.6745 0.2000
v -0.217234 1.000000 -0.246304 0.7255 0.6745 0.2000
v -0.217234 1.000000 -0.293492 0.7255 0.6745 0.2000
v -0.391683 1.000000 1.000000 0.7255 0.6745 0.2000
v -0.391683 -0.795024 1.000000 0.7255 0.6745 0.2000
v -0.391683 0.112734 1.000000 0.7255 0.6745 0.2000
v -0.391683 1.000000 0.851330 0.7255 0.6745 0.2000
v -0.391683 1.000000 0.660684 0.7255 0.6745 0.2000
v -0.391683 1.000000 0.246304 0.7255 0.6745 0.2000
v -0.391683 1.000000 0.000000 0.7255 0.6745 0.2000
v -0.387973 -0.643190 0.851330 0.7255 0.6745 0.2000
v -0.387973 -0.643190 0.660684 0.7255 0.6745 0.2000
v -0.387973 -0.643190 0.246304 0.7255 0.6745 0.2000
v -0.387973 -0.643190 0.000000 0.7255 0.6745 0.2000
v -0.387973 -0.643190 1.000000 0.7255 0.6745 0.2000
v -0.387973 -0.643190 0.293492 0.7255 0.6745 0.2000
v -0.391683 1.000000 0.293492 0.7255 0.6745 0.2000
v -0.390458 -0.744882 0.246304 0.7255 0.6745 0.2000
v -0.390458 -0.744882 0.293492 0.7255 0.6745 0.2000
v -0.391683 1.000000 -1.000000 0.7255 0.6745 0.2000
v -0.391683 -0.795024 -1.000000 0.7255 0.6745 0.2000
v -0.391683 0.112734 -1.000000 0.7255 0.6745 0.2000
v -0.391683 1.000000 -0.851330 0.7255 0.6745 0.2000
v -0.391683 1.000000 -0.660684 0.7255 0.6745 0.2000
v -0.391683 1.000000 -0.246304 0.7255 0.6745 0.2000
v -0.387973 -0.643190 -0.851330 0.7255 0.6745 0.2000
v -0.387973 -0.643190 -0.660684 0.7255 0.6745 0.2000
v -0.387973 -0.643190 -0.246304 0.7255 0.6745 0.2000
v -0.387973 -0.643190 -1.000000 0.7255 0.6745 0.2000
v -0.387973 -0.643190 -0.293492 0.7255 0.6745 0.2000
v -0.391683 1.000000 -0.293492 0.7255 0.6745 0.2000
v -0.390458 -0.744882 -0.246304 0.7255 0.6745 0.2000
v -0.390458 -0.744882 -0.293492 0.7255 0.6745 0.2000
v 1.000000 1.000000 0.979263 0.7255 0.6745 0.2000
v -1.000000 0.113099 0.979263 0.7255 0.6745 0.2000
v -0.629950 1.000000 0.979263 0.7255 0.6745 0.2000
v -0.629950 -0.744510 0.979263 0.7255 0.6745 0.2000
v 0.575167 1.000000 0.979263 0.7255 0.6745 0.2000
v 0.575167 -1.000000 0.979263 0.7255 0.6745 0.2000
v 0.787583 1.000000 0.979263 0.7255 0.6745 0.2000
v 0.787583 -1.000000 0.979263 0.7255 0.6745 0.2000
v -0.814975 0.114209 0.979263 0.7255 0.6745 0.2000
v -0.814975 1.000000 0.979263 0.7255 0.6745 0.2000
v 1.000000 -1.000000 0.979263 0.7255 0.6745 0.2000
v -1.000000 1.000000 0.979263 0.7255 0.6745 0.2000
v 1.000000 0.111252 0.979263 0.7255 0.6745 0.2000
v -0.350136 -0.803832 0.979263 0.7255 0.6745 0.2000
v -0.350136 1.000000 0.979263 0.7255 0.6745 0.2000
v -0.309380 1.000000 0.979263 0.7255 0.6745 0.2000
v -0.309380 -0.812472 0.979263 0.7255 0.6745 0.2000
v 0.240502 1.000000 0.979263 0.7255 0.6745 0.2000
v 0.240502 -0.929050 0.979263 0.7255 0.6745 0.2000
v 0.152570 -0.910408 0.979263 0.7255 0.6745 0.2000
v 0.152570 1.000000 0.979263 0.7255 0.6745 0.2000
v 0.234484 -1.024543 0.979263 0.7255 0.6745 0.2000
v 0.146552 -1.005901 0.979263 0.7255 0.6745 0.2000
v -0.350136 -0.903781 0.979263 0.7255 0.6745 0.2000
v -0.309380 -0.912421 0.979263 0.7255 0.6745 0.2000
v -0.626240 -0.592676 0.979263 0.7255 0.6745 0.2000
v -0.346425 -0.651998 0.979263 0.7255 0.6745 0.2000
v -0.656858 1.000000 0.979263 0.7255 0.6745 0.2000
v -0.656858 -0.619626 0.979263 0.7255 0.6745 0.2000
v 0.156418 -1.007993 0.979263 0.7255 0.6745 0.2000
v 0.162436 1.000000 0.979263 0.7255 0.6745 0.2000
v 0.226213 1.000000 0.979263 0.7255 0.6745 0.2000
v 0.220195 -1.021513 0.979263 0.7255 0.6745 0.2000
v 0.253818 1.000000 0.979263 0.7255 0.6745 0.2000
v 0.253818 -0.931873 0.979263 0.7255 0.6745 0.2000
v 0.134917 -0.906665 0.979263 0.7255 0.6745 0.2000
v 0.134917 1.000000 0.979263 0.7255 0.6745 0.2000
v -0.217234 -0.832008 0.979263 0.7255 0.6745 0.2000
v -0.217235 1.000000 0.979263 0.7255 0.6745 0.2000
v -0.387973 -0.643190 0.979263 0.7255 0.6745 0.2000
v -0.391683 1.000000 0.979263 0.7255 0.6745 0.2000
v 1.000000 1.000000 -0.982860 0.7255 0.6745 0.2000
v -1.000000 0.113099 -0.982860 0.7255 0.6745 0.2000
v -0.629950 1.000000 -0.982860 0.7255 0.6745 0.2000
v -0.629950 -0.744510 -0.982860 0.7255 0.6745 0.2000
v 0.575167 1.000000 -0.982860 0.7255 0.6745 0.2000
v 0.575167 -1.000000 -0.982860 0.7255 0.6745 0.2000
v 0.787583 1.000000 -0.982860 0.7255 0.6745 0.2000
v 0.787583 -1.000000 -0.982860 0.7255 0.6745 0.2000
v -0.814975 0.114209 -0.982860 0.7255 0.6745 0.2000
v -0.814975 1.000000 -0.982860 0.7255 0.6745 0.2000
v 1.000000 -1.000000 -0.982860 0.7255 0.6745 0.2000
v -1.000000 1.000000 -0.982860 0.7255 0.6745 0.2000
v 1.000000 0.111252 -0.982860 0.7255 0.6745 0.2000
v -0.350136 -0.803832 -0.982860 0.7255 0.6745 0.2000
v -0.350136 1.000000 -0.982860 0.7255 0.6745 0.2000
v -0.309380 1.000000 -0.982860 0.7255 0.6745 0.2000
v -0.309380 -0.812472 -0.982860 0.7255 0.6745 0.2000
v 0.240502 1.000000 -0.982860 0.7255 0.6745 0.2000
v 0.240502 -0.929050 -0.982860 0.7255 0.6745 0.2000
v 0.152570 -0.910408 -0.982860 0.7255 0.6745 0.2000
v 0.152570 1.000000 -0.982860 0.7255 0.6745 0.2000
v 0.234484 -1.024543 -0.982860 0.7255 0.6745 0.2000
v 0.146552 -1.005901 -0.982860 0.7255 0.6745 0.2000
v -0.350136 -0.903781 -0.982860 0.7255 0.6745 0.2000
v -0.309380 -0.912421 -0.982860 0.7255 0.6745 0.2000
v -0.626240 -0.592676 -0.982860 0.7255 0.6745 0.2000
v -0.346425 -0.651998 -0.982860 0.7255 0.6745 0.2000
v -0.656858 1.000000 -0.982860 0.7255 0.6745 0.2000
v -0.656858 -0.619626 -0.982860 0.7255 0.6745 0.2000
v 0.156418 -1.007993 -0.982860 0.7255 0.6745 0.2000
v 0.162436 1.000000 -0.982860 0.7255 0.6745 0.2000
v 0.226213 1.000000 -0.982860 0.7255 0.6745 0.2000
v 0.220195 -1.021513 -0.982860 0.7255 0.6745 0.2000
v 0.253818 1.000000 -0.982860 0.7255 0.6745 0.2000
v 0.253818 -0.931873 -0.982860 0.7255 0.6745 0.2000
v 0.134917 -0.906665 -0.982860 0.7255 0.6745 0.2000
v 0.134917 1.000000 -0.982860 0.7255 0.6745 0.2000
v -0.217234 -0.832008 -0.982860 0.7255 0.6745 0.2000
v -0.217235 1.000000 -0.982860 0.7255 0.6745 0.2000
v -0.387973 -0.643190 -0.982860 0.7255 0.6745 0.2000
v -0.391683 1.000000 -0.982860 0.7255 0.6745 0.2000
v -0.806030 1.000000 1.000000 0.7255 0.6745 0.2000
v -0.806030 0.072693 0.851330 0.7255 0.6745 0.2000
v -0.806030 0.072693 0.660684 0.7255 0.6745 0.2000
v -0.806030 0.072693 0.246304 0.7255 0.6745 0.2000
v -0.806030 0.072693 0.000000 0.7255 0.6745 0.2000
v -0.806030 0.072693 1.000000 0.7255 0.6745 0.2000
v -0.807132 0.187182 1.000000 0.7255 0.6745 0.2000
v -0.806030 1.000000 0.851330 0.7255 0.6745 0.2000
v -0.806030 1.000000 0.246304 0.7255 0.6745 0.2000
v -0.800502 2.580737 0.851330 0.7255 0.6745 0.2000
v -0.806030 1.000000 0.000000 0.7255 0.6745 0.2000
v -0.806030 0.072693 0.293492 0.7255 0.6745 0.2000
v -0.806030 1.000000 0.293492 0.7255 0.6745 0.2000
v -0.806030 1.000000 -1.000000 0.7255 0.6745 0.2000
v -0.806030 0.072693 -0.851330 0.7255 0.6745 0.2000
v -0.806030 0.072693 -0.660684 0.7255 0.6745 0.2000
v -0.806030 0.072693 -0.246304 0.7255 0.6745 0.2000
v -0.806030 0.072693 -1.000000 0.7255 0.6745 0.2000
v -0.807132 0.187182 -1.000000 0.7255 0.6745 0.2000
v -0.806030 1.000000 -0.660684 0.7255 0.6745 0.2000
v -0.806030 1.000000 -0.246304 0.7255 0.6745 0.2000
v -0.800502 2.580737 -0.660684 0.7255 0.6745 0.2000
v -0.806030 0.072693 -0.293492 0.7255 0.6745 0.2000
v -0.806030 1.000000 -0.293492 0.7255 0.6745 0.2000
v -0.806030 0.072693 0.979263 0.7255 0.6745 0.2000
v -0.806030 1.000000 0.979263 0.7255 0.6745 0.2000
v -0.806030 0.072693 -0.982860 0.7255 0.6745 0.2000
v -0.806030 1.000000 -0.982860 0.7255 0.6745 0.2000
v -0.832096 0.114106 1.000000 0.7255 0.6745 0.2000
v -0.832096 0.114106 0.851330 0.7255 0.6745 0.2000
v -0.832096 0.114106 0.660684 0.7255 0.6745 0.2000
v -0.832096 0.114106 0.246304 0.7255 0.6745 0.2000
v -0.832096 0.114106 0.000000 0.7255 0.6745 0.2000
v -0.832096 0.114106 0.293492 0.7255 0.6745 0.2000
v -0.832096 0.114106 -1.000000 0.7255 0.6745 0.2000
v -0.832096 0.114106 -0.851330 0.7255 0.6745 0.2000
v -0.832096 0.114106 -0.660684 0.7255 0.6745 0.2000
v -0.832096 0.114106 -0.246304 0.7255 0.6745 0.2000
v -0.832096 0.114106 -0.293492 0.7255 0.6745 0.2000
v -0.832096 0.114106 0.979263 0.7255 0.6745 0.2000
v -0.832096 0.114106 -0.982860 0.7255 0.6745 0.2000
v 1.000000 0.068790 1.000000 0.7255 0.6745 0.2000
v -0.629950 0.080330 1.000000 0.7255 0.6745 0.2000
v 0.575167 0.068790 1.000000 0.7255 0.6745 0.2000
v 0.787583 0.068790 1.000000 0.7255 0.6745 0.2000
v -0.816089 0.188013 1.000000 0.7255 0.6745 0.2000
v -0.993584 0.113138 0.851330 0.7255 0.6745 0.2000
v 1.000000 0.068790 0.851330 0.7255 0.6745 0.2000
v -0.993584 0.113138 0.660684 0.7255 0.6745 0.2000
v 1.000000 0.068790 0.660684 0.7255 0.6745 0.2000
v 1.000000 0.068790 0.246304 0.7255 0.6745 0.2000
v -0.993584 0.113138 0.246304 0.7255 0.6745 0.2000
v -0.993584 0.113138 0.000000 0.7255 0.6745 0.2000
v 1.000000 0.068790 0.000000 0.7255 0.6745 0.2000
v -0.350136 0.077650 1.000000 0.7255 0.6745 0.2000
v -0.309380 0.077260 1.000000 0.7255 0.6745 0.2000
v 0.240502 0.071995 1.000000 0.7255 0.6745 0.2000
v 0.152570 0.072836 1.000000 0.7255 0.6745 0.2000
v -0.657020 0.095990 1.000000 0.7255 0.6745 0.2000
v 1.000000 0.068790 0.293492 0.7255 0.6745 0.2000
v -0.993584 0.113138 0.293492 0.7255 0.6745 0.2000
v 1.000000 0.068790 -1.000000 0.7255 0.6745 0.2000
v -0.629950 0.080330 -1.000000 0.7255 0.6745 0.2000
v 0.575167 0.068790 -1.000000 0.7255 0.6745 0.2000
v 0.787583 0.068790 -1.000000 0.7255 0.6745 0.2000
v -0.816089 0.188013 -1.000000 0.7255 0.6745 0.2000
v -0.993584 0.113138 -0.851330 0.7255 0.6745 0.2000
v 1.000000 0.068790 -0.851330 0.7255 0.6745 0.2000
v -0.993584 0.113138 -0.660684 0.7255 0.6745 0.2000
v 1.000000 0.068790 -0.660684 0.7255 0.6745 0.2000
v 1.000000 0.068790 -0.246304 0.7255 0.6745 0.2000
v -0.993584 0.113138 -0.246304 0.7255 0.6745 0.2000
v -0.350136 0.077650 -1.000000 0.7255 0.6745 0.2000
v -0.309380 0.077260 -1.000000 0.7255 0.6745 0.2000
v 0.240502 0.071995 -1.000000 0.7255 0.6745 0.2000
v 0.152570 0.072836 -1.000000 0.7255 0.6745 0.2000
v -0.657020 0.095990 -1.000000 0.7255 0.6745 0.2000
v 1.000000 0.068790 -0.293492 0.7255 0.6745 0.2000
v -0.993584 0.113138 -0.293492 0.7255 0.6745 0.2000
v 0.162436 0.072742 -1.000000 0.7255 0.6745 0.2000
v 0.162436 0.072742 1.000000 0.7255 0.6745 0.2000
v 0.226213 0.072131 -1.000000 0.7255 0.6745 0.2000
v 0.226213 0.072131 1.000000 0.7255 0.6745 0.2000
v 0.253818 0.071867 -1.000000 0.7255 0.6745 0.2000
v 0.253818 0.071867 1.000000 0.7255 0.6745 0.2000
v 0.134917 0.073006 -1.000000 0.7255 0.6745 0.2000
v 0.134917 0.073006 1.000000 0.7255 0.6745 0.2000
v -0.217234 0.076378 1.000000 0.7255 0.6745 0.2000
v -0.217234 0.076378 -1.000000 0.7255 0.6745 0.2000
v -0.391683 0.078048 -1.000000 0.7255 0.6745 0.2000
v -0.391683 0.078048 1.000000 0.7255 0.6745 0.2000
v 1.000000 0.068790 0.979263 0.7255 0.6745 0.2000
v -0.993584 0.113138 0.979263 0.7255 0.6745 0.2000
v 1.000000 0.068790 -0.982860 0.7255 0.6745 0.2000
v -0.807090 0.182807 -1.000000 0.7255 0.6745 0.2000
v -0.807090 0.182807 1.000000 0.7255 0.6745 0.2000
v -0.993584 0.113138 1.000000 0.7255 0.6745 0.2000
v -0.993584 0.113138 -1.000000 0.7255 0.6745 0.2000
v -0.993584 0.113138 -0.982860 0.7255 0.6745 0.2000
v -0.993514 0.011244 1.000000 0.7255 0.6745 0.2000
v -0.832026 0.012212 1.000000 0.7255 0.6745 0.2000
v -0.993514 0.011244 -1.000000 0.7255 0.6745 0.2000
v -0.832026 0.012212 -1.000000 0.7255 0.6745 0.2000
v -0.993514 0.011244 -0.982860 0.7255 0.6745 0.2000
v -0.832026 0.012212 -0.982860 0.7255 0.6745 0.2000
v -0.832026 0.012212 0.979263 0.7255 0.6745 0.2000
v -0.993514 0.011244 0.979263 0.7255 0.6745 0.2000
v -0.832096 0.114106 0.400258 0.7255 0.6745 0.2000
v -0.832096 0.114106 0.460960 0.7255 0.6745 0.2000
v -0.832096 0.114106 0.517327 0.7255 0.6745 0.2000
v -0.832096 0.114106 0.575861 0.7255 0.6745 0.2000
v -0.832096 0.114106 0.628976 0.7255 0.6745 0.2000
v -0.993584 0.113138 0.877205 0.7255 0.6745 0.2000
v -0.993584 0.113138 0.921648 0.7255 0.6745 0.2000
v -0.832096 0.114106 0.703770 0.7255 0.6745 0.2000
v -0.832096 0.114106 0.741709 0.7255 0.6745 0.2000
v -0.832096 0.114106 0.777480 0.7255 0.6745 0.2000
v -0.832096 0.114106 0.820839 0.7255 0.6745 0.2000
v -0.993584 0.113138 0.703770 0.7255 0.6745 0.2000
v -0.993584 0.113138 0.741709 0.7255 0.6745 0.2000
v -0.993584 0.113138 0.777480 0.7255 0.6745 0.2000
v -0.993584 0.113138 0.820839 0.7255 0.6745 0.2000
v -0.832096 0.114106 0.877205 0.7255 0.6745 0.2000
v -0.832096 0.114106 0.921648 0.7255 0.6745 0.2000
v -0.993584 0.113138 0.400258 0.7255 0.6745 0.2000
v -0.993584 0.113138 0.460960 0.7255 0.6745 0.2000
v -0.993584 0.113138 0.517327 0.7255 0.6745 0.2000
v -0.993584 0.113138 0.575861 0.7255 0.6745 0.2000
v -0.993584 0.113138 0.628976 0.7255 0.6745 0.2000
v -0.993584 0.113138 -0.812706 0.7255 0.6745 0.2000
v -0.993584 0.113138 -0.765011 0.7255 0.6745 0.2000
v -0.993584 0.113138 -0.703225 0.7255 0.6745 0.2000
v -0.832096 0.114106 -0.967714 0.7255 0.6745 0.2000
v -0.832096 0.114106 -0.922187 0.7255 0.6745 0.2000
v -0.832096 0.114106 -0.886416 0.7255 0.6745 0.2000
v -0.993584 0.113138 -0.598080 0.7255 0.6745 0.2000
v -0.993584 0.113138 -0.535209 0.7255 0.6745 0.2000
v -0.993584 0.113138 -0.470171 0.7255 0.6745 0.2000
v -0.993584 0.113138 -0.418141 0.7255 0.6745 0.2000
v -0.993584 0.113138 -0.349850 0.7255 0.6745 0.2000
v -0.993584 0.113138 0.967736 0.7255 0.6745 0.2000
v -0.993584 0.113138 0.346059 0.7255 0.6745 0.2000
v -0.993584 0.113138 -0.185087 0.7255 0.6745 0.2000
v -0.993584 0.113138 -0.123300 0.7255 0.6745 0.2000
v -0.993584 0.113138 -0.049590 0.7255 0.6745 0.2000
v -0.832096 0.114106 0.067479 0.7255 0.6745 0.2000
v -0.832096 0.114106 0.124929 0.7255 0.6745 0.2000
v -0.832096 0.114106 0.186715 0.7255 0.6745 0.2000
v -0.993584 0.113138 0.067479 0.7255 0.6745 0.2000
v -0.993584 0.113138 0.124929 0.7255 0.6745 0.2000
v -0.993584 0.113138 0.186716 0.7255 0.6745 0.2000
v -0.832096 0.114106 -0.185087 0.7255 0.6745 0.2000
v -0.832096 0.114106 -0.123300 0.7255 0.6745 0.2000
v -0.832096 0.114106 -0.049590 0.7255 0.6745 0.2000
v -0.832096 0.114106 0.346059 0.7255 0.6745 0.2000
v -0.832096 0.114106 -0.598080 0.7255 0.6745 0.2000
v -0.832096 0.114106 -0.535209 0.7255 0.6745 0.2000
v -0.832096 0.114106 -0.470171 0.7255 0.6745 0.2000
v -0.832096 0.114106 -0.418141 0.7255 0.6745 0.2000
v -0.832096 0.114106 -0.349850 0.7255 0.6745 0.2000
v -0.993584 0.113138 -0.967714 0.7255 0.6745 0.2000
v -0.993584 0.113138 -0.922187 0.7255 0.6745 0.2000
v -0.993584 0.113138 -0.886416 0.7255 0.6745 0.2000
v -0.832096 0.114106 0.967736 0.7255 0.6745 0.2000
v -0.832096 0.114106 -0.812706 0.7255 0.6745 0.2000
v -0.832096 0.114106 -0.765011 0.7255 0.6745 0.2000
v -0.832096 0.114106 -0.703225 0.7255 0.6745 0.2000
v -0.832068 0.073080 -0.886416 0.7255 0.6745 0.2000
v -0.832068 0.073080 -0.851330 0.7255 0.6745 0.2000
v -0.832068 0.073080 -0.293492 0.7255 0.6745 0.2000
v -0.832068 0.073080 -0.246304 0.7255 0.6745 0.2000
v -0.832068 0.073080 -0.049590 0.7255 0.6745 0.2000
v -0.832068 0.073080 0.000000 0.7255 0.6745 0.2000
v -0.832068 0.073080 -0.349850 0.7255 0.6745 0.2000
v -0.832068 0.073080 -0.703225 0.7255 0.6745 0.2000
v -0.832068 0.073080 -0.660684 0.7255 0.6745 0.2000
v -0.832068 0.073080 0.246304 0.7255 0.6745 0.2000
v -0.832068 0.073080 0.293492 0.7255 0.6745 0.2000
v -0.832068 0.073080 0.186715 0.7255 0.6745 0.2000
v -0.832068 0.073080 0.628976 0.7255 0.6745 0.2000
v -0.832068 0.073080 0.660684 0.7255 0.6745 0.2000
v -0.832068 0.073080 0.820839 0.7255 0.6745 0.2000
v -0.832068 0.073080 0.851330 0.7255 0.6745 0.2000
v -0.993556 0.072111 0.851330 0.7255 0.6745 0.2000
v -0.993556 0.072111 0.660684 0.7255 0.6745 0.2000
v -0.993556 0.072111 0.246304 0.7255 0.6745 0.2000
v -0.993556 0.072111 0.000000 0.7255 0.6745 0.2000
v -0.993556 0.072111 0.293492 0.7255 0.6745 0.2000
v -0.993556 0.072111 -0.851330 0.7255 0.6745 0.2000
v -0.993556 0.072111 -0.660684 0.7255 0.6745 0.2000
v -0.993556 0.072111 -0.246304 0.7255 0.6745 0.2000
v -0.993556 0.072111 -0.293492 0.7255 0.6745 0.2000
v -0.993556 0.072111 0.820839 0.7255 0.6745 0.2000
v -0.993556 0.072111 0.628976 0.7255 0.6745 0.2000
v -0.993556 0.072111 0.186716 0.7255 0.6745 0.2000
v -0.993556 0.072111 -0.703225 0.7255 0.6745 0.2000
v -0.993556 0.072111 -0.349850 0.7255 0.6745 0.2000
v -0.993556 0.072111 -0.049590 0.7255 0.6745 0.2000
v -0.993556 0.072111 -0.886416 0.7255 0.6745 0.2000
v -0.832068 0.073080 0.346059 0.7255 0.6745 0.2000
v -0.832068 0.073080 0.400258 0.7255 0.6745 0.2000
v -0.832068 0.073080 0.460960 0.7255 0.6745 0.2000
v -0.832068 0.073080 0.517327 0.7255 0.6745 0.2000
v -0.832068 0.073080 0.575861 0.7255 0.6745 0.2000
v -0.993556 0.072111 0.877205 0.7255 0.6745 0.2000
v -0.993556 0.072111 0.921648 0.7255 0.6745 0.2000
v -0.832068 0.073080 0.703770 0.7255 0.6745 0.2000
v -0.832068 0.073080 0.741709 0.7255 0.6745 0.2000
v -0.832068 0.073080 0.777480 0.7255 0.6745 0.2000
v -0.993556 0.072111 0.703770 0.7255 0.6745 0.2000
v -0.993556 0.072111 0.741709 0.7255 0.6745 0.2000
v -0.993556 0.072111 0.777480 0.7255 0.6745 0.2000
v -0.832068 0.073080 0.877205 0.7255 0.6745 0.2000
v -0.832068 0.073080 0.921648 0.7255 0.6745 0.2000
v -0.993556 0.072111 0.346059 0.7255 0.6745 0.2000
v -0.993556 0.072111 0.400258 0.7255 0.6745 0.2000
v -0.993556 0.072111 0.460960 0.7255 0.6745 0.2000
v -0.993556 0.072111 0.517327 0.7255 0.6745 0.2000
v -0.993556 0.072111 0.575861 0.7255 0.6745 0.2000
v -0.993556 0.072111 -0.812706 0.7255 0.6745 0.2000
v -0.993556 0.072111 -0.765011 0.7255 0.6745 0.2000
v -0.832068 0.073080 -0.967714 0.7255 0.6745 0.2000
v -0.832068 0.073080 -0.922187 0.7255 0.6745 0.2000
v -0.993556 0.072111 -0.598080 0.7255 0.6745 0.2000
v -0.993556 0.072111 -0.535209 0.7255 0.6745 0.2000
v -0.993556 0.072111 -0.470171 0.7255 0.6745 0.2000
v -0.993556 0.072111 -0.418141 0.7255 0.6745 0.2000
v -0.993556 0.072111 0.967736 0.7255 0.6745 0.2000
v -0.993556 0.072111 -0.185087 0.7255 0.6745 0.2000
v -0.993556 0.072111 -0.123300 0.7255 0.6745 0.2000
v -0.832068 0.073080 0.067479 0.7255 0.6745 0.2000
v -0.832068 0.073080 0.124929 0.7255 0.6745 0.2000
v -0.993556 0.072111 0.067479 0.7255 0.6745 0.2000
v -0.993556 0.072111 0.124929 0.7255 0.6745 0.2000
v -0.832068 0.073080 -0.185087 0.7255 0.6745 0.2000
v -0.832068 0.073080 -0.123300 0.7255 0.6745 0.2000
v -0.832068 0.073080 -0.598080 0.7255 0.6745 0.2000
v -0.832068 0.073080 -0.535209 0.7255 0.6745 0.2000
v -0.832068 0.073080 -0.470171 0.7255 0.6745 0.2000
v -0.832068 0.073080 -0.418141 0.7255 0.6745 0.2000
v -0.993556 0.072111 -0.967714 0.7255 0.6745 0.2000
v -0.993556 0.072111 -0.922187 0.7255 0.6745 0.2000
v -0.832068 0.073080 0.967736 0.7255 0.6745 0.2000
v -0.832068 0.073080 -0.812706 0.7255 0.6745 0.2000
v -0.832068 0.073080 -0.765011 0.7255 0.6745 0.2000
v -0.906149 0.072636 -0.185087 0.7255 0.6745 0.2000
v -0.901442 0.072664 0.851330 0.7255 0.6745 0.2000
v -0.905747 0.072638 0.186715 0.7255 0.6745 0.2000
v -0.916712 0.072572 -0.765011 0.7255 0.6745 0.2000
v -0.906719 0.072632 0.660684 0.7255 0.6745 0.2000
v -0.917544 0.072567 -0.812706 0.7255 0.6745 0.2000
v -0.904707 0.072644 0.246304 0.7255 0.6745 0.2000
v -0.909081 0.072618 0.067479 0.7255 0.6745 0.2000
v -0.905059 0.072642 0.777480 0.7255 0.6745 0.2000
v -0.910259 0.072611 0.000000 0.7255 0.6745 0.2000
v -0.908462 0.072622 -0.349850 0.7255 0.6745 0.2000
v -0.905684 0.072638 0.741709 0.7255 0.6745 0.2000
v -0.903883 0.072649 0.293492 0.7255 0.6745 0.2000
v -0.909654 0.072615 -0.418141 0.7255 0.6745 0.2000
v -0.900214 0.072671 0.921648 0.7255 0.6745 0.2000
v -0.913483 0.072592 -0.660684 0.7255 0.6745 0.2000
v -0.911293 0.072605 -0.535209 0.7255 0.6745 0.2000
v -0.900990 0.072667 0.877205 0.7255 0.6745 0.2000
v -0.907218 0.072629 -0.246304 0.7255 0.6745 0.2000
v -0.912390 0.072598 -0.598080 0.7255 0.6745 0.2000
v -0.907273 0.072629 0.628976 0.7255 0.6745 0.2000
v -0.908200 0.072623 0.575861 0.7255 0.6745 0.2000
v -0.921679 0.072542 -0.886416 0.7255 0.6745 0.2000
v -0.922304 0.072539 -0.922187 0.7255 0.6745 0.2000
v -0.903639 0.072651 0.460960 0.7255 0.6745 0.2000
v -0.905070 0.072642 -0.123300 0.7255 0.6745 0.2000
v -0.904699 0.072644 0.400258 0.7255 0.6745 0.2000
v -0.832045 0.040404 0.246304 0.7255 0.6745 0.2000
v -0.832045 0.040404 0.293492 0.7255 0.6745 0.2000
v -0.832045 0.040404 0.186715 0.7255 0.6745 0.2000
v -0.832045 0.040404 0.628976 0.7255 0.6745 0.2000
v -0.832045 0.040404 0.660684 0.7255 0.6745 0.2000
v -0.832045 0.040404 0.400258 0.7255 0.6745 0.2000
v -0.832045 0.040404 0.460960 0.7255 0.6745 0.2000
v -0.832045 0.040404 0.575861 0.7255 0.6745 0.2000
v -0.832045 0.040404 0.741709 0.7255 0.6745 0.2000
v -0.832045 0.040404 0.777480 0.7255 0.6745 0.2000
v -0.832045 0.040404 0.851330 0.7255 0.6745 0.2000
v -0.832045 0.040404 0.877205 0.7255 0.6745 0.2000
v -0.832045 0.040404 0.921648 0.7255 0.6745 0.2000
v -0.900967 0.039991 0.877205 0.7255 0.6745 0.2000
v -0.832045 0.040404 -0.922187 0.7255 0.6745 0.2000
v -0.832045 0.040404 -0.886416 0.7255 0.6745 0.2000
v -0.832045 0.040404 -0.000000 0.7255 0.6745 0.2000
v -0.832045 0.040404 0.067479 0.7255 0.6745 0.2000
v -0.832045 0.040404 -0.246304 0.7255 0.6745 0.2000
v -0.832045 0.040404 -0.185087 0.7255 0.6745 0.2000
v -0.832045 0.040404 -0.123300 0.7255 0.6745 0.2000
v -0.832045 0.040404 -0.660684 0.7255 0.6745 0.2000
v -0.832045 0.040404 -0.598080 0.7255 0.6745 0.2000
v -0.832045 0.040404 -0.535209 0.7255 0.6745 0.2000
v -0.832045 0.040404 -0.418141 0.7255 0.6745 0.2000
v -0.832045 0.040404 -0.349850 0.7255 0.6745 0.2000
v -0.832045 0.040404 -0.812706 0.7255 0.6745 0.2000
v -0.832045 0.040404 -0.765011 0.7255 0.6745 0.2000
v -0.906126 0.039960 -0.185087 0.7255 0.6745 0.2000
v -0.901419 0.039988 0.851330 0.7255 0.6745 0.2000
v -0.905724 0.039963 0.186715 0.7255 0.6745 0.2000
v -0.916689 0.039897 -0.765011 0.7255 0.6745 0.2000
v -0.906697 0.039957 0.660684 0.7255 0.6745 0.2000
v -0.917522 0.039892 -0.812706 0.7255 0.6745 0.2000
v -0.904684 0.039969 0.246304 0.7255 0.6745 0.2000
v -0.909058 0.039943 0.067479 0.7255 0.6745 0.2000
v -0.905037 0.039967 0.777480 0.7255 0.6745 0.2000
v -0.910236 0.039935 -0.000000 0.7255 0.6745 0.2000
v -0.908440 0.039946 -0.349850 0.7255 0.6745 0.2000
v -0.905661 0.039963 0.741709 0.7255 0.6745 0.2000
v -0.903860 0.039974 0.293492 0.7255 0.6745 0.2000
v -0.909632 0.039939 -0.418141 0.7255 0.6745 0.2000
v -0.900191 0.039996 0.921648 0.7255 0.6745 0.2000
v -0.913461 0.039916 -0.660684 0.7255 0.6745 0.2000
v -0.911270 0.039929 -0.535209 0.7255 0.6745 0.2000
v -0.907195 0.039954 -0.246304 0.7255 0.6745 0.2000
v -0.912368 0.039923 -0.598080 0.7255 0.6745 0.2000
v -0.907250 0.039953 0.628976 0.7255 0.6745 0.2000
v -0.908177 0.039948 0.575861 0.7255 0.6745 0.2000
v -0.921657 0.039867 -0.886416 0.7255 0.6745 0.2000
v -0.922281 0.039863 -0.922187 0.7255 0.6745 0.2000
v -0.903617 0.039975 0.460960 0.7255 0.6745 0.2000
v -0.905048 0.039967 -0.123300 0.7255 0.6745 0.2000
v -0.904676 0.039969 0.400258 0.7255 0.6745 0.2000
v -0.790362 -0.980225 0.132695 0.7255 0.6745 0.2000
v -0.805272 -0.936116 0.132695 0.7255 0.6745 0.2000
v -0.784835 -0.979103 0.000000 0.7255 0.6745 0.2000
v -0.694039 -0.847093 -0.196212 0.7255 0.6745 0.2000
v -0.790129 -0.980178 -0.132695 0.7255 0.6745 0.2000
v -0.805039 -0.935680 -0.132695 0.7255 0.6745 0.2000
v -0.796495 -0.975688 0.000000 0.7255 0.6745 0.2000
v -0.798625 -0.970340 0.000000 0.7255 0.6745 0.2000
v -0.800755 -0.964992 0.000000 0.7255 0.6745 0.2000
v -0.802885 -0.959643 0.000000 0.7255 0.6745 0.2000
v -0.805015 -0.954295 0.000000 0.7255 0.6745 0.2000
v -0.807145 -0.948946 0.000000 0.7255 0.6745 0.2000
v -0.794365 -0.981037 -0.066347 0.7255 0.6745 0.2000
v -0.664772 -0.582896 1.000000 0.7255 0.6745 0.2000
v -0.664990 0.127750 1.000000 0.7255 0.6745 0.2000
v -0.664772 1.000000 0.851330 0.7255 0.6745 0.2000
v -0.664772 1.000000 0.660684 0.7255 0.6745 0.2000
v -0.664772 1.000000 0.246304 0.7255 0.6745 0.2000
v -0.650815 2.580737 0.851330 0.7255 0.6745 0.2000
v -0.664772 1.000000 0.000000 0.7255 0.6745 0.2000
v -0.664772 1.000000 0.293492 0.7255 0.6745 0.2000
v -0.664772 -0.582896 -1.000000 0.7255 0.6745 0.2000
v -0.664990 0.127750 -1.000000 0.7255 0.6745 0.2000
v -0.660815 1.000000 -0.851330 0.7255 0.6745 0.2000
v -0.664772 1.000000 -0.660684 0.7255 0.6745 0.2000
v -0.664772 1.000000 -0.246304 0.7255 0.6745 0.2000
v -0.650815 2.580737 -0.851330 0.7255 0.6745 0.2000
v -0.664772 1.000000 -0.293492 0.7255 0.6745 0.2000
v -0.664772 1.000000 0.979263 0.7255 0.6745 0.2000
v -0.664772 -0.582896 -0.982860 0.7255 0.6745 0.2000
v -0.664772 1.000000 1.000000 0.7255 0.6745 0.2000
v -0.664772 -0.582896 0.851330 0.7255 0.6745 0.2000
v -0.664772 -0.582896 0.660684 0.7255 0.6745 0.2000
v -0.649970 -0.604831 0.243937 0.7255 0.6745 0.2000
v -0.649970 -0.604831 -0.002367 0.7255 0.6745 0.2000
v -0.664772 -0.582896 0.293492 0.7255 0.6745 0.2000
v -0.664772 1.000000 -1.000000 0.7255 0.6745 0.2000
v -0.664772 -0.582896 -0.851330 0.7255 0.6745 0.2000
v -0.664772 -0.582896 -0.660684 0.7255 0.6745 0.2000
v -0.649970 -0.604831 -0.248671 0.7255 0.6745 0.2000
v -0.664772 -0.582896 -0.293492 0.7255 0.6745 0.2000
v -0.664772 -0.582896 0.979263 0.7255 0.6745 0.2000
v -0.664772 1.000000 -0.982860 0.7255 0.6745 0.2000
v -0.664982 0.100596 -1.000000 0.7255 0.6745 0.2000
v -0.664982 0.100596 1.000000 0.7255 0.6745 0.2000
v -0.893201 0.072713 0.851330 0.7255 0.6745 0.2000
v -0.892119 0.072720 0.921648 0.7255 0.6745 0.2000
v -0.892780 0.040040 0.877205 0.7255 0.6745 0.2000
v -0.893178 0.040038 0.851330 0.7255 0.6745 0.2000
v -0.892097 0.040044 0.921648 0.7255 0.6745 0.2000
v -0.839528 0.040359 0.877205 0.7255 0.6745 0.2000
v -0.839600 0.073035 0.851330 0.7255 0.6745 0.2000
v -0.839467 0.073035 0.921648 0.7255 0.6745 0.2000
v -0.839577 0.040359 0.851330 0.7255 0.6745 0.2000
v -0.839444 0.040360 0.921648 0.7255 0.6745 0.2000
v -0.839400 0.073036 0.777480 0.7255 0.6745 0.2000
v -0.839462 0.073035 0.741709 0.7255 0.6745 0.2000
v -0.839377 0.040360 0.777480 0.7255 0.6745 0.2000
v -0.839440 0.040360 0.741709 0.7255 0.6745 0.2000
v -0.900215 0.072671 0.777480 0.7255 0.6745 0.2000
v -0.900798 0.072668 0.741709 0.7255 0.6745 0.2000
v -0.900192 0.039996 0.777480 0.7255 0.6745 0.2000
v -0.900775 0.039992 0.741709 0.7255 0.6745 0.2000
v -0.897522 0.072687 0.660684 0.7255 0.6745 0.2000
v -0.898820 0.072680 0.575861 0.7255 0.6745 0.2000
v -0.897500 0.040012 0.660684 0.7255 0.6745 0.2000
v -0.897985 0.040009 0.628976 0.7255 0.6745 0.2000
v -0.898798 0.040004 0.575861 0.7255 0.6745 0.2000
v -0.841830 0.073021 0.660684 0.7255 0.6745 0.2000
v -0.842024 0.073020 0.575861 0.7255 0.6745 0.2000
v -0.841808 0.040346 0.660684 0.7255 0.6745 0.2000
v -0.841880 0.040345 0.628976 0.7255 0.6745 0.2000
v -0.842001 0.040345 0.575861 0.7255 0.6745 0.2000
v -0.899806 0.072674 0.460960 0.7255 0.6745 0.2000
v -0.900809 0.072668 0.400258 0.7255 0.6745 0.2000
v -0.899784 0.039998 0.460960 0.7255 0.6745 0.2000
v -0.900786 0.039992 0.400258 0.7255 0.6745 0.2000
v -0.838914 0.073039 0.460960 0.7255 0.6745 0.2000
v -0.839016 0.073038 0.400258 0.7255 0.6745 0.2000
v -0.838892 0.040363 0.460960 0.7255 0.6745 0.2000
v -0.838993 0.040363 0.400258 0.7255 0.6745 0.2000
v -0.837411 0.073048 0.186715 0.7255 0.6745 0.2000
v -0.837276 0.073049 0.293492 0.7255 0.6745 0.2000
v -0.837389 0.040372 0.186715 0.7255 0.6745 0.2000
v -0.837313 0.040373 0.246304 0.7255 0.6745 0.2000
v -0.837254 0.040373 0.293492 0.7255 0.6745 0.2000
v -0.898638 0.072681 0.186715 0.7255 0.6745 0.2000
v -0.896953 0.072691 0.293492 0.7255 0.6745 0.2000
v -0.898615 0.040005 0.186715 0.7255 0.6745 0.2000
v -0.897675 0.040011 0.246304 0.7255 0.6745 0.2000
v -0.896931 0.040015 0.293492 0.7255 0.6745 0.2000
v -0.836469 0.073053 0.067479 0.7255 0.6745 0.2000
v -0.836536 0.073053 0.000000 0.7255 0.6745 0.2000
v -0.836446 0.040378 0.067479 0.7255 0.6745 0.2000
v -0.836513 0.040378 -0.000000 0.7255 0.6745 0.2000
v -0.902480 0.072658 0.067479 0.7255 0.6745 0.2000
v -0.903557 0.072651 0.000000 0.7255 0.6745 0.2000
v -0.902457 0.039982 0.067479 0.7255 0.6745 0.2000
v -0.903534 0.039976 -0.000000 0.7255 0.6745 0.2000
v -0.898317 0.072683 -0.246304 0.7255 0.6745 0.2000
v -0.896424 0.072694 -0.123300 0.7255 0.6745 0.2000
v -0.897352 0.040013 -0.185087 0.7255 0.6745 0.2000
v -0.898294 0.040007 -0.246304 0.7255 0.6745 0.2000
v -0.896401 0.040018 -0.123300 0.7255 0.6745 0.2000
v -0.837699 0.073046 -0.246304 0.7255 0.6745 0.2000
v -0.837538 0.073047 -0.123300 0.7255 0.6745 0.2000
v -0.837597 0.040371 -0.185087 0.7255 0.6745 0.2000
v -0.837677 0.040371 -0.246304 0.7255 0.6745 0.2000
v -0.837516 0.040371 -0.123300 0.7255 0.6745 0.2000
v -0.837449 0.073048 -0.349850 0.7255 0.6745 0.2000
v -0.837533 0.073047 -0.418141 0.7255 0.6745 0.2000
v -0.837426 0.040372 -0.349850 0.7255 0.6745 0.2000
v -0.837510 0.040372 -0.418141 0.7255 0.6745 0.2000
v -0.901910 0.072661 -0.349850 0.7255 0.6745 0.2000
v -0.903000 0.072654 -0.418141 0.7255 0.6745 0.2000
v -0.901887 0.039986 -0.349850 0.7255 0.6745 0.2000
v -0.902977 0.039979 -0.418141 0.7255 0.6745 0.2000
v -0.843711 0.073010 -0.660684 0.7255 0.6745 0.2000
v -0.843398 0.073012 -0.535209 0.7255 0.6745 0.2000
v -0.843688 0.040334 -0.660684 0.7255 0.6745 0.2000
v -0.843375 0.040336 -0.535209 0.7255 0.6745 0.2000
v -0.843532 0.040335 -0.598080 0.7255 0.6745 0.2000
v -0.905171 0.072641 -0.660684 0.7255 0.6745 0.2000
v -0.903204 0.072653 -0.535209 0.7255 0.6745 0.2000
v -0.905148 0.039966 -0.660684 0.7255 0.6745 0.2000
v -0.903182 0.039978 -0.535209 0.7255 0.6745 0.2000
v -0.904167 0.039972 -0.598080 0.7255 0.6745 0.2000
v -0.838727 0.073040 -0.765011 0.7255 0.6745 0.2000
v -0.838793 0.073039 -0.812706 0.7255 0.6745 0.2000
v -0.838705 0.040364 -0.765011 0.7255 0.6745 0.2000
v -0.838770 0.040364 -0.812706 0.7255 0.6745 0.2000
v -0.911037 0.072606 -0.765011 0.7255 0.6745 0.2000
v -0.911814 0.072602 -0.812706 0.7255 0.6745 0.2000
v -0.911014 0.039931 -0.765011 0.7255 0.6745 0.2000
v -0.911791 0.039926 -0.812706 0.7255 0.6745 0.2000
v -0.837463 0.073047 -0.886416 0.7255 0.6745 0.2000
v -0.837501 0.073047 -0.922187 0.7255 0.6745 0.2000
v -0.837441 0.040372 -0.886416 0.7255 0.6745 0.2000
v -0.837478 0.040372 -0.922187 0.7255 0.6745 0.2000
v -0.916004 0.072576 -0.886416 0.7255 0.6745 0.2000
v -0.916589 0.072573 -0.922187 0.7255 0.6745 0.2000
v -0.915981 0.039901 -0.886416 0.7255 0.6745 0.2000
v -0.916566 0.039898 -0.922187 0.7255 0.6745 0.2000
v -0.912812 0.072596 -0.703225 0.7255 0.6745 0.2000
v -0.832068 0.073080 -0.706226 1.0000 1.0000 1.0000
v -0.993556 0.072111 -0.706226 1.0000 1.0000 1.0000
v -0.912812 0.072596 -0.706226 1.0000 1.0000 1.0000
v -0.993556 0.072111 -0.474846 1.0000 1.0000 1.0000
v -0.832068 0.073080 -0.474846 1.0000 1.0000 1.0000
v -0.832068 0.073080 -0.297382 1.0000 1.0000 1.0000
v -0.993556 0.072111 -0.297382 1.0000 1.0000 1.0000
v -0.800680 2.561297 -0.660684 0.7255 0.6745 0.2000
v -0.647168 2.747112 -0.667742 0.7255 0.6745 0.2000
v -0.650938 2.561297 -0.851330 0.7255 0.6745 0.2000
v -0.646559 2.747870 -0.842959 0.7255 0.6745 0.2000
v -0.650889 2.561297 -0.660684 0.7255 0.6745 0.2000
v -0.800625 2.561297 -0.851330 0.7255 0.6745 0.2000
v -0.800915 2.535629 0.851330 0.7255 0.6745 0.2000
v -0.651213 2.535629 0.660684 0.7255 0.6745 0.2000
v -0.800787 2.535629 0.660684 0.7255 0.6745 0.2000
v 0.782008 2.490451 0.246304 0.7255 0.6745 0.2000
v 0.782008 2.490451 -0.246304 0.7255 0.6745 0.2000
v 0.569592 2.490451 0.246304 0.7255 0.6745 0.2000
v 0.782008 2.490451 0.000000 0.7255 0.6745 0.2000
v 0.569592 2.490451 0.000000 0.7255 0.6745 0.2000
v 0.569592 2.490451 -0.246304 0.7255 0.6745 0.2000
vn -0.0000 -1.0000 -0.0000
vn -0.0000 -0.0000 1.0000
vn -0.0000 1.0000 -0.0000
vn -1.0000 -0.0000 -0.0000
vn -0.9776 -0.2106 -0.0000
vn -0.2074 -0.9783 -0.0000
vn 0.0060 -1.0000 -0.0000
vn 1.0000 -0.0000 -0.0000
vn -0.4996 -0.1076 0.8596
vn -0.6967 -0.7172 -0.0166
vn -0.9601 -0.2785 0.0268
vn -0.9959 -0.0906 0.0001
vn -0.9959 0.0906 -0.0001
vn -0.9469 0.3215 -0.0002
vn -0.7433 0.6689 -0.0005
vn 0.7433 0.6689 -0.0005
vn 0.9469 0.3215 -0.0002
vn 0.9973 0.0739 -0.0000
vn 0.9971 -0.0765 -0.0000
vn -0.0151 0.0001 0.9999
vn 0.9469 -0.3215 0.0002
vn 0.6835 -0.7295 0.0267
vn -0.0173 -0.0001 -0.9998
vn -0.9469 -0.3215 0.0002
vn -0.6195 0.7850 -0.0006
vn 0.6195 0.7850 -0.0006
vn 0.9959 0.0906 -0.0001
vn 0.9959 -0.0906 0.0001
vn -0.0000 0.0001 1.0000
vn 0.6195 -0.7850 0.0006
vn -0.0000 -0.0001 -1.0000
vn 0.9997 -0.0244 -0.0000
vn -0.0000 -0.0000 -1.0000
vn -0.9980 0.0629 -0.0000
vn 0.9980 -0.0629 -0.0000
vn -0.9997 0.0244 -0.0000
vn -0.7712 -0.6366 -0.0045
vn -0.4399 -0.8979 0.0173
vn -0.8219 -0.5696 0.0004
vn -0.3630 -0.9318 0.0007
vn -0.9998 0.0182 -0.0000
vn -0.9076 0.4199 -0.0000
vn -0.9076 0.4198 -0.0000
vn -0.0516 0.0322 -0.9982
vn 0.8481 -0.5298 -0.0000
vn -0.9756 -0.1263 0.1795
vn 0.9940 0.1067 0.0231
vn -0.5578 -0.0559 0.8281
vn -0.9290 -0.3700 -0.0000
vn 0.1989 -0.9800 -0.0000
vn -0.8818 0.4717 -0.0000
vn -0.9319 0.3620 -0.0215
vn -0.4555 -0.3989 0.7959
vn -0.4996 -0.1076 -0.8596
vn -0.9725 -0.2331 -0.0002
vn -0.9959 -0.0906 -0.0001
vn -0.9959 0.0906 0.0001
vn -0.9469 0.3215 0.0002
vn -0.7433 0.6689 0.0005
vn 0.7433 0.6689 0.0005
vn 0.9469 0.3215 0.0002
vn 0.9971 0.0767 0.0020
vn 0.9969 -0.0789 0.0016
vn -0.0103 0.0001 -0.9999
vn 0.9469 -0.3215 -0.0002
vn 0.6127 -0.7885 0.0536
vn -0.0173 -0.0001 0.9999
vn -0.9469 -0.3215 -0.0002
vn -0.6195 0.7850 0.0006
vn 0.6195 0.7850 0.0006
vn 0.9959 0.0906 0.0001
vn 0.9959 -0.0906 -0.0001
vn -0.0000 0.0001 -1.0000
vn 0.6195 -0.7850 -0.0006
vn -0.0000 -0.0001 1.0000
vn -0.7712 -0.6366 -0.0005
vn -0.4926 -0.8702 -0.0104
vn -0.8219 -0.5696 -0.0004
vn -0.3630 -0.9318 -0.0007
vn -0.9998 0.0198 -0.0016
vn 0.9940 0.1065 -0.0237
vn -0.5578 -0.0559 -0.8281
vn -0.9301 0.3666 0.0219
vn -0.4305 -0.3987 -0.8097
vn -0.9764 -0.1267 -0.1749
vn -1.0000 -0.0007 -0.0000
vn 1.0000 0.0007 -0.0000
vn -0.9998 -0.0007 0.0175
vn -0.9706 -0.2167 0.1045
vn -0.9745 -0.2245 -0.0000
vn -0.9712 -0.2164 -0.0995
vn 0.2127 0.0028 -0.9771
vn 1.0000 0.0099 -0.0000
vn -1.0000 0.0077 -0.0003
vn 0.1901 0.0025 0.9818
vn 1.0000 0.0037 -0.0000
vn -1.0000 -0.0037 -0.0000
vn 0.8466 0.0040 0.5322
vn 0.9999 0.0097 0.0035
vn -1.0000 0.0077 -0.0001
vn 0.8657 0.0030 -0.5005
vn 0.2165 0.0029 -0.9763
vn -0.9999 0.0077 -0.0119
vn 1.0000 0.0097 0.0017
vn 0.2084 0.0028 0.9780
vn -0.9999 0.0077 -0.0121
vt 0.848448 0.747408
vt 0.875000 0.747408
vt 0.875000 0.750000
vt 0.848448 0.750000
vt 0.491401 0.973448
vt 0.625000 0.973448
vt 0.625000 1.000000
vt 0.491401 1.000000
vt 0.351872 0.747408
vt 0.375000 0.747408
vt 0.375000 0.750000
vt 0.351872 0.750000
vt 0.486094 0.747408
vt 0.486094 0.750000
vt 0.375000 0.973448
vt 0.486094 0.973448
vt 0.486094 1.000000
vt 0.375000 1.000000
vt 0.375000 0.792893
vt 0.486094 0.792872
vt 0.486094 0.796256
vt 0.375000 0.796256
vt 0.298960 0.747408
vt 0.328744 0.747408
vt 0.328744 0.750000
vt 0.298960 0.750000
vt 0.491401 0.792872
vt 0.625000 0.792893
vt 0.625000 0.796256
vt 0.491401 0.796256
vt 0.667893 0.747408
vt 0.671256 0.747408
vt 0.671256 0.750000
vt 0.667893 0.750000
vt 0.151552 0.747408
vt 0.178104 0.747408
vt 0.178104 0.750000
vt 0.151552 0.750000
vt 0.375000 0.906727
vt 0.486094 0.906727
vt 0.486094 0.946896
vt 0.375000 0.946896
vt 0.491401 0.906727
vt 0.625000 0.906727
vt 0.625000 0.946896
vt 0.491401 0.946896
vt 0.781727 0.747408
vt 0.821896 0.747408
vt 0.821896 0.750000
vt 0.781727 0.750000
vt 0.125000 0.747408
vt 0.125000 0.750000
vt 0.633134 0.747408
vt 0.648128 0.747408
vt 0.648128 0.750000
vt 0.633134 0.750000
vt 0.490910 0.750802
vt 0.612146 0.770988
vt 0.625000 0.773128
vt 0.492434 0.772989
vt 0.486094 0.772983
vt 0.375000 0.773128
vt 0.350754 0.747408
vt 0.350754 0.750000
vt 0.633134 0.707585
vt 0.648128 0.707585
vt 0.648128 0.731416
vt 0.633134 0.731416
vt 0.633134 0.727605
vt 0.633134 0.722185
vt 0.633134 0.717714
vt 0.633134 0.712971
vt 0.821896 0.707585
vt 0.848448 0.707585
vt 0.848448 0.731416
vt 0.821896 0.731416
vt 0.125000 0.707585
vt 0.151552 0.707585
vt 0.151552 0.731416
vt 0.125000 0.731416
vt 0.781727 0.707585
vt 0.781727 0.731416
vt 0.178104 0.707585
vt 0.178104 0.731416
vt 0.667893 0.707585
vt 0.671256 0.707585
vt 0.671256 0.731416
vt 0.667893 0.731416
vt 0.298961 0.707586
vt 0.328744 0.707586
vt 0.328744 0.731416
vt 0.298961 0.731416
vt 0.375000 0.002592
vt 0.486094 0.002592
vt 0.486094 0.018584
vt 0.375000 0.018584
vt 0.375000 0.707585
vt 0.486094 0.707585
vt 0.486094 0.731416
vt 0.375000 0.731416
vt 0.351872 0.707586
vt 0.351872 0.731416
vt 0.491401 0.002592
vt 0.625000 0.002592
vt 0.625000 0.018584
vt 0.491401 0.018584
vt 0.875000 0.707585
vt 0.875000 0.731416
vt 0.848448 0.661687
vt 0.875000 0.661686
vt 0.351872 0.661687
vt 0.375000 0.661687
vt 0.486094 0.661686
vt 0.298960 0.661687
vt 0.328744 0.661686
vt 0.667893 0.661686
vt 0.671256 0.661686
vt 0.151552 0.661687
vt 0.178104 0.661687
vt 0.781727 0.661686
vt 0.821896 0.661686
vt 0.125000 0.661687
vt 0.633134 0.661686
vt 0.648128 0.661686
vt 0.633134 0.703622
vt 0.633134 0.696983
vt 0.633134 0.689666
vt 0.633134 0.682620
vt 0.633134 0.675032
vt 0.633134 0.668257
vt 0.350754 0.661687
vt 0.350754 0.707586
vt 0.486094 0.042415
vt 0.375000 0.042415
vt 0.625000 0.042415
vt 0.491401 0.042415
vt 0.375000 0.088313
vt 0.486094 0.088313
vt 0.486094 0.094212
vt 0.375000 0.094212
vt 0.491401 0.088313
vt 0.625000 0.088313
vt 0.625000 0.094212
vt 0.491401 0.094212
vt 0.350754 0.625000
vt 0.351872 0.625000
vt 0.351872 0.655788
vt 0.350754 0.655788
vt 0.633134 0.624999
vt 0.648128 0.624999
vt 0.648128 0.655788
vt 0.633134 0.655788
vt 0.633134 0.648339
vt 0.633134 0.640616
vt 0.633134 0.633434
vt 0.821896 0.624999
vt 0.848448 0.624999
vt 0.848448 0.655788
vt 0.821896 0.655788
vt 0.125000 0.624999
vt 0.151552 0.624999
vt 0.151552 0.655788
vt 0.125000 0.655788
vt 0.781727 0.624999
vt 0.781727 0.655788
vt 0.671256 0.655788
vt 0.667893 0.655788
vt 0.298960 0.624999
vt 0.328744 0.624999
vt 0.328744 0.655788
vt 0.298960 0.655788
vt 0.375000 0.624999
vt 0.486094 0.624999
vt 0.486094 0.655788
vt 0.375000 0.655788
vt 0.875000 0.624999
vt 0.875000 0.655788
vt 0.151552 0.624999
vt 0.178104 0.624999
vt 0.178104 0.655788
vt 0.151552 0.655788
vt 0.625000 0.125001
vt 0.491401 0.125001
vt 0.486094 0.125001
vt 0.375000 0.125001
vt 0.972792 0.499992
vt 0.972793 0.999993
vt 0.943874 1.000029
vt 0.916667 0.500000
vt 0.916667 1.000000
vt 0.833333 1.000000
vt 0.833333 0.500000
vt 0.750000 1.000000
vt 0.750000 0.500000
vt 0.666667 1.000000
vt 0.666667 0.500000
vt 0.583333 1.000000
vt 0.583333 0.500000
vt 0.500000 1.000000
vt 0.500000 0.500000
vt 0.416667 1.000000
vt 0.416667 0.500000
vt 0.333333 1.000000
vt 0.333333 0.500000
vt 0.250000 1.000000
vt 0.250000 0.500000
vt 0.166667 1.000000
vt 0.166667 0.500000
vt 0.314020 0.461117
vt 0.285536 0.477935
vt 0.172514 0.447651
vt 0.091322 0.366459
vt 0.060117 0.250000
vt 0.091322 0.133541
vt 0.172514 0.052349
vt 0.250000 0.031587
vt 0.327486 0.052349
vt 0.408678 0.133541
vt 0.439883 0.250000
vt 0.408678 0.366459
vt 0.083333 1.000000
vt 0.083333 0.500000
vt 0.000000 1.000000
vt 0.000000 0.500000
vt 0.814021 0.461117
vt 0.908678 0.366459
vt 0.939883 0.250000
vt 0.908678 0.133541
vt 0.827486 0.052349
vt 0.750000 0.031587
vt 0.672514 0.052349
vt 0.591322 0.133541
vt 0.560117 0.250000
vt 0.591322 0.366459
vt 0.672514 0.447651
vt 0.300317 0.472917
vt 0.190197 0.443410
vt 0.111773 0.364987
vt 0.080963 0.250000
vt 0.111773 0.135013
vt 0.190197 0.056590
vt 0.250000 0.040565
vt 0.309803 0.056590
vt 0.388227 0.135013
vt 0.419037 0.250000
vt 0.388227 0.364987
vt 0.790736 0.462477
vt 0.888227 0.364987
vt 0.919038 0.250000
vt 0.888227 0.135013
vt 0.809803 0.056590
vt 0.750000 0.040566
vt 0.690197 0.056590
vt 0.611773 0.135013
vt 0.580962 0.250000
vt 0.611773 0.364987
vt 0.690197 0.443410
vt 0.288673 0.624999
vt 0.293767 0.624999
vt 0.293767 0.655788
vt 0.288673 0.655788
vt 0.671256 0.624999
vt 0.288673 0.661687
vt 0.293767 0.661687
vt 0.293767 0.707586
vt 0.288673 0.707586
vt 0.293767 0.731416
vt 0.288673 0.731416
vt 0.625000 0.826040
vt 0.625000 0.826040
vt 0.491401 0.826040
vt 0.625000 0.831233
vt 0.491401 0.831233
vt 0.375000 0.826040
vt 0.486094 0.826040
vt 0.486094 0.831233
vt 0.375000 0.831233
vt 0.288673 0.747408
vt 0.293767 0.747408
vt 0.293767 0.750000
vt 0.288673 0.750000
vt 0.277154 0.747408
vt 0.277154 0.750000
vt 0.277154 0.707585
vt 0.277154 0.731416
vt 0.277154 0.661687
vt 0.277154 0.624999
vt 0.277154 0.655788
vt 0.706233 0.655788
vt 0.706233 0.624999
vt 0.711328 0.747408
vt 0.711327 0.750000
vt 0.625000 0.836327
vt 0.711327 0.707585
vt 0.711328 0.731416
vt 0.491401 0.836327
vt 0.486094 0.836327
vt 0.375000 0.836327
vt 0.218273 0.624999
vt 0.219937 0.624999
vt 0.219937 0.655788
vt 0.218273 0.655788
vt 0.218273 0.661687
vt 0.219937 0.661687
vt 0.219937 0.707585
vt 0.218273 0.707585
vt 0.219937 0.731416
vt 0.218273 0.731416
vt 0.218273 0.747408
vt 0.219937 0.747408
vt 0.219937 0.750000
vt 0.218273 0.750000
vt 0.769071 0.747408
vt 0.769071 0.731416
vt 0.780063 0.707585
vt 0.780063 0.731416
vt 0.625000 0.895304
vt 0.625000 0.894071
vt 0.625000 0.895305
vt 0.769071 0.655788
vt 0.769071 0.624999
vt 0.491401 0.903277
vt 0.625000 0.903277
vt 0.625000 0.905063
vt 0.491401 0.905063
vt 0.375000 0.903277
vt 0.486094 0.903277
vt 0.486094 0.905063
vt 0.375000 0.905063
vt 0.375000 0.891865
vt 0.486094 0.891865
vt 0.486094 0.894071
vt 0.375000 0.894071
vt 0.491401 0.891865
vt 0.625000 0.891865
vt 0.491401 0.894071
vt 0.766865 0.747408
vt 0.769071 0.750000
vt 0.766865 0.750000
vt 0.766865 0.707585
vt 0.769071 0.707585
vt 0.766865 0.731416
vt 0.766865 0.661686
vt 0.769071 0.661686
vt 0.766865 0.624999
vt 0.766865 0.655788
vt 0.229696 0.624999
vt 0.230929 0.624999
vt 0.230929 0.655788
vt 0.229696 0.655788
vt 0.229696 0.661687
vt 0.230929 0.661687
vt 0.230929 0.707585
vt 0.229696 0.707585
vt 0.230929 0.731416
vt 0.229696 0.731416
vt 0.229696 0.747408
vt 0.230929 0.747408
vt 0.230929 0.750000
vt 0.229696 0.750000
vt 0.780063 0.624999
vt 0.780063 0.655788
vt 0.778277 0.655788
vt 0.770304 0.655788
vt 0.778277 0.661686
vt 0.780063 0.661686
vt 0.778277 0.707585
vt 0.778277 0.731416
vt 0.778277 0.747408
vt 0.780063 0.747408
vt 0.780063 0.750000
vt 0.778277 0.750000
vt 0.000000 0.000000
vt 0.769071 0.661686
vt 0.780063 0.661686
vt 0.711328 0.624999
vt 0.711328 0.655788
vt 0.706233 0.661686
vt 0.711328 0.661686
vt 0.706233 0.707585
vt 0.706233 0.731416
vt 0.706233 0.747408
vt 0.706233 0.750000
vt 0.706233 0.661686
vt 0.711328 0.661686
vt 0.706233 0.747408
vt 0.701040 0.624999
vt 0.701040 0.655788
vt 0.701040 0.661686
vt 0.706233 0.661686
vt 0.701040 0.707585
vt 0.701040 0.731416
vt 0.701040 0.747408
vt 0.701040 0.750000
vt 0.671256 0.661686
vt 0.542154 0.370000
vt 0.042154 0.370000
vt 0.630000 0.457846
vt 1.000000 0.500000
vt 0.943874 0.500029
vt 0.870000 0.457846
vt 0.870000 0.042154
vt 0.750000 0.010000
vt 0.250000 0.010000
vt 0.130000 0.042154
vt 0.785536 0.477935
vt 0.750000 0.490000
vt 0.961476 0.999989
vt 0.961476 0.499989
vt 1.000000 1.000000
vt 0.955191 0.500041
vt 0.955191 1.000041
vt 0.957846 0.370000
vt 0.290736 0.462477
vt 0.457846 0.370000
vt 0.370000 0.457846
vt 0.990000 0.250000
vt 0.490000 0.250000
vt 0.957846 0.130000
vt 0.457846 0.130000
vt 0.370000 0.042154
vt 0.630000 0.042154
vt 0.542154 0.130000
vt 0.042154 0.130000
vt 0.510000 0.250000
vt 0.010000 0.250000
vt 0.130000 0.457846
vt 0.800317 0.472917
vt 0.250000 0.490000
vt 0.328744 0.707585
vt 0.332107 0.707585
vt 0.332107 0.731416
vt 0.328744 0.731416
vt 0.666903 0.624999
vt 0.667893 0.624999
vt 0.666903 0.655788
vt 0.332107 0.624999
vt 0.332107 0.655788
vt 0.332107 0.661686
vt 0.332107 0.707586
vt 0.666903 0.661686
vt 0.666903 0.707585
vt 0.666903 0.731416
vt 0.332107 0.747408
vt 0.332107 0.750000
vt 0.666903 0.747408
vt 0.666903 0.750000
vt 0.491401 0.791877
vt 0.625000 0.791904
vt 0.375000 0.791903
vt 0.486094 0.791876
vt 0.003758 0.003671
vt 0.157016 0.146269
vt 0.668373 0.624999
vt 0.668854 0.624999
vt 0.669334 0.624999
vt 0.669815 0.624999
vt 0.670295 0.624999
vt 0.670776 0.624999
vt 0.178104 0.655788
vt 0.701040 0.655788
vt 0.701040 0.661687
vt 0.848448 0.747857
vt 0.875000 0.747857
vt 0.351872 0.747858
vt 0.375000 0.747857
vt 0.486094 0.747857
vt 0.298960 0.747858
vt 0.298960 0.750000
vt 0.328744 0.747858
vt 0.491401 0.796256
vt 0.667893 0.747857
vt 0.671256 0.747857
vt 0.151552 0.747857
vt 0.178104 0.747857
vt 0.491401 0.946896
vt 0.625000 0.906727
vt 0.781727 0.747858
vt 0.781727 0.750000
vt 0.821896 0.747857
vt 0.125000 0.747858
vt 0.633134 0.747857
vt 0.633134 0.750000
vt 0.648128 0.747857
vt 0.490910 0.750802
vt 0.492434 0.772989
vt 0.612146 0.770988
vt 0.350754 0.747858
vt 0.633134 0.712903
vt 0.633134 0.720626
vt 0.633134 0.726588
vt 0.375000 0.002142
vt 0.486094 0.002142
vt 0.491401 0.002142
vt 0.491401 0.018584
vt 0.625000 0.002142
vt 0.633134 0.668731
vt 0.633134 0.677267
vt 0.633134 0.683771
vt 0.633134 0.691901
vt 0.633134 0.699760
vt 0.491401 0.042415
vt 0.633134 0.631198
vt 0.633134 0.640412
vt 0.633134 0.648136
vt 0.667893 0.655788
vt 0.625000 0.826040
vt 0.491401 0.826040
vt 0.491401 0.831233
vt 0.375000 0.826040
vt 0.288673 0.747857
vt 0.293767 0.747857
vt 0.277154 0.747857
vt 0.711327 0.747857
vt 0.711327 0.747858
vt 0.491401 0.836327
vt 0.218273 0.747857
vt 0.219937 0.747857
vt 0.769071 0.747857
vt 0.769071 0.747857
vt 0.491401 0.905063
vt 0.375000 0.903277
vt 0.491401 0.894071
vt 0.625000 0.891865
vt 0.766865 0.747858
vt 0.229696 0.747857
vt 0.230929 0.747857
vt 0.770305 0.655788
vt 0.778277 0.747857
vt 0.780063 0.747857
vt 0.706233 0.747857
vt 0.701040 0.655788
vt 0.701040 0.661686
vt 0.701040 0.747857
vt 0.706233 0.747858
vt 0.332107 0.747858
vt 0.666903 0.747857
vt 0.666903 0.750000
vt 0.625000 0.791903
vt 0.375000 0.791903
vt 0.486094 0.791876
vt 0.671256 0.626348
vt 0.671256 0.625159
vt 0.671256 0.640394
vt 0.221723 0.655788
vt 0.221723 0.661687
vt 0.770305 0.661686
vt 0.770305 0.750000
vt 0.770305 0.747857
vt 0.770305 0.731416
vt 0.770304 0.707585
vt 0.221723 0.747857
vt 0.221723 0.750000
vt 0.221723 0.707585
vt 0.221723 0.731416
vt 0.221723 0.624999
vt 0.375000 0.895304
vt 0.486094 0.895304
vt 0.491401 0.895304
vt 0.770304 0.661686
vt 0.770305 0.747408
vt 0.770305 0.707585
vt 0.770304 0.731416
vt 0.221723 0.747408
vt 0.221723 0.750000
vt 0.486094 0.895304
vt 0.375000 0.895305
vt 0.178104 0.624999
vt 0.233135 0.661687
vt 0.233135 0.655788
vt 0.722846 0.655788
vt 0.722846 0.661686
vt 0.722846 0.624999
vt 0.722846 0.707585
vt 0.722846 0.731416
vt 0.722846 0.747858
vt 0.722846 0.750000
vt 0.491401 0.847846
vt 0.625000 0.847846
vt 0.375000 0.847846
vt 0.486094 0.847846
vt 0.233135 0.624999
vt 0.233135 0.707585
vt 0.233135 0.731416
vt 0.233135 0.750000
vt 0.233135 0.747857
vt 0.722846 0.661686
vt 0.722846 0.747408
vt 0.491401 0.847846
vt 0.233135 0.747408
vt 0.332107 0.731416
vt 0.491401 0.000000
vt 0.625000 0.000000
vt 0.375000 0.000000
vt 0.486094 0.000000
vt 0.350754 0.731416
vt 0.633134 0.745967
vt 0.633134 0.740206
vt 0.633134 0.734651
vt 0.633134 0.735802
vt 0.633134 0.740273
vt 0.633134 0.745964
vt 0.333097 0.731416
vt 0.333097 0.747858
vt 0.649246 0.747857
vt 0.649246 0.731416
vt 0.333097 0.731416
vt 0.333097 0.747408
vt 0.649246 0.747408
vt 0.333097 0.655788
vt 0.333097 0.661686
vt 0.649246 0.661686
vt 0.649246 0.655788
vt 0.375000 0.774246
vt 0.486094 0.774109
vt 0.491401 0.774114
vt 0.625000 0.774246
vt 0.649246 0.750000
vt 0.649246 0.707585
vt 0.649246 0.624999
vt 0.333097 0.707585
vt 0.333097 0.731416
vt 0.350754 0.731416
vt 0.350754 0.707585
vt 0.333097 0.624999
vt 0.333097 0.707586
vt 0.333097 0.750000
vt 0.649246 0.655788
vt 0.625000 0.774246
vt 0.333097 0.731416
vt 0.491712 0.699760
vt 0.491712 0.707585
vt 0.491712 0.624999
vt 0.491712 0.631198
vt 0.491712 0.740273
vt 0.491712 0.745964
vt 0.491712 0.717714
vt 0.491712 0.712971
vt 0.491712 0.661686
vt 0.491712 0.668731
vt 0.491712 0.747408
vt 0.491712 0.712903
vt 0.491712 0.747857
vt 0.491712 0.750000
vt 0.486094 0.750000
vt 0.491712 0.722185
vt 0.491712 0.727605
vt 0.491712 0.731416
vt 0.486094 0.661686
vt 0.491712 0.668257
vt 0.491712 0.675032
vt 0.491712 0.682620
vt 0.491712 0.689666
vt 0.491712 0.696983
vt 0.491712 0.703622
vt 0.491712 0.633434
vt 0.491712 0.640616
vt 0.491712 0.648339
vt 0.491712 0.655788
vt 0.491712 0.750000
vt 0.491712 0.726588
vt 0.491712 0.720626
vt 0.491712 0.691901
vt 0.491712 0.683771
vt 0.491712 0.677267
vt 0.491712 0.648136
vt 0.491712 0.640412
vt 0.491712 0.734651
vt 0.491712 0.740206
vt 0.491712 0.745967
vt 0.491712 0.735802
vt 0.554657 0.735802
vt 0.559628 0.735802
vt 0.628409 0.735802
vt 0.572381 0.731416
vt 0.572776 0.734651
vt 0.628203 0.655788
vt 0.575117 0.655788
vt 0.567322 0.655788
vt 0.629221 0.624999
vt 0.570528 0.624999
vt 0.564659 0.624999
vt 0.566232 0.668731
vt 0.571971 0.668731
vt 0.628422 0.668731
vt 0.562423 0.712903
vt 0.622938 0.707585
vt 0.569115 0.707585
vt 0.561835 0.707585
vt 0.569521 0.655788
vt 0.570243 0.661686
vt 0.565690 0.633434
vt 0.576311 0.661686
vt 0.628573 0.661686
vt 0.567759 0.707585
vt 0.575813 0.707586
vt 0.624585 0.707585
vt 0.626658 0.717714
vt 0.572944 0.717714
vt 0.568666 0.717714
vt 0.569212 0.722185
vt 0.573455 0.722185
vt 0.626713 0.722185
vt 0.626538 0.731416
vt 0.579597 0.731416
vt 0.573456 0.740206
vt 0.580544 0.740206
vt 0.626655 0.740206
vt 0.569528 0.675032
vt 0.570456 0.682620
vt 0.573813 0.682620
vt 0.627138 0.682620
vt 0.624415 0.696983
vt 0.574676 0.696983
vt 0.566462 0.696983
vt 0.567274 0.703622
vt 0.569203 0.640412
vt 0.576775 0.640412
vt 0.628343 0.640412
vt 0.571471 0.633434
vt 0.629280 0.633434
vt 0.628455 0.648339
vt 0.574836 0.648339
vt 0.568610 0.648339
vt 0.628348 0.677267
vt 0.571016 0.677268
vt 0.565188 0.677268
vt 0.563753 0.691901
vt 0.570837 0.691901
vt 0.623212 0.691901
vt 0.626538 0.731416
vt 0.627050 0.675032
vt 0.572935 0.675032
vt 0.628376 0.740273
vt 0.559116 0.740273
vt 0.554111 0.740273
vt 0.559008 0.720626
vt 0.563978 0.720626
vt 0.627302 0.720626
vt 0.627050 0.675032
vt 0.627245 0.726588
vt 0.563297 0.726588
vt 0.558279 0.726588
vt 0.576775 0.640412
vt 0.568258 0.648136
vt 0.575942 0.648136
vt 0.562792 0.699760
vt 0.628376 0.740273
vt 0.559628 0.735802
vt 0.624415 0.696983
vt 0.628203 0.655788
vt 0.575117 0.655788
vt 0.571970 0.668731
vt 0.571016 0.677267
vt 0.570837 0.691901
vt 0.569974 0.699760
vt 0.569115 0.707585
vt 0.563978 0.720626
vt 0.563297 0.726588
vt 0.624521 0.703622
vt 0.626581 0.734651
vt 0.624585 0.707585
vt 0.626655 0.740206
vt 0.628521 0.655788
vt 0.629280 0.633434
vt 0.629221 0.624999
vt 0.627139 0.682620
vt 0.626713 0.722185
vt 0.626658 0.717714
vt 0.575813 0.707585
vt 0.627245 0.726588
vt 0.571471 0.633434
vt 0.573455 0.722185
vt 0.576311 0.661686
vt 0.628348 0.677268
vt 0.580544 0.740206
vt 0.579946 0.734651
vt 0.579597 0.731416
vt 0.572944 0.717714
vt 0.575388 0.703622
vt 0.574676 0.696983
vt 0.575659 0.655788
vt 0.628273 0.648136
vt 0.623212 0.691901
vt 0.623075 0.699760
vt 0.627302 0.720626
vt 0.628409 0.735802
vt 0.333097 0.731416
vt 0.351286 0.731416
vt 0.332457 0.707585
vt 0.351311 0.707585
vt 0.351311 0.707585
vt 0.351872 0.731416
vt 0.351872 0.731416
vt 0.328744 0.731416
vt 0.332107 0.731416
vt 0.151552 0.655788
vt 0.178104 0.655788
vt 0.351311 0.731416
vt 0.351311 0.731416
vt 0.332599 0.731416
vt 0.332603 0.731416
vt 0.333058 0.707585
vt 0.333097 0.707585
vt 0.351249 0.707585
vt 0.328744 0.707585
vt 0.332552 0.707585
vt 0.328744 0.731416
vt 0.351872 0.707585
vt 0.351872 0.707586
s 0
f 680/1/1 683/2/1 3/3/1 12/4/1
f 799/5/2 12/6/2 3/7/2 796/8/2
f 682/9/3 684/10/3 2/11/3 15/12/3
f 684/10/4 674/13/4 1/14/4 2/11/4
f 14/15/2 13/16/2 5/17/2 4/18/2
f 224/19/2 223/20/2 8/21/2 7/22/2
f 713/23/3 675/24/3 7/25/3 643/26/3
f 813/27/2 222/28/2 6/29/2 797/30/2
f 701/31/5 676/32/5 6/33/5 222/34/5
f 679/35/3 677/36/3 11/37/3 14/38/3
f 577/39/2 572/40/2 10/41/2 11/42/2
f 839/43/2 571/44/2 9/45/2 798/46/2
f 707/47/6 678/48/6 9/49/6 571/50/6
f 673/51/3 679/35/3 14/38/3 4/52/3
f 11/42/2 10/41/2 13/16/2 14/15/2
f 798/46/2 9/45/2 12/6/2 799/5/2
f 678/48/1 680/1/1 12/4/1 9/49/1
f 794/53/7 681/54/7 16/55/7 783/56/7
f 851/57/2 783/58/2 16/59/2 800/60/2
f 2/11/2 1/14/2 17/61/2 15/62/2
f 780/63/3 682/9/3 15/12/3 755/64/3
f 785/65/7 42/66/7 29/67/7 784/68/7 872/69/7 871/70/7 870/71/7 869/72/7
f 39/73/1 41/74/1 28/75/1 26/76/1
f 34/77/3 40/78/3 27/79/3 18/80/3
f 579/81/6 39/73/6 26/76/6 578/82/6
f 40/78/3 38/83/3 25/84/3 27/79/3
f 227/85/5 37/86/5 24/87/5 226/88/5
f 647/89/3 36/90/3 23/91/3 646/92/3
f 673/93/8 685/94/8 22/95/8 18/96/8
f 32/97/4 35/98/4 19/99/4 21/100/4
f 43/101/3 32/97/3 21/100/3 30/102/3
f 846/103/8 683/104/8 20/105/8 802/106/8
f 41/74/1 31/107/1 20/108/1 28/75/1
f 250/109/1 253/110/1 31/107/1 41/74/1
f 252/111/3 254/112/3 32/97/3 43/101/3
f 254/112/4 244/113/4 35/98/4 32/97/4
f 656/114/3 245/115/3 36/90/3 647/89/3
f 271/116/5 246/117/5 37/86/5 227/85/5
f 249/118/3 247/119/3 38/83/3 40/78/3
f 583/120/6 248/121/6 39/73/6 579/81/6
f 243/122/3 249/118/3 40/78/3 34/77/3
f 248/121/1 250/109/1 41/74/1 39/73/1
f 788/123/7 251/124/7 42/66/7 785/65/7 866/125/7 865/126/7 864/127/7 863/128/7 862/129/7 909/130/7
f 767/131/3 252/111/3 43/132/3
f 18/96/8 22/95/8 33/133/8 34/134/8
f 802/106/8 20/105/8 31/135/8 804/136/8
f 243/137/8 255/138/8 56/139/8 44/140/8
f 814/141/8 253/142/8 54/143/8 805/144/8
f 765/145/3 71/146/3 53/147/3 763/148/3
f 787/149/7 70/150/7 52/151/7 786/152/7 902/153/7 901/154/7 900/155/7
f 67/156/1 69/157/1 51/158/1 49/159/1
f 62/160/3 68/161/3 50/162/3 44/163/3
f 581/164/6 67/156/6 49/159/6 580/165/6
f 47/166/9 230/167/9 235/167/9 234/166/9 236/166/9
f 649/168/3 64/169/3 46/170/3 648/171/3
f 73/172/4 63/173/4 45/174/4 55/175/4
f 71/146/3 73/172/3 55/175/3 53/147/3
f 69/157/1 72/176/1 54/177/1 51/158/1
f 76/178/3 75/179/3 60/180/3 61/181/3
f 805/144/8 54/143/8 72/182/8 808/183/8
f 44/140/8 56/139/8 74/184/8 62/185/8
f 188/186/10 78/187/10 80/188/10
f 79/189/11 80/190/11 189/191/11 81/192/11
f 81/192/12 189/191/12 83/193/12 82/194/12
f 82/194/13 83/193/13 191/195/13 190/196/13
f 190/196/14 191/195/14 85/197/14 84/198/14
f 84/198/15 85/197/15 193/199/15 192/200/15
f 192/200/16 193/199/16 194/201/16 88/202/16
f 88/202/17 194/201/17 196/203/17 195/204/17
f 195/204/18 196/203/18 58/205/18 57/206/18
f 57/206/19 58/205/19 197/207/19 89/208/19
f 80/209/20 78/210/20 199/211/20 197/212/20 58/213/20 196/214/20 194/215/20 87/216/20 85/217/20 191/218/20 83/219/20 189/220/20
f 89/208/21 197/207/21 199/221/21 198/222/21
f 198/222/22 199/221/22 78/223/22 77/224/22
f 188/225/23 81/226/23 82/227/23 190/228/23 84/229/23 86/230/23 88/231/23 195/232/23 57/233/23 89/234/23 198/235/23
f 92/189/24 93/190/24 203/191/24 202/192/24
f 202/192/12 203/191/12 205/193/12 204/194/12
f 204/194/13 205/193/13 207/195/13 206/196/13
f 206/196/14 207/195/14 209/197/14 208/198/14
f 208/198/25 209/197/25 211/199/25 210/200/25
f 210/200/26 211/199/26 213/201/26 212/202/26
f 212/202/17 213/201/17 215/203/17 214/204/17
f 214/204/27 215/203/27 217/205/27 216/206/27
f 216/206/28 217/205/28 219/207/28 218/208/28
f 200/236/29 113/237/29 111/238/29 109/239/29 107/240/29 105/241/29 103/242/29 101/243/29 99/244/29 97/245/29 95/246/29
f 220/222/30 221/221/30 91/223/30 90/224/30
f 201/247/31 94/248/31 96/249/31 98/250/31 100/251/31 102/252/31 104/253/31 106/254/31 108/255/31 110/256/31 112/257/31
f 130/258/3 123/259/3 122/260/3 129/261/3
f 47/166/32 65/262/32 184/262/32 182/166/32
f 258/263/3 257/264/3 119/265/3 128/266/3
f 128/266/3 119/265/3 118/267/3 127/268/3
f 644/269/33 6/29/33 179/29/33 654/270/33
f 676/32/32 24/87/32 178/87/32 698/32/32
f 845/271/2 644/269/2 115/272/2 809/273/2
f 643/274/2 645/275/2 116/276/2 114/277/2
f 688/278/3 687/279/3 114/280/3 131/281/3
f 711/282/3 688/278/3 131/281/3 619/283/3
f 633/284/3 128/266/3 127/268/3 632/285/3
f 636/286/3 258/263/3 128/266/3 633/284/3
f 635/287/3 130/258/3 129/261/3 634/288/3
f 121/289/4 124/290/4 175/290/4 173/289/4
f 689/291/8 125/292/8 177/292/8 697/291/8
f 125/293/2 115/272/2 176/272/2 177/293/2
f 133/294/8 132/295/8 168/295/8 170/294/8
f 809/273/2 115/272/2 125/293/2 810/296/2
f 114/277/2 116/276/2 126/297/2 131/298/2
f 576/299/3 141/300/3 140/301/3 575/302/3
f 582/303/3 260/304/3 139/305/3 574/306/3
f 574/306/3 139/305/3 138/307/3 573/308/3
f 706/309/3 690/310/3 142/311/3 577/312/3
f 692/313/34 148/314/34 164/314/34 695/313/34
f 144/315/35 143/316/35 163/316/35 162/315/35
f 521/317/2 152/318/2 158/318/2 528/319/2
f 150/320/34 151/321/34 167/321/34 166/320/34
f 837/322/2 546/323/2 136/324/2 811/325/2
f 561/326/2 547/327/2 137/328/2 142/329/2
f 595/330/2 601/331/2 153/332/2 147/333/2
f 841/334/2 600/335/2 152/318/2 812/336/2
f 708/337/6 692/313/6 152/338/6 600/339/6
f 597/340/6 149/341/6 148/314/6 596/342/6
f 606/343/6 262/344/6 149/341/6 597/340/6
f 599/345/6 151/321/6 150/320/6 598/346/6
f 526/347/3 157/348/3 156/349/3 525/350/3
f 533/351/3 263/352/3 155/353/3 524/354/3
f 524/354/3 155/353/3 154/355/3 523/356/3
f 703/357/3 693/358/3 147/359/3 527/360/3
f 167/321/6 160/361/6 161/362/6 564/363/6 531/364/6 166/320/6
f 565/365/6 264/366/6 162/315/6 563/367/6
f 563/367/6 162/315/6 163/316/6 562/368/6
f 705/369/6 694/370/6 159/371/6 552/372/6
f 691/370/35 136/371/35 159/371/35 694/370/35
f 148/314/34 149/341/34 165/341/34 164/314/34
f 151/373/33 146/373/33 160/373/33 167/373/33
f 146/361/35 145/362/35 161/362/35 160/361/35
f 262/344/34 150/320/34 166/320/34 265/374/34
f 261/375/35 144/315/35 162/315/35 264/366/35
f 175/290/6 174/376/6 172/377/6 173/289/6
f 266/378/6 267/379/6 170/294/6 171/380/6
f 171/380/6 170/294/6 168/295/6 169/381/6
f 696/382/6 697/291/6 177/292/6 176/383/6
f 135/376/8 134/377/8 172/377/8 174/376/8
f 117/381/4 120/380/4 171/380/4 169/381/4
f 256/384/4 121/289/4 173/289/4 266/378/4
f 259/385/8 133/294/8 170/294/8 267/379/8
f 124/373/33 135/373/33 174/373/33 175/373/33
f 686/386/4 117/381/4 169/381/4 696/382/4
f 653/387/6 186/290/6 185/289/6 652/388/6
f 655/389/6 269/390/6 183/380/6 651/391/6
f 651/391/6 183/380/6 181/381/6 650/392/6
f 712/393/6 699/386/6 187/383/6 654/394/6
f 124/290/36 121/289/36 185/289/36 186/290/36
f 120/380/36 117/381/36 181/381/36 183/380/36
f 24/87/32 37/86/32 180/86/32 178/87/32
f 256/384/36 120/380/36 183/380/36 269/390/36
f 686/386/36 115/383/36 187/383/36 699/386/36
f 246/117/32 47/166/32 182/166/32 268/395/32
f 218/396/21 219/397/21 221/221/21 220/398/21
f 78/187/37 188/186/37 77/399/37
f 188/400/38 80/190/38 79/189/38
f 81/226/31 188/225/31 79/401/31
f 86/230/31 84/402/31 192/403/31
f 85/217/29 87/216/29 193/404/29
f 88/231/31 86/230/31 192/403/31
f 87/216/29 194/405/29 193/404/29
f 188/406/31 198/398/31 77/407/31
f 200/408/39 201/409/39 90/399/39 91/410/39
f 201/411/40 200/412/40 93/190/40 92/189/40
f 94/248/31 201/247/31 92/401/31 202/413/31
f 200/414/29 95/246/29 203/415/29 93/416/29
f 96/249/31 94/248/31 202/413/31 204/417/31
f 95/246/29 97/245/29 205/418/29 203/415/29
f 98/250/31 96/249/31 204/417/31 206/419/31
f 97/245/29 99/244/29 207/420/29 205/418/29
f 100/251/31 98/250/31 206/419/31 208/402/31
f 99/244/29 101/243/29 209/421/29 207/420/29
f 102/252/31 100/251/31 208/402/31 210/403/31
f 101/243/29 103/242/29 211/404/29 209/421/29
f 104/253/31 102/252/31 210/403/31 212/422/31
f 103/242/29 105/241/29 213/405/29 211/404/29
f 106/254/31 104/253/31 212/422/31 214/423/31
f 105/241/29 107/240/29 215/424/29 213/405/29
f 108/255/31 106/254/31 214/423/31 216/425/31
f 107/240/29 109/239/29 217/426/29 215/424/29
f 110/256/31 108/255/31 216/425/31 218/396/31
f 109/239/29 111/238/29 219/397/29 217/426/29
f 112/257/31 110/256/31 218/396/31 220/398/31
f 111/238/29 113/237/29 221/427/29 219/397/29
f 201/428/31 112/257/31 220/398/31 90/407/31
f 113/237/29 200/236/29 91/429/29 221/427/29
f 57/430/41 231/431/41 1099/432/41 58/433/41
f 1115/434/42 232/435/42 230/167/42 1114/436/42
f 64/169/3 233/437/3 229/438/3 46/170/3
f 245/115/3 270/439/3 228/440/3 36/90/3
f 1116/441/5 271/116/5 227/85/5 1113/442/5
f 1113/442/5 227/85/5 226/88/5 1112/443/5
f 675/24/3 700/444/3 224/445/3 7/25/3
f 1122/446/5 701/31/5 222/34/5 1094/447/5
f 1125/448/2 1094/449/2 222/28/2 813/27/2
f 1111/450/2 1095/451/2 223/20/2 224/19/2
f 230/167/43 232/435/43 480/435/43 235/167/43
f 232/373/44 65/373/44 237/373/44 477/373/44 480/373/44
f 65/262/45 47/166/45 236/166/45 237/262/45
f 482/166/46 239/452/46 237/453/46 477/262/46 478/166/46
f 239/262/45 240/166/45 238/166/45
f 237/262/47 236/166/47 240/166/47 239/262/47
f 236/166/48 234/166/48 238/166/48 240/166/48
f 487/435/49 1092/454/49 1091/455/49 1090/456/49 1089/457/49 1088/458/49 1087/459/49 484/262/49 241/166/49 242/167/49
f 477/262/50 234/166/50 1081/166/50 241/166/50 484/262/50 1083/262/50
f 235/167/51 480/435/51 487/435/51 242/167/51 1082/167/51
f 1081/166/2 1082/167/2 242/167/2 241/166/2
f 1114/436/52 230/167/52 271/116/52 1116/441/52
f 46/170/3 229/438/3 270/439/3 245/115/3
f 37/86/32 246/117/32 268/395/32 180/86/32
f 121/289/36 256/384/36 269/390/36 185/289/36
f 268/395/36 182/166/36 273/166/36 274/395/36
f 134/377/8 259/385/8 267/379/8 172/377/8
f 120/380/4 256/384/4 266/378/4 171/380/4
f 173/289/6 172/377/6 267/379/6 266/378/6
f 145/362/35 261/375/35 264/366/35 161/362/35
f 149/341/34 262/344/34 265/374/34 165/341/34
f 564/363/6 161/362/6 264/366/6 565/365/6
f 525/350/3 156/349/3 263/352/3 533/351/3
f 598/346/6 150/320/6 262/344/6 606/343/6
f 575/302/3 140/301/3 260/304/3 582/303/3
f 634/288/3 129/261/3 258/263/3 636/286/3
f 129/261/3 122/260/3 257/264/3 258/263/3
f 804/136/8 31/135/8 253/142/8 814/141/8
f 34/134/8 33/133/8 255/138/8 243/137/8
f 763/148/3 53/147/3 252/111/3 767/131/3
f 786/152/7 52/151/7 251/124/7 788/123/7
f 49/159/1 51/158/1 250/109/1 248/121/1
f 44/163/3 50/162/3 249/118/3 243/122/3
f 580/165/6 49/159/6 248/121/6 583/120/6
f 50/162/3 48/460/3 247/119/3 249/118/3
f 230/167/53 47/166/53 246/117/53 271/116/53
f 648/171/3 46/170/3 245/115/3 656/114/3
f 55/175/4 45/174/4 244/113/4 254/112/4
f 53/147/3 55/175/3 254/112/3 252/111/3
f 51/158/1 54/177/1 253/110/1 250/109/1
f 657/461/6 272/289/6 275/390/6 658/462/6
f 185/289/32 269/390/32 275/390/32 272/289/32
f 652/388/33 185/289/33 272/289/33 657/461/33
f 655/389/2 268/395/2 274/395/2 658/462/2
f 721/463/1 287/4/1 278/3/1 724/464/1
f 819/5/33 816/8/33 278/7/33 287/6/33
f 723/465/3 290/12/3 277/11/3 725/466/3
f 725/466/4 277/11/4 276/14/4 715/467/4
f 289/15/33 279/18/33 280/17/33 288/16/33
f 470/19/33 282/22/33 283/21/33 469/20/33
f 754/468/3 659/469/3 282/25/3 716/470/3
f 831/27/33 817/471/33 281/29/33 468/28/33
f 742/472/5 468/34/5 281/33/5 717/473/5
f 720/474/3 289/38/3 286/37/3 718/475/3
f 589/39/33 286/42/33 285/41/33 585/40/33
f 838/43/33 818/476/33 284/45/33 584/477/33
f 748/478/6 584/479/6 284/49/6 719/480/6
f 714/481/3 279/52/3 289/38/3 720/474/3
f 286/42/33 289/15/33 288/16/33 285/41/33
f 818/476/33 819/5/33 287/6/33 284/45/33
f 719/480/1 284/49/1 287/4/1 721/463/1
f 795/482/7 789/483/7 291/55/7 722/484/7
f 852/485/33 820/486/33 291/59/33 789/487/33
f 277/11/33 290/62/33 292/61/33 276/14/33
f 782/488/3 768/64/3 290/12/3 723/465/3
f 791/65/7 921/489/7 920/490/7 919/491/7 790/68/7 304/67/7 317/66/7
f 314/73/1 301/76/1 303/75/1 316/74/1
f 309/77/3 293/80/3 302/79/3 315/78/3
f 591/81/6 590/82/6 301/76/6 314/73/6
f 315/78/3 302/79/3 300/84/3 313/83/3
f 472/85/5 471/88/5 299/87/5 312/86/5
f 663/89/3 662/92/3 298/91/3 311/90/3
f 714/492/8 293/96/8 297/95/8 726/493/8
f 307/97/4 296/100/4 294/99/4 310/98/4
f 318/101/3 305/102/3 296/100/3 307/97/3
f 848/494/8 822/495/8 295/105/8 724/496/8
f 316/74/1 303/75/1 295/108/1 306/107/1
f 495/109/1 316/74/1 306/107/1 498/110/1
f 497/111/3 318/101/3 307/97/3 499/112/3
f 499/112/4 307/97/4 310/98/4 489/113/4
f 670/114/3 663/89/3 311/90/3 490/115/3
f 516/116/5 472/85/5 312/86/5 491/117/5
f 494/118/3 315/78/3 313/83/3 492/119/3
f 594/120/6 591/81/6 314/73/6 493/121/6
f 488/122/3 309/77/3 315/78/3 494/118/3
f 493/121/1 314/73/1 316/74/1 495/109/1
f 793/123/7 914/497/7 913/498/7 912/499/7 911/500/7 910/501/7 791/65/7 317/66/7 496/124/7
f 778/131/3 774/132/3 318/101/3 497/111/3
f 293/96/8 309/134/8 308/133/8 297/95/8
f 822/495/8 824/502/8 306/135/8 295/105/8
f 488/137/8 319/140/8 331/139/8 500/138/8
f 832/141/8 825/144/8 329/143/8 498/142/8
f 765/145/3 775/148/3 328/147/3 71/146/3
f 787/149/7 908/503/7 907/504/7 906/505/7 792/152/7 327/151/7 70/150/7
f 67/156/1 324/159/1 326/158/1 69/157/1
f 62/160/3 319/163/3 325/162/3 68/161/3
f 581/164/6 592/165/6 324/159/6 67/156/6
f 322/166/54 1084/166/54 481/166/54 478/166/54 479/167/54 475/506/54
f 649/168/3 664/171/3 321/170/3 64/169/3
f 73/172/4 330/175/4 320/174/4 63/173/4
f 71/146/3 328/147/3 330/175/3 73/172/3
f 69/157/1 326/158/1 329/177/1 72/176/1
f 76/178/3 335/181/3 334/180/3 75/179/3
f 825/144/8 808/183/8 72/182/8 329/143/8
f 319/140/8 62/185/8 74/184/8 331/139/8
f 337/189/55 339/192/55 340/191/55 338/190/55
f 339/192/56 341/194/56 342/193/56 340/191/56
f 341/194/57 434/196/57 435/195/57 342/193/57
f 434/196/58 343/198/58 344/197/58 435/195/58
f 343/198/59 436/200/59 437/199/59 344/197/59
f 436/200/60 438/202/60 439/201/60 437/199/60
f 438/202/61 440/204/61 441/203/61 439/201/61
f 440/204/62 332/206/62 442/205/62 441/203/62
f 332/206/63 443/208/63 444/207/63 442/205/63
f 433/209/64 340/220/64 342/219/64 435/218/64 344/217/64 346/216/64 439/215/64 441/214/64 442/213/64 444/212/64 347/211/64
f 443/208/65 445/222/65 347/221/65 444/207/65
f 445/222/66 432/224/66 336/223/66 347/221/66
f 432/406/67 445/235/67 443/234/67 332/233/67 440/232/67 438/231/67 345/230/67 343/229/67 434/228/67 341/227/67 339/226/67
f 350/189/68 448/192/68 449/191/68 351/190/68
f 448/192/56 450/194/56 451/193/56 449/191/56
f 450/194/57 452/196/57 453/195/57 451/193/57
f 452/196/58 454/198/58 455/197/58 453/195/58
f 454/198/69 456/200/69 457/199/69 455/197/69
f 456/200/70 458/202/70 459/201/70 457/199/70
f 458/202/61 460/204/61 461/203/61 459/201/61
f 460/204/71 462/206/71 463/205/71 461/203/71
f 462/206/72 464/208/72 465/207/72 463/205/72
f 446/414/73 353/246/73 355/245/73 357/244/73 359/243/73 361/242/73 363/241/73 365/240/73 367/239/73 369/238/73 371/237/73
f 466/222/74 348/224/74 349/223/74 467/221/74
f 447/428/75 370/257/75 368/256/75 366/255/75 364/254/75 362/253/75 360/252/75 358/251/75 356/250/75 354/249/75 352/248/75
f 130/258/3 385/261/3 380/260/3 123/259/3
f 322/166/32 428/166/32 184/262/32 65/262/32
f 503/263/3 384/266/3 377/265/3 502/264/3
f 384/266/3 383/268/3 376/267/3 377/265/3
f 660/269/2 668/507/2 425/29/2 281/29/2
f 717/473/32 739/473/32 424/87/32 299/87/32
f 844/508/33 827/509/33 373/272/33 660/269/33
f 659/510/33 372/277/33 374/276/33 661/275/33
f 729/511/3 386/281/3 372/280/3 728/512/3
f 752/513/3 625/283/3 386/281/3 729/511/3
f 640/284/3 639/285/3 383/268/3 384/266/3
f 642/286/3 640/284/3 384/266/3 503/263/3
f 635/287/3 641/288/3 385/261/3 130/258/3
f 379/289/4 421/289/4 175/290/4 124/290/4
f 730/514/8 738/515/8 423/292/8 381/292/8
f 381/293/33 423/293/33 422/272/33 373/272/33
f 388/294/8 418/294/8 416/295/8 387/295/8
f 827/509/33 828/516/33 381/293/33 373/272/33
f 372/277/33 386/298/33 382/297/33 374/276/33
f 576/299/3 588/302/3 394/301/3 141/300/3
f 593/303/3 587/306/3 393/305/3 505/304/3
f 587/306/3 586/308/3 392/307/3 393/305/3
f 747/517/3 589/312/3 395/311/3 731/518/3
f 733/519/34 736/520/34 413/314/34 400/314/34
f 397/315/35 411/315/35 412/316/35 396/316/35
f 534/317/33 540/319/33 408/318/33 403/318/33
f 402/320/34 415/320/34 167/321/34 151/321/34
f 836/322/33 829/521/33 390/324/33 554/323/33
f 566/522/33 395/329/33 391/328/33 555/327/33
f 608/330/33 399/333/33 404/332/33 613/331/33
f 840/334/33 830/523/33 403/318/33 612/524/33
f 749/525/6 612/339/6 403/338/6 733/519/6
f 610/340/6 609/342/6 400/314/6 401/341/6
f 617/343/6 610/340/6 401/341/6 507/344/6
f 599/345/6 611/346/6 402/320/6 151/321/6
f 526/347/3 538/350/3 407/349/3 157/348/3
f 545/351/3 537/354/3 406/353/3 508/352/3
f 537/354/3 536/356/3 405/355/3 406/353/3
f 744/526/3 539/360/3 399/359/3 734/527/3
f 167/321/6 415/320/6 543/528/6 569/363/6 410/362/6 160/361/6
f 570/365/6 568/367/6 411/315/6 509/366/6
f 568/367/6 567/368/6 412/316/6 411/315/6
f 746/529/6 559/372/6 409/371/6 735/530/6
f 732/530/35 735/530/35 409/371/35 390/371/35
f 400/314/34 413/314/34 414/341/34 401/341/34
f 146/361/35 160/361/35 410/362/35 398/362/35
f 507/344/34 510/374/34 415/320/34 402/320/34
f 506/375/35 509/366/35 411/315/35 397/315/35
f 175/290/6 421/289/6 420/377/6 174/376/6
f 511/378/6 419/380/6 418/294/6 512/379/6
f 419/380/6 417/381/6 416/295/6 418/294/6
f 737/531/6 422/383/6 423/292/6 738/515/6
f 135/376/8 174/376/8 420/377/8 389/377/8
f 375/381/4 417/381/4 419/380/4 378/380/4
f 501/384/4 511/378/4 421/289/4 379/289/4
f 504/385/8 512/379/8 418/294/8 388/294/8
f 727/531/4 737/531/4 417/381/4 375/381/4
f 653/387/6 667/532/6 430/289/6 186/290/6
f 669/533/6 666/391/6 429/380/6 514/390/6
f 666/391/6 665/392/6 427/381/6 429/380/6
f 753/534/6 668/394/6 431/383/6 740/535/6
f 124/290/36 186/290/36 430/289/36 379/289/36
f 378/380/36 429/380/36 427/381/36 375/381/36
f 299/87/32 424/87/32 426/86/32 312/86/32
f 501/384/36 514/390/36 429/380/36 378/380/36
f 727/531/36 740/535/36 431/383/36 373/383/36
f 491/117/32 513/395/32 428/166/32 322/166/32
f 464/396/65 466/398/65 467/221/65 465/397/65
f 433/187/76 336/410/76 432/186/76
f 432/400/77 337/189/77 338/190/77 433/188/77
f 339/413/75 337/401/75 432/225/75
f 433/209/73 338/416/73 340/220/73
f 345/230/75 436/403/75 343/229/75
f 344/421/73 437/404/73 346/216/73
f 438/422/75 436/403/75 345/230/75
f 346/216/73 437/404/73 439/215/73
f 347/427/73 336/429/73 433/210/73
f 446/408/78 349/410/78 348/399/78 447/409/78
f 447/411/79 350/189/79 351/190/79 446/412/79
f 352/248/75 448/413/75 350/401/75 447/247/75
f 446/414/73 351/416/73 449/415/73 353/246/73
f 354/249/75 450/417/75 448/413/75 352/248/75
f 353/246/73 449/415/73 451/418/73 355/245/73
f 356/250/75 452/419/75 450/417/75 354/249/75
f 355/245/73 451/418/73 453/420/73 357/244/73
f 358/251/75 454/402/75 452/419/75 356/250/75
f 357/244/73 453/420/73 455/421/73 359/243/73
f 360/252/75 456/403/75 454/402/75 358/251/75
f 359/243/73 455/421/73 457/404/73 361/242/73
f 362/253/75 458/422/75 456/403/75 360/252/75
f 361/242/73 457/404/73 459/405/73 363/241/73
f 364/254/75 460/423/75 458/422/75 362/253/75
f 363/241/73 459/405/73 461/424/73 365/240/73
f 366/255/75 462/425/75 460/423/75 364/254/75
f 365/240/73 461/424/73 463/426/73 367/239/73
f 368/256/75 464/396/75 462/425/75 366/255/75
f 367/239/73 463/426/73 465/397/73 369/238/73
f 370/257/75 466/398/75 464/396/75 368/256/75
f 369/238/73 465/397/73 467/427/73 371/237/73
f 447/428/75 348/407/75 466/398/75 370/257/75
f 371/237/73 467/427/73 349/429/73 446/236/73
f 332/430/80 442/433/80 1107/432/80 476/431/80
f 1115/434/42 1120/436/42 475/506/42 232/435/42
f 64/169/3 321/170/3 474/438/3 233/437/3
f 490/115/3 311/90/3 473/440/3 515/439/3
f 1121/441/5 1119/442/5 472/85/5 516/116/5
f 1119/442/5 1118/443/5 471/88/5 472/85/5
f 716/470/3 282/25/3 470/445/3 741/536/3
f 1110/537/5 1102/538/5 468/34/5 742/472/5
f 1124/448/33 831/27/33 468/28/33 1102/539/33
f 1117/540/33 470/19/33 469/20/33 1103/541/33
f 480/373/2 487/373/2 1092/373/2 1091/373/2 1090/373/2 1089/373/2 1088/373/2 1087/373/2 484/373/2 1083/373/2 477/373/2
f 475/506/43 479/167/43 480/435/43 232/435/43
f 65/262/45 237/542/45 481/166/45 1084/166/45 322/166/45
f 239/543/45 482/166/45 483/166/45
f 237/542/81 239/543/81 483/166/81 481/166/81
f 481/166/82 483/166/82 482/166/82 478/166/82
f 487/435/49 486/167/49 485/166/49 1093/544/49 484/262/49 1087/459/49 1088/458/49 1089/457/49 1090/456/49 1091/455/49 1092/454/49
f 477/262/50 1083/262/50 484/262/50 1093/544/50 485/166/50 1085/166/50 478/166/50
f 479/167/51 1086/167/51 486/167/51 487/435/51 480/435/51
f 1085/166/33 485/166/33 486/167/33 1086/167/33
f 1120/436/83 1121/441/83 516/116/83 475/506/83
f 321/170/3 490/115/3 515/439/3 474/438/3
f 312/86/32 426/86/32 513/395/32 491/117/32
f 379/289/36 430/289/36 514/390/36 501/384/36
f 513/395/36 519/395/36 518/166/36 428/166/36
f 389/377/8 420/377/8 512/379/8 504/385/8
f 378/380/4 419/380/4 511/378/4 501/384/4
f 421/289/6 511/378/6 512/379/6 420/377/6
f 398/362/35 410/362/35 509/366/35 506/375/35
f 401/341/34 414/341/34 510/374/34 507/344/34
f 569/363/6 570/365/6 509/366/6 410/362/6
f 538/350/3 545/351/3 508/352/3 407/349/3
f 611/346/6 617/343/6 507/344/6 402/320/6
f 588/302/3 593/303/3 505/304/3 394/301/3
f 641/288/3 642/286/3 503/263/3 385/261/3
f 385/261/3 503/263/3 502/264/3 380/260/3
f 824/502/8 832/141/8 498/142/8 306/135/8
f 309/134/8 488/137/8 500/138/8 308/133/8
f 775/148/3 778/131/3 497/111/3 328/147/3
f 792/152/7 793/123/7 496/124/7 327/151/7
f 324/159/1 493/121/1 495/109/1 326/158/1
f 319/163/3 488/122/3 494/118/3 325/162/3
f 592/165/6 594/120/6 493/121/6 324/159/6
f 325/162/3 494/118/3 492/119/3 323/460/3
f 475/506/84 516/116/84 491/117/84 322/166/84
f 664/171/3 670/114/3 490/115/3 321/170/3
f 330/175/4 499/112/4 489/113/4 320/174/4
f 328/147/3 497/111/3 499/112/3 330/175/3
f 326/158/1 495/109/1 498/110/1 329/177/1
f 671/461/6 672/462/6 520/390/6 517/289/6
f 430/289/32 517/289/32 520/390/32 514/390/32
f 667/532/2 671/461/2 517/289/2 430/289/2
f 669/533/33 672/462/33 519/395/33 513/395/33
f 477/373/85 237/373/85 239/373/85 238/166/85 234/166/85
f 558/545/3 560/546/3 545/351/3 538/350/3
f 415/320/6 510/374/6 544/547/6 543/528/6
f 736/520/6 408/338/6 540/548/6 743/549/6
f 414/341/6 413/314/6 541/550/6 542/551/6
f 510/374/6 414/341/6 542/551/6 544/547/6
f 745/552/3 566/553/3 539/360/3 744/526/3
f 557/554/3 556/555/3 536/356/3 537/354/3
f 560/546/3 557/554/3 537/354/3 545/351/3
f 551/556/3 558/545/3 538/350/3 526/347/3
f 399/333/33 539/557/33 535/558/33 404/332/33
f 830/523/33 834/559/33 534/317/33 403/318/33
f 554/323/33 559/323/33 540/319/33 534/317/33
f 550/545/3 525/350/3 533/351/3 553/546/3
f 166/320/6 531/364/6 532/560/6 265/374/6
f 695/313/6 702/561/6 528/548/6 158/338/6
f 165/341/6 530/562/6 529/563/6 164/314/6
f 265/374/6 532/560/6 530/562/6 165/341/6
f 704/564/3 703/357/3 527/360/3 561/565/3
f 549/554/3 524/354/3 523/356/3 548/555/3
f 553/546/3 533/351/3 524/354/3 549/554/3
f 551/556/3 526/347/3 525/350/3 550/545/3
f 147/333/2 153/332/2 522/566/2 527/567/2
f 812/336/2 152/318/2 521/317/2 835/559/2
f 546/323/2 521/317/2 528/319/2 552/323/2
f 136/324/2 546/323/2 552/323/2 159/324/2
f 141/300/3 551/556/3 550/545/3 140/301/3
f 260/304/3 553/546/3 549/554/3 139/305/3
f 139/305/3 549/554/3 548/555/3 138/307/3
f 690/310/3 704/564/3 561/565/3 142/311/3
f 140/301/3 550/545/3 553/546/3 260/304/3
f 390/324/33 409/324/33 559/323/33 554/323/33
f 141/300/3 394/301/3 558/545/3 551/556/3
f 505/304/3 393/305/3 557/554/3 560/546/3
f 393/305/3 392/307/3 556/555/3 557/554/3
f 731/518/3 395/311/3 566/553/3 745/552/3
f 394/301/3 505/304/3 560/546/3 558/545/3
f 543/528/6 544/547/6 570/365/6 569/363/6
f 743/549/6 540/548/6 559/372/6 746/529/6
f 542/551/6 541/550/6 567/368/6 568/367/6
f 544/547/6 542/551/6 568/367/6 570/365/6
f 539/557/33 566/522/33 555/327/33 535/558/33
f 834/559/33 836/322/33 554/323/33 534/317/33
f 531/364/6 564/363/6 565/365/6 532/560/6
f 702/561/6 705/369/6 552/372/6 528/548/6
f 530/562/6 563/367/6 562/368/6 529/563/6
f 532/560/6 565/365/6 563/367/6 530/562/6
f 527/567/2 522/566/2 547/327/2 561/326/2
f 835/559/2 521/317/2 546/323/2 837/322/2
f 398/362/6 506/375/6 594/120/6 592/165/6
f 323/460/3 492/119/3 593/303/3 588/302/3
f 718/475/3 286/37/3 589/312/3 747/517/3
f 313/83/3 300/84/3 586/308/3 587/306/3
f 492/119/3 313/83/3 587/306/3 593/303/3
f 66/568/3 323/460/3 588/302/3 576/299/3
f 146/361/6 398/362/6 592/165/6 581/164/6
f 506/375/6 397/315/6 591/81/6 594/120/6
f 397/315/6 396/316/6 590/82/6 591/81/6
f 732/530/6 390/371/6 584/479/6 748/478/6
f 829/521/33 838/43/33 584/477/33 390/324/33
f 395/329/33 589/39/33 585/40/33 391/328/33
f 145/362/6 580/165/6 583/120/6 261/375/6
f 48/460/3 575/302/3 582/303/3 247/119/3
f 677/36/3 706/309/3 577/312/3 11/37/3
f 38/83/3 574/306/3 573/308/3 25/84/3
f 247/119/3 582/303/3 574/306/3 38/83/3
f 66/568/3 576/299/3 575/302/3 48/460/3
f 146/361/6 581/164/6 580/165/6 145/362/6
f 261/375/6 583/120/6 579/81/6 144/315/6
f 144/315/6 579/81/6 578/82/6 143/316/6
f 691/370/6 707/47/6 571/50/6 136/371/6
f 811/325/2 136/324/2 571/44/2 839/43/2
f 142/329/2 137/328/2 572/40/2 577/39/2
f 407/349/3 508/352/3 618/569/3 616/570/3
f 628/571/6 629/572/6 617/343/6 611/346/6
f 623/573/6 628/571/6 611/346/6 599/345/6
f 629/572/6 627/574/6 610/340/6 617/343/6
f 627/574/6 626/575/6 609/342/6 610/340/6
f 751/576/6 637/577/6 612/339/6 749/525/6
f 843/578/33 840/334/33 612/524/33 637/579/33
f 625/580/33 608/330/33 613/331/33 638/581/33
f 157/348/3 407/349/3 616/570/3 605/582/3
f 508/352/3 406/353/3 615/583/3 618/569/3
f 406/353/3 405/355/3 614/584/3 615/583/3
f 734/527/3 399/359/3 608/585/3 750/586/3
f 156/349/3 604/570/3 607/569/3 263/352/3
f 622/571/6 598/346/6 606/343/6 624/587/6
f 623/573/6 599/345/6 598/346/6 622/571/6
f 624/587/6 606/343/6 597/340/6 621/574/6
f 621/574/6 597/340/6 596/342/6 620/575/6
f 710/588/6 708/337/6 600/339/6 630/577/6
f 842/589/2 630/579/2 600/335/2 841/334/2
f 619/580/2 631/581/2 601/331/2 595/330/2
f 157/348/3 605/582/3 604/570/3 156/349/3
f 263/352/3 607/569/3 603/583/3 155/353/3
f 155/353/3 603/583/3 602/584/3 154/355/3
f 693/358/3 709/590/3 595/585/3 147/359/3
f 131/298/2 126/297/2 631/581/2 619/580/2
f 810/296/2 125/293/2 630/579/2 842/589/2
f 689/291/6 710/588/6 630/577/6 125/292/6
f 133/294/6 621/574/6 620/575/6 132/295/6
f 259/385/6 624/587/6 621/574/6 133/294/6
f 135/376/6 623/573/6 622/571/6 134/377/6
f 134/377/6 622/571/6 624/587/6 259/385/6
f 386/298/33 625/580/33 638/581/33 382/297/33
f 828/516/33 843/578/33 637/579/33 381/293/33
f 730/514/6 381/292/6 637/577/6 751/576/6
f 388/294/6 387/295/6 626/575/6 627/574/6
f 504/385/6 388/294/6 627/574/6 629/572/6
f 135/376/6 389/377/6 628/571/6 623/573/6
f 389/377/6 504/385/6 629/572/6 628/571/6
f 616/570/3 618/569/3 642/286/3 641/288/3
f 605/582/3 616/570/3 641/288/3 635/287/3
f 618/569/3 615/583/3 640/284/3 642/286/3
f 615/583/3 614/584/3 639/285/3 640/284/3
f 750/586/3 608/585/3 625/283/3 752/513/3
f 604/570/3 634/288/3 636/286/3 607/569/3
f 605/582/3 635/287/3 634/288/3 604/570/3
f 607/569/3 636/286/3 633/284/3 603/583/3
f 603/583/3 633/284/3 632/285/3 602/584/3
f 709/590/3 711/282/3 619/283/3 595/585/3
f 514/390/33 520/390/33 672/462/33 669/533/33
f 428/166/2 518/166/2 671/461/2 667/532/2
f 518/166/6 519/395/6 672/462/6 671/461/6
f 380/260/3 502/264/3 670/114/3 664/171/3
f 739/473/6 425/33/6 668/394/6 753/534/6
f 426/86/6 424/87/6 665/392/6 666/391/6
f 513/395/6 426/86/6 666/391/6 669/533/6
f 184/262/6 428/166/6 667/532/6 653/387/6
f 282/22/33 659/510/33 661/275/33 283/21/33
f 817/471/33 844/508/33 660/269/33 281/29/33
f 373/272/2 431/272/2 668/507/2 660/269/2
f 123/259/3 380/260/3 664/171/3 649/168/3
f 502/264/3 377/265/3 663/89/3 670/114/3
f 377/265/3 376/267/3 662/92/3 663/89/3
f 728/512/3 372/280/3 659/469/3 754/468/3
f 269/390/2 655/389/2 658/462/2 275/390/2
f 182/166/33 652/388/33 657/461/33 273/166/33
f 273/166/6 657/461/6 658/462/6 274/395/6
f 122/260/3 648/171/3 656/114/3 257/264/3
f 698/32/6 712/393/6 654/394/6 179/33/6
f 180/86/6 651/391/6 650/392/6 178/87/6
f 268/395/6 655/389/6 651/391/6 180/86/6
f 184/262/6 653/387/6 652/388/6 182/166/6
f 7/22/2 8/21/2 645/275/2 643/274/2
f 797/30/2 6/29/2 644/269/2 845/271/2
f 115/272/33 644/269/33 654/270/33 187/272/33
f 123/259/3 649/168/3 648/171/3 122/260/3
f 257/264/3 656/114/3 647/89/3 119/265/3
f 119/265/3 647/89/3 646/92/3 118/267/3
f 687/279/3 713/23/3 643/26/3 114/280/3
f 118/267/3 646/92/3 713/23/3 687/279/3
f 178/87/6 650/392/6 712/393/6 698/32/6
f 602/584/3 632/285/3 711/282/3 709/590/3
f 132/295/6 620/575/6 710/588/6 689/291/6
f 154/355/3 602/584/3 709/590/3 693/358/3
f 620/575/6 596/342/6 708/337/6 710/588/6
f 143/316/6 578/82/6 707/47/6 691/370/6
f 25/84/3 573/308/3 706/309/3 677/36/3
f 529/563/6 562/368/6 705/369/6 702/561/6
f 138/307/3 548/555/3 704/564/3 690/310/3
f 548/555/3 523/356/3 703/357/3 704/564/3
f 164/314/6 529/563/6 702/561/6 695/313/6
f 1112/443/5 226/88/5 701/31/5 1122/446/5
f 23/91/3 225/591/3 700/444/3 675/24/3
f 117/381/36 686/386/36 699/386/36 181/381/36
f 650/392/6 181/381/6 699/386/6 712/393/6
f 115/383/4 686/386/4 696/382/4 176/383/4
f 169/381/6 168/295/6 697/291/6 696/382/6
f 143/316/35 691/370/35 694/370/35 163/316/35
f 562/368/6 163/316/6 694/370/6 705/369/6
f 523/356/3 154/355/3 693/358/3 703/357/3
f 596/342/6 148/314/6 692/313/6 708/337/6
f 152/338/34 692/313/34 695/313/34 158/338/34
f 573/308/3 138/307/3 690/310/3 706/309/3
f 132/295/8 689/291/8 697/291/8 168/295/8
f 632/285/3 127/268/3 688/278/3 711/282/3
f 127/268/3 118/267/3 687/279/3 688/278/3
f 6/33/32 676/32/32 698/32/32 179/33/32
f 796/592/8 3/593/8 683/104/8 846/103/8
f 4/594/8 5/595/8 685/94/8 673/93/8
f 762/596/3 30/102/3 682/9/3 780/63/3
f 784/68/7 29/67/7 681/54/7 794/53/7 918/597/7 878/598/7 877/599/7
f 26/76/1 28/75/1 680/1/1 678/48/1
f 18/80/3 27/79/3 679/35/3 673/51/3
f 578/82/6 26/76/6 678/48/6 707/47/6
f 27/79/3 25/84/3 677/36/3 679/35/3
f 226/88/5 24/87/5 676/32/5 701/31/5
f 646/92/3 23/91/3 675/24/3 713/23/3
f 21/100/4 19/99/4 674/13/4 684/10/4
f 30/102/3 21/100/3 684/10/3 682/9/3
f 28/75/1 20/108/1 683/2/1 680/1/1
f 376/267/3 728/512/3 754/468/3 662/92/3
f 424/87/6 739/473/6 753/534/6 665/392/6
f 614/584/3 750/586/3 752/513/3 639/285/3
f 387/295/6 730/514/6 751/576/6 626/575/6
f 405/355/3 734/527/3 750/586/3 614/584/3
f 626/575/6 751/576/6 749/525/6 609/342/6
f 396/316/6 732/530/6 748/478/6 590/82/6
f 300/84/3 718/475/3 747/517/3 586/308/3
f 541/550/6 743/549/6 746/529/6 567/368/6
f 392/307/3 731/518/3 745/552/3 556/555/3
f 556/555/3 745/552/3 744/526/3 536/356/3
f 413/314/6 736/520/6 743/549/6 541/550/6
f 1118/443/5 1110/537/5 742/472/5 471/88/5
f 298/91/3 716/470/3 741/536/3 1104/591/3
f 375/381/36 427/381/36 740/535/36 727/531/36
f 665/392/6 753/534/6 740/535/6 427/381/6
f 373/383/4 422/383/4 737/531/4 727/531/4
f 417/381/6 737/531/6 738/515/6 416/295/6
f 396/316/35 412/316/35 735/530/35 732/530/35
f 567/368/6 746/529/6 735/530/6 412/316/6
f 536/356/3 744/526/3 734/527/3 405/355/3
f 609/342/6 749/525/6 733/519/6 400/314/6
f 403/338/34 408/338/34 736/520/34 733/519/34
f 586/308/3 747/517/3 731/518/3 392/307/3
f 387/295/8 416/295/8 738/515/8 730/514/8
f 639/285/3 752/513/3 729/511/3 383/268/3
f 383/268/3 729/511/3 728/512/3 376/267/3
f 281/33/32 425/33/32 739/473/32 717/473/32
f 816/592/8 848/494/8 724/496/8 278/593/8
f 279/594/8 714/492/8 726/493/8 280/595/8
f 305/596/3 782/488/3 723/465/3
f 790/68/7 889/600/7 888/601/7 887/602/7 795/482/7 722/484/7 304/67/7
f 301/76/1 719/480/1 721/463/1 303/75/1
f 293/80/3 714/481/3 720/474/3 302/79/3
f 590/82/6 748/478/6 719/480/6 301/76/6
f 302/79/3 720/474/3 718/475/3 300/84/3
f 471/88/5 742/472/5 717/473/5 299/87/5
f 662/92/3 754/468/3 716/470/3 298/91/3
f 296/100/4 725/466/4 715/467/4 294/99/4
f 305/102/3 723/465/3 725/466/3 296/100/3
f 303/75/1 721/463/1 724/464/1 295/108/1
f 1104/603/3 1123/604/3 782/488/3 305/596/3
f 304/67/5 722/484/5 781/605/5 769/606/5
f 1096/607/3 762/596/3 780/63/3 1109/608/3
f 29/67/5 756/606/5 779/609/5 681/54/5
f 1106/610/3 1108/611/3 778/131/3 775/148/3
f 327/151/5 496/124/5 777/612/5 771/613/5
f 290/62/33 768/614/33 773/615/33 292/61/33
f 820/486/33 849/616/33 772/617/33 291/59/33
f 722/484/5 291/55/5 772/618/5 781/605/5
f 317/66/5 304/67/5 769/606/5 770/619/5
f 496/124/5 317/66/5 770/619/5 777/612/5
f 70/150/5 327/151/5 771/613/5 759/620/5
f 476/621/3 1107/622/3 333/623/3 776/624/3
f 1100/625/3 1106/610/3 775/148/3 765/145/3
f 1108/611/3 1105/626/3 774/132/3 778/131/3
f 1123/604/3 1117/627/3 768/64/3 782/488/3
f 1098/610/3 763/148/3 767/131/3 1101/611/3
f 52/151/5 758/628/5 766/612/5 251/124/5
f 15/62/2 17/61/2 761/615/2 755/614/2
f 800/60/2 16/59/2 760/629/2 850/616/2
f 681/54/5 779/609/5 760/618/5 16/55/5
f 42/66/5 757/619/5 756/606/5 29/67/5
f 251/124/5 766/612/5 757/619/5 42/66/5
f 70/150/5 759/620/5 758/628/5 52/151/5
f 231/621/3 59/624/3 764/623/3 1099/630/3
f 1100/625/3 765/145/3 763/148/3 1098/610/3
f 1101/611/3 767/131/3 43/132/3 1097/626/3
f 1109/608/3 780/63/3 755/64/3 1111/627/3
f 890/631/86 823/632/86 944/632/86 978/631/86
f 807/633/86 899/634/86 952/634/86 941/633/86
f 916/635/86 915/636/86 995/636/86 996/635/86
f 874/637/86 873/638/86 964/638/86 965/637/86
f 888/601/87 889/600/87 922/600/87 977/601/87
f 833/639/86 894/640/86 951/640/86 946/639/86
f 847/641/33 794/53/33 860/53/33 861/641/33
f 873/638/86 803/632/86 939/632/86 964/638/86
f 887/602/87 888/601/87 977/601/87 976/602/87
f 823/632/86 886/642/86 950/642/86 944/632/86
f 913/498/87 914/497/87 928/497/87 994/498/87
f 795/482/2 853/643/2 858/643/2 859/482/2
f 674/13/7 847/641/7 851/644/7 1/645/7
f 35/98/7 803/632/7 873/638/7 874/637/7 875/646/7 876/647/7 801/648/7 19/99/7
f 244/649/7 815/639/7 896/650/7 879/651/7 880/652/7 881/653/7 882/654/7 883/655/7 803/632/7 35/98/7
f 63/173/7 807/633/7 903/656/7 904/657/7 905/658/7 806/659/7 45/174/7
f 45/174/7 806/659/7 815/639/7 244/649/7
f 715/467/7 276/645/7 852/660/7 853/643/7
f 310/98/7 294/99/7 821/648/7 884/661/7 885/662/7 886/642/7 823/632/7
f 489/649/7 310/98/7 823/632/7 890/631/7 891/663/7 892/664/7 893/665/7 894/640/7 833/639/7
f 63/173/7 320/174/7 826/659/7 897/666/7 898/667/7 899/634/7 807/633/7
f 320/174/7 489/649/7 833/639/7 826/659/7
f 19/99/7 801/648/7 867/668/7 868/669/7 895/670/7 847/641/7 674/13/7
f 294/99/7 715/467/7 853/643/7 915/636/7 916/635/7 917/671/7 821/648/7
f 17/61/2 800/60/2 850/616/2 761/615/2
f 292/61/33 773/615/33 849/616/33 820/486/33
f 280/595/8 726/493/8 848/494/8 816/592/8
f 5/595/8 796/592/8 846/103/8 685/94/8
f 8/21/2 797/30/2 845/271/2 645/275/2
f 283/21/33 661/275/33 844/508/33 817/471/33
f 382/297/33 638/581/33 843/578/33 828/516/33
f 126/297/2 810/296/2 842/589/2 631/581/2
f 631/581/2 842/589/2 841/334/2 601/331/2
f 638/581/33 613/331/33 840/334/33 843/578/33
f 137/328/2 811/325/2 839/43/2 572/40/2
f 391/328/33 585/40/33 838/43/33 829/521/33
f 522/566/2 835/559/2 837/322/2 547/327/2
f 535/558/33 555/327/33 836/322/33 834/559/33
f 153/332/2 812/336/2 835/559/2 522/566/2
f 404/332/33 535/558/33 834/559/33 830/523/33
f 308/133/8 500/138/8 832/141/8 824/502/8
f 1103/541/33 469/20/33 831/27/33 1124/448/33
f 613/331/33 404/332/33 830/523/33 840/334/33
f 555/327/33 391/328/33 829/521/33 836/322/33
f 374/276/33 382/297/33 828/516/33 827/509/33
f 661/275/33 374/276/33 827/509/33 844/508/33
f 331/139/8 74/184/8 808/183/8 825/144/8
f 500/138/8 331/139/8 825/144/8 832/141/8
f 297/95/8 308/133/8 824/502/8 822/495/8
f 726/493/8 297/95/8 822/495/8 848/494/8
f 276/14/33 292/61/33 820/486/33 852/485/33
f 285/41/33 288/16/33 819/5/33 818/476/33
f 585/40/33 285/41/33 818/476/33 838/43/33
f 469/20/33 283/21/33 817/471/33 831/27/33
f 288/16/33 280/17/33 816/8/33 819/5/33
f 33/133/8 804/136/8 814/141/8 255/138/8
f 1095/451/2 1125/448/2 813/27/2 223/20/2
f 601/331/2 841/334/2 812/336/2 153/332/2
f 547/327/2 837/322/2 811/325/2 137/328/2
f 116/276/2 809/273/2 810/296/2 126/297/2
f 645/275/2 845/271/2 809/273/2 116/276/2
f 56/139/8 805/144/8 808/183/8 74/184/8
f 255/138/8 814/141/8 805/144/8 56/139/8
f 22/95/8 802/106/8 804/136/8 33/133/8
f 685/94/8 846/103/8 802/106/8 22/95/8
f 1/645/2 851/57/2 800/60/2 17/61/2
f 10/41/2 798/46/2 799/5/2 13/16/2
f 572/40/2 839/43/2 798/46/2 10/41/2
f 223/20/2 813/27/2 797/30/2 8/21/2
f 13/16/2 799/5/2 796/8/2 5/17/2
f 858/643/7 856/660/7 857/483/7 859/482/7
f 861/641/7 860/53/7 855/56/7 854/644/7
f 789/483/87 795/482/87 859/482/87 857/483/87
f 851/644/86 847/641/86 861/641/86 854/644/86
f 852/485/33 789/487/33 857/487/33 856/485/33
f 794/53/87 783/56/87 855/56/87 860/53/87
f 783/58/2 851/57/2 854/57/2 855/58/2
f 853/643/86 852/660/86 856/660/86 858/643/86
f 943/648/7 953/671/7 1022/672/7 1220/673/7 1216/674/7 922/600/7 923/68/7
f 918/597/2 895/670/2 982/670/2 997/597/2
f 871/70/87 872/69/87 936/69/87 963/70/87
f 912/499/87 913/498/87 994/498/87 993/499/87
f 870/71/87 871/70/87 963/70/87 962/71/87
f 886/642/86 885/662/86 975/662/86 950/642/86
f 815/639/86 806/659/86 940/659/86 942/639/86
f 911/500/87 912/499/87 993/499/87 992/500/87
f 869/72/87 870/71/87 962/71/87 961/72/87
f 885/662/86 884/661/86 974/661/86 975/662/86
f 806/659/86 905/658/86 949/658/86 940/659/86
f 910/501/87 911/500/87 992/500/87 991/501/87
f 785/65/87 869/72/87 961/72/87 935/65/87
f 884/661/86 821/648/86 943/648/86 974/661/86
f 803/632/86 883/655/86 948/655/86 939/632/86
f 791/65/87 910/501/87 991/501/87 930/65/87
f 915/636/33 887/602/33 976/602/33 995/636/33
f 868/669/86 867/668/86 959/668/86 960/669/86
f 801/648/86 876/647/86 947/647/86 938/648/86
f 788/123/87 909/130/87 954/130/87 932/123/87
f 867/668/86 801/648/86 938/648/86 959/668/86
f 907/504/87 908/503/87 926/503/87 990/504/87
f 865/126/87 866/125/87 934/125/87 958/126/87
f 906/505/87 907/504/87 990/504/87 989/505/87
f 864/127/87 865/126/87 958/126/87 957/127/87
f 792/152/87 906/505/87 989/505/87 925/152/87
f 887/602/7 915/636/7 853/643/7 795/482/7
f 863/128/87 864/127/87 957/127/87 956/128/87
f 905/658/86 904/657/86 988/657/86 949/658/86
f 862/129/87 863/128/87 956/128/87 955/129/87
f 895/670/7 918/597/7 794/53/7 847/641/7
f 938/648/7 1001/675/7 1017/676/7 959/668/7
f 945/659/7 946/639/7 924/123/7 925/152/7 1185/677/7 1180/678/7 1018/679/7
f 941/633/7 952/634/7 926/503/7 927/149/7 1173/680/7 1177/681/7 1009/682/7
f 946/639/7 951/640/7 1010/683/7 1194/684/7 1190/685/7 928/497/7 924/123/7
f 944/632/7 950/642/7 1224/686/7 929/489/7 930/65/7 1198/687/7 1203/688/7 1015/689/7
f 940/659/7 1006/690/7 1012/691/7 942/639/7
f 941/633/7 1009/682/7 1007/692/7 987/656/7
f 942/639/7 1012/691/7 1168/693/7 1163/694/7 932/123/7 954/130/7 969/650/7
f 939/632/7 1004/695/7 1144/696/7 1149/697/7 935/65/7 961/72/7 964/638/7
f 964/638/7 961/72/7 962/71/7 1137/698/7 1141/699/7 1011/700/7 965/637/7
f 965/637/7 1011/700/7 1008/701/7 966/646/7
f 966/646/7 1008/701/7 1140/702/7 1136/703/7 963/70/7 936/69/7 947/647/7
f 947/647/7 936/69/7 937/68/7 1132/704/7 1126/705/7 1001/675/7 938/648/7
f 959/668/7 1017/676/7 1014/706/7 960/669/7
f 960/669/7 1014/706/7 1127/707/7 1133/708/7 968/598/7 997/597/7 982/670/7
f 970/651/7 1026/709/7 1024/710/7 971/652/7
f 971/652/7 1024/710/7 1154/711/7 1158/712/7 956/128/7 957/127/7 972/653/7
f 972/653/7 957/127/7 958/126/7 1150/713/7 1145/714/7 1021/715/7 973/654/7
f 973/654/7 1021/715/7 1020/716/7 948/655/7
f 948/655/7 1020/716/7 1004/695/7 939/632/7
f 926/503/7 952/634/7 984/667/7 1025/717/7 1181/718/7 1186/719/7 990/504/7
f 955/129/87 956/128/87 1033/128/87 1032/129/87
f 1017/676/88 1001/675/88 1056/675/88 1040/676/88
f 987/656/7 1007/692/7 1176/720/7 1172/721/7 985/155/7 986/154/7 988/657/7
f 988/657/7 986/154/7 933/153/7 1162/722/7 1167/723/7 1002/724/7 949/658/7
f 949/658/7 1002/724/7 1006/690/7 940/659/7
f 1162/722/33 933/153/33 1029/153/33 1164/722/33
f 994/498/7 1191/725/7 1195/726/7 1013/727/7 981/665/7 980/664/7 993/499/7
f 993/499/7 980/664/7 979/663/7 1016/728/7 1204/729/7 1199/730/7 992/500/7
f 1020/716/88 1021/715/88 1075/715/88 1074/716/88
f 1132/704/33 937/68/33 1037/68/33 1134/731/33
f 969/650/7 954/130/7 955/129/7 1159/732/7 1155/733/7 1026/709/7 970/651/7
f 1010/683/88 1013/727/88 1068/727/88 1065/683/88
f 977/601/7 1217/734/7 1221/735/7 1023/736/7 996/635/7 995/636/7 976/602/7
f 929/489/7 1224/686/7 950/642/7 975/662/7 1003/737/7 1212/738/7 1208/739/7 999/490/7
f 1159/732/33 955/129/33 1032/129/33 1161/740/33
f 998/491/7 1209/741/7 1213/742/7 1005/743/7 974/661/7 943/648/7 923/68/7
f 875/646/86 874/637/86 965/637/86 966/646/86
f 889/600/87 790/68/87 923/68/87 922/600/87
f 917/671/86 916/635/86 996/635/86 953/671/86
f 826/659/86 833/639/86 946/639/86 945/659/86
f 891/663/86 890/631/86 978/631/86 979/663/86
f 876/647/86 875/646/86 966/646/86 947/647/86
f 878/598/87 918/597/87 997/597/87 968/598/87
f 892/664/86 891/663/86 979/663/86 980/664/86
f 784/68/87 877/599/87 967/599/87 937/68/87
f 793/123/87 792/152/87 925/152/87 924/123/87
f 790/68/87 919/491/87 998/491/87 923/68/87
f 821/648/86 917/671/86 953/671/86 943/648/86
f 893/665/86 892/664/86 980/664/86 981/665/86
f 877/599/87 878/598/87 968/598/87 967/599/87
f 908/503/87 787/149/87 927/149/87 926/503/87
f 919/491/87 920/490/87 999/490/87 998/491/87
f 894/640/86 893/665/86 981/665/86 951/640/86
f 879/651/86 896/650/86 969/650/86 970/651/86
f 914/497/87 793/123/87 924/123/87 928/497/87
f 920/490/87 921/489/87 929/489/87 999/490/87
f 895/670/86 868/669/86 960/669/86 982/670/86
f 880/652/86 879/651/86 970/651/86 971/652/86
f 921/489/87 791/65/87 930/65/87 929/489/87
f 896/650/86 815/639/86 942/639/86 969/650/86
f 881/653/86 880/652/86 971/652/86 972/653/86
f 897/666/86 826/659/86 945/659/86 983/666/86
f 882/654/86 881/653/86 972/653/86 973/654/86
f 786/152/87 788/123/87 932/123/87 931/152/87
f 898/667/86 897/666/86 983/666/86 984/667/86
f 883/655/86 882/654/86 973/654/86 948/655/86
f 902/153/87 786/152/87 931/152/87 933/153/87
f 899/634/86 898/667/86 984/667/86 952/634/86
f 866/125/87 785/65/87 935/65/87 934/125/87
f 787/149/87 900/155/87 985/155/87 927/149/87
f 872/69/87 784/68/87 937/68/87 936/69/87
f 900/155/87 901/154/87 986/154/87 985/155/87
f 901/154/87 902/153/87 933/153/87 986/154/87
f 903/656/86 807/633/86 941/633/86 987/656/86
f 909/130/87 862/129/87 955/129/87 954/130/87
f 904/657/86 903/656/86 987/656/86 988/657/86
f 1184/744/7 1079/717/7 1055/745/7 1182/746/7
f 1013/727/7 1010/683/7 951/640/7 981/665/7
f 1181/718/2 1025/717/2 1079/717/2 1184/744/2
f 1154/711/2 1024/710/2 1078/710/2 1156/711/2
f 927/149/87 985/155/87 1044/155/87 1043/149/87
f 1019/747/7 1016/728/7 979/663/7 978/631/7
f 1015/689/7 1019/747/7 978/631/7 944/632/7
f 1000/745/7 1025/717/7 984/667/7 983/666/7
f 1018/679/7 1000/745/7 983/666/7 945/659/7
f 1217/734/33 977/601/33 1041/601/33 1219/748/33
f 1023/736/7 1022/672/7 953/671/7 996/635/7
f 1220/673/2 1022/672/2 1076/672/2 1222/749/2
f 1150/713/33 958/126/33 1034/126/33 1153/750/33
f 1005/743/7 1003/737/7 975/662/7 974/661/7
f 1185/677/33 925/152/33 1045/152/33 1188/751/33
f 967/599/87 968/598/87 1039/598/87 1038/599/87
f 937/68/87 967/599/87 1038/599/87 1037/68/87
f 1182/746/7 1055/745/7 1072/679/7 1183/752/7
f 1196/753/7 1065/683/7 1068/727/7 1197/754/7
f 1206/755/7 1071/728/7 1073/747/7 1207/756/7
f 1207/756/7 1073/747/7 1070/689/7 1205/757/7
f 1222/749/7 1076/672/7 1077/736/7 1223/735/7
f 1214/758/7 1058/737/7 1060/743/7 1215/759/7
f 1152/760/7 1153/750/7 1034/126/7 1030/125/7
f 1131/761/7 1134/731/7 1037/68/7 1038/599/7
f 1151/762/7 1152/760/7 1030/125/7 1031/65/7
f 1135/763/7 1131/761/7 1038/599/7 1039/598/7
f 1166/694/7 1165/764/7 1027/152/7 1028/123/7
f 1174/765/7 1175/766/7 1043/149/7 1044/155/7
f 1160/767/7 1161/740/7 1032/129/7 1033/128/7
f 1165/764/7 1164/722/7 1029/153/7 1027/152/7
f 1138/768/7 1139/769/7 1035/71/7 1036/70/7
f 1212/738/2 1003/737/2 1058/737/2 1214/758/2
f 925/152/87 989/505/87 1046/505/87 1045/152/87
f 1004/695/88 1020/716/88 1074/716/88 1059/695/88
f 1144/696/2 1004/695/2 1059/695/2 1146/770/2
f 989/505/87 990/504/87 1047/504/87 1046/505/87
f 1016/728/88 1019/747/88 1073/747/88 1071/728/88
f 1209/741/33 998/491/33 1053/491/33 1211/771/33
f 1019/747/88 1015/689/88 1070/689/88 1073/747/88
f 958/126/87 934/125/87 1030/125/87 1034/126/87
f 931/152/87 932/123/87 1028/123/87 1027/152/87
f 1025/717/88 1000/745/88 1055/745/88 1079/717/88
f 1176/720/2 1007/692/2 1062/692/2 1178/772/2
f 933/153/87 931/152/87 1027/152/87 1029/153/87
f 930/65/87 991/501/87 1049/501/87 1048/65/87
f 1000/745/88 1018/679/88 1072/679/88 1055/745/88
f 1140/702/2 1008/701/2 1063/701/2 1142/773/2
f 934/125/87 935/65/87 1031/65/87 1030/125/87
f 991/501/87 992/500/87 1050/500/87 1049/501/87
f 1014/706/88 1017/676/88 1040/676/88 1069/706/88
f 1173/680/33 927/149/33 1043/149/33 1175/766/33
f 1022/672/88 1023/736/88 1077/736/88 1076/672/88
f 1194/684/2 1010/683/2 1065/683/2 1196/753/2
f 1012/691/88 1006/690/88 1061/690/88 1067/691/88
f 1137/698/33 962/71/33 1035/71/33 1139/769/33
f 962/71/87 963/70/87 1036/70/87 1035/71/87
f 994/498/87 928/497/87 1052/497/87 1051/498/87
f 1007/692/88 1009/682/88 1064/682/88 1062/692/88
f 1168/693/2 1012/691/2 1067/691/2 1171/774/2
f 1003/737/88 1005/743/88 1060/743/88 1058/737/88
f 977/601/87 922/600/87 1042/600/87 1041/601/87
f 1191/725/33 994/498/33 1051/498/33 1193/775/33
f 1024/710/88 1026/709/88 1080/709/88 1078/710/88
f 1127/707/2 1014/706/2 1069/706/2 1130/776/2
f 1006/690/88 1002/724/88 1057/724/88 1061/690/88
f 1198/687/33 930/65/33 1048/65/33 1200/687/33
f 1008/701/88 1011/700/88 1066/700/88 1063/701/88
f 1204/729/2 1016/728/2 1071/728/2 1206/755/2
f 998/491/87 999/490/87 1054/490/87 1053/491/87
f 234/166/2 235/167/2 1082/167/2 1081/166/2
f 478/166/33 1085/166/33 1086/167/33 479/167/33
f 761/615/2 850/616/2 1125/448/2 1095/451/2
f 773/615/33 1103/541/33 1124/448/33 849/616/33
f 700/444/3 1109/608/3 1111/627/3 224/445/3
f 270/439/3 1101/611/3 1097/626/3 228/440/3
f 233/437/3 1100/625/3 1098/610/3 229/438/3
f 229/438/3 1098/610/3 1101/611/3 270/439/3
f 741/536/3 470/445/3 1117/627/3 1123/604/3
f 515/439/3 473/440/3 1105/626/3 1108/611/3
f 233/437/3 474/438/3 1106/610/3 1100/625/3
f 474/438/3 515/439/3 1108/611/3 1106/610/3
f 225/591/3 1096/607/3 1109/608/3 700/444/3
f 1104/591/3 741/536/3 1123/604/3
f 769/606/5 781/605/5 1110/537/5 1118/443/5
f 756/606/5 1112/443/5 1122/446/5 779/609/5
f 771/613/89 777/612/89 1121/441/89 1120/436/89
f 768/614/33 1117/540/33 1103/541/33 773/615/33
f 849/616/33 1124/448/33 1102/539/33 772/617/33
f 781/605/5 772/618/5 1102/538/5 1110/537/5
f 770/619/5 769/606/5 1118/443/5 1119/442/5
f 777/612/5 770/619/5 1119/442/5 1121/441/5
f 759/620/90 771/613/90 1120/436/90 1115/434/90
f 758/628/91 1114/436/91 1116/441/91 766/612/91
f 755/614/2 761/615/2 1095/451/2 1111/450/2
f 850/616/2 760/629/2 1094/449/2 1125/448/2
f 779/609/5 1122/446/5 1094/447/5 760/618/5
f 757/619/5 1113/442/5 1112/443/5 756/606/5
f 766/612/5 1116/441/5 1113/442/5 757/619/5
f 759/620/90 1115/434/90 1114/436/90 758/628/90
f 1133/708/2 1127/707/2 1130/776/2 1135/763/2
f 1069/706/7 1040/676/7 1128/777/7 1130/776/7
f 1040/676/7 1056/675/7 1129/778/7 1128/777/7
f 1001/675/33 1126/705/33 1129/778/33 1056/675/33
f 968/598/2 1133/708/2 1135/763/2 1039/598/2
f 1130/776/7 1128/777/7 1131/761/7 1135/763/7
f 1128/777/7 1129/778/7 1134/731/7 1131/761/7
f 1126/705/33 1132/704/33 1134/731/33 1129/778/33
f 1141/699/33 1137/698/33 1139/769/33 1143/779/33
f 963/70/2 1136/703/2 1138/768/2 1036/70/2
f 1142/773/7 1143/779/7 1139/769/7 1138/768/7
f 1063/701/7 1066/700/7 1143/779/7 1142/773/7
f 1011/700/33 1141/699/33 1143/779/33 1066/700/33
f 1136/703/2 1140/702/2 1142/773/2 1138/768/2
f 1149/697/2 1144/696/2 1146/770/2 1151/762/2
f 1059/695/7 1074/716/7 1147/780/7 1146/770/7
f 1074/716/7 1075/715/7 1148/781/7 1147/780/7
f 1021/715/33 1145/714/33 1148/781/33 1075/715/33
f 935/65/2 1149/697/2 1151/762/2 1031/65/2
f 1146/770/7 1147/780/7 1152/760/7 1151/762/7
f 1147/780/7 1148/781/7 1153/750/7 1152/760/7
f 1145/714/33 1150/713/33 1153/750/33 1148/781/33
f 1078/710/7 1080/709/7 1157/733/7 1156/711/7
f 1158/712/2 1154/711/2 1156/711/2 1160/767/2
f 1026/709/33 1155/733/33 1157/733/33 1080/709/33
f 956/128/2 1158/712/2 1160/767/2 1033/128/2
f 1156/711/7 1157/733/7 1161/740/7 1160/767/7
f 1155/733/33 1159/732/33 1161/740/33 1157/733/33
f 932/123/2 1163/694/2 1166/694/2 1028/123/2
f 1170/782/7 1169/723/7 1164/722/7 1165/764/7
f 1171/774/7 1170/782/7 1165/764/7 1166/694/7
f 1167/723/33 1162/722/33 1164/722/33 1169/723/33
f 1002/724/33 1167/723/33 1169/723/33 1057/724/33
f 1067/691/7 1061/690/7 1170/782/7 1171/774/7
f 1061/690/7 1057/724/7 1169/723/7 1170/782/7
f 1163/694/2 1168/693/2 1171/774/2 1166/694/2
f 1177/681/33 1173/680/33 1175/766/33 1179/681/33
f 985/155/2 1172/721/2 1174/765/2 1044/155/2
f 1178/772/7 1179/681/7 1175/766/7 1174/765/7
f 1062/692/7 1064/682/7 1179/681/7 1178/772/7
f 1009/682/33 1177/681/33 1179/681/33 1064/682/33
f 1172/721/2 1176/720/2 1178/772/2 1174/765/2
f 1187/783/7 1182/746/7 1183/752/7 1188/751/7
f 1018/679/33 1180/678/33 1183/752/33 1072/679/33
f 1186/719/2 1181/718/2 1184/744/2 1189/719/2
f 1189/719/7 1184/744/7 1182/746/7 1187/783/7
f 1047/504/7 1189/719/7 1187/783/7 1046/505/7
f 990/504/2 1186/719/2 1189/719/2 1047/504/2
f 1046/505/7 1187/783/7 1188/751/7 1045/152/7
f 1180/678/33 1185/677/33 1188/751/33 1183/752/33
f 1195/726/33 1191/725/33 1193/775/33 1197/754/33
f 928/497/2 1190/685/2 1192/685/2 1052/497/2
f 1052/497/7 1192/685/7 1193/775/7 1051/498/7
f 1013/727/33 1195/726/33 1197/754/33 1068/727/33
f 1190/685/2 1194/684/2 1196/753/2 1192/685/2
f 1192/685/7 1196/753/7 1197/754/7 1193/775/7
f 992/500/2 1199/730/2 1201/784/2 1050/500/2
f 1203/688/33 1198/687/33 1200/687/33 1205/757/33
f 1049/501/7 1202/785/7 1200/687/7 1048/65/7
f 1050/500/7 1201/784/7 1202/785/7 1049/501/7
f 1015/689/33 1203/688/33 1205/757/33 1070/689/33
f 1199/730/2 1204/729/2 1206/755/2 1201/784/2
f 1202/785/7 1207/756/7 1205/757/7 1200/687/7
f 1201/784/7 1206/755/7 1207/756/7 1202/785/7
f 1213/742/33 1209/741/33 1211/771/33 1215/759/33
f 999/490/2 1208/739/2 1210/786/2 1054/490/2
f 1054/490/7 1210/786/7 1211/771/7 1053/491/7
f 1005/743/33 1213/742/33 1215/759/33 1060/743/33
f 1208/739/2 1212/738/2 1214/758/2 1210/786/2
f 1210/786/7 1214/758/7 1215/759/7 1211/771/7
f 1042/600/7 1218/787/7 1219/748/7 1041/601/7
f 922/600/2 1216/674/2 1218/787/2 1042/600/2
f 1221/735/33 1217/734/33 1219/748/33 1223/735/33
f 1023/736/33 1221/735/33 1223/735/33 1077/736/33
f 1218/787/7 1222/749/7 1223/735/7 1219/748/7
f 1216/674/2 1220/673/2 1222/749/2 1218/787/2
f 762/596/2 1096/607/2 1099/788/2 764/789/2
f 228/440/33 1097/626/33 1239/790/33 231/431/33
f 1239/790/33 1240/791/33 59/792/33 231/621/33
f 30/102/2 762/596/2 764/793/2 1238/794/2
f 1096/607/2 225/591/2 1099/788/2
f 36/90/92 228/440/92 231/431/92 57/430/92
f 23/91/93 36/90/93 57/430/93 58/795/93
f 1240/791/94 1238/794/94 764/793/94 59/792/94
f 225/591/95 23/91/95 58/795/95 1099/796/95
f 1242/797/96 335/797/96 76/178/96 1244/178/96
f 1246/798/33 334/798/33 335/797/33 1242/797/33
f 1245/179/97 75/179/97 334/798/97 1246/798/97
f 1241/797/96 1244/178/96 76/178/96 61/797/96
f 1243/798/2 1241/797/2 61/797/2 60/798/2
f 1245/179/97 1243/798/97 60/798/97 75/179/97
f 1237/799/33 333/800/33 1107/801/33 1234/802/33
f 473/440/2 1236/803/2 476/804/2 1105/626/2
f 1105/626/2 476/804/2 776/805/2 774/132/2
f 1233/430/98 332/806/98 476/807/98 1236/803/98
f 1235/808/99 442/808/99 332/806/99 1233/430/99
f 774/132/2 776/809/2 1232/810/2 318/101/2
f 1232/810/100 776/809/100 333/800/100 1237/799/100
f 1234/802/101 1107/801/101 442/808/101 1235/808/101
f 1104/591/102 1234/802/102 1235/808/102 298/91/102
f 318/101/103 1232/810/103 1237/799/103 305/102/103
f 298/91/104 1235/808/104 1233/430/104 311/90/104
f 311/90/105 1233/430/105 1236/803/105 473/440/105
f 305/596/33 1237/799/33 1234/802/33 1104/603/33
f 43/101/106 30/102/106 1238/794/106 1240/791/106
f 1097/626/33 43/132/33 1240/791/33 1239/790/33
f 66/568/97 48/460/97 1243/798/97 1245/179/97
f 48/460/2 50/162/2 1241/797/2 1243/798/2
f 50/162/96 68/161/96 1244/178/96 1241/797/96
f 66/568/97 1245/179/97 1246/798/97 323/460/97
f 323/460/33 1246/798/33 1242/797/33 325/162/33
f 325/162/96 1242/797/96 1244/178/96 68/161/96
l 1227 1226
l 1225 1227
l 1229 1228
l 1230 1231
